:020000040800F2
:1000000000500020550400083D9500083F95000869
:1000100000000000000000000000000000000000E0
:1000200000000000000000000000000043950008F0
:1000300000000000000000004595000847950008FA
:10004000A5040008A504000867950008A504000899
:10005000A50400086F9500087F9500089195000899
:10006000A5040008A5040008A50400085F95000881
:10007000A5040008A5040008A5040008A5040008BC
:1000800009970008A5040008A50400080000000066
:1000900001970008A5040008A5040008A5040008AD
:1000A000A5040008A5040008A50400084F95000851
:1000B000A50400085795000800000000A5040008EA
:1000C00002B4714649084900095C49008E4402BCEB
:1000D0007047C04603B47146490840004900095EB4
:1000E00049008E4403BC704703B471464908400080
:1000F0004900095A49008E4403BC7047002934D096
:100100000123002210B488422CD301242407A142E9
:1001100004D2814202D209011B01F8E7E400A142A6
:1001200004D2814202D249005B00F8E7884201D341
:10013000401A1A434C08A04202D3001B5C08224319
:100140008C08A04202D3001B9C082243CC08A0428A
:1001500002D3001BDC082243002803D01B0901D076
:100160000909E3E7100010BC704701B5002000F05A
:100170005FF802BD0029F8D003B5FFF7C1FF0EBC40
:100180004243891A1847C046002941D010B40400E0
:100190004C40A44601230022002900D549420028F2
:1001A00000D5404288422CD301242407A14204D226
:1001B000814202D209011B01F8E7E400A14204D206
:1001C000814202D249005B00F8E7884201D3401A1D
:1001D0001A434C08A04202D3001B5C0822438C083F
:1001E000A04202D3001B9C082243CC08A04202D3A9
:1001F000001BDC082243002803D01B0901D0090999
:10020000E3E710006446002C00D5404210BC704764
:1002100001B5002000F00CF802BDC0460029F7D05F
:1002200003B5FFF7B3FF0EBC4243891A1847C04617
:100230007047C0468446100062468C4619006346EB
:1002400000E0C0461FB513F0F9FA002801D40021E0
:10025000C8421FBD10B513F053FA4042013010BD23
:1002600010B513F0EBFA002801DB002010BD0120CF
:1002700010BDC04610B513F0E1FA002801DD0020E2
:1002800010BD012010BDC04610B513F073FA002850
:1002900001DC002010BD012010BDC04610B513F0D8
:1002A00069FA002801DA002010BD012010BDC04607
:1002B000844608006146FFE71FB512F070F9002878
:1002C00001D40021C8421FBD10B512F00FF9404201
:1002D000013010BD10B512F062F9002801DB0020DA
:1002E00010BD012010BDC04610B512F058F900280D
:1002F00001DD002010BD012010BDC04610B512F078
:1003000018F9002801DC002010BD012010BDC046F6
:1003100010B512F00EF9002801DA002010BD0120FE
:1003200010BDC046002B11D1002A0FD1002900D1E9
:10033000002802D00021C943080007B4024802A1E6
:100340004018029003BDC046E9FEFFFF03B46846B3
:1003500001B5029811F05AFF019B9E4602B00CBCF9
:100360007047C046D0400B00D1409C46203AD34055
:10037000184352426346934018437047914003002C
:1003800090409C46203A9340194352426346D340E2
:10039000194370471C2101231B04984201D3000C10
:1003A00010391B0A984201D3000A08391B099842E8
:1003B00001D30009043902A2105C40187047C046FE
:1003C000040302020101010100000000000000001E
:1003D00010B5002903D1FFF7DDFF203002E008004F
:1003E000FFF7D8FF10BDC04602780B78002A03D073
:1003F000013001319A42F7D0D01A70470023C25C15
:100400000133002AFBD1581E7047000010B5064C7E
:100410002378002B07D1054B002B02D0044800E0C5
:1004200000BF0123237010BDAC01002000000000BC
:10043000585B0108044B10B5002B03D00349044856
:1004400000E000BF10BDC04600000000B001002069
:10045000585B01080D488546002103E00C4B5B58B2
:10046000435004310B480C4B42189A42F6D30B4AC6
:1004700002E0002313600432094B9A42F9D302F0E0
:10048000B5FD14F07BF907F035FFFEE700500020C2
:10049000F082010800000020AC010020AC01002027
:1004A0005C180020FEE70000F7B506000F0001927F
:1004B000EFF3108572B606F045FA0024019BA342C3
:1004C0000EDDA3000220FA58F11806F069FA0028A0
:1004D00001D10134F2E785F31088044810F046F9A1
:1004E00006F042FA85F31088F7BDC046AC5B010800
:1004F0000268024B1A6018687047C046C8010020A5
:1005000070B50500EFF3108472B606F01BFA2800F0
:1005100006F034FA002804D084F31088034810F061
:1005200025F906F021FA84F3108870BDC95B010833
:1005300070B5EFF3108572B606F004FA094C20008E
:1005400006F01CFA002804D085F31088064810F045
:100550000DF9064B04349C42F1D106F005FA85F3FF
:10056000108870BD60000808C95B0108D800080841
:100570003A4B70B51A6D8022196D120492B00A437D
:100580001A650021342205A814F0D8F8082304A81D
:100590000493073B099303F069FE002801D006F09D
:1005A0004FFF2F4C2F4B304A236000232000636005
:1005B000A360E260236105F021FC002801D006F071
:1005C0003FFF1421200005F0A1FD0123002201932B
:1005D00069460B33200000920293039205F04EFC13
:1005E000002801D006F02CFF0021200005F03CFC83
:1005F000002801D006F024FF10F029F806001B4D5A
:100600002B68022B09D10021200005F032FC2000CC
:1006100005F010FC164B1B680EE0300010F01DF8C2
:100620006328ECD90021200005F023FC200005F010
:1006300001FC00232B600F4B0D4A0F4813600F4B3A
:100640000360062343600E4B8360C36006F060FACC
:10065000002801D006F0F4FE12B070BD0010024078
:10066000D801002000080140FFFF0000CC0100205D
:10067000D0010020889000001002002000300040CF
:10068000FF0F0000002110B50D4805F093FC0D4947
:100690000B685A1C0A600C4A5B00D0520B68012B95
:1006A0000CD951881288094B891A186889B2FFF74A
:1006B00025FD074B18601A68D2001A6010BDC046AD
:1006C000D8010020CC010020D401002034000020FB
:1006D000D001002010B5024805F090FC10BDC046C6
:1006E000D801002010B5044806F03EFA002801D0D9
:1006F00006F0A6FE10BDC04610020020094A0023E5
:10070000110010B51468844202D89468844204D859
:1007100001330832152BF5D1FEE7DB00C918087943
:1007200010BDC04600770108054B5A79002A05D153
:1007300030331A78002A01D101321A707047C0464E
:100740005C020020014B18607047C046C4020020C4
:10075000014B18797047C0465C02002010B586B086
:1007600001241422002101A813F0E8FF0323210033
:1007700001AA0C480493029406F080FE2100002296
:10078000084806F0EDFE20000FF028FE00232100AF
:1007900001AA0448029306F071FE06200FF01EFE27
:1007A00006B010BD0004005070B506008D180C0096
:1007B000A0208021C0050022090206F0D1FE802081
:1007C000304307F03BF9AC4207D18021A020012241
:1007D0000902C00506F0C4FE70BD207807F02EF9AE
:1007E0000134F0E707B56B46D9710122D91DFFF737
:1007F000DBFF07BD114B70B5114998600500FFF78D
:10080000B9FC104B0802C0180D49FFF777FC0C49E2
:1008100004002800FFF772FC00022418210C0620B7
:10082000C9B2FFF7DFFF210A0720C9B2FFF7DAFFDD
:100830000820E1B2FFF7D6FF70BDC0465C02002081
:10084000093D0000841E000070B506008D180C00E4
:10085000A0208021C0050022090206F081FE7F2031
:10086000304007F0EBF8AC4207D18021A0200122F4
:100870000902C00506F074FE70BD002007F0DEF826
:1008800020700134EFE713B56B46DC1D0122210017
:10089000FFF7DAFF207816BD70B50920FFF7F3FFE8
:1008A00005000620FFF7EFFF04000720FFF7EBFF2E
:1008B00006020820FFF7E7FF1B4A23043343C4B2B4
:1008C000544303431B0A5A43803400210920240A5D
:1008D000A418FFF787FF3B20FFF7D5FF4021014316
:1008E000C9B23B20FFF77EFF20263B20FFF7CBFF5E
:1008F0003042FAD10D48FFF77DFF3B20FFF7C3FFE1
:1009000040210143C9B23B20FFF76CFF20263B206A
:10091000FFF7B9FF3042FAD129000920FFF762FF43
:100920002000FFF767FF70BD093D000000A1BC3348
:10093000F0B587B00191002804D0012855D00020DF
:1009400007B0F0BD694C2720258CFFF79CFFF823EA
:1009500098430130401913F0FDFCE31CDB7F0022BB
:10096000002B3ED0002312F065F9060030200F0066
:10097000FFF789FFF923002298430023002800D0C5
:100980005B4B3000390012F055F9060001980F005A
:1009900013F0E0FC02000B003000390012F04AF9BD
:1009A000631DDB7F0022002B1DD08023DB0512F0AE
:1009B00041F900224F4B12F0A5FF0600E0690F003D
:1009C00013F0F0FC02000B003000390012F0FEFBC7
:1009D0000022494B12F096FF15F06EF811F0FAFB69
:1009E000AEE7434BBFE70023E1E7404D6B6C073BAD
:1009F000022B78D8414ADB00D218C0CA0120AC6C67
:100A0000A04013F0A7FC02000B003000390012F0E8
:100A1000DDFB02000B000020354912F0D7FB2B0054
:100A2000029003914E33188813F094FC0022344B4B
:100A300012F000F9029A039B12F064FF019B0490EC
:100A40000591DA002B0052331B78A1001B015B1AC1
:100A50000021503528781C33884200D01431D0183A
:100A6000401A13F09FFC274B06001B780F005B0019
:100A7000E01A800013F096FC02000B0030003900F1
:100A800012F0A4FB14F0FAFE06000F00174D4D35CE
:100A90002878043013F05EFC32003B0012F032FF85
:100AA0000022002304000D00FFF7EEFB002801D117
:100AB000002400250022200029000E4B12F0BAF875
:100AC000029A039B12F01EFF049A059B12F0B2F8E3
:100AD0000022094B12F016FF0B4A0C4B12F0AAF839
:100AE00014F058FF7AE70026002787E75C02002011
:100AF0000000F03F0000204000408F40E8760108F1
:100B000000001140A80200202B8716D9CEF7EF3F36
:100B100010B5002804D001280AD00120404210BDA1
:100B20001120FFF7B0FE4008C0B2404200B2F6E725
:100B3000064B074A9B681B20934203D9FFF7A3FE8D
:100B40009D38F3E7FFF79FFEA438EFE75C02002033
:100B500040DD4A1F70B504000B4D01202B681B6857
:100B600098472B6800201B6998472B6820005B6919
:100B700098470120FFF787FE072398430443E1B21B
:100B80000120FFF72FFE70BDC402002010B50648FB
:100B90000FF020FD05480FF01DFD0120FFF7DAFFE3
:100BA0000022034B1A7110BD3402002048020020BD
:100BB0005C02002070B5041E11D10120FFF763FE16
:100BC000F82101400120FFF70DFE064D01202B68A2
:100BD0001B6998472B6820001B68984770BDFFF77A
:100BE000B9FFFBE7C402002010B509480FF0F2FC82
:100BF00008480FF0EFFC0020FFF7DCFF064B002059
:100C00001B681B6898470022044B1A7110BDC04630
:100C10003402002048020020C40200205C020020B0
:100C2000F8B5060075480FF0D5FC754C6579002DB8
:100C30002ED00027012D50D1230055331B7841279A
:100C40003320002B69D0FFF71EFE3843C1B233209A
:100C5000FFF7C8FD19213B20FFF7C4FD636C31206D
:100C6000082B00D9B1E0FFF70EFE7F2101403120B3
:100C7000FFF7B8FD30200021FFF7B4FD606C0828B5
:100C80005ED8FFF71DFA547A81888F969D9D9D004E
:100C9000E31D4020DF7FFFF7F6FD03230C21184002
:100CA00001434020FFF79EFD4120FFF7ECFD3F216F
:100CB00049420143C9B24120FFF794FD3520FFF7B7
:100CC000E2FD3F23184023003E3318701E210D2003
:100CD000FFF788FD2586A587658780220021494882
:100CE000520013F02BFD01232371002E06D046483D
:100CF00031000FF09BFC44480FF000FC6379002B9F
:100D000000D073E00520FFF725FF4048E16A0FF0AF
:100D10008DFC3E480FF0F2FBF8BDFFF7B4FDB84381
:100D20000543E9B23320FFF75DFD1D2193E72F2036
:100D30004821FFF757FDA068354BC018FFF75AFD53
:100D4000230056331F78230053331B78002B44D0E5
:100D50001D211120FFF746FD4020FFF794FD3321B0
:100D600001404020FFF73EFD00210F20FFF73AFD34
:100D700000210D20FFF736FDAFE72F204421FFF7BC
:100D800031FDA068234BD8E72F204421FFF72AFD2F
:100D9000A068214BD1E72F204421FFF723FDA06855
:100DA0001E4BCAE72F204421FFF71CFDA0681C4BF7
:100DB000C3E72F204421FFF715FDA068194BBCE7BE
:100DC00040212F20FFF70EFDBAE7FFF75CFD8021E1
:100DD00049420143C9B23120F4E71F211120FFF736
:100DE00001FD4020FFF74FFD3F21B9E70520002F0F
:100DF00000D10620FFF7AEFE8EE7C0464802002075
:100E00005C020020C80200203402002020020020E2
:100E1000821E0000B4280000043D00005E51000066
:100E2000127A0000C6A2000070B5040026480FF038
:100E3000D1FB210025480FF0F9FB254C6379002BED
:100E40000AD0012B23D00223204823710FF056FB38
:100E50000320FFF77FFE70BD4020FFF714FD032342
:100E60001021184001434020FFF7BCFC4120FFF750
:100E70000AFD3E2101404120FFF7B4FC3520FFF779
:100E800002FD3F23184023003E331870DBE72300A8
:100E900053331B78002B0ED0F5211120FFF7A2FC55
:100EA0004020FFF7F0FC33230100402019400143AC
:100EB000FFF798FCC7E7F7211120FFF793FC4020CC
:100EC000FFF7E1FC3F23EFE7340200204802002057
:100ED0005C02002070B50B4C6379012B10D1FA2114
:100EE0001120FFF77FFC4020FFF7CDFC0325A8432E
:100EF000C1B24020FFF776FC07202571FFF72AFEDC
:100F000070BDC0465C02002010B504000120FFF750
:100F1000BAFC174BC009C0B25C71844200D110BD4D
:100F2000012C12D0FFF760FE0120FFF7ACFC7F21FF
:100F300001400120FFF756FC00214020FFF752FC42
:100F400030214120FFF74EFCE9E7FFF74DFE20007E
:100F5000FFF799FC802149420143C9B22000FFF705
:100F600041FC00214020FFF73DFC0021E9E7C0469D
:100F70005C0200201A4B70B51A4918601A480FF02D
:100F8000B5FA1A4817490FF0B1FA164918480FF088
:100F9000ADFA184D01202B681B689847FFF7DEFB60
:100FA000FFF77AFC0020FFF705FE2B6812489B68CC
:100FB0009847124C124E2078FFF7A6FFA178607870
:100FC0000334FFF70FFCB442F5D10020FFF79CFF7C
:100FD00000220C4B1A712B685B689847023070BD79
:100FE000C8030020191D0008480200203402002018
:100FF00020020020C402002000000020B077010879
:10100000E07701085C020020F8B50E0017001D0013
:101010000400FFF779FF3000FFF7ECFB0520FFF736
:1010200099FD01200FF0DAF90FF011FB06003000F6
:101030000FF013FBA84204D30124FFF7D5FD2000D5
:10104000F8BD2000FFF764FDB842F0DD0024F4E7AE
:1010500070B500240120FFF757FFFF211120FFF793
:10106000C1FB0520FFF776FD2500012630000FF0BB
:10107000B5F92C20FFF707FC3040A04001340543B0
:10108000202CF3D1FFF7B0FD280070BDF0B58DB076
:10109000099312AB160004CB04001B88089201933D
:1010A00014AB1B880CAA059315AB1B780D0002939B
:1010B00016AB1B78039317AB1B78049318AB1B7804
:1010C0000A9319AB1B780B9338239F5C04339B5C0A
:1010D0000693FFF719FF002C04D0012C00D184E007
:1010E0000DB0F0BDA94C089B029AA361E31CDA770E
:1010F000039A231DDA77049A631DDA77069AA31DF3
:10110000DF77E31DDA77019BE661238430006561B8
:1011100013F048F902000B0006000F0000209C4964
:1011200012F054F800229B4B12F0ECFB0690079152
:10113000059813F00FF902000B000698079912F0BA
:10114000E1FB0022944B12F0DDFB11F043F832007A
:101150003B00E0629149002012F038F811F03AF8B3
:101160000400010AC9B20220FFF73CFBE1B20320F0
:10117000FFF738FB2800FFF7C1FA01001220FFF744
:1011800031FB0898FFF7BAFA01001320FFF72AFB9A
:10119000019B2520190AFFF725FB6B4626201979AC
:1011A000FFF720FB029B0399002B00D1FF21322087
:1011B000FFF718FB3020FFF766FB0121029B594027
:1011C000049BC9011B0119436F2318400143C9B295
:1011D0003020FFF707FB3120FFF755FB402101438B
:1011E0003120C9B2FFF7FEFA7AE7022D00D9FEE7F7
:1011F000664B09991A004D3211701A0001994E324E
:1012000011801A000299503211701A00039951325C
:1012100011701A000499523211701A000A9953324F
:1012200011701A000B99543211701A00553207359B
:101230001770069A5D649E64563334001A70062E49
:1012400000D381E00624072D00D082E02200002395
:1012500001210B3A91425B414C4A514F1D200892AB
:101260003B70FFF710FB099B1D205900029B2401D6
:1012700019432B011943C9B2FFF7B4FA1E20FFF737
:1012800002FB059B9905049B890F9B001943214391
:10129000082420400143C9B21E20FFF7A3FA2620EC
:1012A000FFF7F1FA3978A043C9000143C9B22620FB
:1012B000FFF798FA6B461F20197DFFF793FA019B01
:1012C0002020190AFFF78EFA6B4621201979FFF7C3
:1012D00089FA029B002B03D022200399FFF782FAA0
:1012E000089B53331B78002B0FD04420FFF7CBFA19
:1012F000802149420143C9B24420FFF773FA089B99
:10130000242054331978FFF76DFA092D2FD1089A4C
:10131000244B9268022136209A4224D9FFF762FAC0
:1013200064213A20FFF75EFA07243120062E21D8E7
:10133000FFF7A9FA0521A0430143C9B23120FFF705
:1013400051FA0C2137204DE70C2E00D87BE70C24F6
:1013500079E72A00083A53425A410B23B3429B4192
:101360005B42134078E7FFF73DFA7F21D9E703217D
:101370003620D7E7FFF787FA0321A0430143C9B21C
:101380003120FFF72FFA0A21DCE7C0465C0200207B
:101390000000F03F0000204000408F4080847E41EC
:1013A000A802002040DD4A1FF0B50D0089B01F00E3
:1013B0000EAB10CB06001B780692039310AB1B8874
:1013C000009311AB1B78019312AB1B78029313AB04
:1013D0001B78049314AB1B78079315AB1B7805930C
:1013E000FFF792FD874B28001B68DB689847002EAB
:1013F00003D0012E61D009B0F0BD834B069A01994C
:101400001A61009A1D731A84DA1CD17702995A1D49
:10141000D17705999A1DD177169ADC619A62069860
:101420005F6112F0BFFF0022784B11F0CFFE10F089
:10143000D1FE0500010AC9B20420FFF7D3F9052047
:10144000E9B2FFF7CFF9200012F0ACFF02000B0069
:1014500000206F4911F0BAFE10F0BCFE0400010A32
:10146000C9B20220FFF7BEF90320E1B2FFF7BAF9D3
:10147000009B2520190AFFF7B5F96B46262019783D
:10148000FFF7B0F93020FFF7FEF90121019B594029
:10149000029BC9011B0119436F2318400143C9B2C4
:1014A0003020FFF79FF93120FFF7EDF9402101438C
:1014B0003120C9B2FFF796F99DE7564A524B157095
:1014C000022F00D9FEE71A0003994D3211701A005D
:1014D00000994E3211801A000199503211701A0091
:1014E0000499533211701A000799543211701A007E
:1014F0000299523211701A00059955321170169ADC
:10150000FE1D25005E649C649A65062C61D206254A
:10151000072E62D12A00002301210B3A91425B4140
:101520003D4A394F1370049B002B0FD04420FFF726
:10153000AAF9802149420143C9B24420FFF752F978
:101540003B00543324201978FFF74CF91D20FFF796
:101550009AF9039B36015900019B1D200B4319008A
:101560003143C9B2FFF73EF91E20FFF78CF9029B09
:101570002D019B001D430B2318400543E9B21E209B
:10158000FFF730F92620FFF77EF908234C3739782A
:101590009843C9000143C9B22620FFF723F9009BF5
:1015A0002020190AFFF71EF96B4621201978FFF752
:1015B00019F907253120062C19D8FFF764F9052100
:1015C000A8430143C9B23120FFF70CF90C213720A1
:1015D00070E70C2C9CD90C259AE73200083A53424C
:1015E0005A410B23A3429B415B42134098E7FFF70C
:1015F0004AF90321A8430143C9B23120FFF7F2F8A9
:101600000A21E4E7C40200205C02002080844E40EE
:1016100080847E419C020020A802002030B5FA247C
:101620008BB0A40054430D00FFF7E4F805230293A8
:10163000962300205B010200290007900690059088
:10164000049003900190009308940300FFF7ACFE10
:101650003120FFF718F94025A843C1B23120FFF728
:10166000C1F82800F021FFF7BDF8A0214120FFF7C5
:10167000B9F8210006480EF0D9FF0222054B0448B4
:101680001A710EF03BFF0320FFF764FA0BB030BD78
:10169000480200205C02002070B52B4C2579012DFA
:1016A00002D0022D47D070BD6379002B17D0AB421A
:1016B000F9D1533423780221002BF4D01220FFF704
:1016C00091F8224B1B68002BEDD05C69002CEAD00E
:1016D0001C20FFF7D8F83F231840A047E3E723007A
:1016E000260030331D7031363378002BDBD118489B
:1016F0000EF070FF11203570FFF7C5F82300400889
:101700003233404218701B20FFF7BDF805021C2041
:10171000FFF7B9F80F4B0543C0B258432D0A6B438E
:101720008030000AC01860630C20FFF7ACF8383432
:1017300040092070B7E76379012BB4D15334237883
:10174000002BB0D02900B9E75C020020C8030020BC
:1017500020020020093D000070B5124B5C79012C7D
:1017600012D11220FFF78FF805000F4E25402042BE
:101770000BD005211220FFF735F83368002B03D07A
:101780009B692000002B0BD170BD04211220FFF7B4
:1017900029F83368002BF7D09B69002BF4D0280080
:1017A0009847F1E75C020020C803002010B50A004A
:1017B00001000020FEF7F8FF10BD0000F7B56B46F2
:1017C000374CD9716579DE1D0700002D35D000201A
:1017D000012D52D1230055331B783320002B54D0D8
:1017E000FFF751F841239843C1B23320FEF7FAFFC7
:1017F00019213B20FEF7F6FF2300357864332900DA
:1018000022201D70FEF7EEFF00210E20FEF7EAFFFA
:1018100000210D20FEF7E6FF0120FFF734F8F82342
:10182000984304D1FFF7B2F901200EF0D7FD38003C
:101830002900FFF7BBFFA06D1FE0A5873578E31CEB
:101840006587DB7F002B1BD101213000FFF7AEFF46
:101850006B1E3F2B05D92A00390012480EF031FFCC
:101860002025260038003F3629003570FFF79EFFFF
:101870003378A28FA06A9B18A387FFF7D5FAF7BD2C
:1018800029003220FEF7AEFFE2E7FEF7FCFF41231E
:1018900098430543E9B23320FEF7A4FF1D21A8E7D2
:1018A0005C020020C802002010B50A0001000020E0
:1018B000FEF7CAFF10BD0000F0B585B002ABDD1D1C
:1018C0000023AC4C2B702379012B04D0022B00D1C8
:1018D00027E105B0F0BD6379002B24D0012BF8D1AE
:1018E00040211220FEF77EFF1220FEF7CCFF2021C0
:1018F00028702B78A04EA14D0B4200D18FE0122012
:10190000FEF770FF230056331B78002B00D12371A4
:1019100030000EF05FFE2B68002BDAD01B69002B25
:10192000D7D09847D5E7631DDB7F934A944E934FFA
:101930000192002B32D03F20FEF7A5FF28702B78B4
:101940009B072BD40B213E20FEF74CFF10213F209C
:10195000FEF748FF01980EF03DFEE31DDD7F002DF0
:101960000FD130000EF036FE25713B68002B03D0FE
:101970001B69002B00D0984700232386A387638729
:10198000A7E70D20FEF77FFF40210143C9B20D20DC
:10199000FEF728FF30000EF0B1FDE6E7618FA08F63
:1019A0000B00784D034309D1E31CDB7F002B24D1CE
:1019B00001217548FFF778FFA08F618F091AC9B21E
:1019C0002818FFF771FF638F0198A3870EF002FEBE
:1019D000E31DDB7F002B15D1300023710EF0FAFDE3
:1019E0003B68002BC8D09E68002EC5D03222002351
:1019F0002800A256618FB047BEE73220FEF743FFB2
:101A00006087D9E70D20FEF73EFF40210143C9B2B0
:101A10000D20FEF7E7FE30000EF070FDE0E7192024
:101A2000FEF731FF270040B2023060378010387077
:101A30001A20FEF728FF0023FB5602B2A76853497D
:101A40001211002B60DA8F425CD99D3BC318D2186B
:101A500023001320623327001A80FEF714FF643737
:101A600038701020FEF70FFF01000D20FEF7BAFEC0
:101A70003978444F3800FFF717FF230056331B789F
:101A8000002B00D1237130000EF0A4FD2B68002B39
:101A900000D11EE79D68002D00D11AE72200230027
:101AA00062320021525E210060331B7864315BB2E8
:101AB00038000978A847364D2B78002B1FD1354BBD
:101AC0001B78002B08D00EF0C2FD06003100324812
:101AD0000EF04CFE0028F9D1304E3378002B1AD08E
:101AE0002F480EF043FE0028FAD1307023006233F5
:101AF0000021595E2B480EF039FE0028F6D1002354
:101B00002B70E6E6A43BA1E78F4202D99D3812185C
:101B10009EE7A438FBE724480EF028FE0028FAD1FF
:101B2000E4E722480EF056FD6379012B03D108212A
:101B30001220FEF757FE00232371104B1B68002B69
:101B400000D1C6E61B68002B00D1C2E69847114BB6
:101B50001B78002B08D00EF07AFD040021000E48FF
:101B60000EF004FE0028F9D111480EF0FFFD002808
:101B7000FAD1AEE65C02002034020020C803002047
:101B800020020020C80200209602002040DD4A1FEB
:101B90006B120020E70A0020BA7501086E120020BF
:101BA000EB5B0108025C0108F95B010848020020B8
:101BB0000D5C010870B53A4C2579012D02D0022D3B
:101BC00058D070BD6379002B25D0AB42F9D1354890
:101BD0000EF000FD80211220FEF704FE0023237189
:101BE000314B1B68002BECD0DB68002BE9D0984709
:101BF0002E4B1B78002B08D00EF029FD040021008D
:101C00002B480EF0B3FD0028F9D12A480EF0AEFDA6
:101C10000028FAD1D5E728480EF0DCFC638FA28FAC
:101C200013439BB2002B07D1E31CDB7F002B17D1A2
:101C300029002248FFF738FE25003E35A28F638F2A
:101C40001F48297810189B1A8B420EDB0139C9B244
:101C5000FFF72AFEA28F2B78013A9B18A387B0E7E3
:101C60003220FEF710FE6087E6E7D9B2FFF71CFED0
:101C7000638FF3E76379002BA3D125003F35A28F53
:101C8000638F0F48297810189B1A8B4204DDFFF7E9
:101C90008DFD2B78A28FE0E7D9B2FFF787FDE7E74C
:101CA0005C02002034020020C8030020E70A002064
:101CB000BA750108165C0108200200209602002077
:101CC000C802002070B504000D00FFF71DF9002CBC
:101CD00002D0012C09D070BD054BDB7FA342FAD1A5
:101CE00029003220FEF77EFDF5E729002320F9E7E1
:101CF0005F02002010B504000120FFF705F9054B35
:101D000034211C70002C00D112213920FEF76AFD0D
:101D100010BDC046B802002070B52B4C2379012BB2
:101D200002D0022B2CD070BD6379002B1AD10B216D
:101D30003E202386A3876387FEF754FD10213F20B2
:101D4000FEF750FDE31DDB7F002B14D00D20FEF7C6
:101D50009AFD40210143C9B20D20FEF743FD1B4807
:101D60000EF0CCFB1A4B1B68002BDCD0DB68002B81
:101D7000D9D09847D7E7154823710EF02BFCF1E72F
:101D8000FEF7ECFCFEF788FD0020FEF713FF114D77
:101D9000114E2878FFF7B8F8A97868780335FEF770
:101DA00021FDB542F5D10020FFF7AEF823005C33EA
:101DB0001878FFF79FFF00232371054B1B68002B4A
:101DC000B1D05B68D3E7C0465C020020200200204F
:101DD000C8030020B0770108E0770108034B10B575
:101DE0001B685B689847023010BDC046C4020020E3
:101DF0007FB51422002101A812F0A0FC02210D4B96
:101E00000D48DA6A0A43DA62DB6A01220B4000936A
:101E10001E31009B03F026F9202301930F3B029310
:101E2000103B03930023044801A9049302F0DCFF54
:101E300007B000BD00100240000400507FB50C2226
:101E4000002103A812F07AFC0221094B0948DA6A42
:101E50000A43DA62DB6A0B400093009B202301A94E
:101E600001931D3B029302F0BFFF07B000BDC046C7
:101E7000001002400004005030B5102587B02A0041
:101E80000021040002A812F059FC0121124BDA6A69
:101E90000A43DA62DB6A01950B400093009B022C37
:101EA00016D0032C16D08C4201D10C4B0293A020EB
:101EB00001A9C00502F098FF002C07D007200022DE
:101EC000022102F055FF072002F07AFF07B030BD73
:101ED000034BEBE7034BE9E7001002400000311031
:101EE000000021100000111010B586B01022002152
:101EF000040002A812F022FC0221134BDA6A0A4302
:101F0000DA62DB6A0B400093009B8023DB010193C4
:101F10008C4215D0032C15D0012C01D10B4B029310
:101F20000B4801A902F060FF002C07D00720002217
:101F3000022102F01DFF072002F042FF06B010BD93
:101F4000044BECE7044BEAE70010024000003110BC
:101F500000040050000021100000111010B586B0E0
:101F600010220021040002A812F0E8FB0221134B0A
:101F7000DA6A0A43DA62DB6A0B400093009B802333
:101F80001B0201938C4215D0032C15D0012C01D1DA
:101F90000B4B02930B4801A902F026FF002C07D03F
:101FA00007200022022102F0E3FE072002F008FFD2
:101FB00006B010BD044BECE7044BEAE7001002400A
:101FC000000031100004005000002110000011102A
:101FD0007FB51022002102A812F0B0FB01210A4BAC
:101FE000A020DA6AC0050A43DA62DB6A01AA0B4064
:101FF00000938021009B022349010191039305F086
:102000003DFA07B000BDC046001002407FB50C226B
:10201000002103A812F092FB01210A4BA020DA6AEA
:10202000C0050A43DA62DB6A01AA0B4000938021F3
:10203000009B032349010191029305F01FFA07B0A9
:1020400000BDC0460010024010B586B00C22002131
:1020500003A812F073FB02210C4B1024DA6A0C481F
:102060000A43DA62DB6A01940B400093009B012370
:1020700002935B1801A9049302F0B6FE002221002E
:10208000034802F0EFFF06B010BDC046001002404A
:10209000000400507FB50C22002103A812F04EFB73
:1020A0000221094B0948DA6A0A43DA62DB6A0B400B
:1020B0000093009B102301A901930D3B029302F0B2
:1020C00093FE07B000BDC04600100240000400505F
:1020D00000B589B0012813D102211B4B1B48DA6AD5
:1020E0000A43DA62DB6A0B400093009B08230393E8
:1020F000002303A90493059302F076FE09B000BD06
:10210000022812D10121104BDA6A0A43DA62DB6A33
:102110000B400193019B80239B00A020039300238D
:1021200003A904930593C005E6E70328E6D101213E
:10213000054BDA6A0A43DA62DB6A0B400293029BC0
:102140008023DB00E9E7C046001002400004005095
:1021500000B589B0012812D102231C4AD16A194363
:10216000D162D26A04901A400092009A082218485C
:102170000392069303A902F037FE09B000BD0228BE
:1021800011D10123114AD16A1943D162D26A049351
:102190001A400192019A8022920003920690A02098
:1021A00003A9C005E7E70328E7D10123074AD16A5D
:1021B0001943D162D26A04931A400292029A802291
:1021C000DB18D20003920693E9E7C04600100240F4
:1021D0000004005010B5040001280CD1FFF7B8FF2F
:1021E00000220821144802F03DFF22000821124875
:1021F00002F038FF10BD02280ED1FFF7A9FF8021A1
:10220000A02000228900C00502F02CFF80210122BD
:102210008900A020C005EBE70328EBD1FFF798FF6A
:102220008021A0200022C900C00502F01BFF8021F0
:102230000122C900EDE7C0460004005070B504005B
:10224000012821D1FFF744FF00260821344802F07D
:1022500003FF051E06D0C82E01D1200070BD013637
:10226000F6B2F2E7C82EF8D008212D4802F0F4FEAD
:10227000002801D1F02D04D1F03D6B425D41ECB25C
:10228000EBE70135EDB2EFE7022825D1FFF720FF9C
:1022900000258021A0208900C00502F0DDFE041E7B
:1022A00006D0C82D01D10124D7E70135EDB2F0E702
:1022B000C82DF8D08021A0208900C00502F0CCFEF6
:1022C000002801D1F02C04D1F03C63425C41E4B21F
:1022D000C3E70134E4B2EDE703281ED1FFF7F8FEAF
:1022E00000258021A020C900C00502F0B5FE041E13
:1022F00004D0C82DD7D00135EDB2F2E7C82DD2D029
:102300008021A020C900C00502F0A6FE0028DBD174
:10231000F02CD9D00134E4B2F2E700249DE7C046A6
:102320000004005010B50400012813D1FFF710FF7E
:1023300008210022194802F095FE2000FFF7C8FE90
:102340000821164802F088FE013843425841C3B2C2
:10235000180010BD022810D1FFF7FAFE8021A0203E
:1023600089000022C00502F07DFE2000FFF7B0FECC
:1023700080218900A020C005E4E70328E8D1FFF709
:10238000E7FE8021A020C9000022C00502F06AFEFD
:102390002000FFF79DFE8021C900EBE700040050FC
:1023A00070B50024050026002800FFF7BBFFA04001
:1023B00001340643F6B2082CF6D1300070BD00009F
:1023C000080010B5012911D1FFF7C2FE0824002230
:1023D00008211E48013C02F045FEE4B2012208211A
:1023E0001A4802F03FFE002CF1D110BD022915D190
:1023F000FFF7AEFE08248021A02000228900C0053E
:1024000002F030FE8021A020013C01228900C0059D
:10241000E4B202F027FE002CEDD1E6E70329E4D177
:10242000FFF796FE08248021A0200022C900C005E5
:1024300002F018FE8021A020013C0122C900C00545
:10244000E4B202F00FFE002CEDD1CEE70004005004
:1024500010B50400FFF7BEFE2000FFF7EFFE2100DD
:10246000CC20FFF7ADFF10BD10B50400012803D14B
:102470002000FFF7AFFE03E00228F9D00328F7D0D1
:102480002000FFF7DBFE10BD00B589B0012814D194
:1024900002211D4B1D48DA6A0A43DA62DB6A0B40EF
:1024A0000093009B08230393053B0493002303A997
:1024B000059302F099FC09B000BD022814D1012156
:1024C000114BDA6A0A43DA62DB6A0B400193019B23
:1024D00080239B000393FE3BFF3B04930023A0203B
:1024E000059303A9C005E4E70328E4D10121064BC5
:1024F000DA6A0A43DA62DB6A04900B400293029BB9
:102500008023DB000393E9E7001002400004005041
:10251000F0B5020041180126002073278A4200D13D
:10252000F0BD0824157803006B4033405B42BB4389
:1025300040085840013CC0B26D08002CF3D1013274
:10254000ECE70000F0B503230026040087B00193F8
:1025500000962000FFF788FF051E56D12000FFF7E8
:1025600077FF21004420FFF72BFF314806F072FD72
:102570002000FFF76DFF2100BE20FFF721FF2000A4
:10258000FFF70EFF03AF78550135092DF7D108216C
:102590003800FFF7BDFF3B7A83422DD10023F85E60
:1025A000002817DA404211F0D5FE0022214B11F02D
:1025B000A9F911F059FF051C00262000FFF764FF60
:1025C000002E05D11C49281CFDF784FEB04225D001
:1025D0001A4D29E011F0BEFE0022194B11F092F9BC
:1025E00011F042FF1749051CFDF76EFE0028E3D0ED
:1025F0000136F6B2022EDFD0019B013BDBB2019324
:10260000002B07D101260F4DD7E7009B0133DBB22A
:102610000093F1E7009B032B9BD1F3E70A49281CA9
:10262000FDF76CFE0028D3D1281C07B0F0BDC046D2
:10263000020300000000B0BF00005CC233CB4C4579
:102640000000B03F0000AA420000FA4210B50E4B55
:102650000E4C23600E4B200063600123E3600023D7
:102660002361A361E3612362F033A3600E336361EE
:1026700003F070FF002801D004F0E2FE00212000EA
:1026800004F03CF910BDC04600540040CC030020CB
:10269000563EA110F0B5FA27002401260D4B87B055
:1026A0001B7805AD2B70BF000123C5211A000A4815
:1026B00002970196009504F05FF82B7801343340BF
:1026C0002B70A4B2002B02D0044B9C42ECD1200012
:1026D00007B0F0BD225C0108CC03002010270000E9
:1026E000F0B589B06A46224B04AD1B7805AF2B705C
:1026F000204BFA261B7801243B701F4BB6001B7839
:1027000013761E4B1B781377FFF7C4FF1C48009508
:10271000050023000222C4210296019403F070FFF9
:10272000FFF7B8FF23000422C42128000296019479
:10273000009703F065FFFFF7ADFF06AB1222C4213F
:102740000093280023000296019403F059FFFFF73D
:10275000A1FF07AB1C22C42100932800230002968E
:10276000019403F04DFFFFF795FF09B0F0BDC0469F
:10277000245C0108265C0108285C0108235C010830
:10278000CC030020F0B5FA2501241D4B89B01B783D
:1027900005AFAD003B70FFF77DFF23000022C42191
:1027A000184802950194009703F02AFFFFF772FF83
:1027B000154B984222D806AF23000F22C52102955F
:1027C00010480194009703F0D7FF029507AD23004E
:1027D0001022C5210B480194009503F0CDFF3A78F3
:1027E0002B7812029B18FA229BB20020120193420E
:1027F00002D80A20584380B209B0F0BD0348FBE775
:102800002A5C0108CC0300200E270000FFFF000017
:102810001FB5154C05222100684611F0D5FF611D3A
:10282000062202A811F0D0FF07F066F807F07EF844
:1028300001220E490E4800F03BFEFA20800006F00F
:1028400009FC694605220B4B094801F001FA3220C8
:1028500006F000FC0622074B02A9054801F0F8F932
:10286000322006F0F7FB1FBD705B0108B3080020A3
:10287000B8080020FFFF000037B5174B0193FFF7A2
:10288000C7FF164B042201A9154801F0E1F9012206
:10289000144C15491248227000F00AFEFA2040003C
:1028A00006F0D8FB0023237007F06AF80F4B1A7864
:1028B0005A2A01D000203EBD5A78052AFAD19A78CA
:1028C000112AF7D1DA78002AF4D118797038434206
:1028D0005841C0B2EFE7C0465A04116FFFFF000035
:1028E000B80800201F040020B308002018040020AE
:1028F00037B5072200210400684611F01FFF07F0DA
:1029000015F8FA20800006F0A5FBFA216D4668460E
:10291000C90007F0CFF807F033F868782B782979E9
:102920000343A8786A790343E87803430B43A87903
:1029300013430343DBB2002B04D1084823606060DB
:10294000A36037BD0A2328881202434352189BB262
:102950002360D310013B6888FF3BF0E7FEFF0000D7
:102960007FB51022002102A811F0E8FE02210B4BD6
:10297000A020DA6AC0050A43DA62DB6A01AA0B40CA
:102980000093009B802101230901039302330191ED
:10299000049304F073FD07B000BDC0460010024070
:1029A0007FB50C22002103A811F0C8FE01230A4ABA
:1029B0000A48D16A1943D1628021D26A49011A407A
:1029C0000092009A029301AA02330191049304F049
:1029D00055FD07B000BDC046001002400004005085
:1029E0007FB50C22002103A811F0A8FE02210A4B9A
:1029F000A020DA6AC0050A43DA62DB6A0B40009362
:102A0000009B80231B010193032301A9029302F081
:102A1000EBF907B000BDC046001002407FB50C22A4
:102A2000002103A811F08AFE0121094B0948DA6A46
:102A30000A43DA62DB6A0B400093009B80235B0150
:102A40000193032301A9029302F0CEF907B000BD60
:102A5000001002400004005002230D4A10B5916B93
:102A60000C480B4393630C4B0C4A03601F234360D9
:102A70000023C2608360036103F046F9002801D09F
:102A800004F0DEFC00220521102002F071F910BDD7
:102A9000001002402004002000040040E703000072
:102AA000034B984203D1034A1388013313807047C4
:102AB00020040020580400200300F7B504000C3364
:102AC000009300268021314D314F2B6801225E6238
:102AD000490130483E8002F0C5FA012006F0BAFAFA
:102AE000802132002B48490102F0BCFA0DF0AFFD05
:102AF00006008021A0200901C00502F0ADFA0028DF
:102B000034D00026280003F019F90DF0A0FD019043
:102B10008021A0200901C00502F09EFA00282DD1D5
:102B2000280003F015F92B685B6A012E1DD0FA20EE
:102B30003A88800050439BB2C01811F00BFC164A33
:102B4000164B10F0DFFE0022154B10F0DBFE154B8C
:102B5000002210F0D7FE0FF03DFB2080322006F05F
:102B600079FA009B02349C42ABD1F7BD30000DF0E6
:102B700074FD0D4B9842BCD90126C3E701980DF0B6
:102B80006CFD094B9842C3D90126C9E720040020F7
:102B90005804002000040050006F8104C58FA13F3D
:102BA0000000E03F00002440E7030000020030B5D1
:102BB0000A32030001211C885D88AC4202D9002141
:102BC0001D805C8002339342F5D1002902D1023A84
:102BD0008242EED130BD10B50400FFF7E7FFE28876
:102BE000638820899B18A2889B18C018800880B22F
:102BF00010BD00001FB58021A0200901C00502F012
:102C00002BFA041E02D00B4804B010BD0A4B1B88DF
:102C10008342F8D001A8FFF74FFF01A8FFF7DBFFC1
:102C20000300B422F03B9BB252019A4264416442D9
:102C30002040E9E7FFFF0000E00A002010B586B061
:102C40000C22002103A811F079FD01238024A0208B
:102C50000C4A2401D16AC0051943D162D26A21000D
:102C60001A400092009A029301AA0233049301943D
:102C700004F004FCA02000222100C00502F0F2F9BB
:102C800006B010BD001002407FB51022002102A83E
:102C900011F054FD0221084B0848DA6A0A43DA624F
:102CA000DB6A01AA0B40802100934901009B01913E
:102CB00004F0E4FB07B000BD001002400004005027
:102CC0007FB50C22002103A811F038FD01210A4B29
:102CD000A020DA6AC0050A43DA62DB6A0B4000937F
:102CE000009B80231B010193032301A9029302F09F
:102CF0007BF807B000BDC046001002407FB50C2233
:102D0000002103A811F01AFD0221094B0948DA6AD3
:102D10000A43DA62DB6A0B400093009B80235B016D
:102D20000193032301A9029302F05EF807B000BDEE
:102D300000100240000400508021A020002270B545
:102D40000901C00502F08EF980211B48490102F0FB
:102D500083F90028F8D1182504008021A020012241
:102D60000901C00502F07EF98021A020002209019E
:102D7000C00502F077F980210F48490102F06CF993
:102D8000013843425841013D6400EDB22418002D42
:102D9000E3D18021A02001220901C00502F062F9DF
:102DA0008021A0202A000901C00502F05BF98020E3
:102DB0000004604070BDC0460004005010B5FFF72D
:102DC000BBFF014B186010BD5C04002010B5FFF77D
:102DD000B3FF094A03001060084A002012689342BA
:102DE00008D0981A0FF0A8FE054B19680FF07EFA6C
:102DF0000FF084FE10BDC046600400205C0400207B
:102E0000180000200020704770470120704770B5FF
:102E100005000920FDF737FD4D20FDF734FD07249F
:102E2000112D12DD0443E4B22B1C142D00DD1423FC
:102E3000053B1021494219430920C9B2FDF7D2FCD4
:102E400021004D20FDF7CEFC70BDA04304240443B7
:102E5000E4B22B1C022D00DA0223023BE9E700005A
:102E60007FB51422002101A811F068FC1148FDF77C
:102E700069FC114B80210293022301AA03930F489E
:102E800001338901049304F0F9FA802101AA0C4866
:102E9000C90004F0F3FA802101AA0948090104F0ED
:102EA000EDFA8021064801AA490004F0E7FA07B0CC
:102EB00000BDC0461C00002000001110000800509A
:102EC000000400507FB51422002101A811F036FC47
:102ED0000E4B80210293022301AA0D48890103931E
:102EE00004F0CCFA802101AA0A48C90004F0C6FA0D
:102EF000802101AA0748090104F0C0FA8021054891
:102F000001AA490004F0BAFA07B000BD0000111090
:102F10000008005000040050802110B50368040030
:102F200000220D48890104F0F5FA8021636800222F
:102F30000A48C90004F0EEFA8021A368002207487D
:102F4000090104F0E7FA80210022E3680348490000
:102F500004F0E0FA10BDC046000800500004005024
:102F60007FB51422002101A811F0E8FB0123802184
:102F7000A020029301AA02334900C005049304F083
:102F80007DFA8021A02000224900C00504F0E8FA63
:102F900007B000BD0D4B10B51A78824204D01870EE
:102FA000002802D1FFF7DCFF10BDFFF7D9FF084C66
:102FB0002378002BF8D08021A02001224900C005F1
:102FC00004F0CEFA00232370EEE7C046640400202C
:102FD0006E060020012210B5032800D000228021B7
:102FE000A0204900C00504F0BBFA10BD8022104BA0
:102FF000520019680A431A60DA680E490A40DA601A
:103000001A680D490A4001211A609A688A439A6039
:103010001A680A490A401A60DA6809490A40DA60FF
:1030200000221A618022074B12059A607047C04641
:10303000001002400C40FF88F6FFF6FEFFFFFBFF8A
:10304000FFFF02FF00ED00E0F7B504000F001500E0
:103050001E0006F005F80190002D2ED0226893681E
:103060003B40BB4230D000252CE0731C26D0002E04
:1030700005D005F0F5FF019BC01AB0421DD9E02133
:1030800023685A688A435A601A68A0398A438021A3
:103090001A60A26A89018A4206D119681048014063
:1030A000196019680A431A602300012251331A700B
:1030B000002350340325237004E0226893683B40CA
:1030C000BB42D2D12800FEBD731CC8D0002ED6D082
:1030D00005F0C6FF019BC01AB042BFD9CFE7C0467A
:1030E000FFDFFFFF7047000070B504000120002CD7
:1030F00036D0250051352B78002B05D122005032D7
:1031000020001370FFF7EEFF022340222B7021688E
:10311000A0680B6893430B606368A2690343E0688F
:1031200003432069034360690343E0690343206A62
:103130000343A06A034380208000104003430B60D8
:103140000423120C1A40636A00201A43E36A4A609F
:103150000B61CB69034A1340CB61012360652B707F
:1031600070BDC046FFF7FFFFF7B504006E460020B4
:10317000F080260051363078089D012802D0307842
:1031800022280DD1002900D14CE1002A00D149E1CB
:10319000002B00D146E1200050300778012F02D1EA
:1031A00002221000FEBD012707703078B84201D11D
:1031B0003220307000206065A064E0648020A2634B
:1031C000A26AE387A387A386E3862163236880013D
:1031D000824206D11868964F38401860186810432C
:1031E000186040201F68074202D11F6838431860EA
:1031F000E7686068BC4680273F01BC4500D07AE0A4
:10320000002806D082277F00B84209D1E08E01282D
:1032100006D108880231D8602163E18E0139E18648
:10322000E18E002909D080277F01E38E002B32D167
:1032300062689A421BD12B000AE0802189018A42F0
:1032400004D18022196852010A431A602B0000221F
:1032500001212000FFF7F8FE002824D12368DA6856
:10326000A36B1A800233A363E38F013BE3878023C0
:10327000A26A9B019A4200D0B0E02B0000220121FB
:103280002000FFF7E1FE002800D1A1E00223626DDB
:103290001343636507E02B00002202212000FFF7A3
:1032A000D3FE002801D003227BE7236B2268198814
:1032B0000233D1602363E38E013BE386E38E8342D6
:1032C00007D18021A36A89018B4202D113683B4355
:1032D00013602B00002201212000FFF7B5FE00281B
:1032E000E1D12368DA68A36B1A800233A363E38F0A
:1032F000013BE38799E7002806D082277F00B84288
:1033000009D1E08E012806D1481C20630978D960D4
:10331000E18E0139E186E18E002914D080277F01FA
:10332000E38E002B25D162689A42A0D12B000121A7
:103330002000FFF789FE0028B5D12368DA68A36B67
:10334000591CA16313E0802189018A4204D18022A3
:10335000196852010A431A602B0000220121200043
:10336000FFF772FE00289ED12368DA68A36B1A70FB
:103370007AE72B00002202212000FFF765FE0028DB
:1033800091D1226B531C236312782368DA60E28E9A
:10339000013AE286E28E824207D18021A26A890147
:1033A0008A4202D11A683A431A602B000022012196
:1033B0002000FFF749FE002800D074E72368DA6890
:1033C000A36B591CA1631A70E38F013BE387A7E746
:1033D0006A462368DB68D3806B46DB8801222B00BA
:1033E00080212000FFF730FE021E02D02023626DF4
:1033F0004EE70123250033708023A16A9B015035DD
:10340000994211D123689E68F6060DD50222666D99
:10341000324362651A68064C22401A601A681143EA
:10342000196028700122BCE600232B70B9E6C04663
:10343000FFDFFFFF036806491A686A300A401A6016
:103440009A682331FF318A439A60202303707047C2
:10345000DFFEFFFF30B5050069352B78202B01D04A
:10346000022030BD002901D10120FAE7002AFBD05B
:10347000802384685B019C4204D10369002B01D145
:10348000CB07F1D4040068342378012BE8D0030083
:103490005033C1645A801A8000232122C3662A70E7
:1034A000237001685F32086802430A601800D8E799
:1034B00070B505006A352B78202B01D0022070BD35
:1034C000002901D10120FAE7002AFBD0802483687B
:1034D0006401A34204D10469002C01D1CC07F1D4CA
:1034E000040068342678012EE8D041650100583187
:1034F0000A804A8080225201934219D10369002B2D
:1035000014D1134A03005C331A80002322220121C4
:10351000C3662A702370026890680143916090210D
:1035200010684900014311601800C8E7FF22E9E76D
:10353000002B04D10369002BF8D07F22E2E7802220
:1035400052059342E1D10369002BF6D03F22D9E71F
:10355000FF0100001300020070B56932040010780A
:10356000202801D0022070BD002901D10120FAE7F6
:10357000002BFBD08020A5684001854204D1206942
:10358000002801D1C807F1D4260068363078012818
:10359000E8D00120307020005030E1640025038025
:1035A00043802120E5661070206E0A4A8563C2625E
:1035B000094A0263094A42632268283201F0FAFD8F
:1035C0004022236828001A623570996892180A43CD
:1035D0009A60C8E7E13500081736000897360008FA
:1035E0000268836A11682022080010B51040114259
:1035F0000CD11A0080211B68523210809A688A43CD
:103600009A60402219680A431A6010BD180006F03B
:10361000ABF8FAE7704710B5806AFFF7FBFF10BD03
:10362000010070B56A310A780368222A2BD10200A2
:1036300080245C32168885685A6A6401436D324082
:10364000A5421CD10469002C19D11A8002334365AC
:1036500002005A321388013B9BB21380002B0DD11C
:1036600003680B4C1A6822401A609A682334FF34AE
:10367000A2439A6020230B7006F098F870BD5C1C82
:1036800044651A70E4E7082299690A439A61F5E7EC
:10369000DFFEFFFF704710B5846A210069310B78A7
:1036A000212B0DD123689A68120609D5220000202B
:1036B000523210801A68C03082431A6020230B7087
:1036C00023006A331B78222B0AD123689B685B0690
:1036D00006D5230000225A3320001A80FFF7AAFEE5
:1036E0001023E26E20001343E366FFF7D3FF10BD03
:1036F000F8B503680400DA691968100708D12020BA
:10370000024262D0014260D02000FFF789FFF8BD7D
:103710009D68902701202E007F0006400F40374310
:1037200054D0024205D0CD0503D51862E56E28437A
:10373000E0660220024206D0002E04D01862E56E38
:1037400000182843E0660420024206D0002E04D070
:103750001862E56E02382843E0660820024207D06E
:1037600020250D40354303D01862E36E1843E06610
:10377000E36E002BCBD020231A4204D0194202D092
:103780002000FFF74DFFE36E20001B0706D42368DF
:103790009A68402315001D401A422BD0FFF74AFEBD
:1037A000402123689A680A4220D09A68606E8A4352
:1037B0009A6000281AD0324B836301F027FD00285D
:1037C000A5D0606E836B9847A1E79D688020400379
:1037D000024213D06D0211D52200186220236932F3
:1037E00013702000537002F04FFD90E72000FFF7A8
:1037F00051FF8CE7FFF74EFFE56688E780252A42F8
:103800002CD029422AD0220069321278212A00D0F5
:103810007DE7200052300288002A07D11A68AA43A7
:103820001A60402219680A431A6070E78021A5686F
:10383000E26C49018D420CD12169002909D111881E
:103840000232C905C90D9962E2640388013B038015
:103850005DE7511CE16412789A62F6E7402002426B
:1038600000D154E7014200D151E71A6882431A603F
:1038700023002022693320001A7005F075FF46E707
:1038800085380008806A0023020010B55A32138080
:10389000083A1380FFF7FEFE10BD0000F8B50500E2
:1038A0000368826800691968024368698A4E0243A6
:1038B000E8690243894801400A431A605A68884906
:1038C0000A40E9680A435A60A969B34201D02A6AEA
:1038D00011439A68834802400A439A60824A93429D
:1038E0001FD10322814BDB6C1340022B22D0934269
:1038F00012D10824022001F01BF92F680300B742FF
:103900006CD1082C00D9E4E02000FCF7D9FB35E2AB
:103910003BE261E2E2E264000424012BEAD0033CD2
:10392000E8E7734A93420ED1704BDC6C0C231C40C9
:10393000082C01D10224DDE70C2CDAD0043C6342D0
:103940005C41A400D6E76B4A934201D10024D1E741
:10395000694A9342FAD01024B342CBD1634B802200
:10396000DC6CC0231B011C4012019442E2D09C423B
:10397000BFD0624BE418E2E700F0E4FF002809D171
:1039800000244AE0594B18685D4BC006C017184028
:103990005C4BC01803236A685343834200D998E004
:1039A0001303834200D294E00021070E0602500860
:1039B00036184F410B0030003900FCF7B3FC524B76
:1039C000C218524B9A4200D983E02B68D860D7E7DF
:1039D00000F0BEFED2E780200002DBE78022E9692A
:1039E000120291423ED1082C39D82000FCF768FB26
:1039F00005171D372F3737373200696858004B08D5
:103A0000C018FCF77BFB80B20F2302009A4313001F
:103A100000072A68400F0343D3602000F8BD00F080
:103A2000A1FF696840004B0809E0304B69681A68DB
:103A30001023140048081C401A4206D0344BC0180A
:103A4000FCF75CFB002480B2DEE7324BD8E700F0E5
:103A50007FFEE6E7802369685B024808EFE7012400
:103A60000020D1E7082C34D82000FCF729FB0510F2
:103A70001B322A3232322D0000F064FF69682D6853
:103A80004B081818FCF73AFB80B2E860C5E700F075
:103A900069FF69682C684B081818FCF72FFB80B287
:103AA000E0606DE7114B69681B684808DB0606D5C6
:103AB000194BC018FCF722FB80B2F86060E7114B8D
:103AC000F7E700F045FEE4E7802369681B02480839
:103AD000EFE70124A1E7C04600480040F369FFEF8B
:103AE000FFCFFFFFFFF4FFFF00380140001002404E
:103AF00000440040004C00400050004000FCFFFF2C
:103B000000E548FF0024F40000FDFFFFFFFC0F006C
:103B100000127A000048E80100093D00436A30B510
:103B2000DA0706D50168284C4A682240846A224395
:103B30004A609A0706D50168244C4A682240C46A44
:103B400022434A605A0706D50168214C4A68224040
:103B5000046B22434A601A0706D501681D4C4A6867
:103B60002240446B22434A60DA0606D501681A4CAB
:103B70008A682240846B22438A609A0606D50168CF
:103B8000164C8A682240C46B22438A605A0610D5BC
:103B90000168134D4A68046C2A4022434A6080221F
:103BA0005203944205D14A680E4C2240446C224391
:103BB0004A601B0606D502680B4953680B40816CAE
:103BC0000B43536030BDC046FFFFFDFFFFFFFEFF0C
:103BD000FFFFFBFFFF7FFFFFFFEFFFFFFFDFFFFFA9
:103BE000FFFFEFFFFFFF9FFFFFFFF7FFF8B50400A8
:103BF0000E0015001F002268D36933409B1B5942F9
:103C00004B41AB4201D0002018E0069B0133F3D0BA
:103C1000069B002B13D123680C491A6803200A4025
:103C20001A609A68A331FF318A439A6022002023E8
:103C3000693213705370002368342370F8BD05F0A7
:103C40000FFA069BC01B9842D5D9E4E75FFEFFFF41
:103C5000F0B5060085B002936936337804000D0094
:103C60001700202B15D1002901D0002A02D10120F4
:103C700005B0F0BD802382685B019A4204D10369DC
:103C8000002B01D1CB07F2D4230068331A78012A24
:103C900001D10220ECE701221A700023E3662133F0
:103CA000337005F0DDF9230050331F805F808027DB
:103CB00003907F01230052331A88002A0AD1029B05
:103CC000402100932000039BFFF790FF00281FD0A6
:103CD0000320CDE71A888021013A1A80029B002236
:103CE00000932000039BFFF781FF0028F0D1A36819
:103CF0002268BB4208D12369834205D12B88023553
:103D0000DB05DB0D9362D5E72B7801359362D1E7B4
:103D10002023683433702070AAE7000073B50026B2
:103D20000400C66605F09CF9236805001B681B07A4
:103D300017D423681B685B070AD580210F4B00222C
:103D4000009320002B00C903FFF750FF002813D178
:103D500022002023002069326834137053702070D1
:103D60000BE08021054B3200009389030300200003
:103D7000FFF73CFF0028DCD0032076BDFFFFFF01EA
:103D800070B504000120002C2CD0250069352B785B
:103D9000002B05D1220068322000137005F016FEBA
:103DA000242301212B70226813688B431360636AFC
:103DB000002B02D02000FFF7B1FE2000FFF76EFDC0
:103DC00001280FD0236808495A6820000A402A2198
:103DD0005A609A688A439A60012219680A431A60F5
:103DE000FFF79CFF70BDC046FFB7FFFF084B13B540
:103DF000040008491868FCF781F944430194019BC9
:103E0000002B00D113BD019B013B0193F7E7C04696
:103E10003400002040420F000321036870B59A6807
:103E200004000A40012A04D11968114201D000207F
:103E300070BD9968134A114209D01023A26D134333
:103E4000A3650123E26D13430120E365F0E701253B
:103E50009A6828002A439A60FFF7C8FF05F000F926
:103E6000060023681B682B42E1D105F0F9F8801B9E
:103E70000A28F6D91023A26D1343A365E36D2B43E3
:103E8000E2E7C046170000807047000070B5041ECE
:103E900001D1012070BD836D002B05D10200543289
:103EA000C3651370FFF7F0FFA36DDB0603D423682F
:103EB0009A68520707D51023A26D543413436360E8
:103EC00000232370E5E7A16D534A11400632FF320B
:103ED0000A43A265032299681140504A012902D180
:103EE0001868084219D180256168ED05480040082E
:103EF000A84203D080200006814272D11869800058
:103F0000800818611869014319611820D968814334
:103F1000D960D968A0680143D96011684048014060
:103F20001160A16B106849060143116080229968F5
:103F30005205114202D199680A439A60DA683949F8
:103F4000656B0A40DA60E268D868216A2A43024356
:103F500048030243206B40000243A06980030243F0
:103F6000E069C0030243206902384542684180008D
:103F70000243C220DA60A26AFF30824204D0E56ABE
:103F8000D8682A430243DA60626A012A06D100290E
:103F900033D18022D96852020A43DA60216C1A694F
:103FA000012932D12048A56C02401A61626C18695F
:103FB0002A43E56C2A4302431A611A6911431961C5
:103FC00007215A6900208A435A615A69E16B0A4302
:103FD0005A610323E065A26D9A43023B1343A36534
:103FE00058E71869114D8000800818611068284052
:103FF000106010680143116087E72021A06D014324
:10400000A165E16D0A43E265C8E701210A42D7D004
:104010001A698A431A61D3E7FDFEFFFF08270140B2
:10402000FFFFFFFD1902FEFF03FCFFFFFFFFC3FFC1
:10403000036870B59B6804005B0701D5022070BD62
:10404000050054352B78012BF8D001232B70C36960
:10405000012B11D1A26D0B4B00201A4080235B0075
:1040600013431C22A365E065287023681A609968D1
:10407000183A0A439A60E2E7FFF7CEFE0028E9D03B
:10408000DDE7C046FEF0FFFFF8B5456904000E000D
:10409000082D0DD003680120DB680C25034207D0F2
:1040A0002023A26D54341343636000232370F8BDB2
:1040B00004F0D6FF070023681A68154222D0802238
:1040C000A16D92000A43A265C022D9681201114273
:1040D00013D1226A002A10D11A6812070DD59A68E6
:1040E000520722D40C215A688A435A60A16D154A9E
:1040F00011400432FF320A43A265A269002A1DD092
:104100000020D4E7721CD7D0002E08D10423A26D62
:10411000543413436360002303202370C7E704F083
:104120009FFFC01BB042C6D9F0E72022A16D0A4311
:10413000A2650122E16D0A43E265DEE70C221A6006
:10414000DEE7C046FEFEFFFF0368186C7047000004
:10415000F8B504005434237805000220012B0CD05C
:10416000012323702A689068400707D52022A96D93
:1041700018000A43AA6500222270F8BD8023802619
:104180000D68194F49686803DB02400B2B40B602EB
:10419000B94218D0916A01439162002B08D0802364
:1041A000124A1B0411680A200B431360FFF71EFE1E
:1041B000354205D080230D4ADB0311680B431360A1
:1041C00000202070D9E7916A81439162002B04D0CE
:1041D000064A074913680B4013603542F0D0034A82
:1041E000044913680B40EAE701100000082701406A
:1041F000FFFF7FFFFFFFBFFF174B70B5DC68F022AA
:1042000021001140144225D18024C0229E6B6405F8
:10421000124D5201264213D02B681A40C0235B0175
:104220009A4203D10E4BC1184B42594101240D4A09
:104230001368A3430B43136010682040484070BDCF
:104240009E6B34439C632C68074D22409C6B2C4032
:104250009C63E3E70021E9E70010024000700040A2
:104260000040FFFF00200240FFFFFFEFF0B50368B2
:10427000040085B0DB074ED423689B0700D59FE080
:104280002368DB0635D50C23BD4DEA681A4200D001
:10429000EBE02B689B0502D5E369002B50D0E022B0
:1042A0006B68666A120213409E4200D8C9E0300073
:1042B000FFF7A2FF002800D0D5E06B68B14A134099
:1042C00033436B606A68236A12021B06120A1343A7
:1042D0006B608023760B01361B02B340EA68AA4864
:1042E0001206120F825CA949D34003200B6004F030
:1042F000AFFE23681B0700D5EEE023685B0700D5FF
:1043000011E123689B0600D593E1A16A002900D042
:10431000C3E10020A7E00C21994DEB680B40082B6E
:1043200008D08023EA685B020A408A420AD1EA6820
:104330001A4207D02B689B039ED56368002B9BD144
:10434000012090E062689A4212D12A6813432B60E0
:1043500004F086FE80260700B6022B6833428BD11C
:1043600004F07EFE8A4BC01B9842F6D903207AE007
:10437000A021C9028A4205D180222968D2020A43BB
:104380002A60E2E7296883480140296029680B40D8
:104390000393039B80492B680B402B60002AD7D1E5
:1043A00004F05EFE80260700B6022B68334200D17F
:1043B00062E704F055FE764BC01B9842F5D9D5E76D
:1043C0000C226F4DEB681340042B06D0EB681340B2
:1043D000934210D1EB68DB030DD42B685B0702D549
:1043E000E368012BACD16A6823696C491B020A405F
:1043F00013436B6044E7E2682B68002A10D0092160
:104400008B4313432B6004F02BFE042607002B681C
:104410003342E8D104F024FEC01B0228F7D9A5E7F7
:10442000012293432B6004F01BFE042607002B6837
:10443000334200D124E704F013FEC01B0228F6D952
:1044400094E76B684F4A3000134033436B606A68EF
:10445000236A12021B06120A13436B60FFF7CCFE9D
:10446000002800D135E705B0F0BDE369002B20D06E
:1044700080232A685B0013432B6004F0F1FD802643
:104480000700B6002B6833420DD06B683D4A1340DD
:10449000626A13436B606A68236A12021B06120A7F
:1044A00013436B6025E704F0DBFDC01B0228E9D94C
:1044B0005CE72B683A4A802613402B6004F0D0FD5D
:1044C0000700B6002B68334200D112E704F0C8FDA4
:1044D000C01B0228F6D949E762690123284D002A4A
:1044E00010D02A6D022613432B6504F0B9FD070096
:1044F0002B6D334200D000E704F0B2FDC01B022850
:10450000F6D933E72A6D02269A432A6504F0A8FDFE
:1045100007002B6D334200D1EFE604F0A1FDC01B74
:104520000228F6D922E780230021154D5B05AA6BEE
:1045300000911A4204D1AA6B1343AB630123009389
:104540008027184E7F0033683B4208D08022A36842
:104550005200934228D12A6D13432B6549E03368FA
:104560003B43336004F07CFD019033683B42EDD166
:1045700004F076FD019BC01A6428F6D9F6E6C04621
:1045800000100240FF1FFFFF59780108340000208F
:1045900088130000FFFFFEFFFFFFFBFFFFE0FFFFB0
:1045A000FFFEFFFF00700040002B16D12B6D5F4A0D
:1045B000802713402B652B6D5D4ABF0013402B6590
:1045C00004F04EFD06002B6D3B421AD004F048FD6E
:1045D000584B801B9842F6D9C8E6A021C9008B42EF
:1045E00018D18023296DDB000B432B652B6D1A43FB
:1045F0002A6504F035FD80270600BF002B6D3B4285
:1046000010D0009B012B00D07BE6AB6B4A4A1340D5
:10461000AB6376E62B6D454A13402B652B6D444A00
:1046200013409AE704F01CFD424B801B9842E5D9E9
:104630009CE6A1690123414D414A002918D0A9688F
:1046400002261943A960696B0B436B638023116ACF
:104650009B010B43136204F003FD0700AB68334278
:1046600000D052E604F0FCFCC01B0228F6D97DE61F
:10467000A96802269943A960136A32490B40136264
:1046800004F0EEFC0700AB68334200D13DE604F0D5
:10469000E7FCC01B0228F6D968E60C22274DEB6820
:1046A0001340934200D14BE62B68274A13402B60FE
:1046B00002292BD104F0D4FC80260700B6042B6815
:1046C00033421DD1216BE36AEA680B431F490A405C
:1046D0001343626B80241343EB6080232A685B04DE
:1046E00013432B6004F0BCFC0600A4042B68234297
:1046F00000D00EE604F0B4FC801B0228F6D935E6A3
:1047000004F0AEFCC01B0228D9D92FE604F0A8FCA7
:1047100080240600A4042B68234200D1F9E504F0AC
:104720009FFC801B0228F6D920E6C046FFFEFFFF53
:10473000FFFBFFFF88130000FFFFFFEF00100240A8
:1047400000000140FFDFFFFFFFFFFFFEFFFF02FF52
:104750000C221A4B10B5D9680A40082A2CD00C2A12
:104760000CD0042A20D11868102318404342584125
:10477000134B40421840134BC01810BD12488A0218
:10478000120F825C0902D868890F0131C00304D579
:104790000E485043FBF7B2FCEFE71B68DB0601D580
:1047A0000848F6E70A48F4E780205B6800021B042B
:1047B0005B0F01339840E0E70448DEE70010024059
:1047C000001BB70000093D004878010800127A007C
:1047D0000024F400F7B50122534D06002B68019127
:1047E00013408B4228D33268930731D4D20737D491
:1047F00001232A6801991A408A4200D985E032686B
:104800004A4C530700D588E0120706D5E2683369A1
:104810004749DB000A401343E360FFF799FFE36871
:10482000444A1B061B0FD35C4349D8400860032051
:1048300004F00EFC00200AE02B68019993430B431F
:104840002B602B681340019A9342CCD00120FEBD0F
:10485000F0203649CB688343B0680343CB60C5E79B
:10486000324C72682368022A19D19B03EED50321CA
:10487000E3688B431343E36004F0F2FB73680700C3
:10488000022B19D10C22E3681340082BB0D004F09E
:10489000E7FB2A4BC01B9842F4D90320D7E7032A31
:1048A00002D19B01E3D4D1E7012A02D15B07DED418
:1048B000CCE79B05DBD4C9E7032B0CD10C22E368C2
:1048C0001340934200D193E704F0CAFB1B4BC01B7B
:1048D0009842F3D9E1E7012B11D00C22E36813428F
:1048E00000D185E704F0BCFB144BC01B9842F4D9FF
:1048F000D3E704F0B5FB114BC01B9842CDD80C2276
:10490000E3681340042BF4D172E72A689A432A60C3
:104910002A681A4200D172E798E7E36808490B4019
:10492000F1680B43E3606FE7002002400010024093
:10493000FFC7FFFF597801083400002088130000EA
:10494000FFF8FFFF044B054ADB6805495B055B0F79
:10495000CB5C1068D8407047001002403400002043
:1049600051780108044B054ADB6805499B045B0F3D
:10497000CB5C1068D8407047001002403400002023
:10498000517801080368F7B505009B0667D58023B9
:1049900000215C4C5B05A26B00911A4204D1A26B12
:1049A0001343A363012300938027574E7F0033688E
:1049B0003B4209D133683B43336004F051FB019023
:1049C00033683B4200D185E0686822680100C0235B
:1049D0004240C0209B0280031940024205D0994208
:1049E00003D122680120920373D4226D1000184075
:1049F0001A421BD0884219D02B689B0616D58021FD
:104A0000236D206D090301432165216D3F4A404814
:104A10001A40014021652265DB0507D504F020FB23
:104A200080270600BF00236D3B425CD06968C0232D
:104A30000A009B021A409A4207D123683548034076
:104A4000C020800301400B432360236D1A43009B69
:104A50002265012B03D1A36B2F4A1340A3632B685C
:104A6000DA0706D503202749CA6C8243A8680243A7
:104A7000CA649A0706D50C202249CA6C8243E868AA
:104A80000243CA645A0706D51E492448CA6C02402C
:104A900028690243CA641A0706D51A492048CA6C15
:104AA000024068690243CA64DA0506D51549174809
:104AB000CA6C0240A8690243CA645A0606D5114965
:104AC0001848CA6C0240286A0243CA641B0611D403
:104AD0000020FEBD04F0C4FA019BC01A642800D86F
:104AE0006EE70320F5E704F0BBFA0F4B801B9842FA
:104AF00099D9F6E7034A0D49D36C0B40E9690B439A
:104B0000D364E5E70010024000700040FFFFFCFFA7
:104B1000FFFFF7FFFFFFCFFFFFFFFFEFFFF3FFFFF9
:104B2000FFCFFFFFFFFFFFFB88130000FFFFF3FF36
:104B300010B5102800D1B9E008D80138072827D8C7
:104B4000FBF7BEFA697F268F262626A040283AD09A
:104B500080235B00984200D1AEE0202818D1C02409
:104B600080215F4AA402106D136D490223408B42DD
:104B700003D18005C00FC0030BE0802189028B4266
:104B800004D18007574BC017184002E0A34201D060
:104B9000002010BD13680B42FAD0C0231068802299
:104BA0009B0318409203904200D194E0984200D1B8
:104BB00093E04D4BC018434258414C4B4042184083
:104BC0004B4BC018E5E7464BDA6C52011ED41A680D
:104BD0009201DDD5DA684748D9689202120F805CED
:104BE0000902DA68890F0131D2030DD410221B6843
:104BF00013405A425341404A5B4213403C4A9B187F
:104C00005843FBF77BFAC4E73C4BF9E798683C4B09
:104C10008007C017B8E7324B0321D86C02000A4066
:104C2000084202D1FFF79EFEB3E7022A04D11868BA
:104C30004007344BC017A7E7012A10D1FFF788FDC2
:104C4000A7E7274B0C21D86C02000A40084202D18A
:104C5000FFF778FE9DE7082AE9D0042AEED0186D08
:104C600087E71F4BC021D86C090102000A400842A7
:104C7000EED0802109018A42D9D08021C9008A4220
:104C8000EDD1DBE7164AC021D06C890103000B404F
:104C90000842DDD0802189018B4201D11068C7E72D
:104CA00080225201934200D072E7C7E70C4B9B6B06
:104CB0005B0200D46CE7CBE7094AC021D06C8902C3
:104CC00003000B400842C3D0802189028B42E5D00B
:104CD00080225202E6E70C485BE70C4859E7C046E1
:104CE00000100240889000000000F0FF807BE1FF90
:104CF00000093D0048780108001BB70000127A0047
:104D0000006CDC020024F40040420F0020A10700E8
:104D10000223064A10B5116803200B43136004F008
:104D200097F904F0B3F9002010BDC04600200240FE
:104D3000024A1368013313607047C04668040020BC
:104D40000121024A53688B43536070470058014069
:104D50000221024A53688B43536070470058014058
:104D60000421024A53688B43536070470058014046
:104D700010B5FF240323220003408901DB002140FA
:104D80009A40994000280BDA0F23184008380A4B44
:104D900080088000C018C36993430B43C36110BDF2
:104DA000C024064B80088000C018A4000359934318
:104DB0000B430351F3E7C04600ED00E000E100E0E3
:104DC0001F2318401E3B8340014A13607047C046B2
:104DD00000E100E01F2318401E3B8340014AD367D7
:104DE0007047C04604E100E00023F0B585B00A68D2
:104DF0001400DC4001D105B0F0BD012714009F4034
:104E00003C40A4463A4200D197E04A68160001921D
:104E100010229643022E13D107241C40B4400F25C4
:104E2000DA08B240A54082180292126A0395150072
:104E3000039A95432A000D69A5401543029A15620D
:104E400003255C00013EA540012E0CD8CA68866887
:104E5000A240AE4332438260019A466812099A40EA
:104E6000BE43324342600327019A06683A40A2409B
:104E7000AE4332430260C268AA4315008A68A2406A
:104E800080242A43C260019A6405224255D001253C
:104E90002B4C626B2A4362633D002A4A9C08A400A3
:104EA000A4180F221D40AD00AA40A027A668FF0548
:104EB00096430022B84214D0234F0132B84210D09A
:104EC000224F0132B8420CD0214F0132B84208D0F3
:104ED000204F0132B84204D01F4A8218571EBA41EF
:104EE0000532AA403243A26064461C4A019E1568FE
:104EF0002C43F60302D42C006546AC431460644690
:104F00005568019E2C43B60302D42C006546AC4381
:104F1000546064469568019E2C43F60202D42C002E
:104F20006546AC4394606446D568019E2C43B60246
:104F300002D42C006546AC43D460013357E7C04629
:104F40000010024000000140000400500008005022
:104F5000000C00500010005000E4FFAF00040140BE
:104F6000F7B500220091009BD34000D1F7BD012589
:104F70009540009C009B2C402B425CD003265100A6
:104F80008E400368310033430360D3089B00C3188D
:104F90001E6A0727B4460F261740BF00BE403700E1
:104FA0006646BE431E6283680F278B438360436857
:104FB000AB434360C36803258B43C36091081F4B19
:104FC0008900C918A0231540AD00DB05AF409C4601
:104FD0008E6800233E400196604518D0184B9C46D1
:104FE0000123604513D0174B9C46022360450ED029
:104FF000154B9C460323604509D0144B9C46042363
:10500000604504D0124BC3185E1EB3410533AB405C
:10501000019DAB420FD18B68BB438B600D4B196870
:10502000A14319605968A14359609968A1439960E7
:10503000D968A143D960013295E7C046000001401C
:105040000004005000080050000C005000100050F8
:1050500000E4FFAF0004014000690840431E98418E
:10506000C0B27047002A01D0816170478162FCE7BD
:10507000044B10B55A69104202D0586104F050F840
:1050800010BDC04600040140030030B50120002BD4
:1050900029D0981DC27F002A01D1591DCA7702224A
:1050A000C2771968354A0C68DD6814409A682A434B
:1050B0001D692A435D692A439D692A43DD692A43A4
:1050C0001D6A2A4322430A602D4A91420CD10F24C3
:1050D0002C4A1168A143116011685B681943116083
:1050E0000123C377002030BD274A91420AD1F02422
:1050F000244A1168A14311605B6811681B010B43CE
:105100001360EDE7214A914208D11E4A204C1168F4
:10511000214011605B6811681B02F0E71D4A914253
:1051200008D1184A1C4C1168214011605B68116855
:105130001B03E4E7194A914208D1124A184C11683E
:10514000214011605B6811681B04D8E7154A914241
:1051500008D10C4A144C1168214011605B68116839
:105160001B05CCE7114A9142BAD1064A104C11688E
:10517000214011605B6811681B06C0E70FC0FFFF8C
:1051800008000240A80002401C000240300002401B
:10519000FFF0FFFF44000240FF0FFFFF58000240F6
:1051A000FFFFF0FF6C000240FFFF0FFF8000024096
:1051B000FFFFFFF0F0B50225471DFE7F2C00012EFA
:1051C0001ED00126841DFE77E57704682568B54367
:1051D000256063608368102B14D1A260E160022314
:1051E00022681343236004232268134323600823A7
:1051F00022681343236001232268134323600024A1
:105200002000F0BDA160E260E9E7000010B5841D58
:10521000E37F022B03D00423C363012010BD0E21C2
:1052200003681A688A431A60012219689143196059
:1052300018498B4217D018490F328B4213D0174AA6
:1052400093421CD0164A93421CD0164A93421CD05B
:10525000154A9B185A1E93415A42F0231B041A40C8
:1052600080235B03D218114B5A6001230022E3779D
:10527000431DDA77836B93420AD10020CEE7802268
:105280005200F0E780225201EDE780225202EAE765
:105290009847F2E7080002401C000240300002403C
:1052A000440002405800024094FFFDBF000002404D
:1052B00070B50368994D9A4E040008222968B342DC
:1052C0001AD098487832834216D0974A934200D138
:1052D000EEE0964A934200D1EDE0954A934200D128
:1052E000ECE0944A9A18501E8241F0205242C004C9
:1052F00002408020000412180A4233D008221968A4
:1053000011422FD0196891431960B3421AD08549D0
:1053100078328B4216D0844A934200D1D1E0834A3E
:10532000934200D1D0E0824A934200D1CFE0814A3B
:105330009B185A1E93415A42F023DB041A408023E3
:105340001B04D21801236A60E26B13430422E36357
:10535000A31DDA770022631DDA77636B934201D0D5
:1053600020009847236804222968B3421AD06D4868
:105370003C32834216D06C4A934200D1AAE06B4A79
:10538000934200D1A9E06A4A934200D1A8E0694A59
:105390009A18501E8241F020524280040240802020
:1053A000C00312180A4230D004211A680A422CD0D5
:1053B0001A68920602D41A688A431A600422B34219
:1053C0001AD058493C328B4216D0574A934200D1EA
:1053D00089E0564A934200D188E0554A934200D171
:1053E00087E0544A9B185A1E93415A42F0239B046B
:1053F0001A408023DB03D2186A600522A31DDA77E6
:10540000236B002B01D020009847236802222968D3
:10541000B34217D043481E32834213D0424A9342CC
:105420006AD0424A93426AD0414A93426AD0414A82
:105430009A18501E8241F0205242400402408020BF
:10544000800312180A4232D002211A680A422ED072
:105450001A68920602D41A688A431A600222B3427A
:1054600017D030491E328B4213D02F4A93424CD072
:105470002E4A93424CD02E4A93424CD02D4A9B1830
:105480005A1E93415A42F0235B041A4080239B0327
:10549000D2186A600122E36BE363A31DDA7700226E
:1054A000631DDA77E36A934201D02000984770BD0C
:1054B0008022120120E7802212021DE780221203BF
:1054C0001AE7802212013DE7802212023AE7802289
:1054D000120337E78022D20064E78022D20161E71D
:1054E0008022D2025EE78022D20085E78022D201AC
:1054F00082E78022D2027FE780229200A2E7802208
:1055000092019FE7802292029CE780229200C0E7EE
:1055100080229201BDE780229202BAE70000024099
:10552000080002401C0002403000024044000240DB
:105530005800024094FFFDBF1021024A13688B43BC
:10554000136070470070004010B50324084A1368C8
:10555000A343034304201360064A13698343136182
:10556000012901D130BF10BD40BF20BF20BFFAE7E5
:105570000070004000ED00E010B503240A4A1368F3
:10558000A343034313600422084B186902431A61C2
:10559000012905D130BF04211A698A431A6110BD5F
:1055A00040BF20BF20BFF6E70070004000ED00E0E4
:1055B0008023034ADB0011680B4313607047C04629
:1055C000007000408023034A9B0011680B43136066
:1055D0007047C04600700040F7B50227451CEB7FBE
:1055E00004003800012B33D00123CA22E619EB77DF
:1055F000F77723685A62773A5A62AD32914228D1DE
:105600009A6825490A409A609A6824490A409A6033
:1056100003F026FD0090012701212368DA68174076
:105620000A4206D0FF2200205A620123F377E8776E
:105630000EE003F015FD009BC01AFA239B00984270
:10564000E9D9FF2223685A620323F377EF77032017
:10565000FEBD9A6812490A409A609A6811490A4048
:105660009A6003F0FDFC01902368DA68110039406C
:1056700000913A42D6D103F0F3FC019BC01AFA2301
:105680009B009842F0D9FF2223685A620323F377E4
:10569000009BEB77DBE7C046FFFEFFFFFFEFFFFF5E
:1056A000FFFDFFFFFFDFFFFFA0210268F8B5D36811
:1056B00004008B43D36003F0D3FCFA2607002025B7
:1056C000B6002368DB682B4201D00020F8BD03F050
:1056D000C7FCC01BB042F4D90320F7E7F8B540245B
:1056E00003680500DA68224201D00020F8BD0122DB
:1056F0005242DA6003F0B4FCFA260700B6002B68C9
:10570000DB682342F1D103F0ABFCC01BB042F6D9F9
:105710000320EBE770B5041E01D1012070BD851C8C
:10572000EB7F002B03D1421CD37703F0C7FC02238D
:10573000CA22EB77236820005A62773A5A62FFF751
:10574000CDFF2368002804D0FF225A620423EB77A0
:10575000E3E79A68124926690A409A606268996884
:105760003243A66932430A439A60E2681A61A2682A
:10577000196912040A4380211A61DA688A43DA60DF
:10578000DA6C7D398A43DA64E2696469D96C224350
:105790000A43DA64FF225A620123EB77BEE7C04670
:1057A000BFFF8FFF0023092803D81B011843C0B295
:1057B00070470A380133C0B2F5E70000F0B5431C6A
:1057C00085B001930C00D97F022305001F00012939
:1057D00035D001214018C177E918CB7702912F68A5
:1057E000207866783E33002A2CD1BA68110019401F
:1057F0001A4200D1E170FFF7D5FF03903000FFF7A8
:10580000D1FF0602A078FFF7CDFFE378039A1B04CF
:105810000343120413431E43CA237B62773B7B621C
:105820002800FFF75BFF2B68071E19D0FF225A6282
:105830000423029AD3770023019AD37701273800F3
:1058400005B0F0BDBA68110019401A4200D1E170EC
:10585000A3780004360206431E43E3781B04DAE70C
:10586000174A184916401E609A6820690A409A60D3
:10587000E268996802430A4380219A60DA688A43A1
:10588000DA609A68202314001C401A420DD12800C7
:10589000FFF70AFFB84208D0FF222B685A620423A0
:1058A000029AD377019BDC77C8E7FF222B685A6204
:1058B0000123029AD3770023019AD377BFE7C0462A
:1058C0007F7F7F00FFFFFBFF0223F0B5461C050032
:1058D000F07F1C0085B0012836D00120EF18F0774A
:1058E000FB770B785B0301938B784C780293C87835
:1058F000002A2CD110231C4203D09C430A34E4B26A
:105900004C70FFF74FFF03902000FFF74BFF04029E
:105910000298FFF747FF019A039B10431B040343C0
:1059200023430193CA222B6828005A62773A5A62AD
:10593000FFF7D4FE2B68041E12D0FF225A62042304
:10594000FB7700230124F377200005B0F0BD019B15
:1059500000041843029B2402184320430190E1E70E
:10596000114A0199114059608021DA688A43DA604E
:105970009A6820231100194001911A420BD1280086
:10598000FFF792FEA04206D0FF222B685A62042342
:10599000FB77019BD6E7FF222B685A620123FB7736
:1059A0000023F377D0E7C0463FFFFF000223F7B59F
:1059B0000D00411CCE7F04001800012E00D195E09F
:1059C0000138C877E118CB77697826680091287884
:1059D000AF783E33002A61D1B268110019401A42F3
:1059E00000D1E970FFF7DEFE01900098FFF7DAFEC4
:1059F00000903800FFF7D6FE07006B1CD87FFFF73A
:105A0000D1FE6A69EB6900061343EA781204134376
:105A10001F43019B1B041F43009B1B021F430743A3
:105A2000AB696A681A43CA23009273626A6A773B59
:105A30007362AD339A425AD1B368414A012513408B
:105A4000B360F2683F4BD2B21343F36003F008FB3C
:105A500001902368DA6816002E402A4235D0009A59
:105A6000DF615A648022996852000A439A6080225A
:105A7000996852010A4380219A60334A890210686A
:105A800008431060906801439160FF2200205A6231
:105A9000FE3AA31CA418DA77E07727E0B268110079
:105AA00019401A4200D1E970EB696A690004134396
:105AB0001F43009B07431B021F43EB781B041F433C
:105AC0006B1CDB7F1B061F43AAE703F0C9FA019B8F
:105AD000C01AFA239B009842BBD9FF2203202368F7
:105AE0005A62A31CFC3A0134DA77E677FEBDB3684C
:105AF000164A02251340B360F268154BD2B2134325
:105B0000F36003F0ADFA01902368DA6816002E40C6
:105B10002A420BD0009A1F629A64802299689200F0
:105B20000A439A60802299689201A3E703F098FAE9
:105B3000019BC01AFA239B009842E5D9CDE7C046E5
:105B4000FFFEFFFF7FFEFFFF00040140FFFDFFFFA0
:105B50007FFDFFFF0A23020953430F22104018184C
:105B6000C0B2704770B50C0001683F208B6A63605B
:105B70000B695B045B0CA3600B680D490B40190CAF
:105B80001E0ADDB240230840194020706670A570DF
:105B9000E170002A0AD1FFF7DDFF2070F0B2FFF7B5
:105BA000D9FF60702800FFF7D5FFA070002070BDFE
:105BB0007F7F7F0070B50C0003680E495B680B4067
:105BC000180CDD04DEB21B04ED0E5B0FE070657097
:105BD000A6702370002A0AD1FFF7BCFFE0702800EE
:105BE000FFF7B8FF60703000FFF7B4FFA07000202F
:105BF00070BDC0463FFFFF00022210B5411CCC7FA4
:105C000003001000012C10D09818C2771B68C8320E
:105C10005A62773A5A629C68333A22439A60FF226A
:105C20005A620123C3770020C87710BD8022036821
:105C3000D205904208D0134A904205D0124A9042B1
:105C400002D0124A904214D1702293434A681343FF
:105C50008022D205904208D00A4A904205D00A4AD2
:105C6000904202D0094A904203D1094A1A40CB68B7
:105C7000134303608B68C3620B6883620123436133
:105C80007047C04600040040000801400014014075
:105C9000FFFCFFFFF0B501260327046AB44304624A
:105CA0008469056ABC438027FF05B84217D00D4FB1
:105CB000B84214D00C4FB84211D00C4FB8420ED09D
:105CC0003443F022944322001C01FF231C40F53B87
:105CD0009D4319402943144384610162F0BD14437C
:105CE000EFE7C046000400400008014000140140F6
:105CF00010B501248C408A40036AA3430362036AFF
:105D00001A43026210BD704770B504000120002CD8
:105D100013D0250035352B78002B05D122003432E5
:105D200020001370FFF7EFFF02232B702068211D66
:105D3000FFF77CFF012300202B7070BD0122036858
:105D40000020D9681143D96019680A431A60704766
:105D500001210368DA688A43DA60186A034A10424C
:105D600002D11A688A431A6000207047111100009E
:105D700010B50468082917D00DD8002910D00429BF
:105D800012D020000122FFF7B3FF01232268002078
:105D90001343236010BD0C29F3D11023E26801E006
:105DA0000223E268134301E0E3680B43E360E8E7A2
:105DB00010B5046808291BD011D8002914D0042973
:105DC00016D000222000FFF793FF226A0A4B1A42E6
:105DD00003D10122236893432360002010BD0C29C6
:105DE000EFD11022E36801E00222E368934301E06F
:105DF000E3688B43E360E4E71111000070B5040031
:105E00000120002C13D0250035352B78002B05D12F
:105E1000220034322000137003F086F902232B7025
:105E20002068211DFFF702FF012300202B7070BDA9
:105E30007047000070B50500022335352B700368EC
:105E4000084A196A0400114203D101211A688A43E1
:105E50001A602000FFF7ECFF002034342870207017
:105E600070BDC0461111000010B5FFF781FF002082
:105E700010BD10B5FFF79CFF002010BD0300F7B563
:105E8000343317001A78022305000E001800012A87
:105E90001AD02A00353213702C6809687268F368CA
:105EA000002F12D12000FFF7F5FE0C22A3699343C7
:105EB000A361A369B2681343A3612B0001220020F0
:105EC000353334351A702870FEBDB068266A0190EB
:105ED000042F1ED10C37BE432662A7692E4812023A
:105EE00007403A432D4F1B073A401B0C1343A02297
:105EF000266A0901964311403143A3612162A369D7
:105F0000274A1340A361019AA36910021843A061B4
:105F1000D3E7082F1FD10320224F1B013E402662EA
:105F2000E669276A86431643F02296430F321340F0
:105F30001D4A09021740A022120111400C223343CE
:105F40003943E3612162E3699343E361E369019AC1
:105F50001343E361B1E7154F0F483E402662E769FE
:105F6000120207403A430D4F1B073A401B0C266AAA
:105F700013430F4A09031640A02212021140314375
:105F8000E3612162E369064A1340E361019AE36930
:105F900010021843E06190E7FFFCFFFFFF0FFFFFD7
:105FA000FFF3FFFFFFFEFFFFFFF5FFFFFFEFFFFF28
:105FB000FF5FFFFF020010B5343214780223012C7A
:105FC00009D0082914D008D800290BD004290CD0F6
:105FD000002300211170180010BD0C29F8D10368AE
:105FE0001B6CF6E703685B6BF3E703689B6BF0E7FA
:105FF0000368DB6BEDE77047704770470222036868
:1060000010B51969040011420DD0D96811420AD0A7
:10601000053A1A61043202759B699B075ED0FAF754
:1060200031FB00232375042223681969114210D023
:10603000D96811420DD0093A1A61073222759A695E
:10604000C0239B0020001A424ED0FAF71BFB00230E
:10605000237508222368196911420ED0D9681142AC
:106060000BD0113A1A610D322275DB6920009B07B3
:1060700040D0FAF707FB0023237510222368196923
:10608000114210D0D96811420DD0213A1A6119324B
:106090002275DA69C0239B0020001A4230D0FAF73B
:1060A000F1FA00232375012223681969114207D0F0
:1060B000D968114204D0033A20001A61FCF7F0FCC1
:1060C000402223681969114207D0D968114204D0CF
:1060D000813A20001A61FFF790FF10BDFFF78BFF98
:1060E0002000FFF789FF9CE7FFF785FF2000FFF7FF
:1060F00083FFACE7FFF77FFF2000FFF77DFFBAE7E4
:10610000FFF779FF2000FFF777FFCAE7020010B51D
:10611000343214780223012C06D003683530196517
:106120000123037000231370180010BDF8B505009B
:1061300054352B7804000220012B43D00123032285
:106140002B70236898681040012809D11A68024210
:1061500006D02023A26D1343A36500232B7031E0EA
:10616000A16D194A11400632FF320A430321A2658C
:10617000DE68DA688A43DA608022996812060A4388
:106180009A6002F06DFF070023689A68002A0BDB13
:106190000321DA680E401643DE600123A26D002061
:1061A0008A431343A365D8E702F05AFFC01B0A28AD
:1061B000EAD91223A26D01209A43023B1343A3653F
:1061C00000232B70F8BDC046FDFEFFFFF0B50500B3
:1061D00085B00291039268352B78040002AF02204B
:1061E000012B32D026002423013869362870337001
:1061F00023681A6882431A609A68164802400A4364
:106200009A6000290CD110205A68B9798243B88865
:10621000090602435A605A681202120A0A435A6077
:10622000012219680A431A6002F01AFF80210A4A03
:106230000300009220000022C903FDF7D7FC0028CC
:1062400005D12023337000232B7005B0F0BD03204F
:10625000F9E7C046FFFFCFFFFFFFFF01020010B5C7
:10626000683211780300022001290CD01900223075
:1062700069310870186802230468234303602023EF
:1062800000200B70107010BD704703689A69920768
:1062900001D500229A6201229969114202D19969BD
:1062A0000A439A6170470000006830B54468064DA3
:1062B00012042C40039D89052B431A43890D0A4380
:1062C0002243426030BDC046009800FCF8B504008F
:1062D0000E0017001D002268936933409B1B594232
:1062E0004B41BB4201D000200EE06B1CF4D0002DCE
:1062F0000BD12300202241331A70220000230320F7
:106300004232403413702370F8BD02F0A9FE069BA0
:10631000C01AA842DFD9ECE7F7B5036801929A6981
:106320000400102310000F00202618401A4216D136
:10633000FEBD7B1C14D0002F05D002F091FE019B06
:10634000C01A87420BD22300202241331A70220048
:10635000002342324034137003202370E8E725689D
:10636000AB693342E5D010232000EB61EE61FFF70B
:106370008CFF6B68074A012013406B600423636441
:106380002300220041331E70002342324034137038
:106390002370CDE700E800FEF8B504000D001600FC
:1063A000022723689B693B4201D0002018E032009D
:1063B00029002000FFF7B0FF002818D16B1CF0D097
:1063C00085420ED12022636C0320134363642300B3
:1063D00041331A702200002342324034137023707C
:1063E000F8BD02F03DFE801BA842DAD9EAE70120A1
:1063F000F6E7F7B515001F00DAB280239B01009382
:1064000080230400099E5B04FFF74EFF320020004A
:106410000899FFF7C1FF002805D0636C0120042B09
:106420001ED003201CE02368012F0BD1EDB29D622A
:10643000002280212000089B0096FFF747FF0028DC
:106440000ED0EEE72A0A9A62200032000899FFF780
:10645000A3FF002805D0636C0120042B00D002307C
:10646000FEBD2368E2E7F7B515001F00DAB280230E
:106470000400099E9B0100930023FFF715FF3200E3
:1064800020000899FFF788FF002805D0636C0120E1
:10649000042B1ED003201CE02368012F0BD1EDB28A
:1064A0009D62002240212000089B0096FFF70EFF0E
:1064B00000280ED0EEE72A0A9A62200032000899DE
:1064C000FFF76AFF002805D0636C0120042B00D081
:1064D0000230FEBD2368E2E7F8B504000D001600A7
:1064E000202723689B693B4201D0002016E0320040
:1064F00029002000FFF710FF002816D185420ED199
:106500002022636C032013436364230041331A7019
:10651000220000234232403413702370F8BD02F091
:106520009FFD801BA842DCD9EAE70120F6E70000C6
:10653000006810B54368054C890523401343890D55
:10654000034A0B431343436010BDC046009800FC50
:106550000000FF0170B504000120002C3ED0250092
:1065600041352B78002B05D12200403220001370DA
:1065700000F02CFB242301212B702368E0681A68AB
:10658000A6688A431A601B4962680A401A619A68C1
:1065900019490A409A60012821D18022120232430F
:1065A0009A605868154A02435A60DA6800200A4027
:1065B000DA60616922690A43A16909020A43DA6063
:1065C000216AE2690A431A60012219680A431A60C3
:1065D000202360642B7020634234207070BD8422BD
:1065E000120232439A600228DBD1802212015A60E3
:1065F000D7E7C046FFFFFFF0FF7FFFFF00800002EC
:10660000F0B5070089B007930EAB069204CB029158
:106610001B880492059341373B780400202B02D05D
:10662000022009B0F0BD049B002B34D0059B002B49
:1066300031D00300403303931B78012BF0D00126A7
:10664000039B1E7002F00CFD8021320000900500BB
:10665000192320000902FFF739FE061E1FD121234E
:106660003B7027001F3342373B70049B60646362BA
:10667000059B60636385109B20000093069A079B2F
:1066800002990195FFF7B5FEB0420AD0636C042B66
:1066900003D1039B1E700120C3E7039B1E700320E0
:1066A000BFE7638DFF2B13D9FF230200029920005F
:1066B0002385FFF73DFF2A0020001099FFF76CFEAD
:1066C000002810D0636C0120042BAAD00230A8E768
:1066D0008023628D029922859B040090D2B2200013
:1066E000FFF7E2FDE7E7636A5A1C62621B782268E3
:1066F0009362228D638D013A013B92B263852285BC
:10670000824214D1638D834211D080212000109BDE
:106710000095FFF7DBFD0028C1D1638DFF2B1ED94B
:10672000FF230200029920002385FFF701FF638DFC
:10673000002BC0D12A0020001099FFF7CDFE0028C1
:10674000C0D1202123680B4DD9615A682A405A6074
:1067500023004034413319703870207061E7802382
:10676000628D029922859B040090D2B22000FFF72F
:106770009BFDDCE700E800FEF0B5070089B0079359
:106780000EAB069204CB02911B880492059341370D
:106790003B780400202B02D0022009B0F0BD049BFE
:1067A000002B34D0059B002B31D0030040330393E2
:1067B0001B78012BF0D00126039B1E7002F050FCC9
:1067C0008021320000900500192320000902FFF704
:1067D0007DFD061E1FD122233B7027001E3342374A
:1067E0003B70049B60646362059B60636385109BE0
:1067F00020000093069A079B02990195FFF733FE4C
:10680000B0420AD0636C042B03D1039B1E7001209D
:10681000C3E7039B1E700320BFE7638DFF2B45D9A1
:10682000FF2390222000029923859201FFF780FE2A
:10683000002204212000109B0095FFF747FD00284F
:10684000E9D123685A6A636A591C61621A70228D01
:10685000638D013A92B2013B22856385824214D155
:10686000638D834211D080212000109B0095FFF79B
:106870002DFD0028CFD1638DFF2B24D9FF230200EB
:10688000029920002385FFF753FE638D002BCFD1A3
:106890002A0020001099FFF71FFE00281ED0636C0D
:1068A0000120042B00D178E7023076E79023628D37
:1068B0009B0122850093802320000299D2B29B0481
:1068C000FFF7F2FCB4E78023628D029922859B04D6
:1068D0000090D2B22000FFF7E7FCD6E72021236822
:1068E000054DD9615A682A405A602300403441332B
:1068F00019703870207050E700E800FEF0B5040011
:1069000041342678202E01D00220F0BD050040350C
:106910002B78012BF8D02423012223700368084F21
:106920001868904318601868384018601868084361
:106930001860002019680A431A6026702870E4E77E
:10694000FFEFFFFF0122054B10005968114204D0F0
:106950000020034ADA60034ADA60704700200240F0
:10696000EFCDAB89050403020123034A00205168DF
:106970000B4353607047C0460020024010B504002E
:10698000054800F08BF8002805D1044B58612060C1
:10699000014800F083F810BD50C300006C040020D3
:1069A000F8B5114C0700237C0D0016000220012BC6
:1069B0000CD001230D48237400F070F8002803D197
:1069C0006061022F03D12E6000232374F8BD012FD4
:1069D00001D12E80F8E7002F01D12E70F4E7034893
:1069E00000F05CF8F0E7C0466C04002050C30000E3
:1069F000284A802190694900030030B50B400842C5
:106A000005D0022324484469234343610B008020BE
:106A100091698000014205D001211F4C0343656943
:106A20002943616180209169C000014205D008219D
:106A3000194C034365692943616180209169000114
:106A4000014205D00421144C034365692943616167
:106A5000802091698001014205D010210E4C034332
:106A60006569294361619169890305D520200A4C34
:106A700003436169014361618020916940020142E1
:106A800005D04021044C034365692943616193614A
:106A900030BDC046002002406C04002070B50400E8
:106AA00002F0DEFA01250600184B9A692A4221D12C
:106AB00002229969114200D09A619A69D20515D4CF
:106AC0009A69920512D49A6952050FD49A691205EF
:106AD0000CD49A69920409D4996980220800920220
:106AE0001040114202D19B69DB0308D5FFF780FFFC
:106AF000012004E0621CD8D0002C01D1032070BD1D
:106B000002F0AEFA801BA042CED9F7E70020024087
:106B100070B504000120002C15D023680F4A1A60BC
:106B20000F4A1A6062685A60A2689A6002F098FA86
:106B300005002368DA68002A06D11969E2689142E3
:106B400009D01A61002070BD02F08AFA401B30287B
:106B5000EFD90320F7E7034A1A60F3E7CCCC000033
:106B600055550000AAAA00000368024A00201A60D6
:106B70007047C046AAAA000000487047840400205D
:106B8000F8B5FF235B4243800F4B0A211C880500A8
:106B90002000F9F7B3FA0A2187B22000F9F7EAFAE0
:106BA0000E00642C0DD964212000F9F7A7FA0A2100
:106BB00004023800F9F7DEFA090121433143298044
:106BC000F8BD39023601F9E7B80C0020082310B5EA
:106BD00090B00793802307A85B010C93FDF7D2FECA
:106BE0000222154B0124D96A14481143D962D96A8B
:106BF000114000910099D96A1143D962D96A0A40BB
:106C00000192019A8022996B92030A439A6340236E
:106C100002932E3B0393002302A9049303330593AD
:106C20000694FEF7E1F88023044802A90293069433
:106C3000FEF7DAF810B010BD00100240000400505A
:106C4000F0B595B00D00040002F0F4FB012D1FD14A
:106C5000A94809F08BFD0028FAD1A84B18880DF03F
:106C600079FB0022A64B0CF0B1FA02000B00A548FC
:106C700009F07CFD0028F0D1A34B1B78062B00D037
:106C80007DE0A24BA248196809F070FD0028F8D1F8
:106C9000F9F728FD9C4B08931B78032B1DD001208E
:106CA000FBF750FC061C6060012D16D19949F9F7DD
:106CB0002FFB002800D1AEE09749301CF9F714FBF8
:106CC000002800D1A7E060680DF08CFB02000B00EB
:106CD000924809F04BFD0028F5D1089B1B78012B49
:106CE00000D09EE08E4F3B88002B0DD0002220214B
:106CF0008C48FEF7B7F9002664213888F9F7FEF9C9
:106D000080B2B04200D9E7E0089B1B78032B00D18A
:106D1000C8E0083B012B00D8C4E0FBF795F900263A
:106D2000012002F0F3FA0BAF7300F85201360A208B
:106D300002F090F9062EF3D1012210217948FEF7D6
:106D400091F93800FBF747FF6C4B77491B88584394
:106D5000F9F71AFA0BF0F0FE2061012D00D0A1E046
:106D600020690DF03FFB0022654B0CF02FFA02006A
:106D70000B006E4809F0FAFC0028F1D192E0072BD5
:106D800021D180216748C901FEF766F901006848F2
:106D900009F0ECFC0028F4D1802162480902FEF7DA
:106DA0005BF90100634809F0E1FC0028F4D1A02060
:106DB0001021C005FEF750F901005F4809F0D6FC2C
:106DC0000028F4D164E7092B19D1504B50481968B9
:106DD00009F0CCFC0028F8D1584B5948196809F043
:106DE000C5FC0028F8D1A0201021C005FEF734F919
:106DF0000100514809F0BAFC0028F4D148E780218D
:106E00004848C901FEF728F90100494809F0AEFCDD
:106E10000028F4D13CE74B4809F0A8FC0028FAD13F
:106E20005BE7042B01D0092B37D10220FBF78AFB4B
:106E3000061CA060012D14D13649F9F769FA002823
:106E40003ED03549301CF9F74FFA002838D0A068F9
:106E50000DF0C8FA02000B003B4809F087FC00283F
:106E6000F5D10320FBF76EFB061CE060012D14D169
:106E70002849F9F74DFA002828D02749301CF9F79E
:106E800033FA002822D0E0680DF0ACFA02000B00C3
:106E90002E4809F06BFC0028F5D1089B1B78032BCA
:106EA00000D01FE7089B18780238062870D8F9F739
:106EB0001BF95700D4006F0084016F006F00D400ED
:106EC000234809F053FC0028FAD1CAE7214809F009
:106ED0004DFC0028FAD1E0E7642002F0BBF81E4B1D
:106EE0001E4A73439BB2934203D8002E01D0F9F798
:106EF000F9FB0136B6B2FFE6996C01087406002072
:106F000000408F402C5C0108B50C0020800600205A
:106F1000395C010800005CC20000FA428D5C010887
:106F2000E00A002000040050FF0F00000B5D010884
:106F30004A5C01085B5C01086C5C01087C0600206F
:106F40007C5C0108A25C0108B75C0108E15C0108F7
:106F5000CC5C0108F65C01084B81FFFF9502000044
:106F6000A04B1B78012B36D19F48FFF72FFEFBF774
:106F7000B7FBFBF707FCE084012D09D10A21E08C67
:106F8000F9F7BCF881B2994809F0F0FB0028F5D177
:106F9000FBF71EF8052002F05DF88021A0204901D2
:106FA000C005FEF759F82070FBF730F8012D05D128
:106FB00021788F4809F0DAFB0028F9D1012220213D
:106FC0008C48FEF74FF8012D03D1FA20400002F063
:106FD00041F815B0F0BD022B21D1FBF7C1FCFBF746
:106FE000DFFC1020FDF7ECFEFBF704FEE084102030
:106FF000FDF7F0FEFBF7F4FCFBF710FD012DC7D108
:10700000E08C0DF0A7F900227B4B0CF0DFF80200BA
:107010000B007A4809F0AAFB0028F1D1B8E7032B4E
:1070200016D1774E3000FBF763FC3368E384736856
:107030002385012DACD10A21E08CF9F75FF8268D6C
:1070400081B232006F4809F091FB0028F3D19FE72D
:1070500001235B42E38423859AE7FAF7F5FF0026D4
:10706000012002F053F90BAF7300F85201360A20E9
:1070700001F0F0FF062EF3D13800FBF7ACFD624BB8
:10708000624909931B883E005843F9F77DF80BF0DD
:1070900053FD2061322001F0DDFF5D4802F036F93A
:1070A000B0810A2001F0D6FF02360EABB342F4D114
:1070B0000EA8FBF790FD099B54491B885843F9F72C
:1070C00063F80BF039FD6061322001F0C3FF5148D5
:1070D00002F01CF938830A2001F0BCFF02370EAB26
:1070E000BB42F4D111A8FBF776FD099B47491B88E9
:1070F0005843F9F749F80BF01FFD089BA0611B7876
:10710000032B27D1FA214448C9000BF01BF80700D4
:10711000012D1FD138000AF09FFE06000AF096FEEE
:107120003D4902008B7A3D4808934B6A06930B6AEF
:107130000593CB6904938B6903934B6902930B69A5
:1071400001930C23C95E089B0091310009F00EFBEE
:107150000028DFD1012210212648FDF783FF012DF1
:1071600000D015E720690DF03DF900222C4B0CF002
:107170002DF802000B002B4809F0F8FA0028F1D195
:1071800060690DF02FF90022254B0CF01FF802006A
:107190000B00254809F0EAFA0028F1D1A0690DF0AA
:1071A00021F900221E4B0CF011F802000B001F48C1
:1071B00009F0DCFA0028F1D1EAE6FBF73FFDFBF726
:1071C00063FDFBF703FEE062FBF77AFDFBF796FD3C
:1071D000012D00D0DCE61648E16A09F0C7FA002864
:1071E000F9D1D5E6C0040020CC0300201C5D0108C5
:1071F000005E01080004005000002440385D0108D2
:10720000B40400204F5D010874060020FF0F000049
:10721000020000041000001084040020725D0108C8
:1072200000408F400B5D0108CA5D0108DB5D01086D
:10723000EC5D01088022094B9203996A10B50A435C
:107240009A629A6A064907480A409A624021FDF705
:1072500087FE80210348FDF783FE10BD0010024029
:10726000FFFFDFFF0004005070B586B0FAF7C0FDE5
:107270004B4C2078023807280AD8F8F721FF110470
:107280000961098109810AF067FF464809F06EFA31
:10729000454B1878FAF728FEFAF79AFE06B070BD4B
:1072A000424B00221B782021414805AC2370FDF79A
:1072B000D9FEFBF7CBF9FBF7EDF9FA2301259B008B
:1072C0000022C421029300942B003A480195FFF755
:1072D00097F9FBF7DFF9384B384C984209D8384812
:1072E000257009F043FA012220213148FDF7BAFE4A
:1072F000CEE73048FFF79EFFFBF732FBFBF750FB72
:107300008021A0200901C005FDF7A6FE002806D1B6
:1073100002232370FBF7A0FB2A4809F027FAFBF7AA
:107320005FFBFBF77BFB2378002BDCD1FBF7A4FA98
:10733000012803D1032324482370D2E72348D0E750
:10734000002220211A48FDF78DFEFBF777FCFBF7A2
:107350009BFCFBF733FDFA20400001F07BFEFBF7BE
:107360002DFDFBF7ADFCFBF7C9FC012220211048E5
:10737000FDF778FE164809F0F9F90028FAD187E7F9
:10738000144B1878FAF7EAFD134B1878FAF774FDE6
:107390002378092B00D07BE7FAF77CFE78E7C0461C
:1073A000B50C0020115E0108B30C0020235C01081D
:1073B00000040050CC0300200E270000C004002071
:1073C000415E0108635E0108955E0108B85E010830
:1073D000E45E0108B20C0020B10C002030B587B08B
:1073E0000C22002103A80DF0A9F903230293C02366
:1073F0000125A020104CDB010193E36A01A92B4376
:10740000E362E36AC0052B400093009BFDF7ECFCB0
:10741000E36AAB43E3628023626BDB031343636382
:10742000FDF78EFCFDF794FCFDF79AFC636B034AB5
:107430001340636307B030BD00100240FFFFBFFF81
:10744000FEE70000FF2383429B4102005B42D8001D
:10745000074B1A4201D004231843064B1A4201D0AD
:1074600002231843044B1A4201D0012318437047EA
:10747000F0F0FFFFCCCCFFFFAAAAFFFF30B5214CF4
:10748000214B87B0A04233D00FD8A024E405A042FE
:1074900017D01E4CA04222D08025DC6A2C43DC622F
:1074A000DB6A2B400593059B13E0194CA042F3D1F6
:1074B0000825DC6A2C43DC62DB6A2B400493049BC6
:1074C00007E00125DC6A2C43DC62DB6A2B40019378
:1074D000019B11601100FDF787FC07B030BD02254C
:1074E000DC6A2C43DC62DB6A2B400293029BF0E7F0
:1074F0000425DC6A2C43DC62DB6A2B400393039B8C
:10750000E7E7C046000800500010024000040050A9
:10751000000C005070B508001C000D001600FFF7AD
:1075200091FF084B80001C50002C0AD0280001F06D
:107530000BFE040000223100FDF71AFC2000FDF7CD
:107540003FFC70BDC404002010B5FFF77BFF034B68
:107550008000C358002B00D0984710BDC404002001
:1075600010B5D2B2FDF77EFD10BD0000F8B50022C7
:10757000050021480C00FEF7F5FA002229001E48FC
:107580006768FEF717FB002221001B48FEF7EAFAA6
:107590006268BA42F1D10323E878184F184947438B
:1075A0001840431E984143420B40164968785B18C7
:1075B0003D21414301384000C34003200340E12006
:1075C000AD783C39CE0F0337BF088919013DED195D
:1075D00049104919CB1A0C490001594323786578A1
:1075E00058433C236B43C018A378C0184018074B7E
:1075F0008002801AC018F8BD48050020B5050000BB
:10760000505555005055440080510100FF030000C3
:107610000320704710B5410E7D220023C001F8F70A
:1076200081FE10BD10B57D22002300210AF09CFDD3
:107630004906C009081810BD7FB5684601A9FFF7C3
:1076400095FF024B1B68C01A07B000BD040500205F
:107650007FB5684601A9FFF789FF07B000BD0000AC
:107660000648074B016810B5CA68D2B21343CB6015
:1076700080214900FDF7B0FF10BDC046480500203D
:107680007FFEFFFFF0B5464E87B005000023F45E95
:10769000FFF7D2FF03340021281A844200D30121CE
:1076A000042008F0B5FE08F0C9FE012802D100222E
:1076B000B35EED1A3B4B9A791E795F790192DA79C4
:1076C00002929A6803925A7E04929C7EDB7E059316
:1076D000FFF7C6FF2000039A334B9B1AAA05920DB1
:1076E0009B18324A9BB2AD0A954239D8304A95422E
:1076F0003BD83B2D3ED8019A9C0A1219A402551979
:107700001C1BADB2A4B23B2D38D83B2F3BD8172E53
:107710003ED8049B059A013B92073ED1254AD15C95
:10772000884202D9F8F77AFD08001F4B22491C1B3A
:10773000A0231B058B614B1CD877029B0022CB70CA
:1077400080231E485B004C608D704F700E70CA61C4
:107750004A614B62CA600A61FEF728F907B0F0BDC2
:10776000174901306D1880B2BEE7164901366D1811
:10777000B6B2BCE701373C3DBFB2BAE73C3D01378A
:10778000ADB2BFB2BFE73C3F0136BFB2B6B2BCE755
:10779000183E0130B6B280B2B9E70B4ABFE7C04627
:1077A0006C05002004050020FF0300007F5101004C
:1077B0000F0E000069780108200500204805002010
:1077C00080AEFEFFF0F1FFFF757801080420002174
:1077D00010B508F01DFE0A4803689A68D2040DD55A
:1077E000DA68D2050AD5D968064AC9B20A43DA600E
:1077F0008022054B92025A6101F08EFC10BDC046FA
:10780000480500207FFEFFFF0004014070B57D2287
:107810000023410EC001F8F785FD0400FFF718FFB3
:107820000500FFF715FF401BA04200D370BDC04606
:10783000F7E7000010B503490348FFF797FE034B35
:10784000186010BD080500201C050020040500205C
:1078500070B5184E86B03578002D29D1164C174BCF
:10786000200023601F23A360154B6560E360256142
:10787000A561E561FDF74EFF124B2A006946200025
:107880000093FEF721F82A0001A920000195029536
:1078900005950495FDF792FF2000FEF7ADF98021D4
:1078A00020004900FDF798FEFFF7C4FF0123337065
:1078B00006B070BD6E05002048050020002800407D
:1078C000FF03000001010100014B18687047C0462A
:1078D0000405002010B586B01422002101A80CF088
:1078E0002DFF0223A0200293039301AA013320213C
:1078F000C0050493FFF7C2FDA02001AA4021C005E6
:10790000FFF7BCFDA02001AA8021C005FFF7B6FD4E
:107910008021A020012401AA0902C0050294039439
:10792000FFF7ACFD8021A02022000902C005FFF76F
:1079300017FE06B010BD00001A4B1B4810B50360BF
:107940001A4B1B491A6800238A4203D90133520893
:10795000072BF9D19A075907D20FC90F4901120114
:107960000A430821DB000B401343C361002382223A
:10797000836003614361C360836203624362802367
:1079800052004260FC3282610A4A5B01516B0B4338
:107990005363FBF7A9FB002801D0FFF751FDFFF768
:1079A00099FF10BD00300140700500203400002018
:1079B000809698000010024030B587B01422002154
:1079C00001A80CF0BBFEA0200124022501AA802101
:1079D000C00502940395FFF751FDA02000228021ED
:1079E000C005FFF7BDFDA02001AA4021C0050395F9
:1079F000FFF744FDA02000224021C005FFF7B0FDA5
:107A0000A02001AA2021C0050395FFF737FDA02083
:107A100000222021C005FFF7A3FD8021A02001AA9C
:107A20000902C0050394FFF729FD8021A020220050
:107A30000902C005FFF794FD07B030BD10B50E2157
:107A40001624012386B069446C445B4208802200FE
:107A5000009303480233FBF787FB208806B010BD74
:107A6000700500200A4B10B519680A4808F0DEFDC1
:107A7000084808F043FD0122074B1A70074B1A68AB
:107A800011231A4203D0064A13780133137010BD34
:107A9000680000204006002065060020800E0020BF
:107AA0005B06002010B50549054808F0BFFD0448F5
:107AB00008F024FD0122034B1A7010BD504600004F
:107AC000180600207206002010B5074808F082FD55
:107AD0008021A02000224900C005FDF7C3FA002242
:107AE000024B1A7010BDC046F00500206E06002043
:107AF000012210B5024B03481A7008F06BFD10BD4F
:107B000056060020C805002010B5034808F062FDA5
:107B10000122024B1A7010BD040600206C060020E2
:107B2000064B10B5195C064808F020FE8023054876
:107B30009B000021838003F0ADFC10BD165F01089F
:107B4000FC5E01085800002010B503F023FD012859
:107B500001D1034B1870034808F03CFD10BDC0462E
:107B600068060020DC0500200123F0B50400B34DB9
:107B700087B02B7002792168407902F0F7F823680A
:107B800018780A2800D97AE0002868D1AC4F3B78F1
:107B9000012B12D103F0E6FEAA49AB4808F0A6FC7F
:107BA000AA4BA948196808F041FDA74808F0A6FCAF
:107BB000A74808F0A3FC00233B70A64808F0D6FDB8
:107BC0000028FAD1A44808F0D1FD0028FAD1237981
:107BD000082B00D9A0E2A14B1B78834200D19BE285
:107BE00061799F4808F0C2FD061EF9D12379B3429E
:107BF00000DD88E29B4808F0B9FD0028FAD19A4BD5
:107C0000964A1B780192002B24D0032B22D01378A4
:107C1000964F974A3B70012313700022160020797B
:107C2000D1B2814200D27EE2002E01D0904A137080
:107C30000023904A1370022800D07EE22268107858
:107C4000262800D079E25278012A00D075E28A4ACB
:107C50002B7013700023019A137007B0F0BD013828
:107C6000092800D992E7F8F735FA280091FF91FF2B
:107C700044005C00AE00DD0023014C01730120389C
:107C8000C2B2132A00D981E7132800D97EE7F8F79A
:107C900021FA6A017A019401C3017DFF7DFFCF01C2
:107CA0007DFF7DFF7DFF7DFF7DFF7DFF7DFF7DFFF4
:107CB0007DFF7DFF7DFFE50122022279042A00D0AD
:107CC00064E75A7899781204DB7809020A4313436F
:107CD0006A4A1360052B0ADD0121594A1170FA2204
:107CE00092005343594A136001225C4B0CE0644BF1
:107CF000F8E72279022A00D048E75B78FF2B05D10C
:107D00000122604B1A70554B1A703FE7FE2B00D0D2
:107D10003CE701225C495D48F8F7C6FBF8F708FC30
:107D2000EEE70121534A11702179042927D15878AF
:107D3000012800D92AE7564F564E18D103F0AAFC65
:107D400023689A78DB783A70337003F00BFE0122D7
:107D5000424B51491A702279504B1A7000239A42B3
:107D600000DC13E72068C05CC8540133F7E79A7859
:107D7000DB7800203A70337003F08CFCE5E70229D1
:107D80001ED15878012802D103F084FC01E00028BC
:107D9000FAD0002607223F4B1E703D4B1A7003F0AD
:107DA000E1FD01222D4B3C491A7022793B4B1A70A0
:107DB000B24200DCEAE62068805D88550136F7E7CC
:107DC00000231370E2E62279042A00D0DEE65A7816
:107DD000002A00D0DAE69E7896420AD1D8780328A5
:107DE00000D9D3E62E4B1870FAF77EF803F0BAFDEF
:107DF0007AE7012E0AD1D878032800D9C6E6294BA4
:107E00001870FAF7ABF803F0ADFD5FE0022E00D07A
:107E1000BCE6D878032800D9B8E6234B1870FAF7E7
:107E20002BF8E3E72279032A00D0AFE659789B7854
:107E30001E4A1B020B435BBA1380D7E76D06002076
:107E400078060020657A00084006002068000020BF
:107E500018060020996C01081A5F0108900600209E
:107E6000295F0108077601086106002097060020B7
:107E7000CA0600206306002066060020D007002006
:107E8000701700007606002060000020000008083F
:107E9000590600205A060020CC060020CB06002000
:107EA000B30C0020B20C0020B10C0020E00A00202E
:107EB000A44A1278052A00D068E62279022A08D15D
:107EC0005E78012E00D061E603F060F89E4B1E70D4
:107ED0005CE6042A00D059E65A78022A00D055E61A
:107EE000D8789A780002104340BA80B20CF032FA87
:107EF0000022964B0BF06AF90CF0B6FA944E306003
:107F000074E72279062A00D040E6597801290FD17A
:107F1000D8789A78000210431A795B7912040243E8
:107F20001B0613438B4A1BBA1360874B19702DE64F
:107F3000022900D02AE6D9789A78090211431A79E1
:107F40005B7912040A431B0613431BBA824ACAE632
:107F50002279022A00D019E65B78032B00D015E6BF
:107F6000784A1370C0E62279022A00D00EE65878CB
:107F7000012800D90AE604D103F006FB03F0F2FC65
:107F8000BEE60020F8E72279022A06D15B78052BAD
:107F900000D9FBE5714A137028E7032A00D0F5E504
:107FA0005A78002A00D0F1E59B78012B00D9EDE545
:107FB00001266B4A3340137025E72279022A09D142
:107FC0005E78012E00D0E1E503A80270067107F08B
:107FD0002DFC18E7042A00D0D8E55A78002A00D0F2
:107FE000D4E59F78022303AE30003370327107F07E
:107FF0001DFC381C052F00D9052040B203F06EFB94
:108000002368DB78FF2B00D1F0E6162230003270B7
:10801000337107F00BFCE9E62279022A00D0B5E5BE
:108020005878002800D1B1E540B203F045FBDDE609
:108030002279022A07D15B78012B00D0A6E5494AB4
:108040001370414ABDE6032A00D09FE55A789B7819
:108050001B02134300D199E5434AECE62279062A34
:1080600000D093E55A784149012A00D80A70DA789D
:1080700098781202024302D03D4852BA02801A791F
:108080005B791B02134302D03A4A5BBA13800B7828
:10809000394F002B06D1380008F09CFA374808F019
:1080A00099FAA3E6334B364E19883800714308F02D
:1080B000BDFA380008F022FA03F0F2FA002800D0E6
:1080C00094E62B4B2D481988714308F0AFFA2B48E2
:1080D00008F014FA8AE62279032A00D056E5597886
:1080E0009878284A284B11701870002907D101315F
:1080F0001170012800D879E601221A7076E60F295E
:10810000F7D90F21F4E723682048995D08F02EFB8A
:108110000028F8D1013669E521791D4808F026FBD1
:108120000028F9D16BE5322B05D821685E1C895CEB
:10813000F954F3B20126013272E50122154B1A708F
:1081400088E5C046B50C00209006002000002440C1
:1081500018000020800600207C0600206106002018
:10816000AF0C0020620600206400002060060020A2
:10817000540600205E060020DC050020C805002013
:1081800060EA000057060020580600202D5F010815
:10819000335F01086406002070B5274D2B78002B53
:1081A0000BD1FA212548490008F040FA234808F08D
:1081B000A5F92B7801332B7070BD012BFCD11F4822
:1081C00008F008FA1E4B1B78012B24D103F068FA43
:1081D0001C4E00280FD11C491C4808F087F91C4B85
:1081E0001A481988714308F021FA184808F086F9EE
:1081F000052000F02FFF1749174808F077F9174BB3
:1082000015481988714308F011FA134808F076F9F7
:10821000052000F01FFF1249124808F067F9124BC1
:108220001048196808F002FAFFF71CFC052000F05E
:1082300011FF0023BFE7C046770600202C06002070
:108240006006002060EA0000F17A0008C8050020FE
:1082500054060020497B0008DC0500205E06002053
:10826000657A000840060020680000200023164AB6
:1082700010B51360154A1360154A1360154A01338F
:108280001370154A1370154A1370154808F06EFAEA
:108290000028FAD1134B187003F07CF9012801D1A2
:1082A00006F0D0F9104808F095F9002003F038F9ED
:1082B0000E490F4808F01AF9FA210D48490008F054
:1082C000B5F9FFF769FF10BD8C0600208806002075
:1082D00084060020700600206F0600207106002032
:1082E0002273010867060020040600209981000817
:1082F0002C060020F0B59DB0FCF70AFD00F034FF1D
:10830000FFF76CF800F0E4FF02F080FE8023802687
:108310008027854D9B052C6DF605234000937F0536
:10832000009B8249002B15D18149344212D18149E9
:108330003C420FD180499C420CDB8049230109D487
:108340007F49630106D47F49A30103D47E49E30139
:1083500000D47E4922007E4808F008FA0028DFD1C8
:1083600080232A6D1B0413432B65F8F701F9794923
:10837000794808F0BBF87949774808F057F976480A
:1083800008F0BCF8764B1B68002B12D1754B1B68AC
:10839000002B0ED1744B1B68002B0AD1734B1B684A
:1083A000002B06D103F090FA03F052FAC82000F037
:1083B00051FE03F0F9FE0121080008F013F86C49A2
:1083C0006C4803F045FE02F02DFE6B4B1A78002A34
:1083D0001CD000228021A02001251A70674B490083
:1083E000C0051D70FCF73EFE6549664808F07EF842
:1083F0006549644808F01AF98021A0202A00C005C8
:108400004900FCF72FFE5F4808F078F85F4A1378C0
:10841000002B0DD05E4B1121186803000B40084261
:1084200006D15C4913700B705B490B7002F0CCFFF6
:108430005A4B1B78002B18D0554B196811230A0092
:108440001A40194211D10121554B56481970514B10
:108450001A70514B1A7008F0BDF8534808F0BAF87A
:10846000524808F0B7F802F0AFFF514B1B78002BD1
:1084700000D10FE24F4C2368012B0CD14E4A1278E9
:10848000062A35D0092A33D0414A116811221142F7
:1084900001D14A4A13704A4D2B68012B0AD1464A32
:1084A0001278092A32D03A4A11681122114201D1B8
:1084B000424A1370434B1B68012B06D1344A1168A2
:1084C0001122114201D13D4A1370324B1A78042A0D
:1084D00000D887E0002264201A7000F0BBFDBFF3D3
:1084E0004F8F394B394ADA60BFF34F8FC046FDE7F3
:1084F000374B1B78002B06D0364B3748196808F0ED
:1085000035F90028F8D100232360C4E7304B1B78ED
:10851000002B06D0314B3248196808F027F90028A3
:10852000F8D100232B60C5E7001002405E5F010810
:10853000635F0108685F0108715F01087B5F0108E4
:10854000835F0108875F0108995F0108935F010855
:10855000A25F0108A57A0008180600205046000016
:108560000000080804000808080008080C000808B3
:10857000380000203C0000206F0600206E0600201E
:10858000C97A0008F0050020881300006C0600205E
:10859000800E00205B0600205606002068060020A2
:1085A0006706002040060020DC050020C8050020EA
:1085B000700600208C060020B50C00206506002007
:1085C000880600208406002000ED00E00400FA0583
:1085D000E70A002080060020C55F01087C06002015
:1085E000D45F0108C84D2B78012B00D07BE1FA2025
:1085F000400000F02FFD1122C448002103681A70CA
:10860000C34B838002F046FF2B7801332B70C14BA4
:108610001B78002B10D0C04B1A68112315001D4089
:108620001A4209D1BD4B1D7002F02AFF012800D16A
:10863000C6E10022B74B1A70B94E3378002B4BD0ED
:10864000B54B1A68112317001F401A4244D18021EC
:10865000B448C901FCF700FD8021B34D0902287020
:10866000B048FCF7F9FCB14C10212070A020C005E7
:10867000FCF7F2FC37702E78AD4DAE492B78AE4A40
:10868000B34209D0AD4B1B78062B05D0092B03D084
:10869000AB4B1B78012B18D00F7823789F4207D063
:1086A000A64B1B78072B03D1A64B1B78012B0CD0B4
:1086B0001378834210D0FD27A04B1B78073B3B4229
:1086C0000AD1A14B1B78012B06D11070012223780F
:1086D0002E700B708F4B1A709C4A1378002B03D0AE
:1086E0009B490978032929D09A490978002907D09C
:1086F0008A490978002903D09549097801291DD0B4
:1087000095490978002901D100F082FC8349097854
:10871000002901D100F082FC8D49097802290DD091
:108720008B490978042909D0002B03D17B4B1B7896
:10873000002B2ED0864B1B78052B2AD1764B19683F
:1087400011230C001C40194223D1824B14701C7061
:10875000814B1C70714B1C70804B1978002901D122
:1087600000F049FC1C7002F08BFE012811D164233B
:1087700066487B4D437123002A787A49934201DA97
:1087800000F032FC0021784B297002711A7002F05F
:1087900081FE764C2378012B27D102F071FE01284F
:1087A00023D1734B1B7883421FD1724B1988002948
:1087B0001BD0714E3388002B17D0002323706F4CD1
:1087C0006F4A61436F48137007F030FF6D4807F040
:1087D00095FE02F065FF002807D131886A486143A1
:1087E00007F024FF684807F089FE684A1378002BD9
:1087F00015D0494B1121186803000B4008420ED1D7
:108800001370634A4148127862499A4201DD00F0D0
:10881000F9FB0C2300210271437102F03BFE5E4E16
:108820003378002B36D03C4B1A68112317001F40B9
:108830001A422FD1594B1C68384B1F7002F020FE92
:10884000012825D1FA2120008900F7F757FC10AC48
:1088500005002000FEF794F905232C484371A27807
:1088600003681A70E27803685A7023880268190A4C
:10887000917002683900D37003682A0C1A712A0AB1
:108880005A719D710723384A0371137002F002FE7A
:1088900000233370424B1A78002A17D00022414D32
:1088A0001A70414B01321A702B88002B01D11433FE
:1088B0002B803E493E4807F019FE2B882F493C4843
:1088C000594307F0B3FE3A4807F018FE394C2378B5
:1088D000002B03D0F7F706FF0023237072B607F0D2
:1088E000C5FD62B66FE5022B00D090E60A4B1B680F
:1088F000DB0700D58BE6BFF34F8F2F4B2F4ADA6093
:10890000BFF34F8FC046FDE77606002058000020D9
:108910000104000065060020800E00206D06002086
:1089200091060020000400509306002092060020CB
:10893000960600209506002094060020B50C002025
:10894000B30C0020B20C0020B10C00206606002001
:10895000610600206A0600206906002064060020E7
:10896000CA06002097060020730600205C0600203F
:10897000600600205E0600205406002060EA000029
:1089800056060020DC050020C805002063060020F4
:10899000CB060020CC0600206206002068000020E4
:1089A0006B0600206400002067060020097B000899
:1089B000040600207206002000ED00E00400FA0525
:1089C000D64E04AF31783800FEF73AF93570266894
:1089D000F3B20393D24B1B780193D24B1B680293E3
:1089E0006B461B7A009302F06DFECF4CCF4B60714B
:1089F00018780138082844D8F7F776FB0900710089
:108A0000BD00F2004A01B201E50143028E02C84AEC
:108A10002168138804AD1B0A0B7023681288C549AE
:108A20005A70686809F0F0FD0AF068F827680012CB
:108A3000B870C049686809F0E7FD0AF05FF8276878
:108A4000F87028690AF05AF8246800122071286921
:108A50000AF054F8F3B26071B74C002B05D18021B5
:108A6000B648C901FCF7F8FA2070AF4B29781A68AC
:108A700023784900DB010B430121072531400B43DB
:108A80009371039B012B02D10022AD4B1A60019B15
:108A9000012B02D10022A24B1A60009B012B02D1B4
:108AA0000022A04B1A60A74B1B78012B07D0A64BC6
:108AB0001B78012B03D0A54B1B78012B02D101227F
:108AC000A34B1A70A34B984C1D70A34B25711978BA
:108AD000012900D084E2200002F0DCFCA9E5944AE0
:108AE0002168138804AD1B0A0B7023681288914912
:108AF0005A70686809F088FD0AF000F827680012CB
:108B0000B8708C49686809F07FFD09F0F7FF2768A5
:108B1000F870286909F0F2FF2468001220712869B2
:108B200009F0ECFFF3B26071834C002B05D180217A
:108B30008248C901FCF790FA207001217A4B31403C
:108B40001A682378DB010B43297849000B43042181
:108B50000B439371EB8C1B0AD371EB8C13727F4B1D
:108B60001B78032B00D089E12B8D1B0A53722B8DB0
:108B700093720B2585E780217048C901FCF76CFAD8
:108B80006D4B10AD02931870FDF7F6FF2B0086C8F1
:108B900086C386C886C386C886C386C886C30122A4
:108BA0000827029B32401B7804AEDB011343327866
:108BB0000898520013431F4309F0F5FA28800998DA
:108BC00009F0F1FA68800A9809F0EDFA8021A8808E
:108BD0002A00AF712068490008F054FC050050E7F6
:108BE000534A216813881B0A0B7023681288514965
:108BF0005A70059809F008FD09F080FF25680012F9
:108C0000A8704C49059809F0FFFC09F077FF25682A
:108C1000E870089809F072FF25680012287108981A
:108C200009F06CFFF3B26871434D002B05D1802130
:108C30004248C901FCF710FA287001222B78324013
:108C4000DB0113433A782468520013430C22134388
:108C5000A371B868374909F0D7FC09F04FFF00123B
:108C6000E0713449B86809F0CFFC09F047FF207281
:108C70003049F86809F0C8FC09F040FF0012607242
:108C80002C49F86809F0C0FC09F038FFA07270E7C1
:108C9000274A2168138804AD1B0A0B7023681288C9
:108CA00024495A70686809F0AFFC09F027FF27686B
:108CB0000012B8701F49686809F0A6FC09F01EFF91
:108CC0002768F870286909F019FF246800122071DC
:108CD000286909F013FFF3B26071174C002B05D11E
:108CE00080211648C901FCF7B7F9207001210E4B0D
:108CF00031401A682378DB010B43297849000B4384
:108D000010210B439371EB6A1B12D371EB6A137240
:108D1000EB6A1B165372EB6A0B4129E7E60A002047
:108D2000880600208406002058000020B50C002092
:108D30007406002000002041960600200004005028
:108D40008C060020B30C0020B20C0020B10C0020D7
:108D5000910600207306002056060020C004002063
:108D6000B14A2168138804AD1B0A0B70236812886E
:108D7000AE495A70059809F047FC09F0BFFE266815
:108D80000012B0700598A94909F03EFC09F0B6FE42
:108D90002668F070089809F0B1FE2468001220716E
:108DA000089809F0ABFE142360712A78520013432F
:108DB000A3719F4B1B681A0EE2711A0C22721A0AD9
:108DC0006272A372D5E6984A2168138804AD1B0A23
:108DD0000B702368128895495A70686809F014FC72
:108DE00009F08CFE27680012B8709049686809F095
:108DF0000BFC09F083FE2768F870286909F07EFEF5
:108E0000246800122071286909F078FEF3B26071BD
:108E1000884C002B05D180218748C901FCF71CF93B
:108E20002070019B002B06D1802183480902FCF7AA
:108E300013F9824B1870009B002B06D1A020102143
:108E4000C005FCF709F97E4B187001217D4B3140BC
:108E50001A682378DB010B43297849000B4318215A
:108E60000B4376499371019B09781B010B437449AD
:108E7000D371009B09781B010B431372FF235372BC
:108E800076E6694A2168138804AD1B0A0B702368D3
:108E9000128866495A70686809F0B6FB09F02EFE20
:108EA00027680012B8706149686809F0ADFB09F0E5
:108EB00025FE2768F870286909F020FE2468001252
:108EC0002071286909F01AFEF3B25A4F6071002B25
:108ED00005D180215848C901FCF7BEF8387001223D
:108EE000584B16401C683B782A78DB01520033430C
:108EF00013431C221343A371686909F0FFFD00129C
:108F0000E071686909F0FAFD2072A86909F0F6FDC0
:108F100000126072A869B7E6434A2168138804AD5D
:108F20001B0A0B702368128840495A70686809F060
:108F30006BFB09F0E3FD26680012B07068683B49DE
:108F400009F062FB09F0DAFD26683849F070A8687C
:108F500009F05AFB09F0D2FD26680012307133493E
:108F6000A86809F051FB09F0C9FD009B7071344EEF
:108F7000002B05D1A0201021C005FCF76DF8307042
:108F800001220299337811402A78DB010B43520009
:108F90001343202224681343A371E868234909F08E
:108FA00033FB09F0ABFD0012E071E8681F4909F0DE
:108FB0002BFB09F0A3FD1E4B11251B6820721A0E16
:108FC00062721A0CA27223731A0A1F4BE2721B6898
:108FD0001A0E62731A0CA2731A0AE273237450E514
:108FE00002F05EFB010076E5CF5C0668CC54F754D6
:108FF0000133FFF7C3FB134803681970134B8380D9
:10900000FFF7C5FBCD5C0468E5540133FFF7FDFBBA
:109010008B4201D0FFF784FBFFF788FB8B4201D026
:10902000FFF77EFBFFF7B5FB740600200000204130
:1090300080060020960600200004005095060020BF
:1090400094060020580000207C0600200104000047
:109050000020704707B50190019807F0BFF907BDE0
:10906000054B10B51B78002B02D007F0F0FA10BDAD
:10907000024B1868FBE7C046D407002068040020B4
:109080000122014B1A707047D40700208023094A3F
:109090005B05916B10B50B439363FCF74DFAFCF73E
:1090A00091FA0823044A11680B431360FCF780FA15
:1090B00010BDC0460010024000200240042300B54D
:1090C00099B00A93002314930133FF330AA80C9339
:1090D000FBF7CCF8002801D0FEF7B2F9202301936A
:1090E000802301A85B020293FBF74CFC002801D00F
:1090F000FEF7A6F98023074ADB02116D02200B431D
:10910000136500221100FBF733FE0220FBF758FE27
:1091100019B000BD0010024010B507F023FA10BDD1
:1091200010B5FEF711FA10BD0421064A10B5536BB5
:1091300014200B4353630022FBF71AFE1420FBF7A5
:109140003FFE10BD001002400622042805D006D8BC
:109150000138013A012800D902321000704708385E
:10916000431E9841821DF8E700B595B014220021F6
:1091700001A80BF0E3FA2C22002107A80BF0DEFA7D
:1091800002230693109380231B0301221293802352
:1091900009921B040F3206A80A921393FBF766F894
:1091A000002801D0FEF74CF98023124A5B05916B31
:1091B0000B439363104A114B1168194080231B0124
:1091C0000B4310211360506803000B400842FAD192
:1091D0000F220121019201A80C3A029203930493F9
:1091E0000593FBF7F7FA002801D0FEF729F915B02F
:1091F00000BDC0460010024000700040FFE7FFFFC6
:10920000044B1868044B1B685840044B1B685840BB
:109210007047C0465000F81F5400F81F6400F81F44
:109220001149124A10B50B6814681B191B0EC37143
:1092300014680B681B191B0C837114680B681B19CD
:109240001B0A437112780B789B180371084B1A683C
:10925000120EC2701A68120C82701A68120A4270DA
:109260001B68037010BDC0465000F81F6400F81F53
:109270005400F81F124910B50B78002B1ED10122A3
:1092800010480A701049036401608021090641609A
:109290000721C36183618360C36003624362C36269
:1092A000036380238263026103324261074AC16320
:1092B000516B9B000B435363FAF7E8FD10BDC046AA
:1092C000D6070020D80700200024014000100240EB
:1092D00010B50C4C2378002B12D1FFF7CBFF0A4BB3
:1092E0001B689847FEF728FBFEF7B2FAFFF7C8FEA7
:1092F00007F028FA02F0DEFCFDF7B6FF0123237029
:1093000010BDC046D5070020E0770108294B73B592
:109310001B780600002B01D1002076BD07F097F9DD
:1093200008240500244B5B68234219D08023234D79
:10933000234C6A6B9B001343002120006B63FCF7F6
:10934000F5FE002812D000200222236899680A4303
:109350009A6003221A606B6B1A4A13406B63DCE756
:10936000280007F07AF90928DCD9D5E7164B6946B9
:109370000093164B20000193FAF7EAFE0028E2D191
:10938000802369465B01200000960193FAF7E0FE16
:109390000028D8D12000FAF74BFE0028D3D10A21AB
:1093A0002000FAF771FE0028CDD12000FAF7CCFE9C
:1093B00080B2C9E7D60700200070004000100240CC
:1093C000D8070020FFFDFFFFFFFF0700011000008E
:1093D00070B51248FFF79AFF00240100A04206D0A2
:1093E0000F4B18880F4B5843F6F788FE04000E48C1
:1093F000FFF78CFF0D4B60430A491D88F6F77EFE90
:10940000431B502058430A4B00021988491BF6F7AA
:10941000BBFEF0235B01C01880B270BD00000244A7
:109420007800F81FB80B0000000004487A00F81F0D
:109430007E00F81F10B51148FFF768FF04000120F7
:10944000002C16D00E4B0F481B8821005843F6F70E
:1094500055FE0D4A84B2FE2094420AD80B4A94422B
:109460000AD9C8210A4A8900A3185843F6F746FECC
:10947000C0B2084B1C8010BD0120FAE70000024476
:109480007800F81FB80B0000E30C0000C3090000CF
:109490003CF6FFFF7406002010B5EFF3108472B69F
:1094A00008F05AFEFEF788FA084B5B689847F8F711
:1094B000C5FC0423064A11680B43136084F310882B
:1094C00001210800FCF758F810BDC046E0770108FC
:1094D0000070004010B5EFF3108472B60122124BF9
:1094E00019680A431A60042219681142FCD08022CC
:1094F000196852040A431A608022920419681142C2
:10950000FCD00322D9680A430C21DA60DA680A40E9
:109510000C2AFBD1FEF7DEF9044B1B689847F8F7DD
:1095200067FC84F3108810BD00100240E07701084A
:1095300010B501210020FCF707F810BD7047C046A8
:10954000FDE77047704710B5FBF7F2FB10BD10B593
:1095500000F09CF910BD10B500F090F910BD10B5E9
:1095600000F084F910BD10B5FEF730F910BD10B54C
:109570000120FBF77DFD0220FBF77AFD10BD10B541
:109580000420FBF775FD0820FBF772FD10BD0000FD
:10959000102110B54B4C63690B421AD04A4B1B7813
:1095A000002B12D0494B1B78002B0ED0FD22484BCC
:1095B0001B78073B134208D1A020464BFC3AC0055C
:1095C0001A60FBF749FD444B187010206061FFF7EB
:1095D000A7FD2020FBF74CFD4020FBF749FD802034
:1095E000FBF746FD80204000FBF742FD8020800015
:1095F000FBF73EFD8020C000FBF73AFD8020000114
:10960000FBF736FD80204001FBF732FD8020800112
:10961000FBF72EFD80216369C9010B421CD02F4B43
:109620001B78002B13D0294A1278002A0FD0284A21
:109630001278062A01D0092A2DD1023B012B06D827
:109640000122274B1A60274A1368013313608020D8
:10965000C0016061FFF764FD8021636909020B426C
:1096600018D0214B1B78002B0FD0184A1278002AF3
:109670000BD0174A1278072A16D11C4B063A1C4801
:109680001A60FBF7E9FC1B4B187080200002606138
:10969000FFF746FD10BD0122114B15481A60FBF77C
:1096A000DBFC154B1870D2E7092AEED1023B012BE7
:1096B000EBD80E4B083A1A60104A13680133136056
:1096C000E3E7C04600040140B10C00207106002011
:1096D000B50C00208406002094060020B30C002066
:1096E0008C06002080060020B20C00208806002096
:1096F0000004005095060020960600207C060020FD
:1097000010B5F6F7E7FF10BD10B50248FCF776FC80
:1097100010BDC046200400200B4B10B518600B484C
:109720000B4B036096239B01436000238360C3605F
:10973000036183610C334361FAF722FB002801D0F7
:10974000FDF77EFE10BDC0467C08002028090020E1
:109750000048004010B50A0001000248F9F7FAFE7F
:1097600010BDC04628090020034B10B51B68002B14
:1097700000D0984710BDC0467C08002013B580215A
:10978000074B019A186089030648FCF71FFD05483E
:10979000FCF764FD012204490248F9F789FE13BD74
:1097A0007808002028090020B60800200368224A13
:1097B00070B5040093420ED1204B1B68002B04D0DF
:1097C000C26E002A01D11E489847012220001C4980
:1097D000F9F76EFE70BD1B4A20269342FAD11A4D4E
:1097E0001A4C012229002000F9F762FE00280DD151
:1097F000174B2A781A70174B187800280DD0164985
:109800000B78581C08701549CA54E3E723006A33E3
:109810001E70002368342370E1E711490B788342FE
:10982000D8D0104D2C78631CDBB22B700E4D2A550E
:10983000082BCFD10870CDE7004800407808002001
:10984000B608002000380140B3080020B808002006
:1098500080080020B7080020B508002081080020FB
:109860001F040020B40800201804002010B5024B8B
:10987000186EFBF71DFD10BD2809002010B5024829
:10988000F9F736FF10BDC0462809002010B5024880
:10989000F9F72EFF10BDC046B808002000230122B2
:1098A00010B588B00593134BA020D96A0624114344
:1098B000D962D96AC005114001910199D96A114351
:1098C000D962DB6A03A913400293029B042303932A
:1098D000023B04939B1806930794FBF785FAA0209C
:1098E000082303A9C00503930794FBF77DFA08B08A
:1098F00010BDC046001002400A480B4B10B5036073
:10990000E1235B02436000238360C36003618361E2
:109910000C334361FAF734FA002801D0FDF790FDCB
:1099200010BDC046B80800200038014000230121C6
:1099300010B586B00393114BA020DA6A04240A43C1
:10994000DA62DB6AC0050B400093009B80239B001A
:109950000193FF3BFF3B02935B1801A9049305941D
:10996000FBF742FA8023A020DB0001A9C005019388
:109970000594FBF739FA06B010BDC046001002404E
:10998000022130B5104B8DB0DA6AA0200A43DA62AA
:10999000DB6A03250B400193019B802300249B007D
:1099A00002A9C005029303950494FBF71DFA8023D6
:1099B000A020DB0007A9C005079308950994FBF7D1
:1099C00013FA0DB030BDC0460010024070B50368F8
:1099D000334A06008CB0934250D10125314C00210E
:1099E000E36A04A82B43E362E36A2B400093009BE5
:1099F000E36A2B43E362E36A2B400193019B8023DC
:109A0000A26BDB021343A36320220AF097FE042318
:109A10000393802303A81B010793FAF7B3FF236B7B
:109A20002B432363236B2B400293029BFFF736FFEC
:109A30001D4C1E4B802223601023A36000232000B6
:109A4000E3606361A361E3612362053363602261C4
:109A5000FBF71AFB2A0029000B203466A662FBF7ED
:109A600087F90B20FBF7ACF91D202A002900FBF732
:109A70007FF91D20FBF7A4F90CB070BD0C4A93428E
:109A8000FAD18023074ADB01516B0B435363FFF785
:109A900077FF1B2000220221FBF76AF91B20E9E770
:109AA00000480040001002403808002080000240BA
:109AB00000380140F0B5002485B00522019107006F
:109AC000274902A80AF080FE264B1C7006F0BFFD55
:109AD000254E05000522300002A9F9F7BBFC330032
:109AE00069331B78202B05D0280006F0B6FD1F4BEC
:109AF0009842F4D901221E4D30001E492A70F9F710
:109B0000D7FC0198FFF7A6FA00232B7018001D0060
:109B10009C46194EF25C592C18D100281ED1A24245
:109B20001AD101306446F4540133322B01D105B00F
:109B3000F0BD2900012806D1F45C2918C9B27C5572
:109B4000072900D1001814000D00E3E7592A01D1BC
:109B50000028E7D02200E5E70200E3E75922E1E729
:109B6000E35F0108B5080020B80800208713000053
:109B7000B7080020B30800208108002001230C282A
:109B800001D8024B1B5C18007047C0468178010861
:109B900030B5040087B0E579A37862782178049520
:109BA000A579074803956579029525790195E578AA
:109BB000009506F0DBFD0028EDD107B030BDC046B2
:109BC0001160010830B504008FB0E57BA37862789E
:109BD00021780C95A57B0F480B95657B0A95257B15
:109BE0000995E57A0895A57A0795657A0695257A07
:109BF0000595E5790495A57903956579029525790B
:109C00000195E578009506F0B1FD0028DDD10FB093
:109C100030BDC046E95F010810B5040021000348CB
:109C200006F0A4FD0028F9D110BDC046085C01086B
:109C300010B504002100034806F098FD0028F9D172
:109C400010BDC046CF5F0108F0B5002497B004AB4B
:109C500015009C8001900391F6F7D0FB6B009842B1
:109C600027D1270026001CE0019805A9005D7B1C78
:109C7000C8550120184002900120DAB203420ED1EB
:109C80003718FFB206A8B60031503E00039A7B1E7B
:109C9000D2189B000D4918580AF0EEFC029A1700E2
:109CA00001340198F6F7AAFBA042DDD8280017B0CE
:109CB000F0BD03236B43013B984201D10125F5E739
:109CC000034806F053FD0028FAD1F7E7A960010820
:109CD0003B60010837B50C00042201A90500FFF71D
:109CE000B3FF03000020012B07D00422280001A9A4
:109CF000FFF7AAFF019B1BBA23603EBD70B510227F
:109D000004000D00FFF7A0FF03000020012B04D08A
:109D1000102229002000FFF797FF70BD0A0010B540
:109D200014008EB00F340D94013C0C94013C0B9444
:109D3000013C0A94013C0994013C0894013C0794BD
:109D4000013C0694D41D0594941D0494541D039461
:109D5000141D0294D41C0194941C4B1C00940249C1
:109D600002F0AAFB0EB010BD5E60010870B51400D1
:109D70000500044806F0A5FC034B1C60034B1D7056
:109D800070BDC046A00900209C0900209809002051
:109D900001207047BFF34F8F034B044ADA60BFF3D3
:109DA0004F8FC046FDE7C04600ED00E00400FA0515
:109DB000012310B5044C2370044806F0D7FC00289A
:109DC000FAD10123237010BDE70A0020AE6001081C
:109DD00010B50B48F6F794FBF6F7AAFB094806F016
:109DE000C5FC0028FAD13230FFF734F9BFF34F8FAA
:109DF000054B064ADA60BFF34F8FC046FDE7C04609
:109E000000000808C160010800ED00E00400FA0548
:109E100010B501F0D7FBFFF7BBFE002010BD00001E
:109E200010B588B0082206A90400FFF70DFF01282D
:109E30001DD11F236B4405931E236B4404931D23E4
:109E40006B44039307AB02931B236B4401931A23C8
:109E50006B4400931923200009496B4406AA02F0C1
:109E60002BFB06A801F0B2FB002008B010BD0822B1
:109E7000200006A9FFF7E8FE0828F2D0D9E7C0467F
:109E80008660010810B501F0E9FBFFF781FE0020B4
:109E900010BD000010B588B0082206A90400FFF725
:109EA000D3FE01281DD11F236B4405931E236B4451
:109EB00004931D236B44039307AB02931B236B4452
:109EC00001931A236B4400931923200009496B4422
:109ED00006AA02F0F1FA06A801F0C4FB002008B0BF
:109EE00010BD0822200006A9FFF7AEFE0828F2D018
:109EF000D9E7C0468660010830B585B003AD2900BA
:109F00000400FFF7E7FE04280BD00D236B440F225B
:109F100000930E232000064901956B446A4402F029
:109F2000CBFA039801F05CFB002005B030BDC046C1
:109F30009A60010810B501F059FB002010BD10B562
:109F400001F09AFBFFF73EFE002010BD1FB56946E9
:109F50000400FFF7D3FE102803D069462000FFF766
:109F6000DDFE684601F08CFB002004B010BD10B58A
:109F700001F062FBFFF726FE002010BD1FB5694609
:109F80000400FFF7BBFE102803D069462000FFF74E
:109F9000C5FE684601F046FB002004B010BD10B5B8
:109FA00001F058FBFFF70EFE002010BD1FB56946FB
:109FB0000400FFF7A3FE102803D069462000FFF736
:109FC000ADFE684601F03CFB002004B010BD02234A
:109FD00030B585B001AC2000237005F08DFBFFF794
:109FE000CDFD051E02D12079FFF716FE280005B031
:109FF00030BD1FB50223027801A9303A18000B705A
:10A00000012A07D8531E9A4108000A7105F00EFC78
:10A01000FFF7B4FD05B000BD162330B585B001AC27
:10A020002000237005F068FBFFF7A8FD051E03D193
:10A0300004202056FFF7F0FD280005B030BD0000D9
:10A040001FB516236A460B49137102AA02F034FAAF
:10A05000022401280BD101A805F0E8FBFFF78EFDD3
:10A06000041E04D1044806F081FB0028FAD1200028
:10A0700004B010BDC6600108CB600108152330B5DF
:10A0800085B001AC2000237005F036FBFFF776FDAC
:10A09000051E03D104202056FFF7BEFD280005B0A1
:10A0A00030BD000013B56B46DC1D22000A4902F0EA
:10A0B00003FA022301280CD100202056013307287F
:10A0C00007DC01F00BFB054806F050FB0028FAD135
:10A0D0000300180016BDC046C6600108CB60010829
:10A0E00010B50378302B04D00220312B05D101208C
:10A0F00000E0002001F054FA002010BD10B501F07E
:10A100005BFA012806D1064806F030FB0028FAD198
:10A11000002010BD034806F029FB0028FAD1F7E71C
:10A12000F85E0108EE600108072330B585B001AC88
:10A130002000237005F0E0FAFFF720FD051E02D194
:10A140002079FFF769FD280005B030BD1FB5072352
:10A1500001AA137003780220303B012B07D8591E47
:10A160008B411000137105F061FBFFF707FD05B08F
:10A1700000BD1FB50A236A4601A8137105F0BCFA99
:10A18000FFF7FCFC041E02D10298FFF745FD2000FA
:10A1900004B010BD1FB50A236A46040001A813715C
:10A1A00005F0AAFAFFF7EAFC00280DD120000749C4
:10A1B00002AA02F081F903000220012B04D101A8B8
:10A1C00005F034FBFFF7DAFC04B010BDC7620108EC
:10A1D0000A2330B585B001AC2000237005F08CFA5D
:10A1E000FFF7CCFC051E02D1207AFFF715FD2800F1
:10A1F00005B030BD1FB50A236A46040001A81371DB
:10A2000005F07AFAFFF7BAFC00280FD120000849C0
:10A2100003AA02F051F903000220012B06D1054ADE
:10A2200001A8137005F002FBFFF7A8FC04B010BDF5
:10A23000C6600108BA0C00201FB510236A4601A8A9
:10A24000137105F059FAFFF799FC041E02D1029828
:10A25000FFF7EEFC200004B010BD00001FB5102376
:10A260006A460849137102AA02F026F90300022087
:10A27000012B04D101A805F0D9FAFFF77FFC05B046
:10A2800000BDC046C76201081FB511236A4601A878
:10A29000137105F031FAFFF771FC041E02D1029828
:10A2A000FFF7C6FC200004B010BD00001FB511234D
:10A2B0006A460849137102AA02F0FEF80300022060
:10A2C000012B04D101A805F0B1FAFFF757FC05B046
:10A2D00000BDC046C76201081FB512236A4601A827
:10A2E000137105F009FAFFF749FC041E02D1029828
:10A2F000FFF79EFC200004B010BD00001FB5122324
:10A300006A460B49137102AA02F0D6F8022401280A
:10A310000BD101A805F08AFAFFF730FC041E04D126
:10A32000044806F023FA0028FAD1200004B010BD3A
:10A33000C7620108F26001081FB513236A4601A82D
:10A34000137105F0D9F9FFF719FC041E02D1029828
:10A35000FFF76EFC200004B010BD00001FB51323F2
:10A360006A460B49137102AA02F0A6F802240128DA
:10A370000BD101A805F05AFAFFF700FC041E04D126
:10A38000044806F0F3F90028FAD1200004B010BD0B
:10A39000C7620108F260010810B501F0FBF801384E
:10A3A00043425841FFF738FC002010BD10B5037838
:10A3B000302B0BD00220312B07D1013801F0E4F80B
:10A3C000034806F0D3F90028FAD110BD0020F5E7C4
:10A3D000F26001080323F0B589B002AA05A813733F
:10A3E00005F08AF9FFF7CAFB071E10D1069C230E61
:10A3F0002502260403932D0E360EE4B233002A0004
:10A4000004480399009406F0B1F90028F6D1380009
:10A4100009B0F0BD2560010830B587B003236A4656
:10A4200004AD290004001373FFF754FC04280BD07B
:10A4300011236B4413220093122320000649019537
:10A440006B446A4402F038F803A805F0EFF9FFF70F
:10A4500095FB07B030BDC0469A6001081FB51823B0
:10A460006A4601A8137105F047F9FFF787FB041E40
:10A4700002D10298FFF7DCFB200004B010BD000001
:10A480001FB518236A460849137102AA02F014F88E
:10A4900003000220012B04D101A805F0C7F9FFF742
:10A4A0006DFB05B000BDC046C76201081FB519238A
:10A4B0006A4601A8137105F01FF9FFF75FFB041E40
:10A4C00002D10298FFF7B4FB200004B010BD0000D9
:10A4D0001FB519236A460849137102AA01F0ECFF5F
:10A4E00003000220012B04D101A805F09FF9FFF71A
:10A4F00045FB05B000BDC046C7620108002330B56A
:10A5000085B001AC2000237005F0F6F8FFF736FBAC
:10A51000051E06D121790448413106F027F90028AB
:10A52000F8D1280005B030BD146101081FB5002323
:10A53000022401AA13700378413BA3420CD81000F7
:10A54000137105F073F9FFF719FB041E04D10448D9
:10A5500006F00CF90028FAD1200004B010BDC04666
:10A56000F260010810B500F02FFF002010BD7FB58C
:10A57000012601AD28002E7005F0BEF8041E05D19D
:10A580002879FFF749FB200004B070BD3400FAE7DA
:10A59000F7B50400F5F732FF2149050001AA2000B4
:10A5A00001F08AFF2300012805D01E4806F0DEF8DE
:10A5B0000220FEBD01331A78110030390929F9D97A
:10A5C0003A2AF2D16E460027013C6419E41AE4B23B
:10A5D000B7705D1C012C12D92B78300033706B786A
:10A5E00011497370114B1A68D21901F065FF0128E7
:10A5F000DED1023C3F18E4B20235402FEAD1002CF4
:10A60000D6D10A4C019B2771637101F049F8010012
:10A61000200000F03FFF431E9841C0B2C9E7C0468A
:10A62000196101081D610108A96001086C00002082
:10A6300037B50400F5F7E2FE1849050001AA20002D
:10A6400001F03AFF2100012805D0154806F08EF8E8
:10A6500002203EBD01310B781A00303A092AF9D99F
:10A660003A2BF2D1013C6419641A251CE4B2402C47
:10A6700000D940250B4CEAB20131206806F021F8E0
:10A68000019B2571637101F00BF80100200000F0BF
:10A6900001FF431E9841C0B2DBE7C04619610108C3
:10A6A0001D6101086C00002070B50E4B0E48197832
:10A6B00006F05CF80028F8D104000C4D2B68A3428A
:10A6C00006D80B4806F052F80028FAD1286070BD71
:10A6D000084B0948195D06F049F80028F8D1013403
:10A6E000EBE7C04698090020295F01089C0900207B
:10A6F000996C0108A00900202D5F010810B50C4BD2
:10A700000C48197806F032F80028F8D10A4C236872
:10A71000834206D009490A4806F028F80028F9D1F2
:10A720002060084806F022F80028FAD110BDC04683
:10A7300098090020295F01089C090020A009002039
:10A7400042610108996C010837B56B4600249D1DD4
:10A750002A0009492C8001F0AFFE012801D0022017
:10A760003EBD2B88002B03D0044A20001380F7E75E
:10A77000034805F0FBFFF2E7C76201086400002010
:10A780004561010810B5034B1888FFF745FA002012
:10A7900010BDC0466400002037B56B460024DD1DA7
:10A7A0002A0009492C7001F087FE012801D00220FF
:10A7B0003EBD2B78052B03D8044A20001370F7E721
:10A7C000034805F0D3FFF2E7986101086106002015
:10A7D0006561010810B5034B1878FFF71DFA0020DA
:10A7E00010BDC0466106002010B5044805F0BEFF4C
:10A7F000041EFAD100F0C2FD200010BD8A610108DC
:10A80000F0B50E250D240F2687B002ABE418F6181C
:10A81000ED182B0022001B490096070001F04CFEAA
:10A82000032821D022003800174901F045FE0128F5
:10A8300003D00224200007B0F0BD07232B700023B3
:10A840003370247833782343DBB2012BF1D80F4BDC
:10A850000F4F0393002C0BD1200000F01BFF2B782F
:10A860003B70039B1C70E5E72B78072BE9D9E0E7E9
:10A87000012000F00FFF2B78039A3B7033780024FF
:10A880001370D7E792610108986101085A06002009
:10A890005906002010B500F003FF054B054A0100E2
:10A8A0001B781278044805F061FF0028F3D110BD31
:10A8B0005A060020590600209B61010810B500F0DF
:10A8C00019FF013843425841FFF7A6F9002010BD97
:10A8D00010B500F0EBFEFFF7ABF9002010BD10B58E
:10A8E00000F0F6FEFFF798F9002010BDF0B5012644
:10A8F00087B003AD28002E7004F0FEFE01902B7986
:10A900000400002B03D0244B1B68334240D1234862
:10A9100005F02CFF0028FAD1214805F027FF061E7C
:10A92000FAD1204805F056FE1F4B1800009305F0A1
:10A9300051FE1E4805F04EFE1D4805F04BFE1D4819
:10A9400005F048FE1C4F380005F044FE00F076FC90
:10A95000FA204000FEF77EFB019BB3421AD12B790F
:10A96000B3420AD0154805F001FF0028FAD138009B
:10A9700005F0C4FD200007B0F0BD114B1B78002B83
:10A98000F8D10E4805F0F2FE0028FAD10098EFE762
:10A990000524EFE73400EDE7800E0020A6610108F2
:10A9A000996C01086C0E0020340E0020C80D0020A8
:10A9B000200E00200C0E002040060020E56101085A
:10A9C000AE0C002013B50B4901AA01F075FD01285A
:10A9D00001D0022016BD019B074A084C934205D8BE
:10A9E000074805F0C3FE074B2360F2E70020236011
:10A9F000F0E7C046C76201086F170000680000203A
:10AA0000F96101087017000010B5034B1868FFF7D3
:10AA10000FF9002010BDC0466800002013B56B463A
:10AA2000DC1D2200064901F047FD0223012804D164
:10AA30000020205600F040FE0023180016BDC0463E
:10AA4000C660010810B500F03DFEFFF7E5F80020F4
:10AA500010BD000007B50A4901AA01F02DFD01282B
:10AA600001D002200EBD074B0198C218064B9A4236
:10AA700001D90028F5D100F07BFC0020F2E7C046A8
:10AA8000C7620108FF1E0AFAFDE8A43510B500F000
:10AA900069FCFFF7CDF8002010BD000010B5034B96
:10AAA0001878FFF7B9F8002010BDC046E50A00206D
:10AAB00007B5084901AA01F0FFFC012801D00220D6
:10AAC0000EBD019BFF2BFAD8034A1070034A0020E9
:10AAD0001370F5E798610108E40A0020E50A0020F8
:10AAE00010B5034B1878FFF797F8002010BDC0464B
:10AAF000E30A002007B5084901AA01F0DDFC01289E
:10AB000001D002200EBD019BFF2BFAD8034A107022
:10AB1000034A00201370F5E798610108E20A00205B
:10AB2000E30A002013B56B46DC1D2200064901F044
:10AB3000C3FC012801D0022016BD23788342FAD835
:10AB4000024A00201370F7E798610108B40C002056
:10AB500010B5044B0448197805F008FE0028F8D118
:10AB600010BDC046B40C0020085C010813B56B464C
:10AB7000DC1D22000B4901F09FFC012801D00220BE
:10AB800016BD2378032B05D0074805F0EFFD0028FC
:10AB9000FAD1F4E7054A1370054805F0E7FD0028EF
:10ABA000FAD1EDE7986101081C620108B50C00209C
:10ABB0004462010810B5034B1878FFF72DF8002008
:10ABC00010BDC046B50C002013B56B46DC1D22003D
:10ABD0000A4901F071FC012801D0022016BD20783D
:10ABE000032805D8064B1870F7F77EF90020F5E723
:10ABF000044805F0BBFD0028FAD1EEE79861010892
:10AC0000B30C00206A62010810B5034B1878FFF7F7
:10AC100003F8002010BDC046B30C002013B56B46EE
:10AC2000DC1D22000A4901F047FC012801D0022066
:10AC300016BD2078032805D8064B1870F7F78EF953
:10AC40000020F5E7044805F091FD0028FAD1EEE771
:10AC500098610108B20C00208862010810B5034B0E
:10AC60001878FEF7D9FF002010BDC046B20C0020B6
:10AC700013B56B46DC1D22000A4901F01DFC0128BA
:10AC800001D0022016BD2078032805D8064B187085
:10AC9000F7F7F2F80020F5E7044805F067FD002813
:10ACA000FAD1EEE798610108B10C0020A662010814
:10ACB00010B5034B1878FEF7AFFF002010BDC0465B
:10ACC000B10C002013B56B469C1D2200054901F014
:10ACD000F3FB0223012803D1034B22881A800023AF
:10ACE000180016BD98610108E00A002010B5034B5A
:10ACF0001888FEF791FF002010BDC046E00A002032
:10AD000013B56B46DC1C220001AB0A4901F0D4FBF1
:10AD10000223984209D12378012B03D1064B019AD3
:10AD20001A6001E0022B02D00023180016BD034B6D
:10AD3000F5E7C046C4620108800600207C060020BA
:10AD400000B58FB00E4901AA01F0B6FB0100012841
:10AD500002D002200FB000BD019B002B09D1094B8E
:10AD600005201B680B42F5D102A8FBF769FF002004
:10AD7000F0E7012BEDD1044A1370044A1370F6E793
:10AD800098610108800E0020E60A00206506002078
:10AD90007FB50E240B26002303AD6C446E442B803C
:10ADA000238032002B001049009401F085FB03281A
:10ADB00017D13378012B14D80C4A13702A88002A33
:10ADC0000CD02388002B09D009490A80094A138036
:10ADD000094805F0CBFC0028FAD103E0074805F04C
:10ADE000C5FC022004B070BDCB62010860060020E3
:10ADF000540600205E060020F2600108D6620108B9
:10AE000010B5064B064A07491B8812880978064880
:10AE100005F0ACFC0028F4D110BDC0465E06002051
:10AE200054060020600600209B61010837B56B4680
:10AE30009D1DDC1D23002A00094901F03DFB02286D
:10AE400001D002203EBD2A78531E0E2BF9D823785C
:10AE5000012BF6D8034900200A70034A1370F1E76A
:10AE600095610108570600205806002010B5054BD3
:10AE700005481A78054B197805F078FC0028F6D1BA
:10AE800010BDC046580600209E61010857060020EC
:10AE900013B56B46DC1D2200074901F00DFB0128AC
:10AEA00001D0022016BD23788342FAD8034A03401A
:10AEB00013700020F6E7C04698610108B00C00202E
:10AEC00010B5044B0448197805F050FC0028F8D15F
:10AED00010BDC046B00C0020085C010813B56B46DD
:10AEE000DC1D2200074901F0E7FA012801D0022009
:10AEF00016BD23788342FAD8034A0340137000201A
:10AF0000F6E7C04698610108AF0C002010B5044B6D
:10AF10000448197805F02AFC0028F8D110BDC04675
:10AF2000AF0C0020085C0108F0B58DB006000025CC
:10AF3000F5F764FA01AFC4B2BD70012C0CD8002C37
:10AF400016D1022302A8437104AB02930D4B057185
:10AF50001B681B6998470CE0337804AA3B70737830
:10AF60003800094952197B7001F0A6FA012803D074
:10AF7000022420000DB0F0BD023C02362D18E4B2D0
:10AF8000DBE7C046700B0020A960010810B5002265
:10AF900020210C48FAF766F8F7F750FEF7F774FE31
:10AFA000F7F70CFFFA204000FEF754F8F7F706FF1A
:10AFB000F7F786FEF7F7A2FE012220210148FAF7F3
:10AFC00051F810BD00040050044A054B1268017886
:10AFD00099540122034B1A707047C046EC0A0020B6
:10AFE000F00A0020E80A002010B5031C092800D947
:10AFF0000923054ADBB29B009C58200005F0B6FBF4
:10B000000028FAD110BDC046E87D010810B50348FC
:10B01000FEF7B4FB0022024B1A7010BDC9AF000846
:10B02000E80A0020F7B5734B1E78012E0BD10020E3
:10B03000714A724918701368CC5CB44204D1106034
:10B040000830FFF7D1FFF7BD0D2C02D00A2C00D03D
:10B05000C8E0002BF7D00025CD540B781560412BAC
:10B0600002D14B78542B02D037003800E9E78F78B3
:10B07000002FFAD03F2F11D1614805F077FB00284F
:10B08000FAD139245F4D686905F070FB0028FAD1C8
:10B09000013C18358442F6D10027E6E75A4B594F58
:10B0A00001937B683C681A0021000198009309F025
:10B0B0004DFB002800D08FE0009B019A00999A1860
:10B0C000019B5B5C3D2B17D03F2B0AD1273B6B4389
:10B0D0004C4AD3185C69200005F048FB0028FAD1DF
:10B0E000DAE7002BC0D1100018336B434549CB1869
:10B0F0001B6998470700B8E7182351786B43501C29
:10B100003F2906D19278002A03D13E4AD3189B6882
:10B11000EFE73C4AD318DB6898473C490500070035
:10B120002000F5F761F9002801D102261DE020007A
:10B130003749F5F759F90028F7D020003549F5F7D8
:10B1400053F90028F1D020003349F5F74DF90028D4
:10B15000EBD020003149F5F747F90028E5D0200071
:10B160002F49F5F741F90028DFD020002D49F5F7E8
:10B170003BF9002812D1002620002B49F5F734F9BD
:10B18000002800D171E7002E00D16EE7002D00D01D
:10B190006BE7012E1DD100F0E5FB66E72000234997
:10B1A000F5F722F90028E6D020002149F5F71CF92F
:10B1B0000028E0D020001F49F5F716F90028DAD062
:10B1C00020001D49F5F710F9431E98414042064002
:10B1D000D2E700F03DFB48E701351837392D00D0A4
:10B1E0005FE741E77F2B02D11060062029E701339A
:10B1F000136028E7E80A0020EC0A0020F00A00208B
:10B20000F862010890780108F20A00207D630108C5
:10B21000836301088B630108936301089A63010843
:10B22000A3630108AC630108DB630108B363010891
:10B23000B9630108C3630108CB63010870B5002539
:10B240000A4CA6680A4B9E4209D00A48216805F0BC
:10B250008DFA0028F9D1B0473220FDF7FBFE013509
:10B260001834392DEDD1012070BDC0469078010809
:10B27000919D0008E063010870470000037810B555
:10B280000400002B02D0012B0CD010BD4378002B02
:10B2900004D10A4B1B685B699847F6E70122084B0B
:10B2A0001A70F2E74378002BEFD104F08DFF0028ED
:10B2B000EBD0200004F096FFE7E7C046700B0020BB
:10B2C0006B060020002373B51E4A1F4E1F4D1370DE
:10B2D00033702B7043780400002B0FD104F074FFFF
:10B2E000002801D004F076FF637B002B06D0E178C4
:10B2F000E02904D12000164904F084FF73BD2378AF
:10B30000002B15D1134B1B78012B00D133706846ED
:10B310004171237B0371A3680093E2890E4B1A806D
:10B32000227C0E4B1A700E4B1B681B699847E5E791
:10B33000012BECD1FD20074A1278023A0242E6D1F5
:10B340002B70E4E7680600206A06002069060020EA
:10B35000940B002061060020BC000020BE000020ED
:10B36000700B0020014B18687047C046A40B0020EA
:10B37000014B18607047C046A40B002010B503486D
:10B3800005F0F4F90028FAD110BDC0464D7301084C
:10B3900030B587B00A4C0B48657A2379E278A178FA
:10B3A0000495257A0395E5790295A5790195647947
:10B3B000009405F0DBF90028ECD107B030BDC046A1
:10B3C0007400002055730108002370B5214A224DF6
:10B3D00086B013702A78012A15D101A803701F4B7B
:10B3E0001F4A43601F4B83601F4BC3601F4B1B688A
:10B3F000DB78037402AB70CB70C21B68136004F07F
:10B4000095FB06B070BD0322194C200022706360CA
:10B4100004F00CFA04232370EB682000636004F04E
:10B4200005FA05232370134B2000636004F0FEF936
:10B4300006232370104B2000636004F0F7F901230A
:10B4400020002370237104F0F1F90C4B1B685B6939
:10B450009847D6E770060020740000207600002090
:10B46000940B0020840000208C000020900B002012
:10B47000740B00209C000020AC000020700B00200A
:10B480001FB5012301AC2000237004F035F92079A9
:10B4900004B010BD0022F0B51D4B87B004000E00B3
:10B4A0001A7004F091FE05000120002D13D101A9AE
:10B4B000207904F0A7F80021164B174F595602AB1C
:10B4C000A8420BD01D709D609D811800997304F0F7
:10B4D00001FC431E9841404207B0F0BD62792579D6
:10B4E0002068002E04D11E701A719D819860ECE7CF
:10B4F000140001221C711A709D8198604C373878B5
:10B50000002802D0054A12780132DA73DDE7C0461E
:10B510005B060020C80000207400002059060020AF
:10B520007FB5002301AD060028002B7004F0E4F87D
:10B530002C79B44203D0002E05D0022E12D0002464
:10B54000200004B070BDB442F9D1280004F06EF9B7
:10B55000002802D001246442F2E70A4B1B689B6971
:10B560009847ECE728002E7104F060F90028F1D12B
:10B57000631E9C41034B30001B6864429B699847E3
:10B58000DEE7C046700B0020014B18707047C046C4
:10B5900074000020014B18787047C04674000020EA
:10B5A000044B10B55870013843425841C0B204F002
:10B5B0003DFC10BD74000020014B58787047C04618
:10B5C00074000020004870477600002010B501008C
:10B5D0000822024805F075F810BDC046760000202C
:10B5E000014BD8607047C0467400002013B500249A
:10B5F000094BDB681BBA019301ABE15C074805F01E
:10B60000B5F80028F8D10134042CF5D1044805F030
:10B61000ADF80028FAD113BD740000202D5F010899
:10B62000996C010810B501001022024805F049F894
:10B6300010BDC0469C000020004870479C000020C0
:10B6400010B501001022024805F03BF810BDC046BD
:10B65000AC00002000487047AC0000200048704754
:10B660008400002010B501000822024805F029F8E6
:10B6700010BDC04684000020004870478C000020A8
:10B6800010B501001022024805F01BF810BDC0469D
:10B690008C000020014B18707047C046C00000208D
:10B6A000014B18787047C046C00000200020014BB5
:10B6B00018567047BE000020014B18707047C046F6
:10B6C000BF0000200020014B18567047BF0000202B
:10B6D000014B0020185E7047BC000020014B187021
:10B6E0007047C046C80000200020014B1856704724
:10B6F000C8000020024B1B6D181E00D0187970473F
:10B700007400002030B508280BD010282BD0012859
:10B7100006D133490B781818087032499B005A50EB
:10B7200030BD4A780B7882401A438B782C4C1B042E
:10B730001343CA782B4812061A43237812BA9D0085
:10B740002A504A790D7912022A438D792D04154326
:10B75000CA79991C12062A4312BA21700133DBB24E
:10B760009B001A50DCE74A780B7812021A438B7858
:10B770001B4C83401343CA781A4812061A43237895
:10B7800012BA9D002A504A790D7912022A438D7906
:10B790002D041543CA7912062A435D1CEDB212BA74
:10B7A000AD002A504A7A0D7A12022A438D7A2D046E
:10B7B0001543CA7A12062A439D1CEDB212BAAD0097
:10B7C0002A504A7B0D7B12022A438D7B2D041543A0
:10B7D000CA7B191D12062A4312BA21700333BEE731
:10B7E000AC0C0020AC0B002030B5039D049C082855
:10B7F00002D010280FD030BD100E0870100C487009
:10B80000CA70100A1A0E0A711A0C4A711A0A887044
:10B810008A71CB71EFE7100E0870100C4870CA7077
:10B82000100A1A0E0A711A0C4A71CB711A0A2B0EE1
:10B830000B722B0C4B722B0A8B72230E0B73230C87
:10B840004B73230A88708A71CD728B73CC73D2E7E5
:10B8500010B5002208201349FFF754FF124B0021B6
:10B86000DA680120FFF74EFF002210200F49FFF792
:10B8700049FF002210200E49FFF744FF002210204C
:10B880000C49FFF73FFF002208200B49FFF73AFF62
:10B890000A4C0B4922780B48F4F706FE002323706C
:10B8A00010BDC04676000020740000208C000020EF
:10B8B0009C000020AC00002084000020AC0C002084
:10B8C000AC0B00200400080830B5002595B01E4BD5
:10B8D00003ACE818F4F70CFE60510435442DF6D1A2
:10B8E0000025019500956368039A08201749FFF722
:10B8F0007BFFA268164B1020DA60A36915490193FB
:10B90000636900932369E268FFF76EFFA36A102062
:10B910000193636A10490093236AE269FFF764FFA9
:10B92000A36B10200193636B0C490093236BE26AB5
:10B93000FFF75AFF0195009508200949236CE26B37
:10B94000FFF752FF15B030BD0091010876000020CE
:10B95000740000208C0000209C000020AC0000201F
:10B96000840000200223F0B587B003AC20002370D0
:10B9700003F0C2FE002802D0AE4804F0F7FE162302
:10B98000257920002D06237003F0B6FE002802D092
:10B99000A84804F0EBFE0423A74AE356009252782D
:10B9A0001B042B431343009AA44E54321278A44D27
:10B9B00052B21202134332782000511C92005351AC
:10B9C00007233170237003F097FE002802D09948B6
:10B9D00004F0CCFE009B27791B7820001B04019308
:10B9E00000233F06237003F087FE002802D0914811
:10B9F00004F0BCFE009B019A4C331B7817431F4395
:10BA0000237920001B021F4333785A1C9B00EF5000
:10BA10000A233270237003F06FFE002802D085489D
:10BA200004F0A4FE33785A1C327062689B00EA501E
:10BA3000844B1A78012A00D0F5E000221A700A23FC
:10BA40002000237003F058FE002802D0794804F04B
:10BA50008DFE3378227A591C9B003170EA501023F6
:10BA60002000237003F048FE002802D0714804F043
:10BA70007DFE337820005A1C327062689B00EA50C9
:10BA80001123237003F038FE002802D0694804F027
:10BA90006DFE337820005A1C327062689B00EA50B9
:10BAA0001223237003F028FE002802D0614804F01E
:10BAB0005DFE337820005A1C327062689B00EA50A9
:10BAC0001323237003F018FE002802D0594804F015
:10BAD0004DFE337820005A1C327062689B00EA5099
:10BAE0000323237003F008FE002802D0514804F01D
:10BAF0003DFE37786268BB00EA50534A7B1C1268EF
:10BB0000DBB29B00EA505149514B09781B7809047C
:10BB10001B060B430099BA1C4B310978D2B20B4378
:10BB20004C49920009784C4809020B434B49AB50F1
:10BB3000FB1C0A68DBB29B00EA50494B00781B886B
:10BB400009793A1D00021B040343D2B20B43920051
:10BB5000AB504449444B09781B7809041B060B433E
:10BB600042497A1D0978D2B20B43414992000978C3
:10BB7000FC1D09020B43AB503E4B3F491B78097833
:10BB80001B0609040B433D49BA1D0988D2B2920035
:10BB90000B43AB503A4B3B49186806F035FD06F0B5
:10BBA00002FB3A00384B39491B7809781B0409021B
:10BBB0000B43374908320978E4B2D2B20B43A400F0
:10BBC00092002851AB503B00324A33491278098821
:10BBD0000933DBB212040A439B00EA503A002F4BB0
:10BBE0002F491B7809781B0609040B432D490A329B
:10BBF0000978D2B20B432C49920009782B480902EC
:10BC00000B43AB503A002A4B0B371B880C32FFB268
:10BC1000D2B22900BF00EB513270F4F745FC00238B
:10BC2000337007B0F0BD0B232000237003F064FDD8
:10BC30000FE7C0468773010874000020AD0C002098
:10BC40002C0C0020BA0C002068000020B40C00204E
:10BC5000B00C0020DF0A002061060020A40B0020A9
:10BC600064000020E40A0020E50A0020E20A002027
:10BC7000E30A0020B50C0020B30C0020E00A0020ED
:10BC80001800002000002041AF0C0020B10C002063
:10BC9000B20C0020600600205E060020590600203D
:10BCA0005A060020580600205706002060000808A9
:10BCB00054060020F0B50025ABB0894B05ACE81860
:10BCC000F4F716FC60510435442DF6D1002501959A
:10BCD0000095636808208349059AFFF785FDA368EE
:10BCE000814F1020FB60A369804901936369009331
:10BCF0002369E268FFF778FDA36A10200193636A65
:10BD00007B490093236AE269FFF76EFDA36B102065
:10BD10000193636B77490093236BE26AFFF764FD3D
:10BD200001950095236CE26B08207349FFF75CFDD9
:10BD30002C00724B16ADE018F4F7DAFB28510434EE
:10BD4000502CF6D10223169E02AC2370330E5A1EDD
:10BD500093412000237103F069FD16232000237016
:10BD6000330C237103F062FDFF203B003040320AA8
:10BD7000543301381A7043425841C0B2787004F00D
:10BD800055F807236E682370330E5A1E9341200026
:10BD9000237103F04BFDFF23594A1B0433409B18CA
:10BDA0005A4253413B70002320002370330A237111
:10BDB00003F03CFDFF231E40013E73425E413B0009
:10BDC0004C331E700A26AB6820002670636003F0B7
:10BDD0002DFDEB6820002670237203F027FD102351
:10BDE00023702B692000636003F020FD1123237072
:10BDF0006B692000636003F019FD12232370AB69A7
:10BE00002000636003F012FD13232370EB69200010
:10BE1000636003F00BFD03222B6A20002270636035
:10BE200003F004FD6A6A374B4B371A60AB6A364A37
:10BE3000190E481E81411170344A190C1170344A90
:10BE4000190A11703B70EA6A324B33491A602A6B47
:10BE5000100C08801A7131496B6B100A304A087057
:10BE6000190E11702F4A190C11702F4A190A1170EE
:10BE700003212E4A13702E4BAA6B19702D4B110CF7
:10BE800019702D4B31001A80E86BF4F737F906F082
:10BE900095FEFF232A6C294C1B0413402060581E7A
:10BEA000834127490B70274B110A1970264B1A70D2
:10BEB0006A6C264B110C1970254B1A80AB6C254A05
:10BEC000190E1170244A190C1170244A190A1170A4
:10BED000234A1370234BEA6C1A802BB0F0BDC04686
:10BEE0000400080876000020740000208C00002068
:10BEF0009C000020AC0000208400002060000808A6
:10BF00000000FFFF68000020B00C0020B40C0020EF
:10BF1000DF0A0020A40B002064000020610600203E
:10BF2000E50A0020E40A0020E30A0020E20A0020DB
:10BF3000B50C0020B30C0020E00A002018000020FF
:10BF4000AF0C0020B10C0020B20C002060060020D5
:10BF50005E060020590600205A06002057060020E1
:10BF60005806002054060020F8B500260225234B71
:10BF7000234C5E704B331D700B23224F2370200027
:10BF8000083B6760A36003F051FC0A232000237084
:10BF9000073B6760A36003F049FC01231A4A1B4971
:10BFA00013701B4A15701B4A15701B4A15701B4AEB
:10BFB000116014211A4A11801A4A1B491160FA2192
:10BFC0001A4A49001180B421194AC9001370194A4C
:10BFD0001180B421184A090111800721174A1170F4
:10BFE000174A1670174A1670174A1370174A1370BB
:10BFF000FFF7B8FCFFF75EFEF8BDC04674000020F6
:10C00000740B002008E6D333B50C0020E093040045
:10C01000B30C0020B20C0020B10C002068000020FE
:10C0200064000020180000200000C843E00A00203F
:10C0300060060020540600205E06002059060020FD
:10C040005A0600205806002057060020AE0C00209B
:10C05000F8B50127334E344C31602060FFF72AFEDB
:10C06000324804F083FB324804F080FB314804F08E
:10C070007DFB314804F07AFBFFF780F9FFF788F980
:10C080002E482F4B2F4D03602F4B2F7043602F4BAB
:10C090002F498360236805221B6854350B6003F029
:10C0A00069F902232B4C2370336820001B7823711D
:10C0B00003F0BCFB07232370336820009B782371B7
:10C0C00003F0B4FB002320002370237103F0AEFBC8
:10C0D0003368214C5B782B702368002B0AD1FFF763
:10C0E00043FF20003A001D49F4F7DEF91C4804F034
:10C0F0003DFBF8BD2368122B0FD1FFF735FF3A0047
:10C1000020001649F4F7D0F9BFF34F8F154B164AAC
:10C11000DA60BFF34F8FC046FDE7FFF7CBFDFFF7B7
:10C1200053F9E6E7900B0020700B00209E73010886
:10C13000AF730108C7730108E3730108840B002083
:10C1400079B2000874000020C5B200087DB2000872
:10C15000800B0020740B002000000808CC00002099
:10C16000F473010800ED00E00400FA0537B5082279
:10C170000021684608F0E2FA6C46072300220949CC
:10C18000013B002B04D1200008F0DCF980B23EBD59
:10C19000487801310500303D092DF1D8551CA054D7
:10C1A000EAB2EDE730740108122337B5184800935E
:10C1B000F4F79EF90623174D04002B80FFF7D6FFF6
:10C1C000154B220C18802B88934202D1A4B2A042B6
:10C1D0001DD01B04034301A901220D480193F4F76C
:10C1E00063F90E48F4F78CF9F4F7A2F901226946D5
:10C1F0000A48F4F759F93220FCF72CFFBFF34F8FB0
:10C20000074B084ADA60BFF34F8FC046FDE737BDE2
:10C2100058000808B60C0020B80C002000000808E0
:10C2200000ED00E00400FA05F0B59F4C1700A544AE
:10C2300002900491F4F7E2F80023060003930593BB
:10C24000049B1C78002C00D17EE0581C252C00D0CB
:10C250007FE000252900431C04930378642B00D160
:10C260008EE053D8392B4AD82F2B00D981E0002BF0
:10C2700000D115E10498252B00D16AE0002E5ED094
:10C28000032BDDD1894B0139994200D91900A02334
:10C29000DB011D4315AB0A93029B01315B1813931D
:10C2A000002300240B930023009301940A9B129314
:10C2B000029B1C78392C68D82F2C00D9A5E02B2C98
:10C2C00000D1D1E02D2C00D1C7E080212800C90188
:10C2D00008400D4238D10A9B18700B9B002B06D0EA
:10C2E000009A019B002150429941009001913B68C6
:10C2F000391DE80700D4C2E0009A1A60C4E0442B5C
:10C300003CD0582B14D0002E9AD118E06C2B2ED094
:10C310000AD8682BF7D14378682B26D1831C049365
:10C3200008231D43049896E7752B2BD0782BEAD170
:10C3300080231B011D4310230393002EA2D1059BD4
:10C34000002B01D1013B0593059897239B009D4449
:10C35000F0BD002EF3D0029B1B78A342F4D1029BC8
:10C36000013E0133029304906AE70423D9E70123D5
:10C37000D7E70A20414330395918D3E701231D4339
:10C380000A23D9E780231B01F9E7462C1CD8402C4F
:10C390009BD9039B0A2B98DD4549009B0D40190F43
:10C3A000019B0E941B01CB180793009B1B01069366
:10C3B00037225242D3170698079912184B41002191
:10C3C0000F910E980F9933E021006139052900D9AA
:10C3D0007BE7039B0A2B00DC77E73549009B0D4088
:10C3E000190F019B10941B01CB180993009B1B0193
:10C3F000089357225242D3170898099912184B41B3
:10C40000002111911098119912E02949039B03987A
:10C410000D40D917009A019B05F0A6FE302252422A
:10C42000D31712184B4100210C940D910C980D99C3
:10C4300012184B41009201930A9B013E01330A936B
:10C44000129B1C70002E00D13FE7029B139A013310
:10C450000293934200D029E737E70121A8040B9B00
:10C46000C00F41400B430B9380235B011D4200D161
:10C470002BE7104B1D4080239B011D43DCE7680721
:10C4800007D56A4612881A80059B0F000133059371
:10C49000D6E62D0700D42FE76A4612781A70F3E724
:10C4A00001235B424FE7C046A4FDFFFFFF010000F0
:10C4B000FFAFFFFFFFEFFFFF0EB403B503AA02CAF1
:10C4C0000192FFF7B1FE02B008BC03B0184705386F
:10C4D00043425841C0B27047002310B5052803D12C
:10C4E000080000F01BFB0300180010BD10B5052864
:10C4F00002D1080000F078FB10BD10B5052802D16C
:10C50000080000F085FB10BD10B5002304000800F2
:10C51000052C03D1110000F0C3FB0300180010BD6F
:10C5200010B5052802D1080000F0F0FF10BD00236F
:10C5300010B5052803D1080000F0DEFB0300180049
:10C5400010BD10B50400080011001A000023052CCE
:10C5500003D1029B00F0E6FB0300180010BD10B5EC
:10C560000400080011001A00052C02D1029B00F003
:10C570000FFC10BD10B5002304000800052C03D1EA
:10C58000110000F03DFC0300180010BD70B505005F
:10C59000002408001100052D03D11A0000F0D8FC7A
:10C5A0000400200070BD13B50400080011001A003B
:10C5B0000023052C05D1059B0093049B00F08AFD08
:10C5C0000300180016BD002310B5052803D108008C
:10C5D00000F01AFE0300180010BD002310B5052856
:10C5E00003D1080000F0C7FF0300180010BD0023AE
:10C5F00010B5052803D1080000F026FE030018003E
:10C6000010BD002310B5052803D1080000F020FE5E
:10C610000300180010BD002310B5052803D1080041
:10C6200000F034FE0300180010BD10B5052802D13B
:10C63000080000F03DFE10BD10B504000800110018
:10C640001A000023052C03D1029B00F04BFE0300CF
:10C65000180010BD10B5052802D1080000F0A8FF91
:10C6600010BD70B50500D4B208001100052D03D12E
:10C670001A0000F0C3FF0400200070BDF7B508AC3D
:10C680002478019164B29A4201DA0020FEBDA242F0
:10C69000FBDC0F2300249C461FE0019965004D5BE5
:10C6A000002600950C256B43099DEF18009B012582
:10C6B00033412B420BD061463B7A1D072D170D40AD
:10C6C000AA4204DB5BB21B110B409A420ADD013621
:10C6D0000C37102EEAD10134E4B22301DBB29842C8
:10C6E000DBD8D2E70120D1E7030010B5C00FD41783
:10C6F0009A4260410200CC0FD8178B426041104033
:10C70000C0B210BD10B50B0914099C4201D2002023
:10C7100010BD9142FBD25B00C3180F2201201140D3
:10C7200002008A4011001A888A431A80F0E7F7B5A0
:10C73000031E009205D048001B180020009A914269
:10C7400000D3FEBD002635001F880124B44022001E
:10C750003A40A21A5442544101362D19102EF4D1F8
:10C7600040190131C0B2C9B20233E7E710B5002861
:10C7700005D0002903D000235200934200D110BD00
:10C78000CC5AC4520233F8E78A60002800D07047C0
:10C790004A60FCE7F7B501260F0014001B01D3180F
:10C7A000019000937642009BA34201D13000FEBD70
:10C7B000019B002B1CD1606803F04FFF0500002F88
:10C7C00032D0A06803F049FF85420CD9606803F0BD
:10C7D00044FF0500E368AB4207D95B1B9E4200D9CA
:10C7E0001E001034DFE7A068F1E70023E360F8E7FC
:10C7F000002F16D0A068E56803F02FFF854201D80E
:10C800000023E360E568002DEBD0A06803F025FF6E
:10C810002D1AB542E5D2A068E66803F01EFF361A6D
:10C82000DFE73E00E760DCE7B842D3D0CEE710B5E3
:10C83000027803000020032A13D15A780F30140025
:10C84000120904408C704A709A788A80DC7824023D
:10C8500022438A801B795A06520F0340CA700B701C
:10C860000A3810BDF0B5042787B0039104920593F0
:10C87000437804000578C757002B2AD002230326EB
:10C88000C3560293A657002D19D010236269E356B0
:10C89000207A01921122A2560092E168029AFFF7D3
:10C8A000EDFE002801D102239D431923E356B34234
:10C8B0001CDC1823E356B34219DA04239D432800F5
:10C8C000039B029A1A70049B1E70059B1F7007B091
:10C8D000F0BD0A4A0220215E914202D007271D00C6
:10C8E000E7570523E35606260293CBE71E00072DE4
:10C8F000E5D1002FE3D10727E757E0E70F0F00004E
:10C9000001238340D0B518000C0007F023FD06007A
:10C9100020000F0007F046FD02000B003000390038
:10C9200006F054FC0022024B06F0ECFFD0BDC046DE
:10C9300000408F4010B507F035FD02000B000020CD
:10C94000014906F043FC10BD00002040F7B504008B
:10C950000D00101F40001F00160007F0FBFC220016
:10C960002B0006F0CFFF00900191780007F01AFD30
:10C9700002000B000098019906F05CF922002B00E0
:10C9800006F024FC08F07AFF05F024FC0700B04212
:10C9900000D23700099B00221F602000144B2900A1
:10C9A00006F0B0FF00900191380007F0FBFC220078
:10C9B0002B0006F0A7FF00220E4B06F0A3FF02009B
:10C9C0000B000098019907F0BFF9040008980D00CA
:10C9D00007F0E8FC02000B002000290007F0B4F982
:10C9E00008F04CFF07F082FC0A9B1860F7BDC046B8
:10C9F000000010400000E03F0300283BDBB270B5B0
:10CA00000D1C141C0A2B02D81E3840B270BD400009
:10CA100006F0D4F8011C281C05F0F2FE211C05F0DC
:10CA2000EFFE07F0DFFC08F0B5FF07F05FFCECE776
:10CA30000C22C17A10B54A4303689B185B7A42689E
:10CA40001B01D118D25A0023CB60447A837A002C80
:10CA50000ED1A34202D1037AA34208D0131C642A48
:10CA600000D264239BB20269013B5343CB6010BDEB
:10CA7000002BFCD00369013AF7E700001A4B70B5B0
:10CA80009B6A04000D009847002806D0174B184AEF
:10CA9000E318934202D802232B7070BD154B164A3F
:10CAA000E318934201D80023F6E7144B144AE31825
:10CAB000934201D80123EFE7124B134AE318934244
:10CAC00001D80523E8E7114B114AE318934201D836
:10CAD0000323E1E70F4BE4180F4B9C4201D80423DA
:10CAE000DAE70020D9E7C046E077010840AA8FCCFA
:10CAF0007F841E00C02571CCC0C62D00FF5E43CCD4
:10CB0000BF270900A0B038CC20A1070040022ECCDE
:10CB100090D00300606E29CCE093040003000078FD
:10CB200010B50D3817280DD8F3F7CAFA161B461D95
:10CB30001F222527292C0C350C37393B3D0C0C3F87
:10CB40004244440E002010BD0120185603005A1E16
:10CB50009341C01A40B2F6E7184A5B785BB2D05CEA
:10CB6000F1E7174AF9E71748EDE7FA208000EAE70E
:10CB7000FA20C000E7E71448E5E71448E3E780201F
:10CB8000C001E0E7FA211248890003F08FFDFA2383
:10CB9000DB00C018D7E70F48D5E70F48D3E70F48A9
:10CBA000D1E71020CFE70E48CDE78320C005CAE7C4
:10CBB0000C48C8E71220C6E70120C4E7187E010828
:10CBC000107E0108B80B00008813000070170000E9
:10CBD00018FCFFFF08E6D333BE0C0020BC0C00207D
:10CBE000C00C00209A9909400C2102000078064BE5
:10CBF000414310B55B18597A044B09015078C918A4
:10CC00005268FFF7C1FD10BDC00C0020D00000200D
:10CC1000F7B50400FEF7A6FB0200002C02D0012CA1
:10CC200022D0F7BD1A481B4B1B490190A24212D1DA
:10CC30001A001A481833E0C8E0C294460200604661
:10CC4000E0CAE0C070CA70C3072301220B800198BC
:10CC5000FFF78CFDE5E71A60A82252001A81503ACE
:10CC6000FF3A5C600A80F2E7094B0B491A88098891
:10CC70000A431A80074B094A1800110070C970C096
:10CC8000E0C9E0C01833183213CA13C3C9E7C0465D
:10CC9000BE0C0020C00C0020BC0C00207C5B0108F6
:10CCA000030010B50F290ED804290ED9481F0A28F1
:10CCB0000BD8F3F705FA160C160A16160A0A0A0A12
:10CCC0000600012010BD22290FD00020FAE7002025
:10CCD000052218560021FFF707FD431E9841C0B2F8
:10CCE000F0E7002007221856F4E703781120984255
:10CCF00080414042E6E7000010B50279002A03D0E7
:10CD0000012A08D0002010BD012201680348FFF766
:10CD10002DFD0120F7E701680148F8E7BE0C00206F
:10CD2000BC0C0020F0B585B00192092608220F0046
:10CD3000416882568657196044780500002C03D05C
:10CD4000002A07D11A6000242000019B3A701E704F
:10CD500005B0F0BD3F29F6D900265F29F4D91F237D
:10CD600019400129F0D103A8053342700370FFF781
:10CD7000D5FE42B2B242E7D12C789442E4D00723E8
:10CD800002491400088803430B80DDE7BE0C002035
:10CD9000F0B587B01E0017000591031C072800DDC1
:10CDA00007235AB27370124B9100C958114BCB181C
:10CDB0005C426341B370062815DD3220FFF7BAFDEF
:10CDC0000D4B04005B6E0D009847330008360C33A2
:10CDD000029300903B0020002900059A0196FFF77E
:10CDE000B5FD07B0F0BD054B985CFFF789FDE7E79F
:10CDF000207E0108702FFCFFE0770108407E0108CB
:10CE0000F0B5012643688FB0454F0D9186570B93BF
:10CE1000FB680500984704000020844250D1EB7C59
:10CE200083420AD10C2329783E4A4B43D1184968E2
:10CE30000B91814201D19B580B933B4B0B989B5715
:10CE40000C937B69984729893F6AAB7C89B2072E8E
:10CE500038D1FA22099301230C9892004243002012
:10CE6000059304330193314B029100930300304941
:10CE700008900790069004900390B8476B7C002BB5
:10CE800033D02C4B995D264B0D31DB6D2000C9B2A0
:10CE90009847294B1B78002B29D003F0D8FB0400BE
:10CEA0002100264803F062FC0028F9D13200244812
:10CEB0000B9903F05BFC0028F8D101200D9B1E703C
:10CEC0000FB0F0BDA8780124082209930023029135
:10CED0000793010006930593049303930192009333
:10CEE000200023000C9A0894C7E7164BCAE716499E
:10CEF0000B98F3F703F9144904000B98F3F73AF988
:10CF00000800FA218900F3F7F9F8050033002A0038
:10CF100021000E4803F02AFC0028F7D1CDE7C046D7
:10CF2000E0770108C00C0020407E01088545010023
:10CF300050C30000107E0108E70A0020BA750108FE
:10CF400037740108187E010840420F00537401082D
:10CF5000F0B591B00E9101210F9204004156057871
:10CF60000C2068434E4A4F4B121802205B56527AEF
:10CF70000A934D4B12019B189B7820565DB2A27804
:10CF8000854200DA131C5BB20B93484B8900CB58E7
:10CF9000474A61689B185A425A410B980C92A26802
:10CFA000FFF72AFD0C212278424D51433C4B6A6920
:10CFB0000D90C858904701226F6A0025A2563E4B3B
:10CFC0000795089306950595072A3CD101230493FC
:10CFD00004330293FA230A9A9B00534328000093D8
:10CFE000364A0C9B0D9903950195B8472E00344B9A
:10CFF0001B78002B35D003F02AFB050029003148AF
:10D0000003F0B4FB0028F9D10C2501222178244B30
:10D010006943A2562C48C95803F0A8FB0028F4D154
:10D02000244D217B3000EB6DC9B29847217BEB6A20
:10D030003000C9B298470F9B0B9A186001200E9BD5
:10D040001A7011B0F0BD0823012602930A9B2A0032
:10D05000009330000C9B0D99049603950196B847F8
:10D06000C5E70C2221780E4B4A43D55817492800B2
:10D07000F3F744F8154907002800F3F77BF8080098
:10D08000FA218900F3F73AF8050001232A00390054
:10D09000E3560F4803F06AFB0028F6D1C0E7C0460C
:10D0A000C00C0020407E0108D0000020207E010836
:10D0B000702FFCFFE0770108B80B0000A8610000AA
:10D0C000E70A0020BA7501087374010840420F0096
:10D0D0008F740108F0B500240500072691B0059370
:10D0E00006AB039104925C802B79A34241D809A836
:10D0F0000670AB7907AE4370737806AA8370B37875
:10D1000006A9C370337806320371EB790531437198
:10D110002B7A83716B7AC3711023037206AB9D1C4B
:10D12000E023DB000382344BC560436107230383A4
:10D130003300FFF797FB072802D1304B2A881A806B
:10D140000123F356DAB2022A07D82D4A1278322A7E
:10D1500003D901222B4B1A700323039A1370B3785F
:10D16000049A13703378059A1370169B1C7011B0D3
:10D17000F0BD286807AF39000019FFF758FB0028F9
:10D18000B5D0BB8806AA53802418F878E4B20028EA
:10D190001FD1834220D0184A072601920022029212
:10D1A00006281ED101990F68002F05D0012797404E
:10D1B00001213B439BB20291019901320C31019153
:10D1C000102AEDD1029A002A00D18DE706AA5380D9
:10D1D0008AE7421E042A01D8062685E70628FBD1E5
:10D1E000D9E71F00012117410F42E5D001990968D5
:10D1F0000029E1D10626DFE7C00C0020BE0C00208C
:10D20000730600206D1200200E4B70B59B6A05005E
:10D21000406898470630C4B20020072200212856F3
:10D22000FFF762FA002801D102239C430120052266
:10D2300000212856FFF758FA002801D104239C4307
:10D24000200070BDE07701080120404270470000D7
:10D2500013B56B460400D91D4068FFF70FFC0C2284
:10D260002178094B4A43D1580230C0B2002902D17B
:10D270000223984316BD032803D19B1862685A60A5
:10D28000F8E70220F6E7C046C00C0020038805201E
:10D29000032B0CD90138062B09D90138092B06D9E3
:10D2A00001380C2B03D900200F229A4240417047CD
:10D2B0007FB50A4A01AB0192094A4168029242785D
:10D2C00004911A7202785A728268408805925881D5
:10D2D0001800FFF7ADFB07B000BDC046C00C002032
:10D2E000D0000020F0B58BB00491059200211022EF
:10D2F000060006A81D0007F021FA3B4C0122002180
:10D300002000FFF714FA002803D1072322881343D3
:10D3100023807068346803F0A0F984424ED800245A
:10D320002C600623B17A707A304AFFF733FA737AA9
:10D33000050002930823F35626002D4F0393019412
:10D34000294B01221B88234113420FD101340C3792
:10D35000102CF5D1002E3BD00020711E03F0A6F951
:10D3600006AB1B5C049A002513702CE03B68002B75
:10D37000ECD0029B002B1BD00822397ABA56090741
:10D38000039812110917FFF7AFF90028DED07B7A56
:10D39000164A1B019B18DB68002B04D1731C06AADC
:10D3A0009455DEB2D2E7019B0133DBB20193CDE7A6
:10D3B0000723012223411342DED1C7E77068356895
:10D3C00003F04BF92D1A0120059B1D600BB0F0BD39
:10D3D000019B0120B342F7D10723034A019D118825
:10D3E00028000B431380EFE7BE0C0020D000002084
:10D3F000C00C0020F0B5002585B002ABDD710379CB
:10D400000600009303200F2B46D833680722187AB2
:10D41000290000070017FFF767F9040008203368A8
:10D420002900185607220011FFF75EF961424C41AE
:10D4300041424841376801213B7A20431A075BB2D9
:10D4400012171B119A4200DC291C08430099C4B230
:10D45000022914D8D51705211800AD1A0722FFF7A5
:10D4600043F90C22ED0F25434442444100993768AB
:10D470004A43184B3968D3582C43994226D102AB02
:10D480003868D91DFFF7FAFA01256840C0B2002CB0
:10D4900004D004000534E0B205B0F0BDA04201D0D4
:10D4A0000420F9E70C22009F0A4B5743FF1838006D
:10D4B000316807F089F9009A02AB9540DB792000CA
:10D4C0007B72054B1A8815431D80E5E7002CE1D1DE
:10D4D000E6E7C046C00C0020BE0C002010B5047862
:10D4E0000021022C0CD90C22130063430548C018FC
:10D4F00007F024F9210010220348FFF703F9010087
:10D50000080010BDC00C0020BE0C00205023F0B558
:10D5100087B003AC237203790700102B29D10026B2
:10D520000325072D16D83B68995D9B1921605A7811
:10D5300012020A4322609B781B0413436422534364
:10D54000002223606260934209D168460570FFF7AC
:10D55000C5FF09E00023236023726360F5E701A89B
:10D5600001940571FFF746FF0135EDB20336102D2A
:10D57000D7D107B0F0BD13B50268037914686846C7
:10D58000002C06D10370FFF7A9FFA0420ED0033490
:10D590000CE000920371FFF72DFF0224042805D050
:10D5A000013C052802D00024A042F0D0200016BD86
:10D5B0000C2102780E4B514370B5CD585B185B7A45
:10D5C0000C4A1B01D2180400837890780222A256DC
:10D5D00041B2914200DA181CA268616840B2FFF7BC
:10D5E0000BFA054B0100A28928005B6C984770BDBF
:10D5F000C00C0020D0000020E0770108891A081C28
:10D60000090600D50020C0B2704700000023214A5F
:10D6100070B51370204A21491360214A1360214AD2
:10D620001360214A137001220A7020490A702049B0
:10D630000B7020490B7020490A8020490B7020494B
:10D640000B7020490A702049204A08888C1C1080E1
:10D65000E47F901CC47710000C002430243460CC8C
:10D6600060C0888D9085086B496B10635163184AC0
:10D670001370184A1370184A1370184A1268002A57
:10D6800004D1174B1A70174B1A7070BD5362926A0F
:10D69000F5E7C046151000201C10002031010020C5
:10D6A0001810002010100020970E002030010020DC
:10D6B000C40D0020960E0020940E002009100020BA
:10D6C0000810002032010020980E0020D00E00200B
:10D6D0000C1000200B1000200A1000202412002043
:10D6E0008A0E0020890E002037B584180B4A01AB42
:10D6F000127859709A700A4A190012780D321A700D
:10D70000084A1078FEF7E8FE031C80B2FF2800D913
:10D71000FF2300209BB2A34240413EBDFC0E0020EF
:10D72000211200206012002010B50C4802F052FFB8
:10D730000B4B1B78002B07D001220421094B1A70D8
:10D74000094A13688B431360084B1B78022B04D1E2
:10D75000074A0E3311780B43137010BDC80D00201B
:10D760000C100020C40D0020800E00202312002089
:10D77000800D002040230D4A10B511680B43136043
:10D7800000220B4B1A700B4B1B78934201D0FFF712
:10D79000CBFF1223084A094811780B43012113706B
:10D7A00002F044FF054802F0A9FE10BD800E0020E3
:10D7B000091000200C100020800D00206C0E0020AD
:10D7C000044B10B5DB6B002802D10800984710BD50
:10D7D0000020FBE7E077010870B5194802F0FAFE77
:10D7E000184B194C1B78194D23706B6A63602B0022
:10D7F0002D331B782374164B1B7863740123E37459
:10D80000144B1A78144B002A17D1A2681A70134BC4
:10D8100021001B78023B5A425341A374104B114A1A
:10D820001878FEF7A7FE002806D0A07CE968FFF76D
:10D83000C7FF0D4BE27C1A7070BD1B78A360E6E752
:10D840000C0E00208A0E0020DC0D0020D00E0020DF
:10D8500021120020E20A0020E30A00202312002007
:10D8600060120020A80D0020810D002010B50A4B89
:10D870001B78022B0DD0094B5B6B98470222084B9B
:10D880005A70084B5A701023074A11780B431370D3
:10D8900010BDFFF7A1FFF1E723120020E077010898
:10D8A000900D0020840D0020800D0020F0B589B07F
:10D8B00002F0CDFE3A4E03903378022B4DD0394B17
:10D8C0005B6B9847384B394A1B78394F394C029279
:10D8D000002B55D0384B3948196802F0A7FE37485D
:10D8E00002F00CFE3378364D022B39D1162304AAF0
:10D8F0001371029B05A91878FEF7EEFD29684118FF
:10D90000304802F093FE2F4802F0F8FD2278002301
:10D91000120703D52C4B1B785A4253412B4A06A9B8
:10D9200013702B4B2B4A1B7813700B702A4B1B78F0
:10D930004B70039B4B60029B1878FEF7D7FD274B7B
:10D94000039A1A603B78002B05D1254A5370254A6B
:10D9500013780133137009B0F0BDFFF73DFFB1E755
:10D96000214B29681800019302F060FE019802F033
:10D97000C5FD3378022BB9D03B78002BB6D1C5E773
:10D98000174A53700422104B5A702378002B01D190
:10D99000013323701023227813432370B6E7C04667
:10D9A00023120020E07701083201002060120020DD
:10D9B0000C100020800D0020080E0020200E0020FA
:10D9C000040E0020C80D0020840D0020880E0020C9
:10D9D0008A0E0020890E002015100020900E0020D5
:10D9E000900D0020970E00200C0E002070B51948F5
:10D9F00002F0F0FD0022184B184C1A70184B194D0C
:10DA00001B782370184BDB7FE3702B002D331B78C2
:10DA100062822374154B1B786374154B1A78154B6F
:10DA2000002A13D1A2681A70134B1B78022B02D163
:10DA3000124B9B6B9847124B2100124A1878FEF745
:10DA400099FDE968A07CFFF7BBFE70BD1B78A36061
:10DA5000EAE7C046200E0020810D0020F00D0020D6
:10DA60008A0E0020D00E0020D20E002021120020AD
:10DA7000E40A0020E50A002023120020E0770108D4
:10DA800060120020A80D002010B5184C2378022B3E
:10DA90001ED0174B5B6B9847164A174B11781B78B3
:10DAA000164A002917D18B4202D0154B0331597009
:10DAB00003235370134B186802F0CFFD124B1B6801
:10DAC000984204D31023114A11780B43137010BDF0
:10DAD000FFF782FEE0E7002B02D00421084B5970CB
:10DAE000042353702378022BECD1F0E7231200209B
:10DAF000E0770108810D00200C100020840D00202B
:10DB0000900D0020900E0020040E0020800D0020BB
:10DB100010B5184B1B78022B1ED0174B5B6B984728
:10DB2000164A174B11781B78164A002917D18B42D9
:10DB300002D0154B0531597005235370134B1868EB
:10DB400002F08BFD124B1B68984204D31023114A3C
:10DB500011780B43137010BDFFF73EFEE0E7002B7A
:10DB600002D00621084B597006235370094A0A3324
:10DB70001178EEE723120020E0770108810D0020E4
:10DB80000C100020840D0020900D0020900E00202D
:10DB9000040E0020800D0020F0B58FB00793002305
:10DBA00007000C0004920393049B9C4201D30FB026
:10DBB000F0BD385D651C0238EDB20828F7D8F2F7E1
:10DBC00093FA09001900E200010149016F01E30124
:10DBD0000B023F020122D24B1A700022D14B5A7025
:10DBE0007A5DE51C02341A72E4B23A5DEDB25A7203
:10DBF0002C00D9E700230B2606AA53729372B6189D
:10DC000009AA33701370039B002B00D08DE06B1EAC
:10DC1000FB180B93049B0BA91C1BC34B0C711B78AB
:10DC2000C24C8B71C24B1B784B716378CB712378DC
:10DC30000B72631CDB7F4B72BE4B1B7801929C46C0
:10DC40000A2306AA10009B180922009612186046A3
:10DC5000FEF7A9FCC34305905B0745D10122B04BF9
:10DC60001A7006AB5B7AB44A637006AB9B7A127883
:10DC700023703378934201D913003270AF4AD377BF
:10DC8000AF4C200002F072FD0028F9D1AD4B1B789B
:10DC900083425DD0AC4802F069FD0028FAD1AB4B5D
:10DCA0001A78012A00D11870A94B1B78002B3FD19C
:10DCB000092106AA5156A74802F058FD0028F7D1BD
:10DCC0000A2106AA5156A44802F050FD0028F7D1B7
:10DCD00006AAD17AA14802F049FD0028F8D1200017
:10DCE00002F044FD0028FAD109AB1C780521200080
:10DCF000F2F704FA9A4AC3B2117880225242521AB9
:10DD000000219C46974BD2B2013A1B78964E069260
:10DD10008C4528D1039A002A04D00121934A11701E
:10DD2000904A1370013C2D19EDB2012303935FE774
:10DD3000092106AA51568E4802F018FD0028F7D195
:10DD4000200002F013FD0028FAD1814B1870CBE7B8
:10DD5000884802F00BFD0028FAD1200002F006FDF1
:10DD60000028FAD1C0E7069A934209DA0322581C28
:10DD7000F254059AC0B2325401220233DBB203924C
:10DD80000131C9B2C4E701221000654B02341A7098
:10DD9000795D794B88401970784B1880704B7148C9
:10DDA0001D7880235B425B1B0178DBB28B4201D87C
:10DDB000E5B21DE74B1C037004206B4B58546B4BB2
:10DDC0001A70F5E707217B5D0BAE1A090A407270E5
:10DDD0000F2213403370221DE31CDBB2D2B2FB5C76
:10DDE000BA5C651D023412041B02E4B213433A5DAF
:10DDF00031001343642253430C934E4BEDB2187819
:10DE0000FEF7E1FB07230340072B0BD10122444B14
:10DE100031781A705A4A454B11700C9A5A627278CE
:10DE20000233DA774E4A4F49147880225242121B4D
:10DE3000D2B20B78013A934200DBD9E605244A4A74
:10DE4000D4549C1C0133DBB20C70D0540122474BDC
:10DE50001A70CDE60122324B1A704A4B1B68002B18
:10DE600002D01B68002B19D1FE203D4A3D49147891
:10DE700080225242121BD2B20B78023A934200DB4C
:10DE8000B6E60624384AD4545C1CE4B21055D81CBB
:10DE9000087002330799DBB2D154D7E79847E4E71B
:10DEA00001221F4B211D1A70E21CD2B2C9B2BA5C0A
:10DEB000795C120209041143A21CD2B2BA5C7B5DE8
:10DEC000114364224A430B920022A51D0534E4B29B
:10DED0000C9209AE3A5D33710BAB1A720993FDF7E0
:10DEE00041FAEDB20321002805D1124B3100187818
:10DEF000FEF773FB01001A4A1A4814788022524236
:10DF0000121BD2B20378013A934200DB70E6072479
:10DF1000154AD4549C1C01330470DBB2BCE7C046E4
:10DF200066060020840D002014100020D00E002072
:10DF3000FC0E00206012002057060020D10E0020A9
:10DF4000996C0108E70A0020AF7401083301002032
:10DF50006D120020BE740108D9740108F074010824
:10DF60000810002009100020880F00200A1000204F
:10DF70000575010841750108960E0020940E0020D9
:10DF8000F80E0020640E00200121464B0234197067
:10DF90000F237A5D1A40131C002A00D10B1CDAB241
:10DFA000FA23FA219B0053433F4A890013615B180F
:10DFB00053613E4B3E49187880235B421B1A0A7816
:10DFC000DBB2934200D8F3E6531C0B700821394BA7
:10DFD00099540122384BF3E6A31C05937B5D0BADEE
:10DFE0009A06D20F6A70DA06D20F2A700F221340F7
:10DFF000AB70324B29001878FEF7F9FA01301CD0CB
:10E000000126284B284C1E702B88A385AA782C4B00
:10E01000985C04F0D3FD254B2063187880232449B5
:10E020005B421B1A0A78DBB2934206D993190B7034
:10E030000921204B9954204B1E706B461D7DD7E55E
:10E040000126184B0BA91E707B5D221D0B70E31C73
:10E05000DBB2D2B2FB5CBA5C651D02341B02E4B2D7
:10E0600012041A433B5DEDB21A43642353434B60E1
:10E07000124B1878FEF7C5FA0C4A0D491478802225
:10E080005242121B0B78D2B29A4200D8B0E50A2451
:10E09000084AD4549C1C9B19DBB2D054064B0C701C
:10E0A0001E70A5E566060020D00E00200810002096
:10E0B00009100020880F00200A10002060120020A4
:10E0C000487E0108F0B50F000021D34D95B0DBB2BA
:10E0D00009932B74D14B04901B78D1486B74D14BAE
:10E0E00001715B6B1191EA8169806971A960A981F5
:10E0F000A974696129709847CB4802F06BFA049BB8
:10E100001B78580901380893062800D970E2F1F706
:10E11000EBFF07006F02AE006F02AE006F025F02FE
:10E12000C24B05931B78002B08D001236B70FFF7BF
:10E1300021FB0122BE4B1A7015B0F0BDBD4D0498F5
:10E14000BD4B791E2A6889B20130069301F072FF37
:10E15000BA4C089B391F2A68237089B211AB200082
:10E1600001F042FFE219D31E911E1B7809781B02B1
:10E1700009040B43111F013A097812780B43120668
:10E180001343119AAE4E9A426ED1AE49AE4AAF4B8E
:10E19000128800912868069901F06CFF6379A179D3
:10E1A00020791B02AA4A090403430B431360237A14
:10E1B000E2791B021343627AA64912041A43A37A36
:10E1C000A54D1B0613430B60E37AA4495A06520F70
:10E1D000CA770F212A000B4028321370227B0A4095
:10E1E000131C002A00D10123DAB2FA239B00534307
:10E1F000FA2292002B619B186B61994B12AC113F74
:10E2000012932771FDF7AEF8002804D1954B210039
:10E210001878FEF785F90023059A7370013313709F
:10E22000914B1B78002B1BD0904B5B786B70904B05
:10E230001B78002B00D0E2E18E4B1B78022B02D121
:10E240008D4802F0C7F910238C4A8D4811780B4392
:10E250000121137002F0EAF9894802F04FF96BE7E7
:10E26000FDF742FA6870E2E707237370DFE7854B3A
:10E2700010A91B788B702B794B70834B1B780D3357
:10E280000B70784B1878FEF727F93B000D3B1A040A
:10E2900003D41BB2834200D947E7049A049B9278C7
:10E2A0005B7812021A43049BDB781B041343049A25
:10E2B000127912061A43674B06921B68934264D088
:10E2C000724B1C68002C01D10B232FE72368069AA0
:10E2D000934258D1231D0A9310330D930123666A8C
:10E2E0000B93049B5B7907931B071B0F0C93049BF9
:10E2F000DA19D31E911E1B7809781B0209040B43FF
:10E30000111F013A097812780B4312061A43049B35
:10E310000E929A79DB79391F1B0213439B1B9AB229
:10E320000F9218B289B211AA1B0438D401250F9B91
:10E330000292F6180A9A069B04980196009501F03D
:10E3400087FD119B0E9A0595934208D0504B1B7880
:10E350000593002B03D000224E4B05921A604C4BC4
:10E360001B78002B30D115330CAA13743D4B10A928
:10E370001878FEF7B1F80F9B834225D30A22264B6B
:10E380005A705E61D3E6A46A9CE7424B00241E6883
:10E3900000230B932B4B0D932C4B0A93A1E7802367
:10E3A0005B02F51801232D18029200930A9A069B2E
:10E3B0000498019501F04CFD119B0E9A9342C5D132
:10E3C00001232E000593CAE7059A134B002A00D1BA
:10E3D000FCE00125304A0B991570002299700799CD
:10E3E0005A70C906C90F59710D499A604A702B4974
:10E3F0001A730A602A495E610A700B99A94200D01B
:10E400008FE002321A70636AB3424BD1002E49D0BA
:10E410000822014B5A708AE6A40D0020810D0020CD
:10E42000900D0020E07701080C0E00201510002050
:10E430006B12002054120020211000202010002018
:10E44000840D0020321200203012002042120020E1
:10E450002C12002028120020D00E0020D20E002006
:10E460002D1000206012002014100020980E0020B3
:10E470000C10002023120020C80D0020800D002069
:10E480006C0E0020FD0E002021120020241200201E
:10E49000B00C0020181000205C0600201010002096
:10E4A000081000200023666208935B480C9A0178EC
:10E4B0000832012955D1079B9B060AD50024574BEA
:10E4C0001C70079B9B06DB0F037155488374554BEB
:10E4D00019700F23079C1C403B1F934270DD0C9B5F
:10E4E000093307930799049B7D1A9B5C4C4F043DAD
:10E4F000EDB2FB70002B48D19C4235D101234A4F2D
:10E5000004980A9A401800932900069B02970196E6
:10E5100001F05CFD2A0021003800099BFFF73CFB5D
:10E5200027E01F20089C4149844320000968404C93
:10E53000A0280CD11D700B00711A5A1E93414A423B
:10E540005141194025700891384B1E60ADE722708B
:10E550001A708E4202D1002E00D059E70023089392
:10E56000F2E700212D4BB3E72B4ABB741371059BD7
:10E570000893089B06209A00022313432D4A034068
:10E58000117881430B43137051E6002C04D008210D
:10E59000099B0498FFF700FB01960126079B04984E
:10E5A000214CC0182900069B0D9A0294009601F098
:10E5B0000DFD089B002BDCD1BC603D737E73D8E75A
:10E5C000002CD6D00821099B0498A7E70C2221E74C
:10E5D000154C04993A000131200002F072F803232F
:10E5E000144A2B807B1E2B7311780223AC60C9E781
:10E5F00001246C70FFF7BEF80F4B1C7017E6064B3A
:10E600001B79002B00D01BE60C4A0D4B12781B78AF
:10E610009A4200D817E613E6900D0020091000205A
:10E62000A40D00206E1200202010002018100020E1
:10E630000B100020800D00206B1200203001002004
:10E6400031010020174B70B51B78002B28D01648DD
:10E6500002F08CF80028FAD1144802F087F800285C
:10E66000FAD10725124C1348E17A0909294002F032
:10E670007DF80028F6D10F25E17A0F48294002F0F5
:10E6800075F80028F8D10D4C0D48216902F06EF89C
:10E690000028F8D10B48616902F068F80028F9D128
:10E6A00070BDC046E70A0020996C01085975010841
:10E6B000201000206875010879750108D00E00202F
:10E6C0008A750108A1750108F0B58FB0059314ABE8
:10E6D00006921A8800230C00BE4DBF490A930B70A6
:10E6E0002B80059BBD4E591E8B4101785B423170DA
:10E6F0000078BB4F1A40D3B200063B70400F07288A
:10E7000000D964E1F1F7F0FC0800630149006301FE
:10E71000460063016301540101232B80B14B0822A1
:10E720001968B14801F0D6FF2888B04B083080B294
:10E73000196808222880301801F0CCFF2B88083394
:10E740002B80AB4BDB699847AA4BAB4A18802B88D0
:10E750001268F054991C01339BB2000AF0542980CE
:10E760003000C9B20AAB01F03FFC2B880A9A591C51
:10E77000100A89B2F2547054991C89B2100C70546A
:10E78000191D03339BB2120E2980F2540023180086
:10E790000FB0F0BD0122904B1A70984B1A780723E6
:10E7A000002AF4D02378964E1B060BA9DB0F4B7082
:10E7B000336801254B60934B0D701A88924852BA0A
:10E7C0000A811A002C32127800788A728F4A0096D9
:10E7D000FDF7B7FE4022284083012078904318437C
:10E7E0008B4B20701A78002A04D000221A70202344
:10E7F00003432370874B794F07931B68864E1A0A91
:10E800007B70BA701A0C1B0EFA703B71237830784B
:10E810007B71824B824D08931B688249BB711B0A36
:10E82000FB71814B40191A78099301F04AFF099B4B
:10E8300032781B780599D218D2B27C4B32700029FD
:10E8400000D185E066490878002800D180E01B7877
:10E850000826002B13D00F2A75D80F20237819070C
:10E86000090F5118014083430B4323707B71002330
:10E870006F4899B2914262D316000836F6B200236F
:10E880006A4967480B701900664D09908A4268D83A
:10E89000654A1370002B02D00122644B1A70059B4D
:10E8A000002B1AD04E4B1978002916D05B4A4B4DDD
:10E8B000584B1068741C069AE4B2AA551B68651977
:10E8C000002A6FD1544A069E16705A4A029501904A
:10E8D0000096059801F0FEFA2600574B404A1B7837
:10E8E000012B03D0554B1B78012B0AD1544B0699B1
:10E8F0001970544B11781970534B05991E70534B76
:10E9000019601178334C71180AAB21800293089B6F
:10E9100038001B68474A019300230093079B1B683C
:10E9200001F096FA0A9A2188100A7B187A545870D6
:10E930000431100C120E9870DA70218026E7E95C21
:10E94000C154013395E70A7000230595069396E7B5
:10E950000826002A93D01B78002B90D0204B1A70E9
:10E96000F2E70998445CE01E07280FD8F1F7A8FBEE
:10E97000180E041618110E04EC540131284CC9B2BB
:10E98000581C645CC0B20233DBB22C540131C9B2F2
:10E990007CE70824581CEC54C3B2F7E70231F5E7D2
:10E9A0000131F3E701900020294A0295009090E799
:10E9B0000599002900D1E9E6002B00D1E7E60A48D5
:10E9C000D2B201F07EFE3B7801332B80DEE60223DB
:10E9D000DDE6C046201100200C100020221100208E
:10E9E0001F11002058120020231100205C1200206B
:10E9F000E07701083012002054120020151000208A
:10EA000010100020D00E002060120020D10E002037
:10EA10000B10002028120020091000201C100020DC
:10EA2000880F0020080F0020081000200A10002086
:10EA30002A11002042120020580600205A06002009
:10EA40006A1200206912002068120020641200205F
:10EA500032120020F0B587B06B46DF1D002302ACF8
:10EA6000334D3B7020706B7863702B78A3702B6BE9
:10EA700063606B6BA3602F4B1B88A381F1F732FEA1
:10EA80002D4B1B78002B42D001F0E1FD0600310038
:10EA90002A4801F06BFE0028F9D1294B2948196852
:10EAA00001F064FE284E294B3A002100187833000B
:10EAB000FDF76CFD0121264A264B5170597069788B
:10EAC000254891703978D170316859609160FA2188
:10EAD000890001F0ABFD204801F010FD1F4B1B78B1
:10EAE000002B03D11E4A13780133137000241D4BF1
:10EAF0001D481C700F4B19781C4B1B6B984701234A
:10EB000020001B4A11680B43136007B0F0BD194E7B
:10EB10003378002B06D1184801F028FE0028FAD1DE
:10EB200001233370154801F021FE0028FAD1B4E723
:10EB3000D00E002020110020E70A0020B87501083F
:10EB40001C100020EA750108C00D00206012002092
:10EB5000900D0020840D00206C0E00201510002068
:10EB6000BD0D00205B06002022110020E077010887
:10EB7000800E00206C120020C0750108996C0108FD
:10EB80000023F0B589B00493614B1A780923FF2A5A
:10EB900000D1A4E05F4E002A00D132605E4A5F4B94
:10EBA0005F4F1B780392127805AD2A70EB703A78AC
:10EBB0005C4BAA70186801F050FD5B4C68602368DC
:10EBC0002900AB60594B1B786B70594B1878FDF7D7
:10EBD0002CFD584B1A882368013A53433268564C2F
:10EBE0009B180593336063782B723B78AB72039B61
:10EBF0001B786B72514B1B686B60514B4C4F0393EE
:10EC000038782900039A009604ABFDF715FD00281B
:10EC100036D021000122A31C3D78DB7F2D31280056
:10EC2000A25609785BB2FDF71CFD464E227A00968B
:10EC300041B263682800FDF792FC2821424D3878E4
:10EC4000227A615600956368FDF789FC324F3B7864
:10EC5000002B1CD1F168A3693C4A5B181360E9687A
:10EC6000E3693B4A5B1813603A4B04991B78002B0D
:10EC70004BD0002936D1324B1878FFF7EBFE2DE050
:10EC8000354B2D4A5B785BB253702B72B5E701218F
:10EC9000324B61561A78324B1878FEF725FD08235F
:10ECA00000281CD0F1682369284A5B181360E968C2
:10ECB0006369274A5B1813603B780499002BD3D013
:10ECC000039B0029D8D01023264A10680343264806
:10ECD000136001F0ABFC244801F010FC0023180085
:10ECE00009B0F0BD10231F4A1F4C10680343136086
:10ECF0001E4B1A881E4B53438B4204D2200001F056
:10ED000095FC2000E8E71900F8E79942B3D0DAE76C
:10ED1000960E00208C0E002015100020890E002079
:10ED20008B0E0020840E0020C00D0020880E0020D5
:10ED300060120020940E0020D00E0020900E0020C3
:10ED40008A0E0020F00D0020DC0D0020080E0020AF
:10ED5000040E002067060020980E002009100020F5
:10ED60001F110020800E0020340E002064000020BF
:10ED700060EA000030B50D000A4C85B0247803A984
:10ED8000E4010C70009313002A00FFF79DFC00289B
:10ED900006D1054A054B12689880DA60FFF7F0FE4D
:10EDA00005B030BD141000201C100020900D002074
:10EDB00010B5174886B001F00DFC1021154A1368F4
:10EDC0008B431360144B1B781B071CD5134B1C780B
:10EDD000002C18D1FEF71AFC114B05A91B78013342
:10EDE0000B80104B1878FDF716FC0F4B04A95870D8
:10EDF0000E4B03A81B780470DB010B70220023006C
:10EE00000094FFF761FCFFF7BBFE06B010BDC046E3
:10EE1000340E0020800E0020800D0020840D002084
:10EE2000BD0D002060120020D00E00201410002024
:10EE3000F0B5934B8BB01800059301F0CBFB914CD0
:10EE40002178CB0639D5904B1A68500602D541205F
:10EE500082431A600922114200D06BE000228B48E5
:10EE60000078002807D1824205D1080700D577E055
:10EE7000CA0700D592E02278834D854B920700D4D3
:10EE80003AE1844A1178844A1079002804D18348F1
:10EE90000078884200D32FE1002018707B4B187057
:10EEA0007F4B1B78834203D17E48036801330360A4
:10EEB000517101222B6893432B600221724A13681F
:10EEC0000B4201D08B431360002B00D0D2E101250F
:10EED00023781D4207D0744B6F481B681B68984706
:10EEE0002378AB432370082523781D4207D06E4B4F
:10EEF0006E481B689B6898472378AB4323701022A9
:10EF000023789343237023789B0711D5684B1B7894
:10EF1000022B01D1FEF760FC23785B0704D4624B1F
:10EF200064481B685B6898470622237893432370E4
:10EF30000BB0F0BD58484278022A04D05B4A5278A0
:10EF4000022A00D08AE701221D685B4E95431D60AE
:10EF5000002535704F4E05713678856046717EE725
:10EF600052480578002D19D15449097881724078AA
:10EF7000A84208D14B490A6051490A7001211A6818
:10EF80008A431A6077E74F4A12788A42F6D91022EC
:10EF9000237893432370FFF70BFF6CE70222484866
:10EFA0000A404949CD7F01788D424FD9002A55D179
:10EFB000464B1B78012BEAD1394B1F78002FE6D145
:10EFC000384E434A3568099701352B0AD371414BB6
:10EFD00095711868404B35601978404B1B68069353
:10EFE0003F4B1B789C4613003E4A634407931378BB
:10EFF0009C46BB423DD1304A1370079B3A4A02936C
:10F00000634601950093069B00F064FF374D09AFFE
:10F010002988029736682E48019600260096060039
:10F020002E4B0439304A1B6889B200F011FF288842
:10F03000099B3018021F1370190AC21E1170821E1C
:10F04000190C01381B0E11700370A0E7002A05D1BE
:10F0500019490A7026490A6801320A6000220270C2
:10F060000F4A1278002A89D10E490A6801320A60D3
:10F0700084E7079B1F4A029301950097C3E7C046A8
:10F080006C0E0020800D0020800E00200C1000204F
:10F09000C40D002030010020900D0020310100201F
:10F0A000161000201C100020680E0020840D002087
:10F0B00023120020A40D002009100020BD0D002007
:10F0C000970E0020BC0D0020D10E00205806002015
:10F0D0002211002064120020691200202812002052
:10F0E000681200206A120020421200202011002025
:10F0F00010100020321200201A78002A00D1DCE61D
:10F100002968102208001040114200D0D5E65E4E5A
:10F110005E4A1870127833789A4200D88FE0082B34
:10F1200000D98CE001333370594B1B78012B47D148
:10F13000584B1A78584B002A02D11A6801321A60CB
:10F14000002294461E680992544A554D330A12789B
:10F15000EB71544B521918680692534B534A197865
:10F160001778534BAE711B68674544D1514A1770ED
:10F17000514A01960792069A00970292079A00F068
:10F18000A9FE4E4E09A8318802904348484B0068BA
:10F190000439019000200090474A28001B6889B27A
:10F1A00000F056FE3288099BAD182A1F1370190A09
:10F1B000EA1E1170AA1E190C013D1B0E11702B7056
:10F1C000314E3378DB070DD5242309A90B703C4B56
:10F1D0003C4D1B788B706B784B703B4B1878FDF770
:10F1E0007BF96870FFF7CCFC00280BD11022237844
:10F1F0009343237061E601966646069F334A029761
:10F200000096BCE70922324B2A485A70002202704D
:10F210000120304D1A712968814329602E490A70F6
:10F2200032785A71274A52789A701A4B1B78002B01
:10F2300000D042E6184A13681B1813603DE6224BC3
:10F2400001211878FDF759F901222B6893432B60AF
:10F250000023184A1370204A13701D4A1371337823
:10F2600053710C4B1B78002B00D026E60A4A13681A
:10F270000133E2E7FA210598890001F0D7F90598F2
:10F2800001F03CF93FE6C04630010020310100208A
:10F290005A060020161000201C10002068120020C2
:10F2A0002211002064120020691200206A1200203E
:10F2B00028120020091000204212002020110020F6
:10F2C000FC0E0020D00E0020601200203212002020
:10F2D000900D0020800E00200C1000201FB5694604
:10F2E000104B1B780B70104B5A7888814A701A7833
:10F2F0008A701A6B5B6B019202930C4B1878FDF7C6
:10F30000A9F9FA210A48890001F090F9084801F0AA
:10F31000F5F801230020074A11680B43136004B07D
:10F3200010BDC0468A0E0020D00E002060120020C2
:10F330006C0E0020800E002010B504000A4B08005F
:10F340005B6C51B222009847FA210848890001F00D
:10F350006DF9064801F0D2F80123054A0020116832
:10F360000B43136010BDC046E07701086C0E00200F
:10F37000800E0020F7B505000F001400002802D110
:10F3800003263000FEBD0368002BF9D04368002B34
:10F39000F6D08368002BF3D01000FDF798F80A260A
:10F3A0000028EED00026764B6A461D60754B764DE0
:10F3B0001F600127754B01A91E70754B20001E7040
:10F3C000744B2C701E60744B1E70744B1F70744B0A
:10F3D0001E70744B1E60744B1E600F231371FDF77B
:10F3E0007BF8421E9041714B0A2118706B462878B9
:10F3F000197101A9FDF770F86D4C6B46207006205D
:10F4000001A918712878FDF767F810236070684625
:10F4100001A903712878FDF75FF81123E0606846C1
:10F4200001A903712878FDF757F812232061684677
:10F4300001A903712878FDF74FF81323606168462E
:10F4400001A903712878FDF747F81423A0616846E5
:10F4500001A903712878FDF73FF81723E06168469A
:10F4600001A903712878FDF737F8A31CD877182372
:10F47000684601A903712878FDF72EF81923606208
:10F48000684601A903712878FDF726F82300283380
:10F4900018701E23684601A903712878FDF71CF82F
:10F4A00023002C3318701F23684601A903712878A4
:10F4B000FDF712F823002D3318702023684601A9A8
:10F4C00003712878FDF708F821232063684601A915
:10F4D00003712878FDF700F8310060632878FDF7A4
:10F4E0000CF8E319DF7706230A222372314B62609E
:10F4F0005A6006221A72E268DA6022691A61626949
:10F500005A61A2699A61E269DA61DB19DF77FEF775
:10F510007DF82949294800F0E9FFFA2127488900A8
:10F5200001F084F82649274800F0E0FF26492748E3
:10F5300000F0DCFF2649274800F0D8FF264927487D
:10F5400000F0D4FF01F083F8254B264C18602648C4
:10F55000264B0360264B8360264B0361264B43609A
:10F56000264BC360A3689847E369984701F098F871
:10F57000234B38001F70236E9847636B984700E752
:10F58000680E0020640E002060120020800D002014
:10F5900023120020800E0020BD0D0020BC0D002095
:10F5A00021120020900E00208C0E00208B0E0020D7
:10F5B000980E0020D00E002031EE00086C0E0020C6
:10F5C000B1ED0008340E0020EDD90008200E002017
:10F5D000D9D700080C0E002029D70008C80D00203C
:10F5E000840E0020E0770108480E0020ADD8000806
:10F5F000C5E0000811DB00086DD8000889DA0008B2
:10F6000022120020F0B5334A8FB0079053780E00D5
:10F6100006A98B730F2312785B181A700322002E31
:10F620004DD02D4A002704922C4A0BA90592049A2A
:10F630002B4D1478059A0F70127806A8A418294A41
:10F64000E4B212784A70284A944612684A602A88BE
:10F650002C3552BA0A812A788A72244A0692127884
:10F660000392624600920E2212180398FCF769FF7B
:10F670002B780AA98B7006AB9B7B4B701C4B1B78BD
:10F680000D330B70069B1878FCF726FFC0B2707024
:10F69000A04217D3001B30700E2106AA51560798BE
:10F6A0002200FEF721F8002808D1124B08221B780F
:10F6B000834204D0049B1870059B18700022100030
:10F6C0000FB0F0BD049B3C001F70059B30701F7095
:10F6D000E2E7C046980E0020091000200810002024
:10F6E000D00E002014100020101000206012002006
:10F6F00021120020AF0C002013B504000320002CC1
:10F7000017D020781D2800D96AE0F0F7D9FC0F1334
:10F71000181A1D1F2224262832373C3A3E414447FE
:10F720004A4D50535755595B5D5F62652D4B1B78B1
:10F73000237116BD2C4B1B7823710020F9E72B4B4E
:10F74000F9E72B4B1B6802E02A4BFBE72A4B63606F
:10F75000F3E72A4BFBE72A4BEDE72A4BEBE71D23A8
:10F760006A461371284B01A91878FCF7B5FE606052
:10F77000E3E7264B043406CB06C4DEE7244B04340F
:10F78000F9E71B23ECE71A23EAE7224BDB7FD3E7F9
:10F79000214BDB68DBE7204B1B69D8E71E4B5B691D
:10F7A000D5E71D4B9B69D2E71B4BDB69CFE71B4BB2
:10F7B0005B78C1E7184BFBE7184BBCE7164BBAE781
:10F7C000174BBFE7174BBDE7174BBBE7124B5B6807
:10F7D000BDE7114B1B7AAFE70F4B5B6B6360ACE788
:10F7E0000220A6E72312002015100020141000208C
:10F7F0002C12002028120020421200203212002079
:10F80000221200202112002060120020F40E00209D
:10F81000BC0E0020D10E0020D00E0020980E00203B
:10F820001C1000201810002024120020F0B5040045
:10F83000032685B0002836D0A44B1A6801231E0089
:10F840001A4230D105781D2D00D93DE12800F0F78E
:10F850004BFC1E003300370039003E0040004600DC
:10F860004E0055003B0157009800BA00AA00C9009D
:10F87000D100D500D900DD00E100E500F50011015F
:10F880000201250127013B0129012F0135012679BC
:10F890008F4B1E70002E03D0022E07D02E0002E0E8
:10F8A0008C4B5B6B9847300005B0F0BD00228A4B53
:10F8B0001A70FDF791FFF1E7884B22791A7004E086
:10F8C000874BFAE7874B62681A600026EBE7864BA6
:10F8D000F9E761688548002905D10326E3E76168F7
:10F8E0000029FAD08248102200F0EBFEEDE72079E3
:10F8F000804B1870774B1B6E9847E6E77E4BDCE732
:10F90000237A02A97D4F0B703B787D4E0722307819
:10F910004B707C4DFCF7F8FD002800D1D2E02B00A5
:10F920000434243306CC06C3694B1B78022BCCD19C
:10F930006A4B1B78002BC8D02821734C30782A7A68
:10F94000695600946B68FCF70AFE704B30781B78A0
:10F95000210023706B6A6E4A63603B780C26237427
:10F96000654B1B7863740223FF336382FCF702FE4E
:10F97000002898D0A07CE968FDF722FF654BE27C67
:10F980009CE7237A02A90B705C4B07221B784B7013
:10F990005B4B1878FCF7B8FD00289ED05E4B043412
:10F9A00006CC06C391E763686A460293012313738A
:10F9B000534B02A91878FCF7BAFD4342584103267D
:10F9C000404206406FE76368002402936B461C7355
:10F9D0004B4B02A91878FCF7AAFD0326A04200D0E1
:10F9E00073E760E723795A1E0E2A00D975E74B4A60
:10F9F000D3776AE7434B6268DA6066E7414B626837
:10FA00001A6162E73F4B62685A615EE73D4B62688C
:10FA10009A615AE73B4B6268DA6156E7237902AD97
:10FA20002B70374B062218782900FCF76DFD3C4BF4
:10FA3000002800D151E72A785A7046E7237902ADB1
:10FA40002B702F4B052229001878FCF75DFD00284C
:10FA500038D02C4BEFE7237902AD2B70284B0A22CC
:10FA600029001878FCF750FD002800D135E72C4B11
:10FA70002A7823E7237902AD2B70214B0922290034
:10FA80001878FCF741FD0022AA56002804D1130083
:10FA9000283BDBB20A2B15D81A4B0FE7214B12E794
:10FAA000214B10E763681E4A5360164A53600CE707
:10FAB00023791B4A1372134A137206E7114B6268CB
:10FAC0005A6302E70B26EEE60226ECE6800E0020E3
:10FAD00023120020E07701080C10002015100020F0
:10FAE000141000202C1200202812002042120020A6
:10FAF000321200202212002021120020FD0E0020D0
:10FB000060120020D00E0020DC0D00208A0E0020A4
:10FB1000A80D0020810D0020BC0E0020D10E002079
:10FB2000980E00201C10002018100020F0B50400D2
:10FB300085B0002802D1032005B0F0BD554E012745
:10FB40003368190039403B4201D00120F4E7524D9F
:10FB50000C22280000F0CAFD6F702078032800D91D
:10FB600096E0F0F7ADFA02637D8832681023110049
:10FB700019401A42E9D1494B1A78002A04D0197069
:10FB8000474B1878FCF7B9FC6368002BD3D0A36807
:10FB9000002BD0D0E368002BCDD0237C002BCAD023
:10FBA0003F4E02A9222230780B70FCF7ADFC0028F2
:10FBB00007D123236A46307803A91373FCF78CFC22
:10FBC00020740823374A11780B4313702378626836
:10FBD0002B70354B1A60A268344B1A60E268344BC4
:10FBE0001A60227C0024334B1A70334B1C706B4616
:10FBF0001C70FDF70BFD01236A4601A93078938044
:10FC0000FCF709FD2D4B22005870210023006846A7
:10FC1000FFF7B0F8A04200D18EE700220821284B60
:10FC20001A70204A13788B43137085E708231D4A06
:10FC3000244C11780B4301211370234B29701D783C
:10FC400080235B425B1B2278DBB29342E5D9022022
:10FC5000531823701D4B98541D4B197000206BE7EF
:10FC60000223104A2B70117806330B431370A088BF
:10FC7000FFF734FBF2E703230A4A2B7011780533B0
:10FC80000B431370227BA088A168FFF755FBE5E7C3
:10FC90000220C2E7800E0020840D002068060020AC
:10FCA00060120020800D00205C12002058120020FD
:10FCB00054120020BC0D0020BD0D0020D00E0020ED
:10FCC0000C1000200910002008100020880F0020D0
:10FCD0000A1000200023F0B589B0050002930093BC
:10FCE000984203D10324200009B0F0BD454B012404
:10FCF0001A6811231100194001911A42F3D100230F
:10FD0000414F19001422380005AE337000F0EEFCAC
:10FD10003E4B7C701C702B78A34218D0032B60D014
:10FD200000270197BB4225D1394B32781C701F2325
:10FD30001A402133134333702B790193AB6803933B
:10FD4000AB8902930E23EB562700009312E0E97B68
:10FD50002F4A1F0011701F22317811409F3A0A4329
:10FD600032702A790192AA680392AA8902920E221D
:10FD7000AA560092022406A9264B0C701B78264E28
:10FD80008B70264B1878FCF7A7FB002FABD0244BC9
:10FD90001B78002B14D1009B984200D2180033002E
:10FDA00007AC20702C331B780522A3701B4B21005D
:10FDB0001878FCF7A9FB002800D193E7237873702B
:10FDC000029B039A019905A8FEF7D4FF041E15D1E2
:10FDD0002A780D4B1A700123124A11780B431370C5
:10FDE00081E70B4B32781C7020235B421343337046
:10FDF0006B6803932B8902930A23A4E700220A4B22
:10FE00001A7070E7800E0020900D00203001002055
:10FE100031010020FC0E0020D00E002060120020D6
:10FE200014100020800D00200C10002013B5064B8C
:10FE300001A9040008700F221878FCF765FB002860
:10FE400001D0024B1C7013BD601200208B0E0020ED
:10FE5000F7B50E000700019208AA1B4C1178099A09
:10FE60006171190AA371E171190C1B0E6372130AF7
:10FE7000A272E3721548130C120E23736273E673B9
:10FE8000217201F0CDF80199104801F0D9F8210054
:10FE900010220E4801F0DBF8F2B239000B4801F0F5
:10FEA000D6F80B4C0949200001F033F96378227829
:10FEB0001B021343A27812041A43E3781B06134370
:10FEC0000A9A1360F7BDC04644010020701200205A
:10FED00089140020F0B585B01E000AAB1B78002401
:10FEE0000293364B0B9D1B78009001910392012BDE
:10FEF00045D0334FF0223800210000F0F7FB3A00E4
:10FF00001021039800F02AFE2E4B029A9E715A711E
:10FF1000320ADA71320C1A722A0A9D72DA72360EBD
:10FF20002A0C2D0E5E721A735D73019B1F09BC4271
:10FF30002AD110235B426343019AD518ADB2002D3C
:10FF400020D0214E1F48631C1D4A3100C373240179
:10FF500000F086FE009BE4B218190C9B1A190023CE
:10FF6000C15CF45C6140D154013399B28D42F7D841
:10FF700008E0009B0C9A1B5D13550134E4B2019B11
:10FF80009C42F6D305B0F0BD0F4E0E48631C310005
:10FF90000B4AC37300F064FE00230C9A2501EDB2F6
:10FFA0005119009A5519EA5CF05C4240CA54013379
:10FFB000102BF8D10134A4B2B9E7C046B40C00202C
:10FFC00088130020340100207914002030B585B05A
:10FFD0000A9D08AC24780295099D00940195FFF7CD
:10FFE00079FF05B030BD0000F7B50D0007001E0019
:10FFF0000E48019201F014F801990C4801F020F824
:020000040801F1
:10000000EAB23900094801F022F8094C07492000FA
:1000100001F07FF8637822781B021343A278120460
:100020001A43E3781B0613433360F7BD70120020B8
:1000300089140020F7B51D0004000F000C480021B2
:100040000192F02200F052FB1021094A019800F0C1
:1000500085FD29002000064A00F002FE0F2F06D978
:1000600029002000024A1031103000F0F9FDF7BDE0
:1000700088130020F0B587B000936B460700DA8044
:100080000E00F022002120489D1D00F02FFB1021C2
:1000900038001D4A00F062FD02A81022002100F085
:1000A00025FB6A460123137208336B4431001800A4
:1000B000062200F006FB0F236B44180029000222E1
:1000C00000F0FFFA0099104A02A800F0C9FD02A84A
:1000D0001022002100F00AFB02276B461F72092341
:1000E0006B4431001800062200F0EBFA0F236B443A
:1000F00018003A00290000F0E4FA034A0C9902A81B
:1001000000F0AEFD07B0F0BD8813002030B587B019
:10011000274800F02BFB0028FAD1264B264D1A78F1
:10012000824222D018700323EB7002332B712B0014
:10013000F9331B786B712B00FA331B78AB710123F9
:100140006B70E87801A9FFF75DFA02AC00281AD0BD
:1001500000232370A360A381A373184800F0CEF995
:100160002000FFF7B7FD07B030BD6B78012B02D040
:10017000042BE6D1E3E70223EB702B00F6331B8858
:100180005BBAAB80DDE70E4BE0201B78E9780D4AC7
:10019000002B04D123702071A181A260DCE7012330
:1001A000237080231B012071A181A260E381D4E729
:1001B0000A760108941500209C1400209815002050
:1001C0009A140020A0140020014B18787047C046F4
:1001D0009C140020024A1388013313807047C046E4
:1001E000921500200121054B054A11701A00017A71
:1001F000F9321170427AFA331A7070479C14002059
:1002000094150020F0B56D4C050026780F008BB0DA
:10021000002E4FD1037B042B3DD183681A78012A2D
:1002200039D15A78012A36D19A78012A33D1DB782C
:10023000019393422FD1624B05AF1E702300F6331A
:100240001E802300F8331E802300FA331E70022321
:100250009218FF333A703800E2702380FFF74CFAAF
:100260003A79584B38001A7002233B70019B3B715E
:10027000FFF7DCFA3000FFF7D9FD534800F0AAF988
:100280005249534800F032F95148524900F0CEF932
:100290004F4800F033F92378002B09D14C4800F087
:1002A00099F9AB681B78002B02D1474800F026F97A
:1002B0000BB0F0BD8368187860700728EBD8EFF7B3
:1002C000FFFE0415181D2331385422000023F63296
:1002D00005A813802370023303703A4B1B78037117
:1002E000FFF7A4FA0120FFF7A1FDD4E70223E37092
:1002F000D1E70122324B62701A70CCE70022304BFA
:100300001A7001236370C6E70422287B2271002241
:10031000314EE0700132D1B28842BCD9995C0131D2
:10032000B154F7E7012302AA137305A8FFF7FEFBF8
:10033000B1E7274800F04EF9FA204000F8F78AFEAE
:1003400023000026F6331E80022302A803701D4BF3
:1003500026701B780371FFF769FA02AB1E7306ABB8
:1003600007CF07C33A681A60DFE72A7B032A0CD15C
:10037000013A02A90A735A789B7805A81B02134315
:100380005BBA0B82FFF7D2FBBBE7072AB9D105A8FE
:10039000043A02709A78597812020A4352BA82805B
:1003A000DA781979120409020A4359790A43642157
:1003B0004A4382609B790373E4E7C0469C140020A3
:1003C0009A14002099140020400600200D01010815
:1003D0009815002070170000A014002010B5F7F742
:1003E00015FA10BD10B5EFF3108472B6002908D0CD
:1003F000012903D1054A13680343136084F310886D
:1004000010BD024A13688343F7E7C046AC150020CD
:1004100010B5EFF3108472B6002908D0012903D17A
:10042000054A13680343136084F3108810BD024A21
:1004300013688343F7E7C046B0150020EFF310833D
:1004400072B60020054A1268824204D1044A10683C
:1004500042425041013083F310887047B0150020AC
:10046000AC15002070477047704700000B4B10B56B
:100470001B68002B04D0F9F75BF8FFF7F3FF10BD02
:10048000074B1B68002B04D0F9F706F8F9F722F8A0
:10049000F5E7FFF7E8FFFFF7E7FFF0E7B01500200B
:1004A000AC15002070B50400F7F7B2F801232372F1
:1004B00005002668F7F7C0F82818864203D2F7F738
:1004C000BBF82D1825602068F7F7DCF870BD000038
:1004D000054A10B51368002B01D000211972036181
:1004E0001060FFF7DFFF10BDB4150020002303608C
:1004F00043600372C16003617047000070B504007F
:10050000EFF3108572B600280ED0154E3268130036
:10051000002B0CD1616823722160002A0BD1F7F700
:1005200089F92000FFF7D4FF85F3108870BD9C4245
:10053000FAD01B69ECE7F7F77FF823683268C01838
:10054000206013689842ECD31369002B02D1146128
:100550002361E9E719688842F9D91A001B69F4E7B1
:10056000B4150020F8B5F7F7AFF90500F7F762F911
:10057000174C2268002A1AD01300471B1B69002B56
:1005800005D113692360D368002B0FD1FEE71968EA
:100590000026B94201D949190E1A1E60EEE72368F8
:1005A0001A69DB682260002B00D1FEE798472368B8
:1005B000002B04D01D68F7F73FF88542EFD3206881
:1005C000002804D0037A002B01D1FFF76BFFF8BDA0
:1005D000B415002070B5EFF3108672B6124D2B687B
:1005E000002B01D0002802D186F3108870BD1A00BC
:1005F000834213D11A7A1C69002A0AD0002C06D033
:10060000002220001A722C60FFF74CFFECE7F7F78E
:1006100027F82C60E8E70A00002BE5D019001B69D9
:100620008842F8D11361DFE7B415002070B50500EA
:100630000800F6F7EFFF04002800FFF7CBFFF6F7FE
:10064000E7FF844200D204002C606C6070BD10B5DE
:10065000F6F7FEFFF6F7E6FF10BD70B50500F6F7FA
:10066000F7FF04002800F6F7D5FF201AF6F7DAFFA7
:1006700070BD0000064B07481A6810B55043064A83
:10068000064980181860EFF775FD080010BDC046D8
:10069000540100206D4EC64139300000FFFFFF7F3E
:1006A000014B18607047C0465401002070B505002A
:1006B0000C00FFF7DFFF611B0131EFF7AFFD4819B9
:1006C00070BD002310B5934200D110BDCC5CC45462
:1006D0000133F8E7531EC018002330B59A4200D109
:1006E00030BDCD5C5C4205550133F7E7002A00D1EF
:1006F0007047013A017092B20130F7E773B5EFF33A
:10070000108572B66B469E1D31000C4800F080F9D2
:1007100031000A4800F0DCF9002805D085F3108884
:100720003188F9F717F873BD01002020FFF770FE3C
:100730000122034B1A7085F31088F4E7B8160020E5
:100740005801002007B50648F8F7E6FF022380228B
:100750000093044900230448520000F04BF807BD01
:10076000FD060108B8150020B81600200FB480213E
:10077000F0B5C5B04AAB04CB490004A8039303F01D
:10078000D1FF02AB9D1C2880EFF3108672B60123C7
:100790002A88164804A900F040F800281DD0144FFC
:1007A0003B780193012B1DD12900104800F090F9EE
:1007B00000230400019920203B70FFF729FE86F3F7
:1007C0001088200063425C412988F8F7C3FF60422B
:1007D00045B0F0BC08BC04B0184786F3108801206F
:1007E0004042F5E786F310880020F1E7B8160020B4
:1007F0005801002010B50160002102AC2478C160CE
:100800000161416181614260038104770800A407AE
:1008100002D55A1E9341584210BDF0B587B00593DA
:100820000391078945697B427B415B000293040089
:100830000369002D11D00197002F11D10668676858
:10084000591CF05CB94200D3C91B715C023009022B
:10085000081881B20191170002E00195AF42FAD069
:10086000E26800209A4203D86068C01A019BC01A4F
:10087000029B059EF9184E43864205D3EFF77AFC9A
:10088000029BC9B28B420AD30023002F04D0AD19BA
:10089000ED1863689D420BD9002007B0F0BD227FA0
:1008A000D307DB171940029B9207EED40B00ECE74D
:1008B000002604960499059823696268814207D14D
:1008C00002992068CB18934200D39B1AC018E4E722
:1008D0000199CB18934200D39B1A218923610029E7
:1008E00011D121685A1CCF546368934200D8D21AA0
:1008F0002168380A8854531C62689A4200D89B1AAF
:10090000616902316161D21A1500BA4200D93D0015
:10091000BA4202D2227F002A25D120682A00C018BC
:10092000039903F051FF63692E005B196361029B19
:100930007D1BDB199BB201930023002D09D0206899
:100940002A00C018039BF11803F03EFF63695B198E
:100950006361A3690133A361049B01330493039B87
:10096000DB190393A6E7002DF3D001210A4222D020
:100970002289002A08D12268FE31D218023A117069
:100980002268D318013B1970636926895B1963617A
:10099000002E38D13D0023683A0A1F7023685A7030
:1009A0006369023363610223029A521992B201927F
:1009B00000222261C1E702210A42F5D02289002AE1
:1009C00000D069E72268290AD218023A1570226815
:1009D0002E00D218013A117020682A000399C0181D
:1009E00003F0F2FEA269636901325B19A261226819
:1009F00063617B1B13702268190A517062691D00C4
:100A000002326261CFE700263D003300CCE70000F0
:100A1000F7B5020000910389002055690880281E5F
:100A200031D05842434116895B001068D76854683A
:100A30000193002E08D17B1CC65DA34200D31B1B73
:100A4000C35C1B02F618B6B2009B1E80137F9C4647
:100A5000032361460B40012B16D03300019ED16861
:100A600071180E00A14200D30E1B8019019E9E1921
:100A7000AD1B556104D05B18A34200D31B1BD36090
:100A80009369013B9361FEBD104B9E4202D11389D5
:100A9000002B08D01369BB42DFD21389002BDCD0B6
:100AA000E11B9942D9D20026ED192D1B5561D66064
:100AB000B34208D101360378B44200D86640865D5F
:100AC00036029B199BB200990B80C7E7FFFF00001D
:100AD000F7B5002203890A8042690400101E39D04C
:100AE0005A4253415B0001932389E6682068656898
:100AF000002B08D1771C835DAF4200D37F1BC75DFD
:100B00003F02DB199BB203220B80277F1740012F86
:100B10001AD1114A93420ED12389002B0BD13C00EC
:100B200003786C40BD4200D93C00045D24021B19CF
:100B300000260B8008E02369B34205D22389002BED
:100B400002D0AC1B9C42F3D3019B9A19AA4200D35A
:100B5000521B8018FEBDC046FFFF00000B00F0B521
:100B6000103BDBB20F0089B0102B04D83A49D940B2
:100B70000023C90705D40023FF20F032137009B009
:100B8000F0BDC15CD1540133BB42FAD111001C331A
:100B90009B00DBB207931B09013BF0310B70012373
:100BA000140004932D4B151FED19059706936B78D0
:100BB00039000193AB7805980293EB782E78039374
:100BC000EFF7D8FAC9B2002935D1069B019A0299EC
:100BD0009A5C049B5A40069B5B5C03990193069BBD
:100BE0005B5C1B210293069B9B5DD6B20393049B27
:100BF000DB095B420B40049949004B40DBB2049394
:100C00002378019A5E402E71637804355A406A70E9
:100C1000A378029A5A40AA70E378039A04345A409F
:100C2000059BEA700433DBB20593059A079B934258
:100C3000BDD80020A3E7182FE2D91029E0D1074B37
:100C4000019A9E5D9A5C0192029A9A5C0292039AC2
:100C50009B5C0393D4E7C046010101005880010862
:100C60008C461100F0B5F0310978ADB003000B915E
:100C7000FF20002900D1FAE0197810784140C9B26C
:100C80005078019159784140C9B290782391997870
:100C90004140C9B2D0782191D9784140C9B2107988
:100CA000249119794140C9B2507902915979414052
:100CB000C9B29079039199794140C9B2D07925910F
:100CC000D9794140C9B2107A2691197A4140C9B206
:100CD000507A0491597A4140C9B2907A0591997A33
:100CE0004140C9B20691D97AD07ACA4C4140CFB2BC
:100CF000107B197B4140C9B2507B0791597B414021
:100D0000C9B2907B0891997BDB7B4140C9B20991C4
:100D1000D17BC1484B40DBB20A9313000B99090108
:100D200051182A91BD491D7C10332295019D2995AA
:100D3000069D4D5D18950A9D4D5D1795019D4E5D73
:100D4000039D4D5D1695029D2895099D4D5D159558
:100D5000249D14954D5D1395029D4D5D1295059D45
:100D60004D5D1195049D2795219D1C9710954D5D16
:100D70000F95269D0E954D5D0D95049D4D5D0C9531
:100D8000089D4D5D2095079D2B95239D1F95259DC5
:100D90001E954D5D1D95CD5D1B95079D4D5D1A956D
:100DA0001F9D4D5D19952A9DAB4262D10B9B103260
:100DB000013BDBB21B019B18229A169956406246F2
:100DC00016705A78179D51400A0061464A709A7809
:100DD0001899002051400A0061468A70DA7855401F
:100DE000CD701A79129951400A0061460A715A79F8
:100DF000119951400A0061464A719A7915995140FA
:100E00000A0061468A71DA79139951400A006146F5
:100E1000CA711A7A0C9951400A0061460A725A7ACC
:100E2000209951400A0061464A729A7A0F995140BE
:100E30000A0061468A72DA7A0D9951400A006146C9
:100E4000CA721A7B1A9951400A0061460A735A7B8A
:100E5000199951400A0061464A739A7B1D99514085
:100E60000A0061468A73DB7B1B9A5A40CA732DB015
:100E7000F0BD179D189F6F40019D2197475D219DF3
:100E80006F40039D655D6F40229D7D40EDB2039FE5
:100E90000195179DC75D75406F40069D655D7D405E
:100EA0005F787D40EDB22395169D6E40069D455DB1
:100EB00075400A9EA65D6E409D786E40F5B2219504
:100EC000189E169D6E40299D655D75400A9E865D43
:100ED0007540DE787540EDB22495139D159E7540E2
:100EE000029E865D6E40059D655D75401E7975406C
:100EF000EDB2129E0295139D7540059E865D6E4073
:100F0000099D655D75405E797540EDB2119E039552
:100F1000129D7540099E865D6E40149D655D75400D
:100F20009E797540EDB2159E2595119D6E40289DC8
:100F3000655D7540149E865D7540DE797540EDB245
:100F400026950D9D0F9E7540049E865D6E40089D02
:100F5000655D75401E7A7540EDB20C9E04950D9D41
:100F60007540089E865D6E40109D655D75405E7A99
:100F70007540EDB2209E05950C9D7540109E865DD6
:100F80006E400E9D655D75409E7A7540EDB20F9E78
:100F90000695209D6E40279D655D75400E9E865D81
:100FA0007540DE7A7540EFB21B9D1D9E7540079E11
:100FB000865D6E401F9D655D75401E7B7540EDB280
:100FC0001A9E07951B9D75401F9E865D6E401E9D57
:100FD000655D75405E7B7540EDB2199E08951A9D62
:100FE00075401E9E865D6E401C9D655D75409E7BB6
:100FF0007540EDB2199E09951D9D75402B9EA65D0D
:101000006E401C9D455D7540DE7B7540EDB20A95D6
:1010100089E6C046587E0108587F010858800108BB
:1010200010B5040010220021F130FFF75FFB230010
:101030000021FC33F02220009961FFF757FB10BD1F
:1010400010B5020008001021FFF788FD10BDF0B5B3
:101050000700FC370400B86989B0029101920028AA
:101060002AD01026361A3500964200D915000230D3
:10107000FF300299AAB22018FFF723FBBB69EB18D7
:10108000BB610F2B43D9019B9E4240D22300F13319
:101090001800A11CFF311A781E7C72401A700133AF
:1010A0008B42F8D122000100FFF7DAFD029B5B19A9
:1010B0000293019B5B1B0193A31CFF33019E0393CF
:1010C00019E027000025F1377B5D4A5D53407B55D1
:1010D0000135102DF8D12A00390004A8FFF7F1FAE4
:1010E00004A922000800FFF7BBFD2A00380004A96C
:1010F000FFF7E7FA103E029B019A9918891B102E00
:10110000DFD80398B2B2FC34FFF7DBFAA66109B06E
:10111000F0BDF0B50D008BB002AC102200210190A3
:101120002000FFF7E3FA2A0021002000FFF798FDD6
:101130002278230000217F2A3AD918785A78400073
:10114000D209024301311A7001330F29F5D17923F5
:10115000E27B5B42520053402900FC31E3738B6910
:10116000102B32D10023A91CFF31CA5CE05C424045
:10117000CA540133102BF8D12B00F1331900A81CED
:10118000FF301A781F7C7A401A7001339842F8D1E8
:1011900006A81022FFF795FA2A00019906A8FFF782
:1011A0005FFD102200212000FFF7A0FA0BB0F0BD78
:1011B00018785A784000D209024301311A7001337D
:1011C0000F29F5D1E37B5B00C6E7207822000027DA
:1011D0007F2829D916785078B4466646C00976002B
:1011E00030430137107001320F2FF3D17922E07BA9
:1011F00052424000424080200027E273EA18FF324A
:101200009070A81C5A1CFF300F2A1CD90133102BD8
:1012100000D210238B610023C25CE15C4A40C254BF
:101220000133102BF8D1A7E716785078B4466646FC
:10123000C009760030430137107001320F2FF3D10F
:10124000E27B5200D7E787540132DDE7427803782A
:1012500012021A438378C0781B0413430006184314
:101260007047002210B51100082000F04BFF431E0C
:101270009841400010BD07B540236A46D3716B46C4
:1012800001220820D91D00F03DFF002800D00320D6
:101290000EBDF0B585B0050000F050FF012406003A
:1012A0000E2700236F443B7000F048FF002C02D152
:1012B000801B85421ED96B4641220F21DA73012320
:1012C00008200093403A3B00694400F025FF0028C5
:1012D00013D13B78012B0ED000F030FF831BAB42C3
:1012E00008D27319181A322800D9322000F022FFD0
:1012F0000024D5E7052005B0F0BD0420FBE7000081
:10130000F0B5040089B00620002C68D000260396B2
:101310004C4B039A9D5C0223012D03D0DB18302D2A
:1013200000D104330F2102AA891806AF0D700122E3
:10133000009308203B0000F0EFFE00280BD101369F
:10134000212D00D16CE053D8122D64D049D8012D45
:1013500059D0112D5AD0039B01330393082BD7D1B9
:10136000394B0C21625E9A4203D10423A27A1343C3
:10137000A37223002200283330321978FF2906D1C6
:1013800001339342F9D10823A27A1343A37222694D
:101390002E4B9A4202D0E2699A4203D11022A17ADE
:1013A0000A43A27262699A4202D0226A9A4203D127
:1013B0002022A17A0A43A272A2699A4202D0626AEA
:1013C0009A4203D14023A27A1343A3720620002E2F
:1013D00005D0083E731E9E4101307642304009B070
:1013E000F0BD132DB7D13800FFF730FFA061B2E791
:1013F000232D1AD0302D1DD0222DACD13800FFF76F
:1014000025FF2062A7E73B88A381A4E73800FFF708
:101410001DFF20619FE73800FFF718FF60619AE722
:101420003800FFF713FFE06195E73800FFF70EFF84
:10143000606290E7200008223900283003F0C4F9E8
:1014400089E7C0465881010864CEFFFF8096980066
:1014500070B504000D00FFF70EFF03000320002B02
:1014600007D12800FFF715FF002802D12000FFF761
:1014700047FF70BD0B0E03700B0C43700B0A83709B
:10148000C170704770B504001500002801D100201C
:1014900070BD002AFBD02B29F9D9138864211A0AC0
:1014A000027043706B881A0A8270C370AB881A0A84
:1014B00002714371AB7983712889EEF71FFE012316
:1014C0007F22E07120002372AB7A0C3013406372EC
:1014D0000C22AB5E1A0AE372A2722969FFF7CAFFF7
:1014E000200069691030FFF7C5FF2000A96914309A
:1014F000FFF7C0FF2000E9691830FFF7BBFF2000AD
:10150000296A1C30FFF7B6FF2000696A2030FFF718
:10151000B1FF002328352434EA5CE2540133082B60
:10152000FAD12C20B4E7000070B5036A00680C0003
:1015300015009847054A031B0324934204D8044B23
:10154000401B83429B411C40200070BD0F270000C0
:101550004FC30000F8B5036A040000680D001600D0
:101560009847174A0700431B934201D9032012E012
:10157000144A831B9342F9D8A36820689847E3680C
:1015800020689847002807D0320029002000FFF784
:10159000CBFF0028EAD1F8BD236A206898470A4BA0
:1015A000C21B9A42E2D8064A431B9342DED8054B3F
:1015B000801B9842DAD80121E36920689847DEE76A
:1015C0000F2700004FC30000CF070000F7B504004D
:1015D0000193036A00680D0016009847154F431BDE
:1015E000BB4202D903221000FEBD134BEB181B1A9D
:1015F000092BF7D9019B002B08D0104A831B93427B
:10160000F0D80F4BF3181B1A092BEBD90A21E36909
:1016100020689847236A20689847451BBD42E1D857
:101620000022019B9342DED00449801B8842DAD914
:101630000332D8E74FC3000050C300000F2700005B
:1016400010270000002310B51A00FFF7BFFF10BDE0
:10165000F8B50400036A00680D0016009847236976
:1016600007002068984731002000FFF7EBFF0028B3
:101670001DD1A36820689847E36820689847002830
:101680000ED031002000FFF7DDFF00280FD1636985
:101690002068984731002000FFF7D4FF060007E0DC
:1016A000236A20689847114BC01B984211D9032622
:1016B000A36820689847636920689847A3682068F2
:1016C0009847636920689847002D00D135002800AD
:1016D000F8BD236A20689847054B801B9842E6D8DE
:1016E0000121E36920689847C6E7C046CF0700009C
:1016F0004FC3000070B5036A040000680D009847EE
:1017000006006369206898472A0031002000FFF72F
:1017100021FF002802D00325280070BD29002000E9
:10172000FFF790FF0028F6D1236920689847290029
:101730002000FFF787FF051EEDD109CC9847EBE7A6
:10174000F8B504000F0016001D00006800290CD039
:10175000636998470123320029002000FFF736FF14
:10176000002804D003252800F8BD2369F1E72A00EA
:1017700031002000FFF7EEFE0028F3D1874210D0A1
:10178000A369206898472A00070031002000FFF76E
:10179000CBFE0028E6D1874203D109CC9847022529
:1017A000E1E72900012332002000FFF70FFF051EAB
:1017B000D8D109CC9847D6E7F8B5040016001D002B
:1017C000436900680F009847012332002900200078
:1017D000FFF7FCFE002802D003252800F8BD2A00F0
:1017E00031002000FFF7B6FE0028F5D1A36920687C
:1017F0009847431E98412A00387031002000FFF7B7
:1018000093FE0028E8D12900012332002000FFF7D1
:10181000DDFE051EE0D109CC9847DEE7F0B585B0C6
:1018200002ABD9710500036A006801929847082647
:10183000029002ABDF79DC1D39007F232800994339
:10184000029A019BFFF77CFF002812D17B00013E2A
:1018500023708642EDD1019B21002800029AFFF7F8
:10186000ABFF03000320B34203D12078431E98410D
:10187000C0B205B0F0BD70B505000C00002801D164
:10188000002070BD0029FBD04B68002BF8D08B687E
:10189000002BF5D0CB68002BF2D00B69002BEFD0DA
:1018A0004B69002BECD08B69002BE9D0CB69002B66
:1018B000E6D00B6A002BE3D02822002102F03EFF85
:1018C0002B0007CC07C307CC07C307CC07C30124F1
:1018D0006B1DDC77AB682868984728686B69984768
:1018E0002000CEE770B5041E0BD0451DEB7F002B0A
:1018F00007D0836800689847636920689847002389
:10190000EB7770BDF7B5040015001E0001910028AB
:1019100003D0431DDB7F002B01D10220FEBD6B46AF
:101920001B795BB2002BF8DB002E01D0002AF4D02B
:10193000236A206898476369070020689847A3686E
:1019400020689847A36920689847022100280ED094
:1019500039002000FFF7CEFE0321002807D1019BAC
:101960003A005900C9B22000FFF758FF0100AE1934
:10197000002901D1B54204D13A002000FFF768FEEA
:10198000CCE729783A002000FFF748FF0135010035
:10199000EEE7F0B585B0070015000091019300282F
:1019A00003D0431DDB7F002B02D1022005B0F0BD28
:1019B0006B461B785BB2002BF7DB019B002BF4D04E
:1019C0000B9B002BF1D0002AEFD00A9B002BECD010
:1019D000036A006898477B69060038689847BB68C7
:1019E00038689847BB6938689847022400280ED0A9
:1019F00031003800FFF77EFE0134002807D1009B3C
:101A0000320059003800C9B2FFF708FF0400019BFB
:101A1000EB180193002C13D1019B9D4240D1310062
:101A20003800FFF767FE0334002809D10121009B2D
:101A300032005B0019433800C9B2FFF7EFFE040023
:101A40000025002C35D10B9B9D4232D03B6A386873
:101A500098470A9B0135013B5C550824019000938F
:101A600002A933003800019A0731FFF7A5FE0028CC
:101A70001ED1009B02AA5B5DD2795B001343009AE2
:101A8000013C53558442EBD10B9B3800E91A4B4281
:101A90005941019A3300C9B2FFF752FE0400D0E762
:101AA000297832003800FFF7B9FE01350400B1E7AC
:101AB0000324320021003800FFF7CAFD76E770B535
:101AC000041E01D1022070BD431DDB7F002BF9D025
:101AD000036A0068984763690500206898470926EB
:101AE000A3692068984700281BD12068636898473D
:101AF00029002000FFF7A6FD002819D1236A2068DD
:101B000098472A0001002000FFF724FD00280FD18C
:101B100029002000FFF796FD002809D1013E8642EA
:101B2000DED1A3692068984743425841410000E054
:101B300003212A002000FFF78BFDC4E710B5040045
:101B4000436900689847A3682068984709CC98477C
:101B500010BD0000C36910B500680C009847054A25
:101B60000023011B914202D8034BE418231A1800EA
:101B700010BDC046DF2E0000E02E0000F8B5FA27A9
:101B800005000C00BF002600BC4200D93E002B6BB4
:101B9000286898473100AB69286898472B6B2868FC
:101BA0009847A41BEFD1F8BD8023DB055A6A044B8C
:101BB00018885968101A80B2401858601A80704707
:101BC000DC16002070B504000D00FFF7EDFF0600E5
:101BD0002000FFF7E9FF801BA842F9D370BD000089
:101BE000014B18887047C0467406002010B50800E5
:101BF000F7F730FA10BD10B5FEF729FD10BD10B58E
:101C0000EEF770FD10BD000010B50248FFF757FF5A
:101C100010BDC046E416002010B508001100FFF703
:101C200017FC10BD10B50800FFF733FB10BD10B551
:101C3000FFF717FB10BD00000D4810B5FFF752FE6F
:101C40000C480368002B11D080210122C9050B68C4
:101C500093430B60084B996A11439962996A9143C7
:101C60009962996B914399630023036010BDC0464C
:101C7000E4160020D816002000100240802110B584
:101C800003484901F3F7E8F901384342584110BDD0
:101C900000040050802110B503488901F3F7DCF9F6
:101CA00001384342584110BD00040050802110B556
:101CB000012202484901F3F7D5F910BD0004005094
:101CC000802110B5002202484901F3F7CBF910BD7D
:101CD00000040050802110B5012202488901F3F769
:101CE000C1F910BD00040050802110B50022024847
:101CF0008901F3F7B7F910BD0004005010B50022B8
:101D000020210248F3F7AEF910BDC0460004005090
:101D10007FB502210B4B03A8DA6A0A43DA62DB6A59
:101D20000C220B4000930021009B02F007FDC02312
:101D30009B0101930323044801A90293F3F754F88C
:101D400007B000BD00100240000400507FB5022122
:101D50000E4B0F48DA6A0A43DA62DB6A01220B4053
:101D600000931E31009BF3F77DF90822002104A89F
:101D700002F0E4FC202301930F3B02930448103B44
:101D800001A90393F3F730F807B000BD001002403B
:101D900000040050F0B587B00600F2F7D3FD234BE6
:101DA000002498423CD10125214B1F219A6BC0276A
:101DB0002A439A639A6ABF012A439A629A6A1D4823
:101DC000AA439A628022D20591621B49D1621B49C3
:101DD000556154624C600C8002211560184A1560F0
:101DE000DA6A0A43DA62DB6A2A000B4000933900A0
:101DF000009BF3F737F90C22210003A802F09EFCA8
:101E000011230C4801A902930197F2F7EDFF0D4948
:101E10000D48FFF730FD041E05D13000FFF70CFF21
:101E2000200007B0F0BD2C00FAE7C0460048E801EA
:101E30000010024000040050FFFF0000DC160020EC
:101E4000D8160020B8810108E4160020014B18784C
:101E50007047C0460C170020034B072802D8034BDD
:101E60008000C3581800704724760108608101087B
:101E7000F0B585B004000D000092002828D043681A
:101E8000002B25D08368002B22D0C368002B1FD0E5
:101E90000369002B1CD04369002B19D08369002BE8
:101EA00016D0C369002B13D0026A002A10D0426AF0
:101EB000002A0DD0826A002A0AD0C26A002A07D0FE
:101EC000026B002A04D0426B002A01D0002906D1FF
:101ED00000220126874B1A70300005B0F0BD006863
:101EE00098470223070002930023824A013300210E
:101EF00013702800302202F021FC2000FFF71EFEA4
:101F0000E3682068984764212000FFF737FE390016
:101F10002000FFF71FFE002817D12000FFF70EFE5C
:101F20000526029B012B00D1D2E039002000FFF7EB
:101F300011FE714B984200D8CAE0FA2120008900B6
:101F4000FFF71CFE01230293CFE7236B206898471D
:101F5000236920689847236B021E206805D19847A3
:101F60002000FFF7EBFD0126DBE79847E3692068D7
:101F7000984701260190E36920689847390003904B
:101F80002000FFF7E7FD002E06D1039B019A9E1A61
:101F900096235B009E4257D8632855D9236B20684F
:101FA0009847236A20689847236B06002068984763
:101FB000002E5FD0E36920689847019B0600C31A92
:101FC000390020000393FFF7C5FD9023039AFF33E8
:101FD0009A4239D8322837D9019B9E1B330091335E
:101FE000FF33322B30D901003239322900D9322166
:101FF0005F36FF36B14200D931002000FFF7BEFD49
:102000000026B8E73D4BC618009B9E4200D91E0033
:10201000002E56D0236B20689847FA233200DB004D
:102020009E4200D91A00A36A290020689847236BB2
:10203000060020689847B31EDBB2022B05D9062E96
:1020400003D0072E01D03DE0022639002000FFF723
:1020500081FD632836D9236B20689847E36A20689E
:102060009847236B206898472CE0002E3CD0022331
:10207000AA7A37E039002000FFF76CFD642820D9E8
:10208000009B64380600984200D91E00002E18D02C
:10209000236B20689847FA233100DB009E4200D969
:1020A0001900636A20689847236B060020689847E8
:1020B000002EC0D139002000FFF74CFD104B984294
:1020C000A0D805262000FFF739FD002E00D028E714
:1020D000731EDBB2012B03D9B31FDBB2012BC4D8B3
:1020E0000123AA7A1343AB72636B20689847288157
:1020F000F2E6C0460C17002037180000DAFDFFFF9B
:102100002602000010B513000A0001000148FFF785
:10211000F9FB10BDE416002037B5069D009301952C
:1021200013000A0001000248FFF733FC3EBDC04621
:10213000E416002010B5F6F78DFF10BD10B5FEF7C0
:1021400086FA10BD10B50A0001000248FFF790FEA4
:1021500010BDC0468081010810B50248FFF7EEFCB3
:1021600010BDC04680810108F7B5019393B21F00EE
:1021700084B2050C160C6B436743754366433C0CF5
:10218000F618A419A34202D980235B02ED18019B23
:1021900051434343260C75192404BFB259184919F9
:1021A000E01903B0F0BD9E2110B5C905041CEEF77F
:1021B000AFF800280AD09E21201CC90500F020FBA2
:1021C00000F09CFC80231B06C01810BD201C00F0F2
:1021D00095FCFAE770B500220B4B04000D00EEF7FA
:1021E0005DF800280BD0084B00222000290001F0E8
:1021F000ABFD02F07BF880231B06C01870BD2000E9
:10220000290002F073F8F9E70000E041F0B506009C
:102210000F0015001C0085B08B4264D801D18242AA
:1022200061D821002800EEF7D3F839000090300083
:10223000EEF7CEF8009B21001B1A1A00280003932A
:10224000EEF79CF800900191019BBB4245D802D16A
:10225000009BB34241D8009B019C01200021039ABE
:10226000F61AA741EEF78AF804000D00039B002B35
:102270002BD0019B009ADB0750081818019B5908C6
:10228000039B9C46B9422BD801D1B04228D83200DA
:102290003B00121A8B41012692185B410027B618A9
:1022A0005F4101235B429C446346002BEAD130002E
:1022B0003900039AEEF756F8039AA4197D410600F7
:1022C0000F00EEF75BF8241A8D410A9B002B00D01B
:1022D000C0C32000290005B0F0BD00240025C5E7DB
:1022E000B6197F41DDE700240025EEE7F0B547028F
:1022F00085B0460002917F0A360EC40F002E0AD028
:10230000FF2E69D080220023FF00D2047F3E1743B6
:10231000019600930EE0012301970093B74209D084
:102320003800EEF737F8431F9F4076235B421B1AB5
:1023300001930096029B5D025E00DB0F6D0A360E74
:10234000039350D0FF2E5BD08022ED00D2041543C2
:1023500032007F3A0021019B039E9B1A0193009B50
:10236000664098000296084307284FDC012831D0C8
:10237000831E052B66D97B016C01A34200D273E05A
:102380001A2001211B1B01251F0049005B00002FA3
:1023900001DB9C4201D81B1B294301380028F3D1E3
:1023A000581E83410B431F00019C7F34002C00DC2E
:1023B00071E07B0704D00F233B40042B00D004378F
:1023C0003B0104D5019A484B803214001F40FB08A2
:1023D000FE2C2EDD002357E0032301960093002FEF
:1023E000A8D1013B95E72A000121B542B3D02800CE
:1023F000EDF7D0FF7622431F52429D40121AA9E703
:1024000032000321002DA6D10139A4E70A3805289E
:10241000E0D8EDF755FE253B0303032F0294009B04
:10242000022BD7D0032B57D00023009A1C00012A7F
:10243000BAD15B02E0055B0A1843029BDE0730431A
:1024400005B0F0BD0123834054261A0000231C0070
:102450003242EED188331A4218D1052800D08AE7DB
:1024600080270024FF030BE0019A1B20013A002182
:10247000019288E78023DB031F4201D01D4228D050
:102480008023DB033B430294FF24D2E7039B2F000E
:1024900002930091C3E723001A331FDB019A012343
:1024A0009E32390097401B1BD9403A000B00511E49
:1024B0008A4113435A0704D00F221A40042A00D03D
:1024C000043380221C00D2041440134209D1DB08DB
:1024D000AFE72F00039CD3E7029CD1E700231C0049
:1024E000A7E700230124A4E7FFFFFFF730B542026E
:1024F00044004D02C30F4800520A240E6D0A000E1C
:10250000C90FFF2C03D1002A10D0012030BDFF28B5
:10251000FBD08442F9D19542F7D100208B42F5D00F
:102520008442F2D1531E9A411000EFE7FF28ECD10C
:10253000F1E770B54A0244024500640A2D0EC30F4C
:10254000520ACE0FFF2D12D04900090EFF2901D1EA
:10255000002A0ED12000284300290DD000280FD0DA
:10256000B34212D18D4210DC13DA580009E0002C7E
:10257000EAD00220404270BD884204D18242FAD0A3
:1025800070000138F7E7002AEAD101205B421843C6
:10259000F1E79442F9D800209442ECD2E5E770B517
:1025A0004A0244024500640A2D0EC30F520ACE0FA0
:1025B000FF2D12D04900090EFF2901D1002A0ED1AA
:1025C0002000284300290CD000280ED0B34211D19E
:1025D0008D420FDC12DA580008E0002CEAD002200D
:1025E00070BD884204D18242FAD070000138F7E70A
:1025F000002AEBD101205B421843F1E79442F9D85D
:1026000000209442ECD2E6E7F0B5C30F85B0470254
:10261000440003917F0A240E01932ED0FF2C3AD060
:102620008022FF00D2047F3C174302940025039BC5
:102630005C025B001E0E039B640ADB0F0393002EFB
:102640002FD0FF2E39D080233000E400DB041C4360
:102650007F380023029A8218A8009446184301325A
:102660000B2843DC0199039E7140019102282ADC6A
:10267000013801284FD81D003BE001250297A742F1
:10268000D5D03800EDF786FE7626431F76429F4070
:10269000331A0293CAE703250294002FC7D1013DE4
:1026A000C5E720000123B442D4D0EDF773FE431FE9
:1026B0009C4076235B42181ACBE730000323002CA2
:1026C000C8D1013BC6E701218140A620C0000142DC
:1026D0000ED10D0048480540014261D190239B0076
:1026E000194218D080270195FF0354E00F284CD0E1
:1026F0003C00022D47D0032D00D174E000231800C8
:10270000012D2CD15B025B0AC0051843019BDB073E
:10271000184305B0F0BD200CA4B225003B0CB9B2A3
:102720004D435C434143434309191F002B0C5B1885
:102730009C4202D9802149027F181904ADB24D197B
:10274000AC01611E8C411B0CAD0EDB192C439B01AF
:102750001C431B0127D5012361081C400C431000BA
:102760007F30002821DD630704D00F232340042B92
:1027700000D00434230103D5803210001F4B1C40CD
:10278000E308FE28BEDD002308E08023DB031F42B0
:1027900001D01C4225D08023DB033B43FF20B1E75F
:1027A0000399019167E76246D9E703001A331CDBFE
:1027B000012321001B1A9E32D94094400B00621E57
:1027C000944123435A0704D00F221A40042A00D010
:1027D000043380221800D2041040134208D1DB08D1
:1027E00090E7039B01932700D5E70023180089E7B2
:1027F0000023012086E7C04688080000FFFFFFF79E
:10280000F7B547027B0A9C464B0245005B0A4C0029
:10281000C60F2D0EBF090193240EC80FDA00FF2C3E
:1028200020D1002A1ED000900099281BB14200D070
:1028300098E0002831DD002C1CD1A24218D0411EA6
:10284000012813D10500BB185A0100D42DE1681CE2
:10285000FE2D00D1E6E0A54A59081140012213409F
:102860000B437DE0012141400091DDE7FF2807D1C6
:1028700005001BE0FF2D19D080230100DB041A4363
:1028800001231B2907DC13002020CB40411A8A407A
:10289000511E8A411343DB19D6E700282AD0631B57
:1028A000002D1FD1AF4207D117001D00FB08FF2DDF
:1028B00030D1002B4AD12DE0591E012B02D1012528
:1028C000BB18C1E7FF2BEFD001231B2907DC3B001E
:1028D0002020CB40411A8F40791E8F413B43250079
:1028E0009B18B1E7FF2C00D1F5E08021C9040F430C
:1028F0001900E9E7FE21681C08422CD1002D18D1EF
:10290000AF4200D1E5E0AA4200D1D6E0BA18D30820
:10291000520101D4280002E00120754A1340FF2231
:10292000D205C0055B0210405B0AF607184330432E
:10293000FEBD002F00D1CEE0002A00D1CCE06D4AD0
:10294000944502D90199914200D963468022D2036D
:10295000FF201343E3E70023FF28E0D0BB185B0808
:102960000500A2E0002827DD002C1DD1A24200D1E5
:102970007EE7411E012807D10500BB1A5A0100D489
:1029800093E09B019C0975E0FF2800D170E70123CB
:102990001B2907DC13002020CB40411A8A40511E1E
:1029A0008A411343FB1AE9E7FF2D00D17EE780231C
:1029B000DB0401001A43EAE7002826D0631B002D40
:1029C0001CD1AF4202D11700009E6EE7581E012BAA
:1029D00003D10125009ED31BD0E7FF2BF3D00123A9
:1029E0001B2807DC3B002025C340281A8740781E9F
:1029F00087413B432500009ED31ABFE7FF2C6DD0D3
:102A00008020C00407431800E9E7FE216C1C0C423B
:102A10002BD1854219D1874206D1009E824200D037
:102A20007DE72E0000237AE7002A46D0BB1A5C011E
:102A300006D5009ED31B0020834200D16FE78FE7AD
:102A40001F1E00D032E71E0069E7002F03D1BA42F3
:102A500047D0009E7AE7002A3ED0264A944500D807
:102A600073E701999142F4D96FE7BC1A630114D559
:102A7000009ED41B2000EDF78DFC23000538834019
:102A800085420FDC2022401B0130121A19009340AE
:102A9000C1405A1E93410B43CDE7002CEAD10600FA
:102AA00003003CE7144A2D1A13405A0704D00F22A2
:102AB0001F1D1A40042A00D11F007B0100D4F5E637
:102AC0000023681CFE2D00D129E7094AFB081340AA
:102AD00025E71300AFE71700FF25E7E61700009E84
:102AE000FAE780231600DB0330E7C046FFFFFF7DD7
:102AF000FFFF7F1FFFFF3F00FFFFFFFB410243007F
:102B0000C20F490A00201B0E7E2B03DD9D2B02DD28
:102B1000084BD0187047802000040843952B05DD32
:102B2000963B9840002AF5D04042F3E79621CB1A15
:102B3000D840F7E7FFFFFF7F70B503000400051ED4
:102B40000ED0C21785185540C40F2800EDF722FC9F
:102B50009E231B1A07280ADD08282AD0083885403A
:102B60006A02D805520A1043E407204370BD124997
:102B7000042819DC02002E001B329640721E96417A
:102B80000522121AD54035432A000A406E0709D0A3
:102B90000F263540042D05D00432550102D59F2360
:102BA0000A401B1AD508DBE70528EDD0421F9540E7
:102BB000EAE79623D4E7C046FFFFFFFB002370B58A
:102BC0000400984209D0EDF7E5FB9E231B1A072865
:102BD00008DD082829D0083884406402D805640A32
:102BE000204370BD124904281ADC020025001B3264
:102BF00095402A00551EAA4105252D1AEC40144384
:102C000022000A40650709D00F252C40042C05D06E
:102C10000432540102D59F230A401B1AD408DCE772
:102C20000528EDD0421F9440EAE79623D5E7C04639
:102C3000FFFFFFFBF0B585B002920393CB0F0D03AE
:102C40000193039B4C006D0A410F5E0029431D0355
:102C5000DB0F9C46029B029A019F6D0A640D760D64
:102C60005B0F2B43C000D200A51B674500D023E1BA
:102C7000002D5FDD002E13D11E0016430DD06E1EF9
:102C8000012D07D1821882428041CB181B1A1000F7
:102C90002C0027E0BA4FBD420AD10B00020051E0E0
:102CA000B74EB44200D141E18026360433432E00B2
:102CB000382E3ADC1F2E27DC20251F00AD1BAF402D
:102CC00002953D001700F7402F43029DF340AA40B4
:102CD00015006A1E95413D432D18854280415B18C1
:102CE0001B1A28001A0200D4D4E0A54A01349442E9
:102CF00000D159E20122A34902401940430813437D
:102D0000C80718434B08C5E035001F00203DEF40C1
:102D10000025202E03D04035AD1BAB401D001543D0
:102D20006B1E9D413D430023D6E713431D006B1EE0
:102D30009D41F8E7002D4DD0351B002C2BD10C0008
:102D4000044301D12C005FE06C1E012D05D18018D9
:102D500090429241CB189B1A9AE7894FBD42F1D01D
:102D6000382C32DC1F2C1FDC20250F002D1BAF4020
:102D700002953D000700E7402F43029DE140A84037
:102D80000500681E85413D43A81890429241CB182A
:102D900034009B1AA6E77A4F3400BE4234D0802418
:102DA000240421432C00DBE725000F00203DEF40E9
:102DB0000025202C03D040352D1BA9400D000543D4
:102DC000691E8D413D430021DEE701430D00691E70
:102DD0008D41F8E76C4F661C3E424DD10D00054316
:102DE000002C2CD1A54200D1D4E11C00144300D109
:102DF000D2E1121882428041CB181B1A190200D46A
:102E0000C8E101245F490B405907D2080A435C49D5
:102E1000DB088C4206D11100194300D1CDE180219D
:102E200009030B431000594A24051B0314401B0BD4
:102E30001C43019BDB071C43210005B0F0BD504C37
:102E4000002DE1D01C00144300D12EE14C07C00836
:102E500020438024C9082403214202D0DD082542F2
:102E600006D00D00ED00430F2B43C200444CCBE7CE
:102E7000D0085B071843F5E7414CA64200D192E128
:102E80008218824280413400CB181B1AD80752089E
:102E900010435B08420704D00F220240042A00D0EE
:102EA0007CE102001902AFD5354901348C4200D1D2
:102EB0007AE134490B40A7E7002D55DD002E32D1D1
:102EC0001E00164300D1E8E66E1E012D07D1821ABE
:102ED00090428041CB1A1B1810002C001DE0284F97
:102EE000BD4200D1D9E6382E39DC1F2E26DC202544
:102EF0001F00AD1BAF4002953D001700F7402F4368
:102F0000029DF340AA4015006A1E95413D43451BB2
:102F1000A8428041CB1A1B1828001A02BAD55B02BE
:102F200006005D0AECE0164EB44202D10B0002002E
:102F30006AE78026360433432E00D4E735001F00AD
:102F4000203DEF400025202E03D04035AD1BAB4087
:102F50001D0015436B1E9D413D430023D7E71343DE
:102F60001D006B1E9D41F8E7002D5DD0351B002C28
:102F700039D10C0004430BD161460191E2E6C04611
:102F8000FF070000FFFF7FFFFE0700000000F07F4B
:102F90006C1E012D07D1101A824292415B1A9B18B8
:102FA0006246019299E7864FBD42E5D0382C36DC67
:102FB0001F2C23DC20250F002D1BAF4001953D0069
:102FC0000700E7402F43019DE140A8400500681E2F
:102FD00085413D43501B824292415B1A9B186246D9
:102FE0003400019299E764460194754CA64200D1E1
:102FF0000AE78024240421432C00D7E725000F0092
:10300000203DEF400025202C03D040352D1BA9404A
:103010000D000543691E8D413D430021DAE7014360
:103020000D00691E8D41F8E7664E651C354258D18A
:103030000E001D0006431543002C27D1A64206D1E1
:103040001000A54213D1230022000194DCE6002DDC
:1030500000D1A1E0861AB042BF41CD1A7F42ED1BDC
:103060002F020CD5101A824292415B1A9B186246BD
:10307000019202001A4300D19CE000240AE73200CA
:103080002A4300D193E02B003000F2E7002E0AD152
:1030900061464B4C0191B54200D0B5E680232A0031
:1030A0000195DB03B0E6002D02D10B000200DDE646
:1030B00080254C07C008C9082D032043294202D0AF
:1030C000DC082C4209D0019B0C009C466146E400C0
:1030D000430F2343C2000191C8E6D0085B071843A1
:1030E000F4E7861AB042BF41CD1A7F42ED1B2F0292
:1030F00029D5161AB24292415B1A9D186346019374
:10310000002D27D02800EDF745F90200083A2023CA
:1031100031009B1AD94095400B002B433500954058
:10312000A24232DB121B511C1F291EDC2022180078
:10313000521A2C0095409040CC406A1E9541204385
:10314000CB40284395E732002A43D9D1130014001D
:10315000019259E63000EDF71DF9020018321F2ADE
:10316000D5DD330008388340DAE718001F3AD04035
:103170000022202903D04032521A93401A002A43D9
:10318000531E9A410023104373E7A41A0E4A2800E5
:1031900013407FE610006CE70B006AE7021D8242D5
:1031A00080411B1A7EE6064C00231A002CE6130011
:1031B000019229E61300140026E60B0032E6C04611
:1031C000FF070000FE070000FFFF7FFFF0B58BB098
:1031D0000090019102920393019B019A1D03D20F6B
:1031E0005B00009C2D0B5B0D059200D14CE1C24AA7
:1031F000934200D170E18027620FED001543BF4A72
:103200003F049B182F43E40000930026029B049385
:10321000039B1D035800DB0F2D0B400D089300D1BD
:1032200076E1B54B984200D19AE1029BED005B0F2D
:103230001D438023029A1B04D2000492AF4A2B4301
:10324000801800220599089D694007910099091A84
:10325000B00006911043072800DD8EE1012800D15F
:103260003FE2811E052900D89FE1BB4205D300D073
:10327000ABE1049AA24200D9A7E1F9076208114321
:10328000E0070C0000907F08049A1B02160E1E43F4
:103290001B0C09933800B3B21202099905930292EC
:1032A000ECF768FFB3B2434307000904200C08435E
:1032B000834207D980197A1E864202D8834200D9F8
:1032C00089E11700C01A0999ECF754FFB3B24343E0
:1032D0000904A4B20C43A34207D9A419421EA64272
:1032E00002D8A34200D979E110000299E41A090436
:1032F000090C0D00029B3F041B0C05930743059826
:103300003A0CBBB25D4308914343514342435B18BF
:10331000280CC318994202D9802149025218190C6D
:103320002D041B042D0C8A185D19944203D311D16E
:10333000009BAB420ED2009B0298791E1B18009393
:1033400083429B41F31AE418A64200D24EE100D119
:1033500047E10F00009BA41A5D1BAB429B41E018A4
:10336000864200D16DE10999ECF704FFB3B2434303
:1033700004000904280C0843834207D98019621EFF
:10338000864202D8834200D942E11400C01A09994A
:10339000ECF7F0FEB2B242430904ADB203000D43B4
:1033A000AA4207D9AD19591EAE4202D8AA4200D985
:1033B00031E10B0020041843AD1A089A83B25A4336
:1033C00008990092059A040C614353435443009AB0
:1033D0005B18120C9B18994202D980225202A41841
:1033E000009A190C12041B04120C09199A188D4228
:1033F00004D304008D4219D1002A19D07519441E36
:10340000B5420ED38D4203D310D1029B93420AD210
:10341000049B841E5802029B029098429B41F31A1F
:10342000ED188D4202D1029B9A4201D001231C4328
:10343000069B334A9A18002A00DC05E1630708D08E
:103440000F232340042B04D0231DA342A4413F1B80
:103450001C00FB0105D52B4B069A1F408023DB0087
:10346000D218294B9A4200DD3BE1E4087B071C435C
:10347000FB081B031B0B12051A43079B2000DB07ED
:103480001A4311000BB0F0BD009F2F439F422AD07A
:103490009D4214D02800ECF77DFF010003000B399A
:1034A00018001D22009F0838521A8540D7402F432C
:1034B000009D8540154A2C00D31A0093A5E62000F4
:1034C000ECF768FF01000300153120331C29E7DD0C
:1034D000009F08388740EDE7009F2F4307D13C004D
:1034E0000226009392E63C00012600978EE62F000C
:1034F000032600938AE6C046FF07000001FCFFFF99
:10350000FF030000FFFFFFFEFE0700000DFCFFFFB2
:10351000029B2B43834229D0854214D02800ECF72C
:1035200039FF020001000B3A1D239B1A029A080082
:10353000DA400838854013002B43029D85406C48D3
:103540000495401A7DE60498ECF724FF0200010080
:10355000153220311C2AE7DD029B08388340EEE754
:10356000029B2B4306D1022204936BE61800012232
:10357000049367E62B00032264E60A38052800D985
:10358000AFE0ECF79DFDA0580303034B059B0793A9
:10359000022E00D1A5E0032E00D19FE0012E00D025
:1035A00046E700242300220063E7012154258140DF
:1035B0002942F6D10E0034352E4029423BD1052850
:1035C00000D052E63400059680E0069A013A069251
:1035D0000022009258E6023F801973E60238A419CF
:1035E00083E6029B0098834200D9B2E6A24205D846
:1035F00000D0AEE6009B9D4200D8AAE6009B02994F
:10360000023F5B1800938B429B41F31AE418A1E63A
:10361000023C8019BAE6023BAD19CBE680221203C8
:10362000174201D0134254D08023059A1B033B4319
:103630000792304A1DE708991F001600049C079165
:10364000A6E701246442F3E613003733A9DB130035
:103650001E3325DB0121069B891A274A20009B186F
:103660009C403A00C8409A4023000243581E8341C0
:103670001A431400CF40620708D00F222240042AC8
:1036800004D0221DA242A4413F1B140080213A0015
:1036900009040A400F4227D1E1087C070C43E7E602
:1036A0001F2339005B429B1AD94000231F3204D0EC
:1036B000069B124A9B189F403B001C43631E9C4183
:1036C00000270C43D7E700231C00059380273F0306
:1036D000AAE7089A1F00049C0592A5E7079B05939B
:1036E000A2E700242300A4E7002301221C00C0E677
:1036F0000DFCFFFFFF0700001E0400003E04000059
:10370000F0B50D001900040087B0EE0F01960E030E
:10371000360B02964E00760D154F10002B036A00F3
:103720000396CE0F05941B0B520D0496BA4205D199
:103730001E00264302D0012007B0F0BD039E844640
:10374000BE4202D1029E0643F5D108006840400007
:10375000F1D105996145EED10199049E4008B1422D
:10376000EAD0002AE7D123431800431E9841E3E73B
:10377000FF070000F0B589B0009201930E03019A93
:10378000330B4F0005931203CB0F0199120BC90F96
:103790000392019A04912849520004008C46079034
:1037A0007F0D520D8F4218D000991000069162458E
:1037B00003D10399009E314312D1002F14D000246D
:1037C000002A2DD1009D03990D43944211D09542BA
:1037D00008D0049B5800013804E005982043E3D04A
:1037E0000220404209B0F0BD05990C4365426C418E
:1037F000E6E7002D16D101205B421843F2E797421D
:10380000E7DB039A05999142F5D8E3D1069A079927
:103810008A42F0D3069A079900208A42E2D9D9E772
:10382000002CD6D104999942E5D19742E7DD0120D9
:10383000049B59420843D5E7FF070000F0B589B063
:10384000009201930E03019A330B4F00059312036C
:10385000CB0F0199120BC90F0392019A04912849C9
:10386000520004008C4607907F0D520D8F4218D0F5
:10387000009910000691624503D10399009E3143DF
:1038800012D1002F13D00024002A2CD1009D0399BF
:103890000D43944210D0954207D0049B5800013844
:1038A00003E005982043E3D0022009B0F0BD05995C
:1038B0000C4365426C41E7E7002D16D101205B42C5
:1038C0001843F2E79742E8DB039A05999142F5D84D
:1038D000E4D1069A07998A42F0D3069A0799002004
:1038E0008A42E2D9DAE7002CD7D104999942E5D18E
:1038F0009742E7DD0120049B59420843D5E7C046C3
:10390000FF070000F0B58BB0009201930D034B0050
:10391000CA0F06002D0B5B0D02923DD0694A9342FF
:1039200063D0EA008025410F0A432D041543664AFF
:10393000C4009B1803930027019B00981E035A00A4
:10394000DB0F360B520D04935ED05E4B9A4200D1D2
:1039500081E0F3008026410F0B435B4936041E4390
:10396000C3005018002203994118B8000691104373
:103970000131844600910B2800DD91E00299049802
:10398000414002916146022974DC604601380128F9
:1039900000D99FE0170088E02C0004439C422BD004
:1039A0009D4216D02800ECF7F5FC040002000B3C09
:1039B0001D2330001B1B1100D84008398D40030027
:1039C0002B4335008D4041492C008A1A1D0003927B
:1039D000B1E7ECF7DFFC04000200153420321C2CA8
:1039E000E6DD330008388340EDE704002C4307D1BF
:1039F0002500022703939FE72500012703949BE7F7
:103A000004000327039397E7009B3343934229D095
:103A1000964214D03000ECF7BDFC010003000B39D6
:103A20001D221800521A009908388640D1403143AF
:103A3000009E86402548C01A33000E0092E7ECF73E
:103A4000A9FC01000300153120331C29E8DD009991
:103A500008388140EEE7009B334307D110001E0079
:103A6000022280E71E00180001227CE703001000FC
:103A7000032278E7604601218140A620C000014270
:103A800011D10F0012480740014200D0FBE0902204
:103A9000920011421ED080253C0002972D03EDE0DC
:103AA0000F2800D1E4E02E002300022F00D137E1DF
:103AB000032F00D131E1012F00D0AFE00026340008
:103AC0003200CAE0FF07000001FCFFFF0DFCFFFF12
:103AD00088080000190C9BB203911900220C514375
:103AE00018008C46039F0399A4B260435143674377
:103AF00005916744010CC91904908C4504D98020B4
:103B0000059F40023F180597080C84466846008AC6
:103B1000090409180991310CB6B204913000310042
:103B2000049F614350437C437A4324180F0C3C1993
:103B3000A04202D9802040021218200C82182404CE
:103B400089B207926218089262460899039F521838
:103B5000290CADB228006F4358434B439446039C55
:103B6000FF18020CD2194C43934202D980235B0206
:103B7000E418130C1B1903932B0080B212041218C3
:103B80000498734345434E434143A8191D0C2D1817
:103B9000AE4202D9802040020918059F0898674468
:103BA0008742B641BF189742924128049BB2C01881
:103BB000079B7642C01853420493039B84199C468A
:103BC000A4446346049AB442A4419B18079A6442F1
:103BD00090428041039A4042044394458041049AB4
:103BE0002D0C934292414042524210436419099A6B
:103BF00024186418790211434A1E9141FF0DDE0D0D
:103C0000640239435B0226430B43E4013ED50121A4
:103C10005A080B401A43F307CE401343009A444915
:103C20005218002A35DD590708D00F211940042900
:103C300004D0191D99429B41F61A0B00F10105D5DC
:103C400080213C4AC9001640009A52183A498A42DB
:103C500066DC7407DB081C43F60813053603029A7A
:103C6000360B3343D2071343200019000BB0F0BDCD
:103C700080221203154201D016424CD08026360312
:103C80002E432E4AE9E70499029183E6069A0092B0
:103C9000C4E71100373100DA10E711001E3127DBCD
:103CA00001202749801A009A1C00521831009340C5
:103CB0009140C4401A002143531E9A410B00C64054
:103CC00013435A0708D00F221A40042A04D01A1DA1
:103CD0009A429B41F61A13008021300009040840E3
:103CE0000E4220D17407DB0802001C43F608B4E73B
:103CF0001F2130004942891AC84000211F3204D0D8
:103D00001049009A5218310091400B435A1E9341BA
:103D100000260343D5E7049A029235001C00ADE764
:103D200000263400ADE700260122340095E7C046A6
:103D3000FF030000FFFFFFFEFE070000FF0700007B
:103D40001E0400003E040000F0B585B0029203930B
:103D5000CB0F0D030193039B4C006D0A410F1F0312
:103D60002943DE0F5D00029B7F0A5B0F029A3B43F3
:103D7000BB4F640DC0006D0DD200BD4203D11F00CA
:103D8000B446174302D101277740BC46019F661B0A
:103D9000BC4500D023E1002E5FDD002D13D11D00B6
:103DA00015430DD0751E012E07D182188242804125
:103DB000CB181B1A1000340027E0A94FBE420AD1CD
:103DC0000B00020051E0A64DAC4200D17AE2802502
:103DD0002D042B433500382D3ADC1F2D27DC2026FF
:103DE0001F00761BB74002963E001700EF40374396
:103DF000029EEB40B2401600721E96413E433618BA
:103E0000864280415B181B1A30001A0200D4D4E0AD
:103E1000934A0134944200D151E201229149024077
:103E2000194043081343C80718434B08C5E02E0048
:103E30001F00203EF7400026202D03D04036761B81
:103E4000B3401E001643731E9E413E430023D6E737
:103E500013431E00731E9E41F8E7002E4DD02E1B0B
:103E6000002C2BD10C00044301D1340060E0741EFF
:103E7000012E05D1801890429241CB189B1A9AE7E7
:103E8000774FBE42F1D0382C32DC1F2C1FDC2026AD
:103E90000F00361BB74002963E000700E74037434D
:103EA000029EE140B0400600701E86413E43B018BD
:103EB00090429241CB182C009B1AA6E7684F2C0029
:103EC000BD4235D08024240421433400DBE72600A2
:103ED0000F00203EF7400026202C03D04036361B32
:103EE000B1400E000643711E8E413E430021DEE7C5
:103EF00001430E00711E8E41F8E75B4F651C3D4289
:103F00004DD10D000543B4422DD1A54200D1CCE1E5
:103F10001C001443B44200D1C9E11218824280410E
:103F2000CB181B1A190200D4BFE101244D490B40E4
:103F30005907D2080A434A49DB088C4206D11100CE
:103F4000194300D1CAE1802109030B431000474AFD
:103F500024051B0314401B0B1C43019BDB071C4364
:103F6000210005B0F0BD002D13D01C00144300D17A
:103F7000AEE14C07C00820438024C9082403214235
:103F800002D0DD08254206D00D00ED00430F2B4383
:103F9000C200334CCCE7D0085B071843F5E7304C40
:103FA000A54200D18AE18218824280412C00CB18C0
:103FB0001B1AD807520810435B08420704D00F228F
:103FC0000240042A00D074E102001902B0D524494D
:103FD00001348C4200D172E122490B40A8E7002E47
:103FE0005CDD002D32D11D00154300D1E8E6751EC1
:103FF000012E07D1821A90428041CB1A1B18100063
:1040000034001DE0164FBE4200D1D9E6382D40DC09
:104010001F2D2DDC20261F00761BB74002963E0088
:104020001700EF403743029EEB40B2401600721E6D
:1040300096413E43861BB0428041CB1A1B1830008C
:104040001A02BAD55B0206005D0AE4E0044DAC42F8
:1040500000D137E180252D042B433500D6E7C0463B
:10406000FF070000FFFF7FFFFE0700000000F07F5A
:104070002E001F00203EF7400026202D03D04036A2
:10408000761BB3401E001643731E9E413E43002321
:10409000D0E713431E00731E9E41F8E7002E54D054
:1040A0002E1B002C30D10C00044302D1614601913B
:1040B000DBE6741E012E07D1101A824292415B1A70
:1040C0009B18624601929BE7854FBE42EED0382C8A
:1040D00036DC1F2C23DC20260F00361BB740019650
:1040E0003E000700E7403743019EE140B040060034
:1040F000701E86413E43901B824292415B1A9B1880
:1041000062462C0001929BE764460194744CA542E0
:1041100000D10DE78024240421433400D7E7260092
:104120000F00203EF7400026202C03D04036361BDF
:10413000B1400E000643711E8E413E430021DAE776
:1041400001430E00711E8E41F8E7664E651C354234
:1041500052D11D000E0015430643002C27D1A64264
:1041600006D11000A54213D1230022000194DFE6FE
:10417000002D00D19BE0861AB042BF41CD1A7F428C
:10418000ED1B2F020CD5101A824292415B1A9B182C
:104190006246019202001A4300D19CE000240CE721
:1041A00032002A4300D190E02B003000F2E7002ECD
:1041B00006D1B54219D180232A000195DB03E8E638
:1041C000002D00D184E080254C07C008C9082D03CC
:1041D0002043294202D0DC082C4209D0019B0C006C
:1041E0009C46E400430F2343C20061460191D0E6A0
:1041F000D0085B071843F4E7861AB042BF41CD1AD6
:104200007F42ED1B2F0229D5161AB24292415B1A4A
:104210009D1863460193002D27D02800ECF7BAF8CB
:104220000200083A202331009B1AD94095400B0028
:104230002B4335009540A24232DB121B511C1F2933
:104240001EDC20221800521A2C0095409040CC40D1
:104250006A1E95412043CB4028439BE732002A4306
:10426000D9D113001400019262E63000ECF792F805
:10427000020018321F2AD5DD330008388340DAE700
:1042800018001F3AD0400022202903D04032521A91
:1042900093401A002A43531E9A410023104379E7A2
:1042A000A41A114A2800134087E6100072E70B0099
:1042B00070E7021D824280411B1A86E6084C0023EB
:1042C0001A0035E60B00020032E6130001922FE6D9
:1042D0000B0002005DE61300140029E60B0035E632
:1042E000FF070000FE070000FFFF7FFF73B500908F
:1042F0000191019B114E1D03590000202D0B490D0A
:10430000DC0FB14204DD0E48814202DD0D4BE018A6
:1043100076BD8020400328430B4DA9420BDD0B4B9B
:10432000009ACB1898400A4B5B1ADA401043002CD5
:10433000EED04042ECE76D1AE840F8E7FE030000DB
:104340001D040000FFFFFF7F13040000EDFBFFFFD3
:104350003304000070B5030004000200051E11D0F4
:10436000C21785185540C40F2800ECF713F80C4B02
:104370001B1A0A280FDC0B222900121AD140153013
:104380000A0085401203120B1B051343E407234365
:104390002800190070BD2A000B3882400025F1E783
:1043A0001E04000010B503000400021E0CD0EBF741
:1043B000F1FF0B4A121A0A280DDC0B2321001B1AED
:1043C000D94015300B0084401B031B0B12051A4308
:1043D0002000110010BD23000B3883400024F3E7B8
:1043E0001E040000FE2270B54400240E4302611C2E
:1043F0005D0AC60F11420DD0E0229200A4181B0BDB
:104400006D071B031B0B2405F6071C4334432800D0
:10441000210070BD002C18D12300A542F1D0280046
:10442000EBF7B8FF0A280ADC0B232A001B1ADA4034
:104430001300020015329540094C241AE1E70300ED
:104440000B3B9D402B002500F6E7002D06D01A0BF4
:1044500080231B036D071343024CD2E72B00FBE7BD
:1044600089030000FF0700004A00F0B50B03520D5E
:10447000304D5B0A460F571C1E43CC0FC3002F4222
:1044800040D02D4D5519FE2D52DC002D31DC290078
:10449000173149DB802109043143681C18DB2748A8
:1044A0001E26121818009340751BE84091405D1EAF
:1044B000AB410B4300220343590737D00F2119406A
:1044C000042933D00433590130D50132002326E0CA
:1044D00002200E004042401BC6400020023503D09F
:1044E00017481218914008001843431E98413300A2
:1044F000E0E75A0F8301591E8B41F6003343134303
:104500002A00D9E73343002A03D193420ED0012376
:10451000D8E7FF22002B02D08023DB033343D005F2
:104520001843E4072043F0BD0022F0E7DB08F6E77C
:10453000FF22CBE7FE07000080FCFFFF82FCFFFFAD
:10454000A2FCFFFF10B50A22002100F089F810BD7F
:10455000F0B585B017001E0003900191242B23D8DD
:104560000C00012B20D03A4B08209C4623006246C9
:1045700001001D780134525D11401042F6D12D2DFD
:1045800019D125789C1C01230093102233009343FA
:104590001DD1302D15D1DF2123780B40582B10D1A0
:1045A00065780234102612E000F0E2F8162303606A
:1045B000002005B0F0BD00912B2DE6D125789C1C84
:1045C000E3E7002EEED10A36302D00D1023E214A1B
:1045D000009B31009B1818000293EBF7CBFD8C4633
:1045E00000210B002A00303A092A03D9113A192A6E
:1045F0000BD80A3296420CDD4D1C03D0984212D2E1
:104600000121494225780134ECE72A00613A192A50
:10461000EFD94A1C0FD12223039A1360029B002F6B
:1046200011D11800C5E7984201D19445E8DB7343E6
:104630000121D318E6E7009A002A00D05B42002F40
:10464000EFD0002901D0621E0192019A3A60E8E79A
:10465000DD810108FFFFFF7F10B5FFF779FF10BD77
:1046600010B5044C13000A0001002068FFF770FF2A
:1046700010BDC0465C0100200EB470B581239DB012
:104680006A46002521AC9B0040CC93821B9502908A
:104690000690EBF7B3FE0B4B6A460B930123039096
:1046A000079009485B42D38202A9230032000068C8
:1046B0000F951495019400F03FFB1DB070BC08BC31
:1046C00003B01847CD4601085C0100200020704768
:1046D00030B5140005001A009BB0002C05DA8B23BE
:1046E0000360012040421BB030BD0023199323001A
:1046F00000910491591E8B41E31A02930593084BD4
:10470000694603931E9B00F0C7F9431C01DA8B2313
:104710002B60002CE7D00022009B1A70E3E7C04614
:104720000802FFFF13B5044C009313000A000100B8
:104730002068FFF7CDFF16BD5C0100200300821842
:10474000934200D1704719700133F9E7130030B577
:10475000002A0BD00024013A035D0D5DAB4204D169
:10476000A24202D00134002BF6D15B1B180030BDF1
:10477000014B18687047C0465C01002070B50026E8
:104780000C4C0D4D641BA410A64209D1002601F06B
:10479000E3F90A4C0A4D641BA410A64205D170BD72
:1047A000B300EB5898470136EEE7B300EB58984753
:1047B0000136F2E7E8820108E8820108EC8201088C
:1047C000E882010870477047002310B59A4200D173
:1047D00010BDCC5CC4540133F8E7000070B505008F
:1047E000002910D00C1F2368002B00DAE4182800E1
:1047F00000F0E0F81D4A1368002B05D163601460D7
:10480000280000F0DFF870BDA34208D92068211805
:104810008B42F3D119685B6809182160EEE71A0032
:104820005B68002B01D0A342F9D911685018A0424F
:104830000BD120680918501811608342E0D1186824
:104840005B68411811605360DAE7A04202D90C237B
:104850002B60D5E7206821188B4203D119685B686B
:104860000918216063605460CAE7C04654180020EC
:1048700070B50F4C0E0021680500002902D100F030
:1048800017FF20603100280000F012FF0400431CD5
:104890000BD00323C41C9C43A04206D0211A28003D
:1048A00000F006FF431C00D10400200070BDC0468C
:1048B00050180020F7B50322CB1C934308331F0088
:1048C00000900C2B32D20C27B94231D8009800F05E
:1048D00071F8374E33681C00002C2FD13900009836
:1048E000FFF7C6FF0400431C5FD134682500002D8C
:1048F0004BD1AC4252D023682900E31800980193B1
:1049000000F0D6FE019B834248D123680098FF1A2D
:104910003900FFF7ADFF013040D02368DB19236079
:1049200033685A68AA4233D1356014E0002BCBDAE1
:104930000C230025009A13602800FEBD2168C91BC6
:1049400020D40B2917D9E2192760A34211D1326074
:104950006368116053602500009800F033F8072267
:104960000B35231D9543EA1A9D42E5D05B1BA350EE
:10497000E2E75A60ECE76268A34201D13260EAE7FD
:104980005A60E8E723006468A6E72C006D68AEE78C
:104990001A005B68A342FBD10023DBE70C23009ADB
:1049A0001000136000F00EF8C6E70760D3E7C046BA
:1049B0005418002010B50248FFF704FF10BDC04690
:1049C0004C18002010B50248FFF7FDFE10BDC04690
:1049D0004C180020F0B58D6885B00C001E000290C8
:1049E00003929D4254D80C23C85E9023DB001842EA
:1049F0004CD00322096923685B1A0193636953430E
:104A0000DA0FD318019A5F10731C9B183A00BB424F
:104A100001D91F001A00400525D511000298FFF7A3
:104A200049FF051E28D0019A2169FFF7CDFEA28912
:104A3000184B1A4080231343A381019B2561ED1875
:104A400025603500FB1A6761A36032000399206876
:104A500000F01AFE0020A3685B1BA36023689B196B
:104A6000236005B0F0BD029800F03FFE051EE4D1C2
:104A700021690298FFF7B2FE0C230120029A4042FE
:104A80001360A28934331343A381EAE72E00DCE7E5
:104A90001D00DAE77FFBFFFFF0B59FB002901C001E
:104AA0008B890F0016001B0612D50B69002B0FD146
:104AB0004021FFF7FFFE38603861002806D10C2343
:104AC000029A1360012040421FB0F0BD40237B6179
:104AD000002306AD6B6120336B761033AB76059403
:104AE00034002378002B01D0252B43D1A31B039343
:104AF000B4420BD0320039000298FFF76BFF01304F
:104B000000D1A4E06B69039A9B186B612378002B9A
:104B100000D19CE00122002352426A6002AA533273
:104B200001342B60EB60AB601370AB654F4E052218
:104B30002178300000F0CEFD2A68611C00281BD1CE
:104B4000D30603D5202302A853300370130703D5DF
:104B50002B2302A85330037023782A2B13D0002074
:104B60000A21EB682278303A092A29D9002812D084
:104B7000EB6010E00134B4E70123801B8340134352
:104B80000C002B60D2E7059B181D1B680590002BBD
:104B900010DBEB600C0023782E2B24D163782A2BBA
:104BA00016D1059B02341A1D1B680592002B0CDBE5
:104BB0006B6018E05B42EB60022313432B60E9E774
:104BC0004B43012001349B18CCE701235B42EFE704
:104BD00000220A201300013421783039092927D90D
:104BE000002AE5D16A60224E03223000217800F0CD
:104BF00071FD002806D04023801B83402A680134C1
:104C000013432B60217806221A48297600F062FDB2
:104C1000002822D0184800280FD10722059B07330F
:104C20009343083305936B69661C1B186B6157E748
:104C30004343012201345B18CEE705AA0092290004
:104C40003A000E4B029800E000BF431CEBD1BB8939
:104C50005B0600D536E7686936E705AA00922900A9
:104C60003A00064B029800F02DFAEEE7987601081C
:104C70009E760108A276010800000000D5490108CF
:104C800070B50D0014004B1C18D09389202293435B
:104C9000626BA3810E006368CDB2002A10D0A26BB4
:104CA0009A4204DC210000F0B1FC002821D12368E5
:104CB000013B23601E70636801336360280070BD90
:104CC00021692268002907D0914205D2511E087837
:104CD000A84201D12160EFE72364230044336363DA
:104CE0000323A36323004633E2631E702360012382
:104CF000E3E701256D42E1E710B50C00496B00299F
:104D00000ED023004433994201D0FFF767FD002005
:104D1000236C60636360834202D0E36B236010BD49
:104D20002369012023600023A28963602033134399
:104D3000A3814042F3E70000F0B5A54C0600A5446E
:104D40000C000021BE204691479103A94891A1493A
:104D5000400043AD2950A049043043AD295002938F
:104D600013780093002B00D12FE19C4F0820F95CB1
:104D70000823551C0B4008421CD06368002B08DC3C
:104D8000C02243AB5200210030009B5898470028B6
:104D900005D1082123681A78BA5C114201D12A0092
:104DA000DEE7479A01330132479262682360013A95
:104DB0006260E2E70099252954D1459343935378E3
:104DC0002A2B02D11A3B4393951C2F000A2205E09F
:104DD0002F00459B5343303B5B18459339787D1C2E
:104DE0000B00303B092BF3D97D4B032218000193B4
:104DF00000F070FC002807D0019B2F00C01A01238F
:104E00008340439A134343933B787D1C782B24D8EB
:104E1000572B07D8252B25D01BD8002B1DD10120BF
:104E20004042BAE018005838202816D8EBF748F965
:104E30003A15157715151515151515827599999942
:104E40001546151515158A4A361515881575151543
:104E50003A00453B022B00D883E0032349930733F4
:104E6000449333E06368002B09DCC02343AA5B0052
:104E700021003000D3589847002800D085E02368EF
:104E800000991A788A4200D09FE00133626823605B
:104E9000479B013A01336260479380E720224399A0
:104EA0000A4343928022439992000A43439210227C
:104EB00044926E229A429B415B4201E0002344935C
:104EC000033302E008234493043B49936368002BB7
:104ED00008DCC02343AA5B0021003000D358984768
:104EE000002852D1439B5B0608D4C0277F0023686B
:104EF0003A491A788A5C0821114234D1499B022B25
:104F00004FDC2200300002AB43A900F0E9F9012890
:104F10005BD0022800D042E737E00A22C8E7290028
:104F200003A800F035FB4023439A05001343439345
:104F30000123CAE74023439A134343930023C4E762
:104F40000223C2E7439AD30600D528E7029B47997C
:104F5000181D02901B68D70701D519801FE719603B
:104F60001DE70523B1E7479A013247926268013A8B
:104F70006260002A02DD01332360B8E743AB210001
:104F80003000DB5998470028B1D04698002800D15E
:104F900045E7A3895B0600D541E7A5239B009D4417
:104FA000F0BD042B06DC2200300002AB43A900F068
:104FB000F7F9ACE70B4B002B00D1F0E622003000F4
:104FC00002AB43A900E000BFA1E74698E5E7C04671
:104FD0006CFDFFFF814C0108F94C0108DD810108DF
:104FE0009E76010800000000F7B5160001938A685C
:104FF0000B690C000090934200DA1300220033602A
:1050000043321278002A01D00133336023689B06B3
:1050100002D53368023333602268062315001D4031
:105020001A4230D0230043331B785A1E9341226822
:1050300092062ED4220001990098089D4332A84779
:10504000431C15D00622236800251340042B05D1EC
:105050003368E568ED1AEB43DB171D40A36822694E
:10506000934201DD9B1AED180026B5421ED10020A7
:10507000FEBD2200012301990098089F1932B8470C
:10508000431CF5D00135E36832689B1AAB42F0DC73
:10509000C8E73020E1184331087021005A1C45311F
:1050A0000978A218433202331170C3E722000123AA
:1050B00001990098089F1A32B847431CD8D001368E
:1050C000D3E70000F0B58BB00793059006920A7EF7
:1050D0000C004331109B0491782A09D8622A0BD81E
:1050E000002A00D1CEE07C490391582A00D19FE0EC
:1050F00026004236327022E0100063381528F7D8B7
:10510000EAF7E8FF16001F00F6FFF6FFF6FFF6FFCE
:105110001F00F6FFF6FFF6FFF6FFB30035008F0025
:10512000F6FFF6FFC400F6FF3500F6FFF6FF940029
:1051300026001A684236111D196013683370012366
:10514000B2E01A682068111D1960050601D51568BE
:1051500003E04006FBD50023D55E002D03DA2D23A6
:10516000049A6D4213705C4B0A27039311E01A688E
:105170002068111D196005064ED51568237E564A14
:105180000A2703926F2B00D1023F230000224333F2
:105190001A706368A360002B06DB04212268049E5A
:1051A0008A4322602B430CD0049E28003900EAF782
:1051B000E1FF039B013E5B5C33702B0005009F42C7
:1051C000F3D9082F09D12368DB0706D56268236964
:1051D0009A4202DC3023013E3370049B9B1B236107
:1051E000079B210000930598069B09AAFFF7FCFE88
:1051F000431C0FD02369320006990598079DA847E4
:10520000431C07D023689B0763D4099BE06898423E
:1052100000DA18000BB0F0BD15684006AED5ADB28F
:10522000ACE7202221680A43226078222B490391AF
:10523000210045310A7019682268081D186015069A
:1052400001D50D6803E05506FBD50D68ADB2D30757
:1052500002D5202313432360002D01D0102794E7AB
:105260002022236893432360F8E71A682568101DFD
:105270006169186013682E0601D5196002E06D0699
:10528000FBD519800023049E2361A9E71A68111D2C
:105290001960166800213000626800F01BFA0028CF
:1052A00001D0801B6060636823610023049A13703F
:1052B00096E72200012306990598079E1932B04708
:1052C000431CA7D00135E368099A9B1AAB42F0DC76
:1052D0009BE70025F7E7C046A9760108BA760108E2
:1052E000F7B515008A680C000190002A06D18A697A
:1052F000511E8A41012152421143A1602268D20607
:1053000003D41A68111D196017680026A0690028C7
:1053100013D0012808D12B6862691B78D35C002B5D
:105320000BD1002E39D027E0022825D12B681B4A4B
:105330001B78D35C08221A421ED110222368013642
:10534000134203D12B681B783B7001376B68013B1C
:105350006B602B6801332B60A368013BA360002BBB
:105360000AD06B68002BD1DCC0235B002900E35816
:10537000019898470028C9D02268102311001940CD
:105380001A4206D1E3680133E360A369002B00D021
:105390003970002023699B192361FEBDDD8101085E
:1053A000F0B58BB00193744B1600049007AAA1CB03
:1053B000A1C2724A8B690C000592032B01D1704B7C
:1053C0000593AE220020A3685200591E039091421B
:1053D00005D95E3BFF3B03935E23FF33A3602300AD
:1053E0001C330093D023002722681B011343236042
:1053F000009B0293336807A81978BB000222185853
:1054000000F068F9002821D0012F52D16368002BE9
:1054100006D1083322686360F933FF3313432360F6
:105420002368584A13402360A3685A1EA260002BC9
:105430000CD033685A1C32601B78029A1370736860
:10544000551C013B7360002B42DD02950137032F91
:10545000D0D16368002B01D10A33636000274A4929
:105460006069C91A00F094F8029DA368002B48D027
:10547000316862690878125C002A42D022683028BC
:1054800030D18020000102422CD0039A0137002A3B
:1054900003D0013A01330392A3607368013B736048
:1054A000002B26DD336801333360A368013BA36022
:1054B000DBE7022FB8D1C02380212268DB00134034
:1054C00089008B42C5D110236360F0331343AAE7F0
:1054D000C0235B003100E358049898470028B4D0FB
:1054E00000270EE0294B1A4022600B782B70013503
:1054F000D3E7C0235B003100E358049898470028A5
:10550000D3D02368DB050ED5009B9D4207D9BE236F
:10551000013D5B0032002978E35804989847009BCE
:1055200001209D4226D0216810230A001A4019420A
:1055300019D12A70636800990498059EB047019BB1
:1055400021681B681A1D8E0604D501990A601B6824
:10555000186005E0CE07F8D501990A601B6818802D
:10556000E3680133E3600020009BED1A2369ED1925
:105570005B1923610BB0F0BDA05B0108495801081D
:1055800059460108FFFAFFFFDB760108FFF6FFFF2F
:1055900070B50B785E2B0ED04C1C00210E00020063
:1055A000451CFF3516700132AA42FBD1002B06D1F3
:1055B000611E080070BD4B788C1C0121EEE70125AF
:1055C0004D402100C5540A784C1C2D2A05D05D2A77
:1055D00019D0002AEDD01300F3E74A785D2A01D1F3
:1055E0002D23EEE79342FBDC1C000231013405550C
:1055F000A242FBDC934203DB00220133D318E2E733
:10560000D21A013AF9E72100D3E700000B00F7B501
:105610004D6B44330C009D421CD18026F6003100B6
:10562000FFF748F9002802D101204042FEBD2300C7
:105630006063A66346331A78104BC2542300453387
:105640001A780F4BC2542A780E4BC254C0182060EF
:105650000020EBE78E6B290073001A00019300F025
:1056600044F8051EE0D08719010032003800FFF72A
:10567000ABF8019B27606563A363E9E7FF030000C4
:10568000FE030000FD03000010B5884206D8002389
:105690009A4208D0CC5CC4540133F9E78B18984285
:1056A000F5D2002A00D110BD013A8B5C8354F8E793
:1056B000002370B5064C05000800236000F0D0F808
:1056C000431C03D12368002B00D02B6070BDC04663
:1056D00048180020C9B28218904201D100207047BA
:1056E00003788B42FBD00130F6E7F7B506000C00DB
:1056F0001500002905D11100FFF7DCF80400200097
:10570000FEBD002A03D1FFF769F82C00F7E700F08F
:105710009FF80700854202D84308AB42EFD3290027
:105720003000FFF7C7F8019000280BD02A00BD42D7
:1057300000D93A0021000198FFF746F82100300017
:10574000FFF74CF8019CDAE7F0B51E003D4B85B041
:10575000039017000C009C4608200091230062462D
:1057600001001D780134525D11401042F6D12D2DFB
:1057700012D125789C1C01230193102233009343FE
:1057800016D1302D0ED1DF2123780B40582B09D1B3
:105790006578023410260BE001912B2DEDD1257890
:1057A0009C1CEAE7002EF5D10A36302D00D1023ECE
:1057B000012031004042EAF7A1FC029001203100B3
:1057C0004042EAF7D7FC002318002A00303A092AA1
:1057D0000CD81500AE421EDD5A1C04D0029B834239
:1057E00010D201235B4225780134EEE72A00413ACA
:1057F000192A01D8373DEDE72A00613A192A0AD85B
:10580000573DE7E7029B834201D1A942E9DB7043A0
:1058100001232818E7E75A1C07D122220399180010
:105820000A60002F09D105B0F0BD019A002A00D00E
:105830004042002FF7D0002B01D0631E0093009B45
:105840003B60F0E7DD81010810B5FFF77DFF10BD7B
:105850000B1F1B68181F002B01DA0B58C01870476C
:10586000044A1368002B03D0181810601800704702
:10587000014BF9E75818002060180020F0B54746A2
:10588000CE4680B53D4A4B005B0D83B09F180400A7
:105890000D000E0088460190132F20DC002F50DBF6
:1058A000374B3B4199460B4003431ED0354A364B9C
:1058B000FDF7C0F900220023EAF7E6FC00280BD030
:1058C000002D04DD80235B033B415B1998464B466A
:1058D00046469E43002301933100019807E0332F91
:1058E0000ADD8023DB009F423ED02000290003B068
:1058F000C0BCB946B046F0BD244A9B1801225242B2
:10590000DA40019B90461A42EFD01E4A1E4BFDF72B
:1059100091F900220023EAF7B7FC0028DCD0019BB4
:10592000002D0ADD142F07D034210122C91B8A4023
:105930009B18019A9A4200D96E1C424693430193E8
:10594000CAE7104A104BFDF775F900220023EAF769
:105950009BFC0028C0D0002D0BDB260000232E432B
:105960000193B9D00A4EB7E702000B00FDF762F9C8
:10597000BDE70023802601933606ADE701FCFFFF5B
:10598000FFFF0F009C7500883CE4377EEDFBFFFFB6
:105990000000F03FF0B54746CE4680B5404A4B0088
:1059A0005B0D83B09F1804000D000E008846019027
:1059B000132F20DC002F45DB3A4B3B4199460B402F
:1059C00003431ED0384A394BFDF734F90022002337
:1059D000EAF75AFC00280BD0002D04DA80235B0381
:1059E0003B415B1998464B4646469E430023019334
:1059F0003100019807E0332F0ADD8023DB009F424E
:105A000030D02000290003B0C0BCB946B046F0BD7C
:105A1000274A9B1801225242DA40019B90461A42C3
:105A2000EFD0214A214BFDF705F900220023EAF7C8
:105A30002BFC0028DCD0019B002D20DB4246934349
:105A40000193D5E7184A194BFDF7F4F8002200231B
:105A5000EAF71AFC0028CBD0002D08DB0023002633
:105A60000193C5E702000B00FDF7E4F8CBE76F00F8
:105A70007F08274301970ED180263606B8E7142FFA
:105A800007D034210122C91B8A409B18019A9A42EF
:105A9000D4D96E1CD2E70023064E0193A8E7C04676
:105AA00001FCFFFFFFFF0F009C7500883CE4377E80
:105AB000EDFBFFFF0000F0BF30B5C646224A4B00A9
:105AC0005B0D9A188C4600B5132A14DC002A2FDBD4
:105AD0001E4B13419C460B40034309D080231B03FC
:105AE000134162465B1893439C46002361461800AD
:105AF00020BCA84630BD332A08DD8023DB009A4253
:105B0000F6D102000B00FDF795F8F1E7104C1B19D8
:105B100001246442DC400442EAD033239A1A323B27
:105B200093401B18834201D24A1C9446A343DDE7ED
:105B3000CB0FDB079C4600230132D7D16146054AD3
:105B400011438C46D2E7C04601FCFFFFFFFF0F0068
:105B5000EDFBFFFF0000F03FF8B5C046F8BC08BC05
:105B60009E467047F8B5C046F8BC08BC9E467047D4
:105B70005A050700665A060301006400A027BE33D9
:105B80000000000050010000E034C13300000000BC
:105B9000500100002042C43300000000500100000A
:105BA000DD760108E0760108E37601086572726F20
:105BB0007220696E20454550524F4D2057726974CE
:105BC00065206572726F720D006572726F72206966
:105BD0006E20454550524F4D204572617365206FD0
:105BE0007065726174696F6E0A0D007278446F6E31
:105BF000652841434B290D0A007278446F6E650D8C
:105C00000A00527373693D2025640D0A00747844BC
:105C10006F6E650D0A00727854696D654F75740D6D
:105C20000A00010080000800050004004261743A87
:105C3000252E336620560D0A00504231345F636FC3
:105C4000756E74313A25750D0A00504231345F7318
:105C500074617475733A25640D0A00504231355FE2
:105C60007374617475733A25640D0A005041345F92
:105C70007374617475733A25640D0A0050423135AE
:105C80005F636F756E74323A25750D0A00445331A7
:105C9000384232305F74656D70313A252E31660DB1
:105CA0000A00445331384232305F74656D70313AC6
:105CB0006E756C6C0D0A00445331384232305F749B
:105CC000656D70323A252E31660D0A004453313825
:105CD0004232305F74656D70323A6E756C6C0D0ACD
:105CE00000445331384232305F74656D70333A2569
:105CF0002E31660D0A00445331384232305F7465EC
:105D00006D70333A6E756C6C0D0A004144435F5000
:105D100041303A252E336620560D0A006C696461C5
:105D2000725F6C6974655F64697374616E63653A10
:105D3000256420636D0D0A00554C545F64697374CB
:105D4000616E63653A252E316620636D0D0A00543D
:105D5000465F64697374616E63653A256420636DA0
:105D60002C54465F737472656E6774683A25640DCF
:105D70000A004368616D656C656F6E2072657375AE
:105D80006C743A257320617474656D7074733A2570
:105D90007520666C6167733A3078253032782074EC
:105DA000656D703A256420636F6D703A256C752FB0
:105DB000256C752F256C75207261773A256C752FCF
:105DC000256C752F256C750D0A004144435F5041C9
:105DD000313A252E336620560D0A004144435F5068
:105DE00041343A252E336620560D0A004858373183
:105DF000315F5765696768743A256420670D0A004A
:105E0000504131325F7374617475733A25640D0AC1
:105E1000000D0A4368616D656C656F6E206163718A
:105E20007569736974696F6E20656E61626C656413
:105E3000205B736F66742D6932632D35765D0D0AB4
:105E4000000A0D5573652053656E736F7220697378
:105E5000204C494441525F4C6974655F7633485029
:105E60000D0A000A0D5573652053656E736F72201D
:105E7000697320756C747261736F6E6963206469F5
:105E80007374616E6365206D6561737572656D65B0
:105E90006E740D0A000A0D5573652053656E736F9D
:105EA000722069732054462D73657269657320737F
:105EB000656E736F720D0A000A0D4E6F2064697370
:105EC00074616E6365206D6561737572656D656E75
:105ED00074206465766963652064657465637465C0
:105EE000640D0A000A0D5573652053656E736F7259
:105EF0002069732048583731310D0A00737769746F
:105F0000636820746F20636C617373202563206461
:105F10006F6E650A0D004142430052656365697604
:105F20006520646174610A0D0025643A00253032F1
:105F30007820004275666653697A653A25642C526A
:105F4000756E2041542B52454356423D3F20746F9D
:105F5000207365652064657461696C0D0A0069775A
:105F60006467007777646700736F66747761726542
:105F7000006C6F772D706F77657200706F722F7085
:105F800064720070696E006F7074696F6E2D627953
:105F90007465006F74686572006669726577616C1C
:105FA0006C004368616D656C656F6E20726573652A
:105FB000743A257320666C6167733A3078253038FF
:105FC0006C780D0A00434F554E54312069732025DB
:105FD000750D0A00434F554E5432206973202575C4
:105FE0000D0A005A05070167002530327820253058
:105FF0003278202530327820253032782025303212
:1060000078202530327820253032782025303278BB
:106010002025303278202530327820253032782003
:1060200025303278202530327820253032782025EE
:1060300030327820253032780D0A0041545F5041CB
:1060400052414D5F4552524F5228496E636F7272F2
:10605000656374204C656E677468290D0A002568B5
:106060006878202568687820256868782025686821
:106070007820256868782025686878202568687801
:106080002025686878202568687820256868782049
:106090002568687820256868782025686878202534
:1060A0006868782025686878202568687800456EDB
:1060B000746572204465627567206D6F64650D0AB2
:1060C000004F4B0A0D002568687500417474656EB9
:1060D00074696F6E3A54616B6520656666656374BA
:1060E0002061667465722041542B4144523D300D4D
:1060F0000A00417474656E74696F6E3A54616B6521
:10610000206566666563742061667465722041541B
:106110005A0D0A0025630D0A0025753A0041542BDB
:1061200053454E4420776974686F757420746865B0
:10613000206170706C69636174696F6E20706F723A
:10614000740025730054686520524A5444432072F9
:10615000616E6765206973203120746F2036353594
:1061600033350A0D0054686520726573706F6E7365
:1061700065206C6576656C2072616E676520697359
:10618000203020746F20350A0D0076312E382E30E5
:10619000200025642C25642C25640025642C2564AE
:1061A0002C25640D0A000A0D53746F70205478205A
:1061B0006576656E74732C506C65617365207761CC
:1061C000697420666F7220616C6C20636F6E666903
:1061D0006775726174696F6E7320746F2070726975
:1061E0006E740D0A000A0D53746172742054782085
:1061F0006576656E74730D0A0054444320736574AC
:1062000074696E67206D757374206265206D6F729E
:1062100065207468616E2036530A0D004368616D15
:10622000656C656F6E206669726D7761726520734B
:106230007570706F727473204D4F4433206F6E6CA5
:10624000790D0A004368616D656C656F6E20666943
:10625000726D776172652069732066697865642064
:10626000746F204D4F44330D0A00494E544D6F64F6
:106270006531206F662072616E676520697320301A
:1062800020746F20330D0A00494E544D6F646532FF
:10629000206F662072616E676520697320302074FC
:1062A0006F20330D0A00494E544D6F646533206FE3
:1062B000662072616E6765206973203020746F20DC
:1062C000330D0A0025642C256C750025642C256C83
:1062D000752C256C75005468652074696D656F7543
:1062E000742072616E6765206973203120746F209D
:1062F00036353533350A0D0041542B3C434D443E71
:106300003F20202020202020203A2048656C70204B
:106310006F6E203C434D443E0D0A41542B3C434D8F
:10632000443E2020202020202020203A2052756E3C
:10633000203C434D443E0D0A41542B3C434D443ECA
:106340003D3C76616C75653E203A2053657420743F
:1063500068652076616C75650D0A41542B3C434D90
:10636000443E3D3F202020202020203A20476574D5
:10637000207468652076616C75650D0A002B4445B4
:106380005549002B415050455549002B4150504B29
:106390004559002B4441444452002B4E574B534B1C
:1063A0004559002B415050534B4559002B53454EF6
:1063B0004442002B53454E44002B5258444154450F
:1063C0005354002B534554434E54002B47455453CC
:1063D000454E534F5256414C5545002B4D4F4400AE
:1063E000415425733D002B44454255470041542BF1
:1063F00044454255473A536574206D6F7265206974
:106400006E666F20696E7075740D0A005A004154F3
:106410005A3A20547269672061207265736574204E
:106420006F6620746865204D43550D0A002B464465
:10643000520041542B4644523A20526573657420F1
:10644000506172616D657465727320746F2046616E
:1064500063746F72792044656661756C742C204B8F
:1064600065797320526573657276650D0A00415433
:106470002B444555493A20476574206F7220536577
:1064800074207468652044657669636520455549C4
:106490000D0A0041542B4150504555493A2047655B
:1064A00074206F7220536574207468652041707089
:1064B0006C69636174696F6E204555490D0A00412E
:1064C000542B4150504B45593A20476574206F7208
:1064D0002053657420746865204170706C69636135
:1064E00074696F6E204B65790D0A0041542B44414D
:1064F0004444523A20476574206F722053657420DB
:1065000074686520446576696365204164647265DA
:1065100073730D0A0041542B4E574B534B45593A58
:1065200020476574206F722053657420746865205D
:106530004E6574776F726B2053657373696F6E204D
:106540004B65790D0A0041542B415050534B45592E
:106550003A20476574206F72205365742074686513
:10656000204170706C69636174696F6E205365734C
:1065700073696F6E204B65790D0A002B4144520000
:1065800041542B4144523A20476574206F72205386
:106590006574207468652041646170746976652053
:1065A0004461746120526174652073657474696E0E
:1065B000672E2028303A206F66662C20313A206FF3
:1065C0006E290D0A002B5458500041542B5458503A
:1065D0003A20476574206F72205365742074686593
:1065E000205472616E736D697420506F77657220EC
:1065F00028302D352C204D41583A302C204D494E15
:106600003A352C206163636F7264696E6720746F22
:10661000204C6F526157414E2053706563290D0A1B
:10662000002B44520041542B44523A2047657420B9
:106630006F72205365742074686520446174612012
:10664000526174652E2028302D3720636F72726579
:1066500073706F6E64696E6720746F2044525F5868
:10666000290D0A002B4443530041542B4443533A11
:1066700020476574206F722053657420746865200C
:10668000455453492044757479204379636C6520DF
:1066900073657474696E67202D20303D6469736181
:1066A000626C652C20313D656E61626C65202D2029
:1066B0004F6E6C7920666F722074657374696E67B3
:1066C0000D0A002B504E4D0041542B504E4D3A2098
:1066D000476574206F72205365742074686520705C
:1066E00075626C6963206E6574776F726B206D6F75
:1066F00064652E2028303A206F66662C20313A20BF
:106700006F6E290D0A002B52583246510041542B0E
:1067100052583246513A20476574206F72205365B3
:106720007420746865205278322077696E646F77C0
:10673000206672657175656E63790D0A002B52587B
:106740003244520041542B52583244523A20476549
:1067500074206F72205365742074686520527832FB
:106760002077696E646F7720646174612072617450
:10677000652028302D3720636F72726573706F6EDD
:1067800064696E6720746F2044525F58290D0A00B7
:106790002B525831444C0041542B525831444C3AFE
:1067A00020476574206F72205365742074686520DB
:1067B00064656C6179206265747765656E207468C4
:1067C0006520656E64206F662074686520547820AB
:1067D000616E64207468652052782057696E646F1A
:1067E00077203120696E206D730D0A002B525832CC
:1067F000444C0041542B525832444C3A2047657463
:10680000206F7220536574207468652064656C6124
:1068100079206265747765656E2074686520656EA1
:1068200064206F662074686520547820616E64204F
:106830007468652052782057696E646F7720322023
:10684000696E206D730D0A002B4A4E31444C004195
:10685000542B4A4E31444C3A20476574206F7220C5
:1068600053657420746865204A6F696E20416363C4
:106870006570742044656C61792062657477656524
:106880006E2074686520656E64206F66207468658C
:1068900020547820616E6420746865204A6F696EA8
:1068A0002052782057696E646F77203120696E20FE
:1068B0006D730D0A002B4A4E32444C0041542B4A52
:1068C0004E32444C3A20476574206F7220536574F1
:1068D00020746865204A6F696E2041636365707437
:1068E0002044656C6179206265747765656E2074FB
:1068F000686520656E64206F662074686520547832
:1069000020616E6420746865204A6F696E20527839
:106910002057696E646F77203220696E206D730D89
:106920000A002B4E4A4D0041542B4E4A4D3A204707
:106930006574206F722053657420746865204E65FD
:1069400074776F726B204A6F696E204D6F64652E8D
:106950002028303A204142502C20313A204F5441D7
:1069600041290D0A002B4E574B49440041542B4EF0
:10697000574B49443A20476574206F722053657421
:1069800020746865204E6574776F726B2049440DE2
:106990000A002B4643550041542B4643553A2047A5
:1069A0006574206F72205365742074686520467288
:1069B000616D6520436F756E7465722055706C69EA
:1069C0006E6B0D0A002B4643440041542B46434452
:1069D0003A20476574206F7220536574207468658F
:1069E000204672616D6520436F756E746572204438
:1069F0006F776E6C696E6B0D0A002B434C415353DD
:106A00000041542B434C4153533A20476574206F47
:106A100072205365742074686520446576696365E7
:106A200020436C6173730D0A002B4A4F494E00419D
:106A3000542B4A4F494E3A204A6F696E206E657456
:106A4000776F726B0D0A002B4E4A530041542B4E48
:106A50004A533A2047657420746865206A6F696EEE
:106A6000207374617475730D0A0041542B53454EA5
:106A700044423A2053656E642068657861646563BA
:106A8000696D616C206461746120616C6F6E672058
:106A90007769746820746865206170706C696361DF
:106AA00074696F6E20706F72740D0A0041542B531D
:106AB000454E443A2053656E6420746578742064B2
:106AC00061746120616C6F6E6720776974682074EF
:106AD0006865206170706C69636174696F6E2070A5
:106AE0006F72740D0A002B52454356420041542BDD
:106AF00052454356423A205072696E74206C61735D
:106B000074207265636569766564206461746120D0
:106B1000696E2062696E61727920666F726D617450
:106B20002028776974682068657861646563696D99
:106B3000616C2076616C756573290D0A002B5245D6
:106B400043560041542B524543563A205072696EC9
:106B500074206C6173742072656365697665642066
:106B60006461746120696E2072617720666F726D56
:106B700061740D0A002B524A5444430041542B5275
:106B80004A5444433A20476574206F7220736574F9
:106B9000207468652052654A6F696E206461746173
:106BA000207472616E736D697373696F6E20696EA4
:106BB00074657276616C20696E206D696E0D0A00D5
:106BC0002B52504C0041542B52504C3A2047657484
:106BD000206F722073657420726573706F6E7365B9
:106BE000206C6576656C0D0A002B564552004154A9
:106BF0002B5645523A204765742063757272656E54
:106C00007420696D6167652076657273696F6E20A7
:106C1000616E64204672657175656E6379204261AC
:106C20006E640D0A002B43464D0041542B43464DE4
:106C30003A20476574206F7220536574207468652C
:106C400020636F6E6669726D6174696F6E206D6F1F
:106C500064652028302D31290D0A002B434653004E
:106C600041542B4346533A2047657420636F6E6648
:106C700069726D6174696F6E2073746174757320CD
:106C80006F6620746865206C6173742041542B53C7
:106C9000454E442028302D31290D0A002B534E52E9
:106CA0000041542B534E523A204765742074686556
:106CB00020534E52206F6620746865206C61737497
:106CC000207265636569766564207061636B6574C5
:106CD0000D0A002B525353490041542B5253534930
:106CE0003A20476574207468652052535349206FD9
:106CF0006620746865206C617374207265636569D1
:106D0000766564207061636B65740D0A002B5444D2
:106D1000430041542B5444433A20476574206F721A
:106D20002073657420746865206170706C6963619C
:106D300074696F6E2064617461207472616E736D2A
:106D4000697373696F6E20696E74657276616C2009
:106D5000696E206D730D0A002B504F525400415440
:106D60002B504F52543A20476574206F7220736540
:106D70007420746865206170706C69636174696FF8
:106D80006E20706F72740D0A002B52583157544F99
:106D90000041542B52583157544F3A2047657420C4
:106DA0006F722053657420746865206E756D62651E
:106DB00072206F662073796D626F6C7320746F2020
:106DC00064657465637420616E642074696D656FB9
:106DD00075742066726F6D20525877696E646F7794
:106DE00031283020746F20323535290D0A002B529E
:106DF000583257544F0041542B52583257544F3A3F
:106E000020476574206F7220536574207468652074
:106E10006E756D626572206F662073796D626F6C3E
:106E20007320746F2064657465637420616E6420E0
:106E300074696D656F75742066726F6D2052587736
:106E4000696E646F7732283020746F2032353529AF
:106E50000D0A002B444543525950540041542B44D1
:106E60004543525950543A20476574206F7220535D
:106E70006574207468652044656372797074207449
:106E800068652075706C696E6B207061796C6F61DC
:106E90006428303A44697361626C652C313A456EFE
:106EA00061626C65290D0A0041542B4D4F443A47ED
:106EB0006574206F72205365742074686520776F45
:106EC000726B206D6F64650D0A002B494E544D4F57
:106ED00044310041542B494E544D4F44313A47659B
:106EE00074206F7220536574207468652074726911
:106EF0006767657220696E74657272757074206D53
:106F00006F646520666F72205042313428303A44F5
:106F1000697361626C652C313A66616C6C696E678D
:106F2000206F7220726973696E672C323A66616CE9
:106F30006C696E672C333A726973696E67290D0A42
:106F4000002B494E544D4F44320041542B494E546E
:106F50004D4F44323A476574206F72205365742058
:106F6000746865207472696767657220696E7465FC
:106F70007272757074206D6F646520666F72205038
:106F800042313528303A44697361626C652C313A7C
:106F900066616C6C696E67206F7220726973696ECE
:106FA000672C323A66616C6C696E672C333A726991
:106FB00073696E67290D0A002B494E544D4F4433B7
:106FC0000041542B494E544D4F44333A4765742089
:106FD0006F722053657420746865207472696767E6
:106FE000657220696E74657272757074206D6F645D
:106FF0006520666F722050413428303A44697361CD
:10700000626C652C313A66616C6C696E67206F72D8
:1070100020726973696E672C323A66616C6C696EB6
:10702000672C333A726973696E67290D0A002B3534
:1070300056540041542B3556543A476574206F72AC
:107040002053657420657874656E642074686520CB
:1070500074696D65206F6620355620706F77657294
:107060000D0A0041542B534554434E543A20476572
:1070700074206F72207365742074686520636F7567
:107080006E742061742070726573656E740D0A00F1
:107090002B4348530041542B4348533A20476574CF
:1070A000206F7220536574204672657175656E633A
:1070B000792028556E69743A20487A2920666F72C3
:1070C0002053696E676C65204368616E6E656C2045
:1070D0004D6F64650D0A0041542B47455453454E8E
:1070E000534F5256414C55453A2052657475726E55
:1070F00073207468652063757272656E74207365A1
:107100006E736F722076616C75650D0A002B4444B6
:1071100045544543540041542B444445544543543D
:107120003A20476574206F72207365742074686517
:1071300020646F776E6C696E6B2064657465637430
:10714000696F6E0D0A002B5345544D41584E425401
:1071500052414E530041542B5345544D41584E42D9
:107160005452414E533A20476574206F7220736524
:107170007420746865206D6178206E627472616E2F
:107180007320696E204C696E6B4144520D0A002BCE
:1071900044495346434E54434845434B0041542BC6
:1071A00044495346434E54434845434B3A20476570
:1071B00074206F72207365742074686520446F7743
:1071C0006E6C696E6B204672616D65204368656305
:1071D0006B28303A456E61626C652C313A446973B4
:1071E00061626C65290D0A002B4449534D414341AE
:1071F0004E530041542B4449534D4143414E533A61
:1072000020476574206F7220736574207468652050
:107210004D414320414E5320737769746368283091
:107220003A456E61626C652C313A44697361626CF7
:1072300065290D0A0041542B52584441544553547A
:107240003A205365742074686520646F776E6C69AA
:107250006E6B206461746120646574656374696F2A
:107260006E0D0A002B4346470041542B4346473AD4
:10727000205072696E7420616C6C20636F6E666959
:107280006775726174696F6E730D0A000D0A4F4B5A
:107290000D0A000D0A41545F4552524F520D0A002B
:1072A0000D0A41545F504152414D5F4552524F5279
:1072B0000D0A000D0A4552524F523A4E6F74206922
:1072C0006E2052616E67650D0A000D0A4552524FDD
:1072D000523A52756E2041542B46445220666972D0
:1072E00073740D0A000D0A41545F425553595F45AE
:1072F00052524F520D0A000D0A41545F54455354E7
:107300005F504152414D5F4F564552464C4F570DCD
:107310000A000D0A41545F4E4F5F4E4554574F527D
:107320004B5F4A4F494E45440D0A000D0A41545FD8
:1073300052585F4552524F520D0A000D0A65727243
:107340006F7220756E6B6E6F776E0D0A0045553843
:1073500036380A0D004465764575693D2025303282
:1073600058202530325820253032582025303258C8
:1073700020253032582025303258202530325820F0
:10738000253032580A0D004C4F52414D4143205395
:107390005441545553204552524F520A0D000A0D84
:1073A0004C534E3530204465766963650A0D0049BB
:1073B0006D6167652056657273696F6E3A2076312C
:1073C0002E382E300A0D004C6F526157616E2053DB
:1073D0007461636B3A2044522D4C57532D30303733
:1073E0000A0D004672657175656E63792042616EA3
:1073F000643A2000506C6561736520736574207475
:10740000686520706172616D6574657273206F725A
:107410002072657365742044657669636520746FB6
:10742000206170706C79206368616E67650A0D0079
:1074300076312E382E30005258206F6E20667265DD
:107440007120256420487A206174204452202564EC
:107450000D0A005258206F6E2066726571202564F7
:107460002E2564204D487A206174204452202564E2
:107470000D0A005458206F6E2066726571202564D5
:1074800020487A2061742044522025640D0A00545B
:1074900058206F6E20667265712025642E25642049
:1074A0004D487A2061742044522025640D0A004121
:1074B0004452204D6573736167653A0D0A00545854
:1074C000204461746172617465206368616E6765F0
:1074D00020746F2025640D0A005478506F77657210
:1074E000206368616E676520746F2025640D0A0053
:1074F0004E62526570206368616E676520746F200C
:1075000025640D0A005458204461746172617465E9
:1075100020746F6F20736D616C6C20666F722074C5
:10752000686973207061796C6F61642073697A6532
:107530002C206368616E676520746F2025640D0AD6
:107540000052656365697665643A20414452204D76
:107550006573736167650D0A004A6F696E20416348
:10756000636570743A0D0A0052783144724F666652
:107570007365743A25640D0A00527832446174616F
:10758000726174653A25640D0A0052656365697617
:107590006544656C6179313A256C75206D730D0A0F
:1075A000005265636569766544656C6179323A2598
:1075B0006C75206D730D0A000A0D5B256C755D00FE
:1075C0000A0D506C65617365207573652041542BFD
:1075D000444542554720746F207365652064656299
:1075E000756720696E666F0D0A002A2A2A2A2A20EA
:1075F00055704C696E6B436F756E7465723D2025D6
:1076000075202A2A2A2A2A0A0D004F6E2043657205
:10761000746966207478206E657874207061636B7D
:1076200065740D00756E6B6E6F776E006F6B006921
:1076300032635F696E69745F6661696C6564006E70
:107640006F5F646576696365007472696767657208
:107650005F6661696C6564007374617475735F69FA
:107660006F5F6661696C6564006D656173757265F5
:107670006D656E745F74696D656F757400726561B8
:10768000645F6661696C6564007061727469616CE5
:107690005F73616D706C6500232D302B2000686C6A
:1076A0004C00656667454647003031323334353625
:1076B000373839414243444546003031323334355E
:1076C0003637383961626364656600412D46612D45
:1076D00066383930313233343536375D002B2D0082
:1076E0003030007858000000000000008084FE4028
:1076F0000000000080840E410000000080841E41D4
:10770000280A0000170000001C0C00000F000000F9
:107710003C0F00000700000050140000160000009D
:107720009C1800000E000000781E000006000000FB
:10773000A028000015000000D43000000D0000005B
:10774000F03C000005000000405100001400000063
:10775000A86100000C000000447A00000400000052
:10776000E4A200001300000050C300000B00000062
:1077700024F4000003000000854501001200000011
:10778000A08601000A00000048E801000200000095
:107790002C8B020011000000400D030009000000C6
:1077A00090D0030001000000E093040000000000FE
:1077B000000C23000D1E000ED2001A01001FAA00AB
:1077C00024070027120028C1002994002AC1003094
:1077D000D800358F003B02004000004130012340BB
:1077E000612E0008C52E0008750F0008510700081B
:1077F000090F0008F50700080910000851100008DB
:107800008D100008A91300080B2E0008310900088C
:10781000BD170008E90B00088D0B0008210C0008BB
:10782000D50E00081D160008110B0008E50700081A
:1078300087080008A907000849080008C51C0008B7
:10784000F51C0008DD1D0008030406080C101820B4
:1078500030000000000102030400000000000000EE
:107860000001020304060708091F1D1F1E1F1E1F1B
:107870001F1E1F1E1F1F1C1F1E1F1E1F1F1E1F1E21
:107880001F000501020101010701010103040000BD
:10789000E663010806000000919D0008919D000824
:1078A000B19D0008ED6301080C64010801000000AF
:1078B000919D0008919D0008959D00080E640108A7
:1078C0002D64010804000000919D0008919D0008AE
:1078D000D19D0008326401087D63010805000000A5
:1078E000119E0008219E0008919D00086E64010809
:1078F0008363010807000000859E0008959E00082C
:10790000919D0008936401088B6301080700000043
:107910003F9F00084D9F0008919D0008BF6401082B
:107920009363010806000000359F0008F99E0008D7
:10793000919D0008EB6401089A63010808000000AB
:107940006F9F00087D9F0008919D00081565010844
:10795000A3630108080000009F9F0008AD9F000876
:10796000919D0008466501087B6501080400000040
:10797000CF9F0008F39F0008919D000880650108D3
:10798000C56501080400000019A0000841A0000816
:10799000919D0008CA6501082166010803000000E6
:1079A0007DA00008A5A00008919D0008256601089B
:1079B0006466010804000000FDA00008E1A00008C2
:1079C000919D000869660108C36601080400000073
:1079D00029A100084DA10008919D0008C866010872
:1079E000066701080600000073A1000895A10008C1
:1079F000919D00080D6701083D6701080600000021
:107A0000D1A10008F5A10008919D00084467010874
:107A1000906701080600000039A200085DA2000876
:107A2000919D000897670108EC67010806000000B7
:107A300089A20008ADA20008919D0008F367010823
:107A40004868010806000000D9A20008FDA200084D
:107A5000919D00084F680108B56801080600000004
:107A600039A300085DA30008919D0008BC680108C7
:107A7000226901080400000099A30008ADA30008D2
:107A8000919D00082769010865690108060000004A
:107A9000D5A3000819A40008919D00086C6901088D
:107AA00092690108040000005DA4000881A4000898
:107AB000919D000897690108C5690108040000004C
:107AC000ADA40008D1A40008919D0008CA6901086E
:107AD000FA69010806000000FDA400082DA50008B1
:107AE000919D0008016A0108296A0108050000004B
:107AF000919D0008919D000865A500082F6A010866
:107B0000476A0108040000006FA50008919D000865
:107B1000919D00084C6A0108AC6301080600000052
:107B2000919D000891A50008919D00086A6A0108CE
:107B3000B363010805000000919D000831A600080C
:107B4000919D0008AC6A0108E66A01080600000081
:107B5000A9A60008919D0008A9A60008ED6A0108E1
:107B60003D6B010805000000FDA60008919D00087E
:107B7000FDA60008436B0108756B010806000000B4
:107B800085A7000849A70008919D00087C6B0108A3
:107B9000C06B010804000000D5A7000899A70008E1
:107BA000919D0008C56B0108E96B01080400000005
:107BB000E9A70008919D0008919D0008EE6B01085F
:107BC000256C01080400000095A8000801A8000821
:107BD000919D00082A6C01085B6C010804000000FC
:107BE000BDA80008919D0008919D0008606C0108E7
:107BF0009C6C010804000000D1A80008919D0008B9
:107C0000919D0008A16C0108D36C010805000000DB
:107C1000DFA80008919D0008919D0008D96C01081B
:107C20000D6D01080400000009AA0008C5A900089C
:107C3000919D0008126D0108586D010805000000B3
:107C400045AA00081DAA0008919D00085E6D010864
:107C5000896D0108070000009DAA0008B1AA00086C
:107C6000919D0008916D0108EE6D0108070000006C
:107C7000E1AA0008F5AA0008919D0008F66D010828
:107C8000536E01080800000051AB000825AB000846
:107C9000919D00085C6E0108DB6301080400000090
:107CA000B5AB00086DAB0008919D0008A86E0108F7
:107CB000CA6E01080800000009AC0008C9AB000842
:107CC000919D0008D36E0108416F01080800000073
:107CD0005DAC00081DAC0008919D00084A6F0108CA
:107CE000B86F010808000000B1AC000871AC0008D2
:107CF000919D0008C16F01082E700108040000006A
:107D0000EDAC0008C5AC0008919D00083370010877
:107D1000C363010807000000919D000801AD000841
:107D2000919D000863700108907001080400000034
:107D30008DAA000855AA0008919D000895700108B9
:107D4000CB6301080F000000919D000841AD0008C1
:107D5000919D0008D77001080D710108080000000E
:107D600001AE000891AD0008919D00081671010850
:107D7000467101080E0000006DAE00082DAE00082F
:107D8000919D0008557101088F7101080D000000D8
:107D9000C1AE000891AE0008919D00089D710108D8
:107DA000E87101080A0000000DAF0008DDAE000810
:107DB000919D0008F3710108B963010809000000F2
:107DC000919D000829AF0008919D000835720108B7
:107DD0006472010804000000919D0008919D000854
:107DE000EDA80008697201088C72010893720108FD
:107DF000A0720108B3720108CA720108E572010895
:107E0000F7720108127301082B7301083B73010814
:107E100033333373DEDEDEDE33333373F2F2F2F20A
:107E200048E8010048E8010048E8010048E801008E
:107E300048E8010048E8010090D00300000000007D
:107E40000C0B0A0908070732080A0C0D0E10121451
:107E500015181A1B1D1E2124A584998D0DBDB15422
:107E60005003A97D1962E69A459D408715EBC90B21
:107E7000EC67FDEABFF7965BC21CAE6A5A41024F3F
:107E80005CF434089373533F0C52655E28A10FB520
:107E900009369B3D2669CD9F1B9E742E2DB2EEFBAD
:107EA000F64D61CE7B3E7197F568002C601FC8EDE2
:107EB000BE46D94BDED4E84A6B2AE516C5D75594A1
:107EC000CF100681F044BAE3F3FEC08AADBC48048B
:107ED000DFC17563301A0E6D4C14352FE1A2CC3919
:107EE00057F28247ACE72B95A098D17F667EAB8393
:107EF000CA29D33C79E21D763B564E1EDB0A6CE460
:107F00005D6EEFA6A8A4378B324359B78C64D2E0DC
:107F1000B4FA0725AF8EE918D5886F7224F1C751DE
:107F2000237C9C21DDDC86859042C4AAD805011201
:107F3000A35FF9D0915827B93813B333BB7089A721
:107F4000B622922049FF787A8FF88017DA31C6B8C6
:107F5000C3B07711CBFCD63AC6F8EEF6FFD6DE9169
:107F60006002CE56E7B54DEC8F1F89FAEFB28EFB5B
:107F700041B35F452353E49B75E13D4C6C7EF58333
:107F80006851D1F9E2AB622A0895469D30370A2F35
:107F90000E241BDFCD4E7FEA121D583436DCB45B55
:107FA000A476B77D52DD5E13A6B900C140E379B671
:107FB000D48D67729498B085BBC54FED869A6611D3
:107FC0008AE904FEA078254BA25D80053F2170F16F
:107FD0006377AF4220E5FDBF811826C3BE35882EEA
:107FE0009355FC7AC8BA32E6C0199EA344543B0BA1
:107FF0008CC76B28A7BC16ADDB647414920C48B810
:108000009FBD43C43931D3F2D58B6EDA01B19C499F
:10801000D8ACF3CFCAF447106FF04A5C3857739767
:10802000CBA1E83E96610D0FE07C71CC9006F71C69
:10803000C26AAE6917993A27D9EB2B22D2A9073326
:108040002D3C15C987AA50A50359091A65D784D0B4
:1080500082295A1E7BA86D2C637C777BF26B6FC5DF
:108060003001672BFED7AB76CA82C97DFA5947F03B
:10807000ADD4A2AF9CA472C0B7FD9326363FF7CC17
:1080800034A5E5F171D8311504C723C31896059AB4
:10809000071280E2EB27B27509832C1A1B6E5AA0D7
:1080A000523BD6B329E32F8453D100ED20FCB15BC2
:1080B0006ACBBE394A4C58CFD0EFAAFB434D33852B
:1080C00045F9027F503C9FA851A3408F929D38F5FF
:1080D000BCB6DA2110FFF3D2CD0C13EC5F97441736
:1080E000C4A77E3D645D197360814FDC222A9088AD
:1080F00046EEB814DE5E0BDBE0323A0A4906245C39
:10810000C2D3AC629195E479E7C8376D8DD54EA99D
:108110006C56F4EA657AAE08BA78252E1CA6B4C669
:10812000E8DD741F4BBD8B8A703EB5664803F60EC2
:10813000613557B986C11D9EE1F8981169D98E94B1
:108140009B1E87E9CE5528DF8CA1890DBFE64268CA
:1081500041992D0FB054BB16011112132122233067
:108160002C7601082F7601083F7601084976010830
:1081700058760108697601087D760108897601083C
:10818000000000004D1D0108111D0108FD1C010823
:10819000951D0108391C0108ED1B0108F71B01089A
:1081A0002F1C0108251C0108191C0108091C0108C5
:1081B000FF1B0108E11B010800000000E91C010889
:1081C000D51C0108951C0108C11C0108AD1C010843
:1081D0007D1C0108C51B0108A91B010800202020E7
:1081E0002020202020202828282828202020202067
:1081F0002020202020202020202020202088101037
:108200001010101010101010101010101004040492
:108210000404040404040410101010101010414150
:10822000414141410101010101010101010101013E
:108230000101010101010101101010101010424252
:10824000424242420202020202020202020202020E
:1082500002020202020202021010101020000000AE
:10826000000000000000000000000000000000000E
:1082700000000000000000000000000000000000FE
:1082800000000000000000000000000000000000EE
:1082900000000000000000000000000000000000DE
:1082A00000000000000000000000000000000000CE
:1082B00000000000000000000000000000000000BE
:1082C00000000000000000000000000000000000AE
:1082D000000000000000000000000000000000009E
:0882E0002C9FFF7F010000004C
:0482E8003504000851
:0482EC000D04000875
:1082F000B9180008B51B000899160008591700089E
:1083000029070008000000000000C843092E0008EB
:10831000052E0008192F00080F2E0008952F0008C1
:10832000D52F000880841E00010001C83594000884
:10833000D19300082192000801920008697B00088F
:108340006D820008217B0008D0060020000000009C
:108350001200000014000000307500009F0A002089
:108360000000000001010101010101010101000003
:1083700001010101010101010101010101010101ED
:1083800001010101010101010101010101010101DD
:1083900001010101010101010101010101010101CD
:1083A00001010101010101010101010100000000C1
:1083B00000000000000000000000000011000000AC
:1083C0006400000000000000000000000000000049
:1083D0006400000000000000000000000000000039
:1083E000E8030000000000000000000000000000A2
:1083F0000A00000000000000000000000000000073
:108400006400000000000000000000000000000008
:10841000E803000000000000000000000000000071
:108420000101010101000000000000000000000047
:1084300000000000490000000000000000000000F3
:1084400000000000010000000100000060010020A9
:10845000000000001017002078170020E01700200F
:10846000000000000000000000000000000000000C
:1084700000000000000000000000000000000000FC
:1084800000000000000000000000000000000000EC
:0C849000000000000000000000000000E0
:040000050800045596
:00000001FF
