:020000040800F2
:100000000050002055040008A5A10008A7A1000881
:1000100000000000000000000000000000000000E0
:10002000000000000000000000000000ABA100087C
:100030000000000000000000ADA10008AFA1000812
:10004000A5040008A5040008CFA10008A504000825
:10005000A5040008D7A10008E7A10008F9A100083D
:10006000A5040008A5040008A5040008C7A100080D
:10007000A5040008A5040008A5040008A5040008BC
:1000800071A30008A5040008A504000800000000F2
:1000900069A30008A5040008A5040008A504000839
:1000A000A5040008A5040008A5040008B7A10008DD
:1000B000A5040008BFA1000800000000A504000876
:1000C00002B4714649084900095C49008E4402BCEB
:1000D0007047C04603B47146490840004900095EB4
:1000E00049008E4403BC704703B471464908400080
:1000F0004900095A49008E4403BC7047002934D096
:100100000123002210B488422CD301242407A142E9
:1001100004D2814202D209011B01F8E7E400A142A6
:1001200004D2814202D249005B00F8E7884201D341
:10013000401A1A434C08A04202D3001B5C08224319
:100140008C08A04202D3001B9C082243CC08A0428A
:1001500002D3001BDC082243002803D01B0901D076
:100160000909E3E7100010BC704701B5002000F05A
:100170005FF802BD0029F8D003B5FFF7C1FF0EBC40
:100180004243891A1847C046002941D010B40400E0
:100190004C40A44601230022002900D549420028F2
:1001A00000D5404288422CD301242407A14204D226
:1001B000814202D209011B01F8E7E400A14204D206
:1001C000814202D249005B00F8E7884201D3401A1D
:1001D0001A434C08A04202D3001B5C0822438C083F
:1001E000A04202D3001B9C082243CC08A04202D3A9
:1001F000001BDC082243002803D01B0901D0090999
:10020000E3E710006446002C00D5404210BC704764
:1002100001B5002000F00CF802BDC0460029F7D05F
:1002200003B5FFF7B3FF0EBC4243891A1847C04617
:100230007047C0468446100062468C4619006346EB
:1002400000E0C0461FB513F0FBF9002801D40021DF
:10025000C8421FBD10B513F04DF94042013010BD2A
:1002600010B513F0EDF9002801DB002010BD0120CE
:1002700010BDC04610B513F0E3F9002801DD0020E1
:1002800010BD012010BDC04610B513F075F900284F
:1002900001DC002010BD012010BDC04610B513F0D8
:1002A0006BF9002801DA002010BD012010BDC04606
:1002B000844608006146FFE71FB512F074F8002875
:1002C00001D40021C8421FBD10B512F009F8404208
:1002D000013010BD10B512F066F8002801DB0020D7
:1002E00010BD012010BDC04610B512F05CF800280A
:1002F00001DD002010BD012010BDC04610B512F078
:1003000014F8002801DC002010BD012010BDC046FB
:1003100010B512F00AF8002801DA002010BD012003
:1003200010BDC046002B11D1002A0FD1002900D1E9
:10033000002802D00021C943080007B4024802A1E6
:100340004018029003BDC046E9FEFFFF03B46846B3
:1003500001B5029811F06CFE019B9E4602B00CBCE8
:100360007047C046D0400B00D1409C46203AD34055
:10037000184352426346934018437047914003002C
:1003800090409C46203A9340194352426346D340E2
:10039000194370471C2101231B04984201D3000C10
:1003A00010391B0A984201D3000A08391B099842E8
:1003B00001D30009043902A2105C40187047C046FE
:1003C000040302020101010100000000000000001E
:1003D00010B5002903D1FFF7DDFF203002E008004F
:1003E000FFF7D8FF10BDC04602780B78002A03D073
:1003F000013001319A42F7D0D01A70470023C25C15
:100400000133002AFBD1581E7047000010B5064C7E
:100410002378002B07D1054B002B02D0044800E0C5
:1004200000BF0123237010BDB001002000000000B8
:1004300098590108044B10B5002B03D00349044818
:1004400000E000BF10BDC04600000000B401002065
:10045000985901080D488546002103E00C4B5B5874
:10046000435004310B480C4B42189A42F6D30B4AC6
:1004700002E0002313600432094B9A42F9D303F0DF
:10048000D7F914F089F808F081FDFEE7005000204C
:100490007480010800000020B0010020B00100209D
:1004A000F4180020FEE70000F7B505000E000192E9
:1004B000EFF3108772B606F025FF0024019AA3001F
:1004C000E918A2420CDD0220F25806F049FF00288C
:1004D00001D10134F2E787F31088044810F0CEFF11
:1004E00006F022FF87F31088F7BDC046F4590108D3
:1004F0000268024B1A6018687047C046CC010020A1
:1005000070B50400EFF3108572B606F0FBFE200014
:1005100006F014FF002804D085F31088034810F07B
:10052000ADFF06F001FF85F3108870BD115A010878
:1005300070B5EFF3108572B606F0E4FE094C2000AA
:1005400006F0FCFE002804D085F31088064810F061
:1005500095FF064B04349C42F1D106F0E5FE85F38D
:10056000108870BD60000808115A0108D8000808FA
:10057000304B10B51A6D8022196D120492B00A43E7
:100580001A650021342205A813F0E6FF082304A809
:100590000493073B099304F097FA002801D007F071
:1005A0008DFD254C254B264A2360002320006360E7
:1005B000A360E260236105F0CDFF002801D007F0C1
:1005C0007DFD1421200006F04DF901230022019346
:1005D00069460B33200000920293039205F0FAFF64
:1005E000002801D007F06AFD0021200005F0E8FF97
:1005F000002801D007F062FD124A1368022BFCD1DB
:100600000021200005F0E1FF200005F0BFFF0E4BA8
:100610000E481A681A600E4B0360062343600D4BA8
:100620008360C36006F056FF002801D007F046FD46
:1006300012B010BD00100240DC0100200008014093
:10064000FFFF0000D0010020D40100201402002090
:1006500000300040FF0F0000002110B50D4806F0EB
:1006600055F80D490B685A1C0A600C4A5B00D052C1
:100670000B68012B0CD951881288094B891A18680C
:1006800089B2FFF73BFD074B18601A68D2001A6069
:1006900010BDC046DC010020D0010020D8010020A0
:1006A00038000020D401002010B5024806F052F8AE
:1006B00010BDC046DC01002010B5044806F036FF2E
:1006C000002801D007F0FAFC10BDC046140200203B
:1006D000094A0023110010B51468844202D89468B6
:1006E000844204D801330832152BF5D1FEE7DB0034
:1006F000C918087910BDC046D8740108054B5A794D
:10070000002A05D130331A78002A01D101321A703B
:100710007047C04660020020014B18607047C04619
:10072000C8020020014B18797047C04660020020C3
:1007300010B586B001241422002101A813F00CFF8B
:100740000323210001AA0C480493029407F0D4FC6F
:1007500021000022084807F041FD200010F0BEFCF7
:100760000023210001AA0448029307F0C5FC0620DB
:1007700010F0B4FC06B010BD0004005070B50500C8
:100780000C00A0208021160009020022C00507F0FD
:1007900025FD8020284307F091FFA619B44207D118
:1007A0008021A02001220902C00507F017FD70BDBD
:1007B000207807F083FF0134F0E707B56B46D97165
:1007C000073301221900FFF7D9FF07BD114B70B5A0
:1007D000114998600500FFF7CDFC104B0802C018C6
:1007E0000D49FFF78BFC0C4904002800FFF786FC3D
:1007F00000022418210C0620C9B2FFF7DEFF210AEF
:100800000720C9B2FFF7D9FF0820E1B2FFF7D5FFF3
:1008100070BDC04660020020093D0000841E00003B
:1008200070B505000C00A0208021160009020022EE
:10083000C00507F0D3FC7F20284007F03FFFA61932
:10084000B44207D18021A02001220902C00507F08F
:10085000C5FC70BD002007F031FF20700134EFE7C8
:1008600013B56B46DC1D01222100FFF7D9FF20786C
:1008700016BD000070B50920FFF7F2FF0500062045
:10088000FFF7EEFF04000720FFF7EAFF2404000251
:1008900004430820FFF7E4FF1A4B0443C0B2584357
:1008A000240A5C438030000A002104190920FFF764
:1008B00084FF3B20FFF7D4FF40210143C9B23B2016
:1008C000FFF77BFF20263B20FFF7CAFF3042FAD11B
:1008D0000D48FFF77BFF3B20FFF7C2FF402101439C
:1008E000C9B23B20FFF769FF20263B20FFF7B8FF86
:1008F0003042FAD129000920FFF75FFF2000FFF7FF
:1009000065FF70BD093D000000A1BC33F0B587B0A4
:100910000391002804D0012855D0002007B0F0BD75
:100920006A4C2720258CFFF79BFFF8239843013062
:10093000401913F013FCE31CDB7F0022002B3ED098
:10094000002312F089F8060030200F00FFF788FF1F
:10095000F923002298430023002800D05C4B30008C
:10096000390012F079F8060003980F0013F0F6FB37
:1009700002000B003000390012F06EF8631DDB7FBF
:100980000022002B1DD08023DB0512F065F8002229
:10099000504B12F0B9FE0600E0690F0013F006FCA0
:1009A00002000B003000390012F01EFB00224A4BFF
:1009B00012F0AAFE14F0A2FF11F01EFBAEE7444BAA
:1009C000BFE70023E1E7414D6B6C073B022B79D871
:1009D000424ADB00D218166857680120AC6CA04070
:1009E00013F0BCFB02000B003000390012F0FCFADF
:1009F00002000B000020364912F0F6FA2B0000909E
:100A000001914E33188813F0A9FB0022344B12F0E9
:100A100023F8009A019B12F077FE039B0490059146
:100A2000DA002B0052331B78A1001B015B1A002156
:100A3000503528781C33884200D01431D018401A21
:100A400013F0B4FB274B06001B780F005B00E01A85
:100A5000800013F0ABFB02000B003000390012F0F5
:100A6000C3FA14F035FE06000F00184D4D352878F6
:100A7000043013F073FB32003B0012F045FE0022FD
:100A8000002304000D00FFF7FFFB002801D1002424
:100A900000250022200029000E4B11F0DDFF009AF6
:100AA000019B12F031FE049A059B11F0D5FF002244
:100AB000094B12F029FE0C4A0C4B11F0CDFF14F03B
:100AC0008FFE79E70026002787E7C04660020020F6
:100AD0000000F03F0000204000408F40C07401083B
:100AE00000001140AC0200202B8716D9CEF7EF3F53
:100AF00010B5002804D001280AD00120404210BDC2
:100B00001120FFF7ADFE4008C0B2404200B2F6E748
:100B1000064B074A9B681B20934203D9FFF7A0FEB0
:100B20009D38F3E7FFF79CFEA438EFE76002002052
:100B300040DD4A1F70B504000B4D01202B681B6877
:100B400098472B6800201B6998472B6820005B6939
:100B500098470120FFF784FE072398430443E1B23E
:100B60000120FFF72AFE70BDC802002010B506481C
:100B700010F0B2FB054810F0AFFB0120FFF7DAFFE1
:100B80000022034B1A7110BD380200204C020020D5
:100B90006002002070B5041E11D10120FFF760FE35
:100BA000F82101400120FFF708FE064D01202B68C7
:100BB0001B6998472B6820001B68984770BDFFF79A
:100BC000B9FFFBE7C802002010B5094810F084FB0C
:100BD000084810F081FB0020FFF7DCFF064B0020E7
:100BE0001B681B6898470022044B1A7110BDC04651
:100BF000380200204C020020C802002060020020C1
:100C0000F8B50600774810F067FB774C6579002D42
:100C10002FD00027012D51D1230055331B784127B8
:100C20003320002B00D16CE0FFF71AFE3843C1B22D
:100C30003320FFF7C2FD19213B20FFF7BEFD636C97
:100C40003120082B00D9B4E0FFF70AFE7F210140D4
:100C50003120FFF7B2FD30200021FFF7AEFD606CC0
:100C6000082861D8FFF72CFA577D848B9299A0A0B1
:100C7000A000E31D4020DF7FFFF7F2FD03230C21DE
:100C8000184001434020FFF798FD4120FFF7E8FDA1
:100C90003F2149420143C9B24120FFF78EFD352073
:100CA000FFF7DEFD3F23184023003E3318701E215E
:100CB0000D20FFF782FD2586A5876587802200210C
:100CC0004A48520013F048FC01232371002E07D03C
:100CD000474D3100280010F02BFB280010F08EFA51
:100CE0006379002B00D075E00520FFF723FF414B0F
:100CF000E16A1C00180010F01BFB200010F07EFAC7
:100D0000F8BDFFF7ADFDB8430543E9B23320FFF767
:100D100054FD1D2190E72F204821FFF74EFDA068CC
:100D2000354BC018FFF752FD230056331F782300C0
:100D300053331B78002B44D01D211120FFF73DFDBC
:100D40004020FFF78DFD332101404020FFF735FDA6
:100D500000210F20FFF731FD00210D20FFF72DFDB1
:100D6000ACE72F204421FFF728FDA068234BD8E7EC
:100D70002F204421FFF721FDA068214BD1E72F2030
:100D80004421FFF71AFDA0681E4BCAE72F2044211B
:100D9000FFF713FDA0681C4BC3E72F204421FFF78A
:100DA0000CFDA068194BBCE740212F20FFF705FD83
:100DB000BAE7FFF755FD802149420143C9B231200E
:100DC000F4E71F211120FFF7F8FC4020FFF748FD52
:100DD0003F21B9E70520002F00D10620FFF7AAFE2A
:100DE0008EE7C0464C02002060020020CC020020AA
:100DF0003802002024020020821E0000B4280000D7
:100E0000043D00005E510000127A0000C6A20000FE
:100E100070B50400274810F05FFA274D2100280024
:100E200010F086FA254C6379002B0AD0012B23D0D1
:100E300002232800237110F0E1F90320FFF77AFE66
:100E400070BD4020FFF70CFD032310211840014323
:100E50004020FFF7B2FC4120FFF702FD3E21014098
:100E60004120FFF7AAFC3520FFF7FAFC3F2318408A
:100E700023003E331870DBE7230053331B78002B2D
:100E80000ED0F5211120FFF798FC4020FFF7E8FC79
:100E900033230100402019400143FFF78EFCC7E7D0
:100EA000F7211120FFF789FC4020FFF7D9FC3F23F1
:100EB000EFE7C046380200204C020020600200200C
:100EC00070B50B4C6379012B10D1FA211120FFF77B
:100ED00074FC4020FFF7C4FC0325A843C1B24020A6
:100EE000FFF76BFC07202571FFF724FE70BDC0469D
:100EF0006002002010B504000120FFF7B1FCC0091A
:100F0000C0B2164BA04201D1587110BD5C71012CCA
:100F100012D0FFF759FE0120FFF7A2FC7F2101400C
:100F20000120FFF74AFC00214020FFF746FC30215A
:100F30004120FFF742FCE8E7FFF746FE2000FFF7FD
:100F40008FFC802149420143C9B22000FFF735FCE4
:100F500000214020FFF731FC0021E9E7600200207A
:100F600070B51B4B1B4C186021001B4810F03EF95C
:100F700021001A4810F03AF92100194810F036F90A
:100F8000184D01202B681B689847FFF7D1FBFFF72E
:100F900071FC0020FFF7FEFD2B6813489B68984703
:100FA000124C134E2078FFF7A5FFA1786078033428
:100FB000FFF703FCB442F5D10020FFF79BFF0022AE
:100FC0000C4B1A712B685B689847023070BDC046A5
:100FD000CC030020211D00084C0200203802002014
:100FE00024020020C80200200000002088750108AB
:100FF000B875010860020020F8B50E0017001D004A
:101000000400FFF777FF3000FFF7E0FB0520FFF754
:1010100091FD012010F062F810F09BF906003000FD
:1010200010F09DF9A84204D30124FFF7CDFD200064
:10103000F8BD2000FFF75CFDB842F0DD0024F4E7C6
:1010400070B500240120FFF755FFFF211120FFF7A5
:10105000B4FB0520FFF76EFD25000126300010F0DF
:101060003DF82C20FFF7FCFB3040A0400134054345
:10107000202CF3D1FFF7A8FD280070BDF0B58DB08E
:10108000069312AB160004CB04001B880892019350
:1010900014AB1B880CAA059315AB1B780D000293AB
:1010A00016AB1B78039317AB1B78049318AB1B7814
:1010B0000A9319AB1B780B9319239B18DF7F1D2311
:1010C0009B18DB7F0993FFF715FF002C04D0012C40
:1010D00000D183E00DB0F0BDA94C089B029AA3613A
:1010E000E31CDA77039A231DDA77049A631DDA7713
:1010F000099AA31DDF77E31DDA77019BE66123845C
:101100003000656113F052F802000B0006000F007A
:1011100000209C4911F068FF00229B4B12F0F4FA6A
:1011200006900791059813F019F802000B00069835
:10113000079912F0E9FA0022944B12F0E5FA10F048
:101140005BFF32003B00E0629149002011F04CFF50
:1011500010F052FF84B2210A0220FFF72EFBE1B209
:101160000320FFF72AFB2800FFF7B2FA0100122044
:10117000FFF723FB0898FFF7ABFA01001320FFF7F6
:101180001CFB019B2520190AFFF717FB6B46262045
:101190001979FFF712FB029B0399002B00D1FF2165
:1011A0003220FFF70AFB3020FFF75AFB0121029B98
:1011B0005940049BC9011B0119436F231840014387
:1011C000C9B23020FFF7F9FA3120FFF749FB40217F
:1011D00001433120C9B2FFF7F0FA7BE7022D00D9B5
:1011E000FEE7674B06991A004D3211701A000199FB
:1011F0004E3211801A000299503211701A00039970
:10120000513211701A000499523211701A000A9961
:10121000533211701A000B99543211701A00553262
:1012200007351770099A5D649E64563334001A704E
:10123000062E00D382E00624072D00D083E0220092
:10124000002301210B3A91425B41DBB24C4A514FE2
:101250001D2008923B70FFF703FB069B1D205900E1
:10126000029B240119432B011943C9B2FFF7A5FAC8
:101270001E20FFF7F5FA059B9905049B890F9B003B
:1012800019432143082420400143C9B21E20FFF71F
:1012900094FA2620FFF7E4FA3978A043C900014305
:1012A000C9B22620FFF789FA6B461F20197DFFF788
:1012B00084FA019B2020190AFFF77FFA6B46212050
:1012C0001979FFF77AFA029B002B03D022200399A9
:1012D000FFF773FA089B53331B78002B0FD0442081
:1012E000FFF7BEFA802149420143C9B24420FFF70B
:1012F00064FA089B242054331978FFF75EFA092D0D
:101300002FD1089A244B9268022136209A4224D980
:10131000FFF753FA64213A20FFF74FFA07243120F0
:10132000062E21D8FFF79CFA0521A0430143C9B23C
:101330003120FFF742FA0C2137204CE70C2E00D861
:101340007AE70C2478E72A00083A53425A410B23E3
:10135000B3429B415B42134078E7FFF72EFA7F21AF
:10136000D9E703213620D7E7FFF77AFA0321A04314
:101370000143C9B23120FFF720FA0A21DCE7C04659
:10138000600200200000F03F0000204000408F403D
:1013900080847E41AC02002040DD4A1FF0B50D0084
:1013A00089B01F000EAB10CB06001B78039204938C
:1013B00010AB1B88009311AB1B78019312AB1B7809
:1013C000029313AB1B78059314AB1B78079315ABF3
:1013D0001B780693FFF78EFD874B28001B68DB68A0
:1013E0009847002E03D0012E5FD009B0F0BD834B8B
:1013F000039A01991A61009A1D731A84DA1CD17735
:1014000002995A1DD17706999A1DD177169ADC61F7
:101410009A6203985F6112F0C9FE0022784B11F0C6
:10142000E3FD10F0E9FD85B2290A0420FFF7C5F9B4
:101430000520E9B2FFF7C1F9200012F0B7FE020063
:101440000B0000206F4911F0CFFD10F0D5FD84B2E4
:10145000210A0220FFF7B1F90320E1B2FFF7ADF94D
:10146000009B2520190AFFF7A8F96B46262019785A
:10147000FFF7A3F93020FFF7F3F90121019B594051
:10148000029BC9011B0119436F2318400143C9B2D4
:101490003020FFF792F93120FFF7E2F940210143B4
:1014A0003120C9B2FFF789F99FE7574A534B1570AE
:1014B000022F00D9FEE71A0004994D3211701A006C
:1014C00000994E3211801A000199503211701A00A1
:1014D0000599533211701A000799543211701A008D
:1014E0000299523211701A00069955321170169AEB
:1014F000FE1D25005E649C649A65062C62D206255A
:10150000072E63D12A00002301210B3A91425B414F
:10151000DBB23E4A394F1370059B002B0FD044209D
:10152000FFF79EF9802149420143C9B24420FFF7E9
:1015300044F93B00543324201978FFF73EF91D206D
:10154000FFF78EF9049B36015900019B1D200B43C8
:1015500019003143C9B2FFF730F91E20FFF780F9B7
:10156000029B2D019B001D430B2318400543E9B24C
:101570001E20FFF722F92620FFF772F908234C37C7
:1015800039789843C9000143C9B22620FFF715F9FD
:10159000009B2020190AFFF710F96B4621201978CB
:1015A000FFF70BF907253120062C19D8FFF758F95A
:1015B0000521A8430143C9B23120FFF7FEF80C21F1
:1015C00037206FE70C2C9BD90C2599E73200083A9D
:1015D00053425A410B23A3429B415B42134098E77D
:1015E000FFF73EF90321A8430143C9B23120FFF7B9
:1015F000E4F80A21E4E7C046C802002060020020A7
:1016000080844E4080847E41A0020020AC020020F5
:1016100030B5FA248BB0A40054430D00FFF7D6F880
:1016200005230293962300205B0102002900089401
:10163000079006900590049003900190009303009A
:10164000FFF7ACFE3120FFF70BF94025A843C1B2EC
:101650003120FFF7B2F82800F021FFF7AEF8A02103
:101660004120FFF7AAF8084B210018001C000FF0DA
:101670005FFE0222054B20001A710FF0BFFD032010
:10168000FFF758FA0BB030BD4C020020600200207A
:1016900070B52B4C2179012902D0022948D070BDA8
:1016A0006379002B17D0012BF9D153342378022111
:1016B000002BF4D01220FFF780F8224B1B68002B80
:1016C000EDD05C69002CEAD01C20FFF7C9F83F235D
:1016D0001840A047E3E7230030331970258E012D11
:1016E000DDD119480FF0F8FD2300112031331D70B2
:1016F000FFF7B6F8230040083233404218701B2031
:10170000FFF7AEF805001C20FFF7AAF82D020F4BDB
:101710000543C0B258432D0A6B438030000AC018FD
:1017200060630C20FFF79CF8383440092070B6E75E
:101730006379012BB3D153342378002BAFD0B9E7B1
:1017400060020020CC03002024020020093D00009C
:1017500070B5124B5C79012C12D11220FFF780F882
:1017600005000F4E254020420BD005211220FFF727
:1017700024F83368002B03D09B692000002B0BD189
:1017800070BD04211220FFF718F83368002BF7D042
:101790009B69002BF4D028009847F1E760020020F5
:1017A000CC03002010B50A0001000020FEF7E6FF80
:1017B00010BD0000F7B56B46374CD9716579DF1D58
:1017C0000600002D35D00020012D52D123005533C5
:1017D0001B783320002B54D0FFF742F84123984365
:1017E000C1B23320FEF7E9FF19213B20FEF7E5FFE8
:1017F00023003D786433290022201D70FEF7DDFFB1
:1018000000210E20FEF7D9FF00210D20FEF7D5FFA5
:101810000120FFF725F8F823984304D1FFF7A6F934
:1018200001200FF05BFC30002900FFF7BBFFA06D2B
:101830001FE0A5873D78E31C6587DB7F002B1BD16C
:1018400001213800FFF7AEFF6B1E3F2B05D92A00A0
:10185000310012480FF0B7FD2025270030003F3738
:1018600029003D70FFF79EFF3B78A28FA06A9B186E
:10187000A387FFF7CDFAF7BD29003220FEF79DFFC1
:10188000E2E7FEF7EDFF412398430543E9B2332039
:10189000FEF793FF1D21A8E760020020CC02002084
:1018A00010B50A0001000020FEF7BAFF10BD0000CD
:1018B000F0B585B002ABDD1D0023B14C2B70237950
:1018C000012B04D0022B00D130E105B0F0BD6379CB
:1018D000002B24D0012BF8D140211220FEF76DFF00
:1018E0001220FEF7BDFF202128702B78A54EA64DB3
:1018F0000B4200D18FE01220FEF75FFF230056332A
:101900001B78002B00D1237130000FF0E5FC2B6811
:10191000002BDAD01B69002BD7D09847D5E7631D81
:10192000DB7F984A994E984F0192002B32D03F208E
:10193000FEF796FF28702B789B072BD40B213E20B7
:10194000FEF73BFF10213F20FEF737FF01980FF015
:10195000C3FCE31DDD7F002D0FD130000FF0BCFC78
:1019600025713B68002B03D01B69002B00D09847E2
:1019700000232386A3876387A7E70D20FEF770FF68
:1019800040210143C9B20D20FEF717FF30000FF0D0
:1019900035FCE6E7618FA08F0B007D4D034309D135
:1019A000E31CDB7F002B24D101217A48FFF778FF6D
:1019B000A08F618F091AC9B22818FFF771FF638FD2
:1019C0000198A3870FF088FCE31DDB7F002B15D166
:1019D000300023710FF080FC3B68002BC8D09E685C
:1019E000002EC5D0322200232800A256618FB047B6
:1019F000BEE73220FEF734FF6087D9E70D20FEF7FF
:101A00002FFF40210143C9B20D20FEF7D6FE300062
:101A10000FF0F4FBE0E71920FEF722FF270040B2A9
:101A200002306037801038701A20FEF719FF00234B
:101A30000100FB560AB21211A068574F92B2002B58
:101A400042DA9BB2B8423DD99D3BC818101800B28B
:101A500023006233188027001320FEF701FF64374C
:101A600038701020FEF7FCFE01000D20FEF7A5FEE9
:101A70003978474F3800FFF713FF230056331B78A0
:101A8000002B00D1237130000FF026FC2B68002BB7
:101A900000D11AE79D68002D00D116E7220023002F
:101AA00062320021525E210060331B7864315BB2E8
:101AB00038000978A847394D2B78002B0ED0002329
:101AC0002B7002E7A43BC0E7B84203D99D395118F7
:101AD00008B2BDE7A439521810B2B9E7304B1B78F1
:101AE000002B09D12F4E3378002B0FD12E480FF049
:101AF000C5FC0028FAD10FE00FF02BFC06003100E6
:101B00002A480FF0BBFC0028F9D1EBE728480FF07A
:101B1000B5FC0028FAD13070230062330021595EF1
:101B200024480FF0ABFC0028F6D1C8E722480FF09C
:101B3000D3FB6379012B03D108211220FEF73DFE70
:101B400000232371104B1B68002B00D1BDE61B68DE
:101B5000002B00D1B9E69847114B1B78002B08D019
:101B60000FF0F7FB0400210010480FF087FC00285D
:101B7000F9D112480FF082FC0028FAD1A5E6C04640
:101B80006002002038020020CC0300202402002044
:101B9000CC0200209A02002040DD4A1F3B130020A7
:101BA000B70B00203E130020415A010808740108B9
:101BB000335A01084A5A01084C020020555A0108BC
:101BC00070B5394C2579012D02D0022D56D070BD4B
:101BD0006379002B25D0012BF9D134480FF07CFB21
:101BE00080211220FEF7E9FD00232371304B1B6892
:101BF000002BECD0DB68002BE9D098472D4B1B78ED
:101C0000002B08D00FF0A5FB040021002A480FF09C
:101C100035FC0028F9D129480FF030FC0028FAD112
:101C2000D5E727480FF058FB638FA28F134307D1E6
:101C3000E31CDB7F002B17D129002248FFF730FE81
:101C400025003E35A28F638F1F48297810189B1AF4
:101C50008B420EDB0139C9B2FFF722FEA28F2B782F
:101C6000013A9B18A387B2E73220FEF7F9FD60879F
:101C7000E6E7D9B2FFF714FE638FF3E76379002B31
:101C8000A5D125003F35A28F638F0F482978101802
:101C90009B1A8B4204DDFFF785FD2B78A28FE0E7CE
:101CA000D9B2FFF77FFDE7E760020020380200208D
:101CB000CC030020B70B0020087401085E5A01080D
:101CC000240200209A020020CC02002070B50400FB
:101CD0000D00FFF70FF9002C02D0012C09D070BDC8
:101CE000054BDB7F002BFAD129003220FEF765FD82
:101CF000F5E729002320F9E76302002010B504006E
:101D00000120FFF7F7F8054B34211C70002C00D19F
:101D100012213920FEF751FD10BDC046BC02002043
:101D200070B52B4C2379012B02D0022B2DD070BD26
:101D30006379002B1BD10B213E202386A387638769
:101D4000FEF73BFD10213F20FEF737FDE31DDB7F53
:101D5000204D002B14D00D20FEF782FD40210143C1
:101D6000C9B20D20FEF729FD28000FF047FA1A4BE3
:101D70001B68002BDBD0DB68002BD8D09847D6E758
:101D8000280023710FF0A8FAF1E7FEF7D1FCFEF767
:101D900071FD0020FEF7FEFE104D114E2878FFF772
:101DA000A9F8A97868780335FEF707FDB542F5D1A3
:101DB0000020FFF79FF823005C331878FFF79EFFA1
:101DC00000232371044B1B68002BB0D05B68D3E762
:101DD0006002002024020020CC0300208875010846
:101DE000B8750108034B10B51B685B689847023053
:101DF00010BDC046C80200200023022130B587B0C4
:101E000005930D4B2024DA6A01250A43DA62DB6A66
:101E10000A480B400093009B112301A902930E3B3B
:101E200004930194039503F027FC2A002100034842
:101E300003F05EFD07B030BD00100240000400500A
:101E40007FB50C22002103A812F086FB0221094B6A
:101E50000948DA6A0A43DA62DB6A0B400093009BA6
:101E6000202301A901931D3B029303F005FC07B059
:101E700000BDC046001002400004005030B51025DF
:101E800087B02A000021040002A812F065FB01219E
:101E9000124BDA6A0A43DA62DB6A01950B4000935F
:101EA000009B022C16D0032C16D08C4201D10C4B77
:101EB0000293A02001A9C00503F0DEFB002C07D08F
:101EC00007200022022103F09BFB072003F0C0FB48
:101ED00007B030BD034BEBE7034BE9E700100240CE
:101EE00000003110000021100000111010B586B064
:101EF00010220021040002A812F02EFB0221134B35
:101F0000DA6A0A43DA62DB6A0B400093009B8023A3
:101F1000DB0101938C4215D0032C15D0012C01D18B
:101F20000B4B02930B4801A903F0A6FB002C07D032
:101F300007200022022103F063FB072003F088FB47
:101F400006B010BD044BECE7044BEAE7001002407A
:101F5000000031100004005000002110000011109A
:101F600010B586B010220021040002A812F0F4FA85
:101F70000221134BDA6A0A43DA62DB6A0B400093F0
:101F8000009B80231B0201938C4215D0032C15D09B
:101F9000012C01D10B4B02930B4801A903F06CFB00
:101FA000002C07D007200022022103F029FB072084
:101FB00003F04EFB06B010BD044BECE7044BEAE720
:101FC00000100240000031100004005000002110F9
:101FD000000011107FB51022002102A812F0BCFAF7
:101FE00001210A4BA020DA6AC0050A43DA62DB6AE3
:101FF00001AA0B4000938021009B0223490101911B
:10200000039306F079F807B000BDC0460010024007
:102010007FB50C22002103A812F09EFA01210A4B81
:10202000A020DA6AC0050A43DA62DB6A01AA0B4023
:1020300000938021009B032349010191029306F044
:102040005BF807B000BDC0460010024010B586B076
:102050000C22002103A812F07FFA02210C4B10245D
:10206000DA6A0C480A43DA62DB6A01940B40009397
:10207000009B012302935B1801A9049303F0FCFA6F
:1020800000222100034803F033FC06B010BDC04617
:1020900000100240000400507FB50C22002103A86C
:1020A00012F05AFA0221094B0948DA6A0A43DA6245
:1020B000DB6A0B400093009B102301A901930D3BA9
:1020C000029303F0D9FA07B000BDC04600100240E9
:1020D0000004005000B589B0012813D102211B4B28
:1020E0001B48DA6A0A43DA62DB6A0B400093009B02
:1020F00008230393002303A90493059303F0BCFA78
:1021000009B000BD022812D10121104BDA6A0A433E
:10211000DA62DB6A0B400193019B80239B00A020C5
:102120000393002303A904930593C005E6E703285E
:10213000E6D10121054BDA6A0A43DA62DB6A0B4019
:102140000293029B8023DB00E9E7C04600100240B7
:102150000004005000B589B0012812D102231C4AA6
:10216000D16A1943D162D26A04901A400092009A4F
:102170000822184803A90392CB6003F07DFA09B046
:1021800000BD022811D10123114AD16A1943D1623D
:10219000D26A03A91A400192019A80229200039206
:1021A0004B60C860A020C005E7E70328E7D1012302
:1021B000074AD16A1943D162D26A04931A40029243
:1021C000029A8022DB18D2000392069303A9E9E762
:1021D000001002400004005010B5040001280CD18A
:1021E000FFF7B8FF00220821144803F081FB22000A
:1021F0000821124803F07CFB10BD02280ED1FFF726
:10220000A9FF8021A02000228900C00503F070FBF7
:10221000802101228900A020C005EBE70328EBD133
:10222000FFF798FF8021A0200022C900C00503F01D
:102230005FFB80210122C900EDE7C0460004005089
:1022400070B5012822D1FFF745FF0025082133484A
:1022500003F048FB041E07D0C82D02D10124200042
:1022600070BD0135EDB2F1E7C82DF7D008212B483C
:1022700003F038FB002801D1F02C04D1F03C63427C
:102280005C41E4B2EBE70134E4B2EFE702281ED18F
:10229000FFF720FF00258021A0208900C00503F062
:1022A00021FB041E04D0C82DD8D00135EDB2F2E7D1
:1022B000C82DD3D08021A0208900C00503F012FBD7
:1022C0000028DBD1F02CD9D00134E4B2F2E70024AD
:1022D0000328C4D1FFF7FEFE8021A020C900C0055D
:1022E00003F000FB051E04D0C82CB7D00134E4B2C3
:1022F000F2E7C82CB2D08021A020C900C00503F0AD
:10230000F1FA002801D1F02D04D1F03D6B425D417E
:10231000ECB2A4E70135EDB2EDE7C0460004005091
:1023200010B50400012813D1FFF714FF0821002283
:10233000194803F0DDFA2000FFF7CCFE082116480B
:1023400003F0D0FA013843425841C3B2180010BD1F
:10235000022810D1FFF7FEFE8021A0208900002274
:10236000C00503F0C5FA2000FFF7B4FE8021890004
:10237000A020C005E4E70328E8D1FFF7EBFE8021A9
:10238000A020C9000022C00503F0B2FA2000FFF728
:10239000A1FE8021C900EBE70004005070B50024C5
:1023A000050026002800FFF7BBFFA04001340643CC
:1023B000F6B2082CF6D1300070BD0000080010B550
:1023C000012911D1FFF7C6FE0824002208211E486A
:1023D000013C03F08DFAE4B2012208211A4803F00F
:1023E00087FA002CF1D110BD022915D1FFF7B2FEFA
:1023F00008248021A02000228900C00503F078FA7B
:102400008021A020013C01228900C005E4B203F034
:102410006FFA002CEDD1E6E70329E4D1FFF79AFE2D
:1024200008248021A0200022C900C00503F060FA22
:102430008021A020013C0122C900C005E4B203F0C4
:1024400057FA002CEDD1CEE70004005010B504007F
:10245000FFF7C2FE2000FFF7F3FE2100CC20FFF7BC
:10246000ADFF10BD10B50400012803D12000FFF717
:10247000B3FE03E00228F9D00328F7D02000FFF7CD
:10248000DFFE10BD00B589B0012814D102211F4B19
:102490001F48DA6A0A43DA62DB6A0B400093009B4A
:1024A00008230393053B0493002303A9059303F03A
:1024B000E3F809B000BD022814D10121134BDA6AF8
:1024C0000A43DA62DB6A0B400193019B80239B0085
:1024D0000393FE3BFF3B0493002303A90593A02035
:1024E000C005E4E70328E4D10121084BDA6A0A4376
:1024F000DA62DB6A0B400293029B8023DB000393CA
:10250000002303A948608B60E9E7C0460010024041
:1025100000040050F0B50200411801260020732786
:102520008A4200D1F0BD0824157803006B40334087
:102530005B42BB4340085840013CC0B26D08002CD0
:10254000F3D10132ECE70000F0B5032300260400CC
:1025500087B0019300962000FFF784FF051E50D13D
:102560002000FFF773FF21004420FFF727FF2E48CC
:1025700007F0E2FB2000FFF769FF2100BE20FFF714
:102580001DFF2000FFF70AFF03AF78550135092D25
:10259000F7D108213800FFF7BDFF3B7A834234D1E1
:1025A0000023F85E002827DA404211F0D7FD002210
:1025B0001E4B11F0A9F811F05BFE1D49051CFDF73B
:1025C00083FE002803D00136F6B2022E1DD100266C
:1025D0002000FFF757FF002E23D11649281CFDF7D6
:1025E00079FE00281DD11449281CFDF787FE00281C
:1025F00017D1281C07B0F0BD11F0B0FD00220F4B21
:10260000D7E7009B0133DBB20093019B013BDBB2B8
:102610000193002B02D0009B032B9CD10126044D7B
:10262000D6E7074DE5E7C046020300000000B0BF53
:102630000000AA4200005CC20000FA420000B03F65
:1026400033CB4C4510B50E4B0E4C23600E4B200087
:1026500063600123E36000232361A361E3612362DC
:10266000F033A3600E33636104F03EFB002801D019
:1026700005F024FD0021200004F01EFE10BDC04620
:1026800000540040D0030020563EA110F0B5334B5B
:1026900087B01B7804ADFA2696272B700EF059FEF2
:1026A000B60003907F002E4C01232A0080212000D9
:1026B000009604F06FFB002815D101250EF049FEAD
:1026C000FA270390BF00264E05AC02232200812189
:1026D0003000009704F0EEFB00280FD1002D16D13A
:1026E000204807B0F0BD03980EF039FEB84203D27F
:1026F000200004F0DFFDD6E70025DFE703980EF0A9
:102700002EFEB842ECD2300004F0D4FDDBE7032308
:10271000208840BA80B2984311F020FD0022124B6D
:1027200010F0F2FF0022114B10F0EEFF0022104BD0
:1027300011F010FA11F09CFD0E49041CFDF7DEFDAE
:10274000002809D10021201CFDF7C4FD002801D17B
:10275000201CC6E70020C4E70648C2E76A5A010801
:10276000D003002000CCCC4500405F400000F03E8C
:10277000000018400000C842F0B5334B87B01B780A
:1027800004ADFA2696272B700EF0E3FDB6000390F9
:102790007F002E4C01232A0080212000009604F0A7
:1027A000F9FA002815D101250EF0D3FDFA27039080
:1027B000BF00264E05AC0223220081213000009785
:1027C00004F078FB00280FD1002D16D1204807B067
:1027D000F0BD03980EF0C3FDB84203D2200004F010
:1027E00069FDD6E70025DFE703980EF0B8FDB84293
:1027F000ECD2300004F05EFDDBE70323208840BA12
:1028000080B2984311F0AAFC124A134B10F07CFFDF
:102810000022124B10F078FF114A124B11F09AF976
:1028200011F026FD1049041CFDF768FD002809D1B0
:102830000E49201CFDF74EFD002801D1201CC6E7E3
:102840000A48C4E70848C2E76C5A0108D0030020D0
:1028500033CB4C45D7A3703D0AF765400000F03EEE
:10286000CDCCCCCCCC6C47400000FA42000020C25A
:1028700010B50E4B0E4C23600E4B200063600123FD
:10288000E36000232361A361E3612362F033A3606B
:102890000E33636104F028FA002801D005F00EFC25
:1028A0000021200004F008FD10BDC0460054004087
:1028B0001C040020563EA110F0B51F4B87B002AAA1
:1028C000039093810EF045FDFA26FA270500B60025
:1028D0007F001A4C022388212000009605AA04F0EC
:1028E00059FA002807D028000EF039FDB8421BD352
:1028F0000022134B1A700EF02CFDFA26050036014B
:10290000104B8921009320000623039A04F0D2FA89
:10291000002807D028000EF022FDB04208D3002284
:10292000074B1A7007B0F0BD200004F0C3FCD0E7DD
:10293000200004F0BFFCE3E72C0600001C0400208C
:1029400018000020B80B0000F8B50023304C314DC2
:1029500023706370A370E3702371637120000133EF
:102960002B70FFF7A9FF2B782B4E2C4F002B4AD052
:10297000607823780002184340BA80B211F0EEFB71
:102980000022274B10F0C0FE0022264B10F02CFB3B
:102990000022254B11F0DEF811F06AFC3060051CB6
:1029A0002079E3780002184340BA80B211F0D6FBD8
:1029B00000221E4B10F0A8FE00221A4B10F014FB50
:1029C00011F056FC1A49041CFDF798FC002810D1A0
:1029D0000021201CFDF77EFC002800D000243C6074
:1029E000144C281C211CFDF789FC002803D03460FE
:1029F00008E00F4CF3E7104C281C211CFDF76AFC83
:102A00000028F4D1F8BD0D4B33600D4B3B60F9E766
:102A100070040020180000206C04002068040020CE
:102A200000E06540E0FFEF40008046400000594074
:102A30000000C8420000FA42000020C233CB4C45DF
:102A400000CCCC4507B501210B4BA020DA6AC005AC
:102A50000A43DA62DB6A0B400193019B11230749A9
:102A60004B6000238B600333CB60C023DB000B6023
:102A700002F002FE07BDC04600100240B404002070
:102A8000012307B5094AA020D16AC0051943D162C4
:102A9000D26A07491A4001928B60C023019A03222F
:102AA000DB004A600B6002F0E7FD07BD001002404A
:102AB000A004002007B50121094BA020DA6AC00557
:102AC0000A43DA62DB6A0B400193019B002305494C
:102AD0004B608B608023DB000B6002F0CDFD07BDF7
:102AE000001002408C040020012307B50A4AA020F0
:102AF000D16AC0051943D162D26A08491A404B60B5
:102B000000238B600333CB6080230192DB00019AAA
:102B10000B6002F0B1FD07BD0010024078040020F8
:102B20000E2382B00193019B002B01D102B07047AC
:102B3000019B013BF6E710B5FFF7D6FF8021A020EF
:102B40000122C900C00502F0D3FE8021A02001228D
:102B50008900C00502F0CCFEFFF7E2FF8021A02033
:102B60000022C900C00502F0C3FEFFF7D9FF802193
:102B7000A02000228900C00502F0BAFEFFF7D0FFB6
:102B800010BD10B5FFF7B0FF8021A0200022890002
:102B9000C00502F0ADFE8021A0200022C900C005C2
:102BA00002F0A6FEFFF7BCFF8021A02001228900D1
:102BB000C00502F09DFE8021A0200122C900C005B1
:102BC00002F096FEFFF7ACFF10BD70B5FFF772FF85
:102BD0008021A0200122C900C00502F089FEFFF774
:102BE0009FFF8021A02001228900C00502F080FE05
:102BF000FB25FFF795FF8021A020C900C00502F04A
:102C000071FE041E09D102008021A0208900C005A8
:102C100002F06EFEFFF784FF06E0013DEDB2002DED
:102C2000E9D1FFF7AEFF0124200070BD70B50400AC
:102C3000FFF75AFF8021A02000228900C00502F082
:102C400057FE082563B20122002B00DB0022802101
:102C5000A020C900C00502F04BFEFFF761FF8021F4
:102C6000A02001228900C00502F042FEFFF758FFB4
:102C70008021A02000228900C00502F039FE8021B9
:102C8000A020013D0122C900C0056400EDB202F0A0
:102C90002FFEE4B2FFF744FF002DD3D170BD802199
:102CA000A02010B500228900C00502F021FEFFF728
:102CB0001BFF8021A0200022C900C00502F018FEE1
:102CC000FFF72EFF8021A02001228900C00502F01D
:102CD0000FFEFFF725FF8021A02000228900C005FC
:102CE00002F006FE10BD8021A02010B50022890050
:102CF000C00502F0FDFDFFF7F7FE8021A0200122B4
:102D0000C900C00502F0F4FDFFF70AFF8021A020F2
:102D100001228900C00502F0EBFDFFF701FF8021D1
:102D2000A02000228900C00502F0E2FD10BD70B5B0
:102D300005000826FFF7BEFE00248021A020002207
:102D40008900C00502F0D4FDFFF7EAFE8021A02033
:102D50008900C005012202F0CBFD8021A020640083
:102D6000C900C005E4B202F0BDFD002801D0013465
:102D7000E4B2013EF6B2FFF7D3FE002EDDD1002D06
:102D800003D1FFF7B0FF200070BDFFF788FFFAE71F
:102D9000F8B5060076000F001500FFF7CCFEF0B284
:102DA000FFF744FFFFF711FF041E03D0FFF7E9FE12
:102DB0002000F8BDFFF7BFFE01203043C0B2FFF78F
:102DC00035FF3C00FFF701FF002CEFD00020012C65
:102DD00000D00120FFF7ABFF013C2870E4B20135C1
:102DE000F2E7000070B5040064000D00FFF7A3FED9
:102DF000E0B2FFF71BFFFFF7E8FE002806D0012432
:102E0000FFF7BFFE064B1C70200070BD2800FFF7C7
:102E10000DFFFFF7DAFE041EF1D1FFF7B2FEF3E774
:102E2000C804002037B50A2006F086FF01212320C0
:102E3000FFF7D8FF20212320FFF7D4FF01ADC820E2
:102E400006F07AFF2A0002212320FFF7A1FF0721C5
:102E50002320FFF7C7FF00200A4C237883420BD1C1
:102E6000288840BA80B211F079F9074A074B10F070
:102E7000BBF80FF0C1F880B2002323700FF0AEFD55
:102E80003EBDC046C8040020333333333333F33FF1
:102E900010B50E4B0E4C23600E4B200063600123D7
:102EA000E36000232361A361E3612362F033A36045
:102EB0000E33636103F018FF002801D005F0FEF81F
:102EC0000021200004F0F8F910BDC0460054004075
:102ED000CC040020563EA110F0B5FA2700240126AC
:102EE0000D4B87B01B7805AD2B70BF000123C521AA
:102EF0001A000A4802970196009504F021F92B78F0
:102F0000013433402B70A4B2002B02D0044B9C42FE
:102F1000ECD1200007B0F0BD6E5A0108CC040020AF
:102F200010270000F0B589B06A46224B04AD1B782B
:102F300005AF2B70204BFA261B7801243B701F4BEA
:102F4000B6001B7813761E4B1B781377FFF7C4FF70
:102F50001C480095050023000222C421029601941A
:102F600004F038F8FFF7B8FF23000422C42128003A
:102F700002960194009704F02DF8FFF7ADFF06AB21
:102F80001222C4210093280023000296019404F029
:102F900021F8FFF7A1FF07AB1C22C42100932800F2
:102FA00023000296019404F015F8FFF795FF09B08D
:102FB000F0BDC046705A0108725A0108745A0108DF
:102FC0006F5A0108CC040020F0B5FA2501241E4BED
:102FD00089B01B7805AF3B70FFF77EFF1B4EAD003D
:102FE00023000022C421300002950194009703F0D1
:102FF000F1FFFFF771FF164B984222D806AF23006E
:103000000F22C521029530000194009704F098F832
:10301000029507AD23001022C521300001940095D0
:1030200004F08EF83A782B7812029B18FA229BB2A1
:1030300000201201934202D80A30584380B209B0EE
:10304000F0BD0448FBE7C046765A0108CC040020D6
:103050000E270000FFFF00001FB5164C05222100BF
:10306000684611F0BFFA611D062202A811F0BAFAF3
:1030700007F07AFA07F092FA0F4C01220F4920006C
:1030800000F046FEFA20800006F056FE6946052252
:103090000B4B200001F00AFA322006F04DFE06220A
:1030A000074B02A9200001F001FA322006F044FE8D
:1030B0001FBDC046B05901088809002083090020BF
:1030C000FFFF000037B5174B0193FFF7C5FF164C04
:1030D000164B0422200001A901F0E8F90122144D49
:1030E000144920002A7000F013FEFA20002440004A
:1030F00006F022FE2C7007F07BFA0F4B20001A78A6
:103100005A2A0DD15A78052A0AD19A78112A07D15C
:10311000DA78A24204D11879703843425841C0B2DB
:103120003EBDC0465A04116F88090020FFFF000011
:103130001F050020830900201805002037B507224D
:1031400000210400684611F007FA07F027FAFA2078
:10315000800006F0F1FDFA216D466846C90007F0CF
:10316000E1FA07F045FA68782B7829790343A878C3
:103170006A790343E87803430B43A8791343034375
:1031800004D1084823606060A36037BD0A23288803
:103190001202434352189BB22360D310013B68884C
:1031A000FF3BF0E7FEFF00007FB51022002102A8E0
:1031B00011F0D2F902210B4BA020DA6AC0050A43B4
:1031C000DA62DB6A01AA0B400093009B8021012395
:1031D0000901039302330191049304F08DFF07B0BA
:1031E00000BDC046001002407FB50C22002103A89C
:1031F00011F0B2F901230A4A0A48D16A1943D1628F
:103200008021D26A49011A400092009A029301AAD1
:1032100002330191049304F06FFF07B000BDC04674
:1032200000100240000400507FB50C22002103A8CA
:1032300011F092F902210A4BA020DA6AC0050A4374
:10324000DA62DB6A0B400093009B80231B01019331
:10325000032301A9029302F00FFA07B000BDC04694
:10326000001002407FB50C22002103A811F074F970
:103270000121094B0948DA6A0A43DA62DB6A0B402A
:103280000093009B80235B010193032301A9029318
:1032900002F0F2F907B000BD001002400004005037
:1032A00002230D4A10B5916B0C480B4393630C4BF2
:1032B0000C4A03601F2343600023C26083600361E4
:1032C00003F0CCF8002801D004F0F8FE002205211C
:1032D000102002F095F910BD0010024020050020DA
:1032E00000040040E7030000034B834203D1034A7C
:1032F00013880133138070472005002058050020F3
:103300000300F7B504000C33019300268021324DF1
:10331000324F2B6801225E62490131483E8002F043
:10332000E7FA012006F008FD802132002C4849010F
:1033300002F0DEFA0EF00DF806008021A02009014F
:10334000C00502F0CFFA002834D00026280003F090
:10335000A0F80DF0FEFF00908021A0200901C0051B
:1033600002F0C0FA00282ED1280003F09DF82B6847
:103370005B6A012E1DD0FA203A88800050439BB230
:10338000C01810F0EBFE174A174B10F0BDF90022E1
:10339000164B10F0B9F9164B002210F0B5F90EF0EB
:1033A0002BFE2080322006F0C7FC019B02349C4299
:1033B000ABD1F7BD30000DF0D2FFFA239B0098424D
:1033C000BBD30126C2E700980DF0C9FFFA239B008A
:1033D0009842C1D30126C7E72005002058050020E8
:1033E00000040050006F8104C58FA13F0000E03F42
:1033F00000002440020070B501260A3203003100AB
:103400001C885D88AC4202D900211D805C8002339B
:103410009342F5D1002902D1023A8242EED170BD29
:1034200010B50400FFF7E6FFE288638820899B1847
:10343000A2889B18C018800880B210BD1FB58021DB
:10344000A0200901C00502F04DFA041E13D10B4B58
:103450001B88002B0FD001A8FFF752FF01A8FFF730
:10346000DFFF0300B422F03B9BB25201934200D92C
:10347000200004B010BD0248FBE7C046B00B00209E
:10348000FFFF000010B586B00C22002103A811F048
:1034900063F801238024A0200C4A2401D16AC005CE
:1034A0001943D162D26A21001A400092009A029315
:1034B00001AA02330493019404F01EFEA02000220E
:1034C0002100C00502F014FA06B010BD0010024041
:1034D0007FB51022002102A811F03EF80221084B0E
:1034E0000848DA6A0A43DA62DB6A01AA0B408021E3
:1034F00000934901009B019104F0FEFD07B000BD5F
:1035000000100240000400507FB50C22002103A8E7
:1035100011F022F801210A4BA020DA6AC0050A4303
:10352000DA62DB6A0B400093009B80231B0101934E
:10353000032301A9029302F09FF807B000BDC04623
:10354000001002407FB50C22002103A811F004F8FE
:103550000221094B0948DA6A0A43DA62DB6A0B4046
:103560000093009B80235B010193032301A9029335
:1035700002F082F807B000BD0010024000040050C5
:103580008021A020002270B50901C00502F0B0F929
:1035900080211A48490102F0A5F9041EF8D1182526
:1035A0008021A02001220901C00502F0A1F980219B
:1035B000A02000220901C00502F09AF980210F48DD
:1035C000490102F08FF9013843425841013D64003E
:1035D000EDB22418002DE3D18021A02001220901A1
:1035E000C00502F085F98021A0202A000901C0054C
:1035F00002F07EF980200004604070BD000400509D
:1036000010B5FFF7BDFF014B186010BD5C05002031
:1036100010B5FFF7B5FF094A03001060084A002003
:103620001268934208D0981A0FF094F9054B196864
:103630000EF074FD0FF070F910BDC046600500205B
:103640005C0500201C00002000207047704701200E
:10365000704770B505000920FDF702F94D20FDF710
:10366000FFF80724112D12DD0443E4B22B1C142DA6
:1036700000DD1423053B1021494219430920C9B23A
:10368000FDF79BF821004D20FDF797F870BDA04392
:1036900004240443E4B22B1C022D00DA0223023B73
:1036A000E9E700007FB51422002101A810F054FFC3
:1036B0001148FDF731F8114B80210293022301AA32
:1036C00003930F4801338901049304F015FD802111
:1036D00001AA0C48C90004F00FFD802101AA094885
:1036E000090104F009FD8021064801AA490004F0FF
:1036F00003FD07B000BDC0462000002000001110EF
:1037000000080050000400507FB51422002101A8D9
:1037100010F022FF0E4B80210293022301AA0D48D4
:103720008901039304F0E8FC802101AA0A48C9003A
:1037300004F0E2FC802101AA0748090104F0DCFC46
:103740008021054801AA490004F0D6FC07B000BD5D
:10375000000011100008005000040050802110B536
:103760000368040000220D48890104F011FD802146
:10377000636800220A48C90004F00AFD8021A3689A
:1037800000220748090104F003FD80210022E368BC
:103790000348490004F0FCFC10BDC046000800507E
:1037A000000400507FB51422002101A810F0D4FEBF
:1037B00001238021A020029301AA02334900C00501
:1037C000049304F099FC8021A02000224900C00548
:1037D00004F004FD07B000BD0D4B10B51A7882420D
:1037E00004D01870002802D1FFF7DCFF10BDFFF7EE
:1037F000D9FF084C2378002BF8D08021A02001228B
:103800004900C00504F0EAFC00232370EEE7C0463F
:10381000640500203E070020012210B5032800D0D7
:1038200000228021A0204900C00504F0D7FC10BD73
:103830008022104B520019680A431A60DA680E4958
:103840000A40DA601A680D490A4001211A609A6834
:103850008A439A601A680A490A401A60DA68094974
:103860000A40DA6000221A618022074B12059A6032
:103870007047C046001002400C40FF88F6FFF6FE7D
:10388000FFFFFBFFFFFF02FF00ED00E0F7B51D00AB
:1038900004000E00019201F095FE019B0700002B31
:1038A00035D0226893683340B34235D16B1CF9D0D0
:1038B000002D0ED001F086FEC01BA842F1D908E011
:1038C0006B1C25D0002D04D001F07CFEC01BA8424B
:1038D0001DD9E02123685A688A435A601A68A039C2
:1038E0008A4380211A60A26A89018A4206D1196836
:1038F0000A480140196019680A431A60230001222E
:1039000051331A70002350340320237005E02268DD
:1039100093683340B342D3D10020FEBDFFDFFFFFE9
:103920007047000070B504000120002C37D025003E
:1039300051352B78DAB2002B05D12300503320000B
:103940001A70FFF7EDFF022340222B702168A06858
:103950000B6893430B606368A2690343E068034309
:103960002069034360690343E0690343206A03431A
:10397000A06A034380208000104003430B600423AF
:10398000120C1A40636A00201A43E36A4A600B6112
:10399000CB69034A1340CB61012360652B7070BD76
:1039A000FFF7FFFFF0B50400002085B002AEF08005
:1039B00026000192513630780A9D012804D03778CC
:1039C0000220222F00D08DE0002900D159E1019A78
:1039D000002A00D155E1002B00D152E127005037D9
:1039E0003878844662460220012A00D17AE0013804
:1039F00038703078012801D1313030700020606596
:103A0000A064E0648020019AE387A263A26AA3878E
:103A1000A386E386216323688001824206D1186869
:103A20009A4F3840186018681043186040201F688B
:103A3000074202D11F6838431860E7686068BC46D7
:103A400080273F01BC4500D07EE0002806D08227B9
:103A50007F00B8420AD1E08E012807D108880231E0
:103A6000D8602163E18E013989B2E186E18E0029B7
:103A700009D080277F01E38E002B35D16268002AB0
:103A80001CD12B000AE0802189018A4204D18022C6
:103A9000196852010A431A602B00002201212000FC
:103AA000FFF7F4FE00281CD12368DA68A36B1A80A4
:103AB0000233A363E38F013B9BB2E3878023A26AB7
:103AC0009B019A4200D0B8E02B0000220121200087
:103AD000FFF7DCFE002800D1A8E00223626D13434B
:103AE0006365032005B0F0BD2B00002202212000F9
:103AF000FFF7CCFE0028F4D1236B2268198802332B
:103B0000D1602363E38E013B9BB2E386E38E002BFF
:103B100007D18021A36A89018B4202D113683B43FC
:103B200013602B00002201212000FFF7AFFE0028C8
:103B3000D7D12368DA68A36B1A800233A363E38FBB
:103B4000013B9BB2E38796E7002806D082277F00DF
:103B5000B8420AD1E08E012807D1481C20630978B9
:103B6000D960E18E013989B2E186E18E002914D055
:103B700080277F01E38E002B26D16268002A9DD129
:103B80002B0001212000FFF781FE0028A9D1236826
:103B9000DA68A36B591CA16314E0802189018A4271
:103BA00004D18022196852010A431A602B000022B6
:103BB00001212000FFF76AFE002800D091E723686A
:103BC000DA68A36B1A7075E72B000022022120002F
:103BD000FFF75CFE002800D083E7236B5A1C2263AA
:103BE0001B782268D360E38E013B9BB2E386E38EB1
:103BF000002B07D18021A36A89018B4202D113686F
:103C00003B4313602B00002201212000FFF73EFE02
:103C1000002800D065E72368DA68A36B591CA1630C
:103C20001A70E38F013B9BB2E387A3E7236802AAE4
:103C3000DB689BB2D3801300DB882B00012280213C
:103C40002000FFF723FE031E02D02023626D46E70B
:103C50000122250032708022A16A920150359142E2
:103C600011D122689668F6060DD50220666D3043A4
:103C700060651068054C20401060106801431160B9
:103C80002B7001202EE700232B702BE7FFDFFFFFB7
:103C9000036806491A686A300A401A609A68233134
:103CA000FF318A439A60202303707047DFFEFFFFD5
:103CB00070B5050069352C7803000220202C25D131
:103CC0000138002922D0002A20D080209C684001A1
:103CD000844206D11869002803D101242000214222
:103CE00014D11C00683426780220012E0ED0D9642D
:103CF000190050310A804A8000202122D8662A709B
:103D000020701A68802311680B43136070BD000097
:103D1000F0B506006A36347803000220202C35D135
:103D20000138002932D0002A30D080209C68400120
:103D3000844206D11869002803D1012528002942B0
:103D400024D11D0068352F780220012F1ED059651F
:103D5000190058310A804A8080225201944218D1B9
:103D60001A69002A13D113491A005C32118000200D
:103D70002222D866327028701B68213A99680A435B
:103D80009A609022196852000A431A60F0BDFF2120
:103D9000EAE7002C04D11A69002AF8D07F21E3E772
:103DA000802252059442E2D11A69002AF6D03F21BE
:103DB000DAE7C046FF0100001300020070B5693267
:103DC000157804000220202D36D10138002933D087
:103DD000002B31D08020A5684001854206D12069A2
:103DE000002803D101252800294225D12600683664
:103DF00035780220012D1FD001383070200050305E
:103E0000E1640025038043802120E5661070206E68
:103E10000A4A8563C2620A4A02630A4A4263226806
:103E2000283201F00DFE4022280023681A62357006
:103E3000996892180A439A6070BDC046493E0008CE
:103E40007F3E0008FF3E000803001B6810B51A689B
:103E500020231100806A19401A420CD1030052330A
:103E60001980802103689A688A439A604022196801
:103E70000A431A6010BD06F0ABFAFBE7704710B5B5
:103E8000806AFFF7FBFF10BD010070B56A310A7848
:103E90000368222A2BD1020080245C3216888568B0
:103EA0005A6A6401436D3240A5421CD10469002C5A
:103EB00019D11A800233436502005A321388013B3C
:103EC0009BB21380002B0DD103680B4C1A68224063
:103ED0001A609A682334FF34A2439A6020230B703F
:103EE00006F09AFA70BD5C1C44651A70E4E708227B
:103EF00099690A439A61F5E7DFFEFFFF704710B545
:103F0000846A210069310B78212B0DD123689A68CE
:103F1000120609D522000020523210801A68C030E3
:103F200082431A6020230B7023006A331B78222BF4
:103F30000AD123689B685B0606D5230000225A330A
:103F400020001A80FFF7A4FE1023E26E2000134326
:103F5000E366FFF7D3FF10BDF8B503680400DA6924
:103F60001968100708D12020024262D0014260D0B7
:103F70002000FFF789FFF8BD9D68902701202E00E3
:103F80007F0006400F40374354D0024205D0CD0594
:103F900003D51862E56E2843E0660220024206D08F
:103FA000002E04D01862E56E00182843E066042055
:103FB000024206D0002E04D01862E56E0238284373
:103FC000E0660820024207D020250D40354303D08B
:103FD0001862E36E1843E066E36E002BCBD020231B
:103FE0001A4204D0194202D02000FFF74DFFE36EC1
:103FF00020001B0706D423689A68402315001D4043
:104000001A422BD0FFF744FE402123689A680A42E7
:1040100020D09A68606E8A439A6000281AD0334B89
:10402000836301F039FD0028A5D0606E836B98474B
:10403000A1E79D6880204003024213D06D0211D594
:10404000220018622023693213702000537002F09E
:10405000C7FC90E72000FFF751FF8CE7FFF74EFF0A
:10406000E56688E780252A422DD029422BD0220000
:1040700069321278212A00D07DE720005230028870
:10408000002A07D11A68AA431A60402219680A4315
:104090001A6070E78021A568E26C49018D420DD15C
:1040A000216900290AD111880232C905C90D996216
:1040B000E2640388013B9BB203805CE7511CE1642E
:1040C00012789A62F5E74020024200D153E701429C
:1040D00000D150E71A6882431A6023002022693316
:1040E00020001A7006F074F945E7C046F140000858
:1040F000806A0023020010B55A321380083A1380F8
:10410000FFF7FCFE10BD0000F8B5050003688268EB
:104110000069196802436869874E0243E8690243EF
:10412000864801400A431A605A6885490A40E9688E
:104130000A435A60A969B34201D02A6A11439A68B6
:10414000804802400A439A607F4A93421FD103226B
:104150007E4BDB6C13401C00022B06D008249342DC
:1041600003D0043C012B00D0033C022001F012F9E3
:104170002F680300B7426AD1082C00D9DAE020008A
:10418000FBF79EFF33D839D85FD8D8D86200704A81
:10419000934210D10C226D4B0224DB6C1340082B90
:1041A000E3D003D85A1E93419C00DEE710240C2B69
:1041B000DBD1083CD9E7674A00249342D5D0664A50
:1041C0009342D2D01034B342CFD1C02280215F4B72
:1041D0001201DB6C090113408B4204D0E2D99342F7
:1041E000C3D10824C1E70224BFE700F0D7FF0028AD
:1041F00009D100244AE0554B1868584BC006C01737
:104200001840574BC01803236A685343834200D9B0
:1042100090E01303834200D28CE00021070E0602D7
:10422000500836184F410B0030003900FCF77AF87F
:104230004C4BC2184C4B9A4200D97BE02B68D8609B
:10424000D7E700F0B1FED2E780200002DBE7802252
:10425000E969120291423ED1082C39D82000FBF7BF
:104260002FFF05171D372F37373732006968580081
:104270004B08C018FBF742FF80B20F2302009A439D
:10428000130000072A68400F0343D3602000F8BDE5
:1042900000F094FF696840004B0809E02B4B696807
:1042A0001A681023140048081C401A4206D02F4BED
:1042B000C018FBF723FF002480B2DEE72C4BD8E7C1
:1042C00000F072FEE6E7802369685B024808EFE7CA
:1042D00001240020D1E7082C2CD82000FBF7F0FEA9
:1042E0000510132A222A2A2A250000F057FF6968A0
:1042F0002C684B081818FBF701FF80B2E06078E7E4
:1043000000F05CFFF3E7114B69681B684808DB06A7
:1043100006D5184BC018FBF7F1FE80B2F86068E7CD
:104320000F4BF7E700F040FEE1E7802369681B02CE
:104330004808EFE70124A9E700480040F369FFEFD0
:10434000FFCFFFFFFFF4FFFF0038014000100240E5
:1043500000440040004C00400050004000E548FF91
:104360000024F40000FDFFFFFFFC0F0000127A00A4
:104370000048E80100093D00436A30B5DA0706D578
:104380000168284C4A682240846A22434A609A079E
:1043900006D50168244C4A682240C46A22434A6018
:1043A0005A0706D50168214C4A682240046B224313
:1043B0004A601A0706D501681D4C4A682240446BC2
:1043C00022434A60DA0606D501681A4C8A68224000
:1043D000846B22438A609A0606D50168164C8A6867
:1043E0002240C46B22438A605A0610D50168134DDF
:1043F0004A68046C2A4022434A6080225203944255
:1044000005D14A680E4C2240446C22434A601B0688
:1044100006D502680B4953680B40816C0B4353600F
:1044200030BDC046FFFFFDFFFFFFFEFFFFFFFBFFAC
:10443000FF7FFFFFFFEFFFFFFFDFFFFFFFFFEFFF4C
:10444000FFFF9FFFFFFFF7FFF8B504000D00170007
:104450001E002268D3692B405B1B59424B41BB4273
:1044600001D0002018E0069B0133F3D0069B002BFF
:1044700013D123680C491A6803200A401A609A680D
:10448000A331FF318A439A602200202369321370DE
:104490005370002368342370F8BD01F093F8069B35
:1044A000801B9842D5D9E4E75FFEFFFFF0B5070017
:1044B00085B0039369373B7804000D001600022095
:1044C000202B46D10138002943D0002A41D0802337
:1044D000A2685B019A4204D12369002B01D10142F9
:1044E00037D1230068331A780220012A31D0012203
:1044F0001A700023E36621333B7001F063F8230058
:1045000050331E805E808026029076012100523159
:104510000B889AB2002B0DD1039B40210093200001
:10452000029BFFF791FF002812D1202368343B70D3
:1045300020700EE00B880022013B9BB20B80039B96
:10454000802100932000029BFFF77EFF002802D00D
:10455000032005B0F0BDA3682268B34208D12369E7
:10456000002B05D12B880235DB05DB0D9362CDE7EF
:104570002B7801359362C9E773B500260400C6663F
:1045800001F020F8236805001B681B0717D4236877
:104590001B685B070AD580210F4B00220093200087
:1045A0002B00C903FFF750FF002813D1220020235E
:1045B0000020693268341370537020700BE0802142
:1045C000054B32000093890303002000FFF73CFFF6
:1045D0000028DCD0032076BDFFFFFF0170B5041E6C
:1045E00001D1012070BD050069352B78DAB2002BAE
:1045F00004D1030068331A7006F020F82423012147
:104600002B70226813688B431360636A002B02D0FF
:104610002000FFF7B1FE2000FFF776FD0128E0D073
:10462000236808495A6820000A402A215A609A687B
:104630008A439A60012219680A431A60FFF79CFFB7
:10464000D0E7C046FFB7FFFF084B13B50400084989
:104650001868FBF753FD44430194019B002B00D1E4
:1046600013BD019B013B0193F7E7C04638000020D2
:1046700040420F000321036870B59A6804000A40A5
:10468000012A04D11968114201D0002070BD996837
:10469000134A114209D01023A26D1343A3650123CD
:1046A000E26D13430120E365F0E701259A682800D5
:1046B0002A439A60FFF7C8FF00F084FF06002368D2
:1046C0001B682B42E1D100F07DFF801B0A28F6D940
:1046D0001023A26D1343A365E36D2B43E2E7C046AD
:1046E000170000807047000070B5041E16D0836D5F
:1046F000002B05D102005432C3651370FFF7F2FF9F
:10470000A36DDB0603D423689A68520708D51023EB
:10471000A26D54341343636000232370012070BDE5
:10472000A16D544A11400632FF320A43A2650322AA
:1047300099681140504A012902D11868084219D1DC
:1047400080256168ED0548004008A84203D080201C
:104750000006814272D118698000800818611869CA
:10476000014319611820D9688143D960D968A068CC
:104770000143D9601168414801401160A16B106884
:10478000490601431160802299685205114202D105
:1047900099680A439A60DA683949656B0A40DA60B9
:1047A000E268D868216A2A43024348030243206B27
:1047B00040000243A06980030243E069C003024352
:1047C000206902384542684180000243C220DA6015
:1047D000A26AFF30824204D0E56AD8682A430243C5
:1047E000DA60626A012A06D1002933D18022D968B1
:1047F00052020A43DA60216C1A69012932D1214838
:10480000A56C02401A61626C18692A43E56C2A4360
:1048100002431A611A691143196107215A6900207C
:104820008A435A615A69E16B0A435A610323E0657E
:10483000A26D9A43023B1343A36570E71869124DBA
:1048400080008008186110682840106010680143DB
:10485000116087E72021A06D0143A165E16D0A4346
:10486000E265C8E701210A42D7D01A698A431A6172
:10487000D3E7C046FDFEFFFF08270140FFFFFFFD15
:104880001902FEFF03FCFFFFFFFFC3FF036870B5C3
:104890009B68040002205B071AD4250054352B784E
:1048A000012B15D001232B70E369012B11D1A26DCF
:1048B0000B4B00201A4080235B0013431C22A3658E
:1048C000E065287023681A609968183A0A439A606C
:1048D00070BD2000FFF7CEFE0028E8D0F8E7C04604
:1048E000FEF0FFFFF8B5466904000D00082E0DD05C
:1048F00003680120DB680C26034207D02023A26D49
:1049000054341343636000232370F8BD00F05AFE53
:10491000070023681A68164222D08022A16D9200F7
:104920000A43A265C022D9681201114213D1226A3A
:10493000002A10D11A6812070DD59A68520722D49E
:104940000C215A688A435A60A16D154A11400432FD
:10495000FF320A43A265A269002A1DD00020D4E7D5
:104960006A1CD7D0002D08D10423A26D5434134300
:104970006360002303202370C7E700F023FEC01B01
:10498000A842C6D9F0E72022A16D0A43A265012200
:10499000E16D0A43E265DEE70C221A60DEE7C046FD
:1049A000FEFEFFFF0368186C70470000F8B50400B6
:1049B0005434227803000220012A0BD001382070E1
:1049C0001A6895686D0706D52022996D0A439A6585
:1049D00000232370F8BD802380260D68194F496895
:1049E0006803DB02400B2B40B602B94218D0916A33
:1049F00001439162002B08D08023134A1B041168E5
:104A00000A200B431360FFF71FFE354205D08023B9
:104A10000D4ADB0311680B43136000202070D9E7B7
:104A2000916A81439162002B04D0074A07491368B9
:104A30000B4013603542F0D0034A054913680B4020
:104A4000EAE7C0460110000008270140FFFF7FFF92
:104A5000FFFFBFFFF021174A0300D06830B50842BE
:104A60000AD00023012414490A68A2431A430A60A9
:104A700008682040584030BD8020C021956B40051B
:104A80000E4C490105420AD022681140C022520151
:104A90009142E6D10A4A9B185A425341E2E7956B8C
:104AA000284390632068074C0140906B204090633E
:104AB000ECE7C046001002400020024000700040B9
:104AC0000040FFFFFFFFFFEFF0B50368040085B073
:104AD000DB074DD423689B0700D59FE02368DB06E6
:104AE00034D50C23BC4DEA681A4200D0EAE02B68AA
:104AF0009B0502D5E369002B4FD0E0226B68666A04
:104B0000120213409E4200D8C9E03000FFF7A2FF16
:104B1000002842D16B68B14A134033436B606A6826
:104B2000236A12021B06120A13436B608023760B62
:104B300001361B02B340EA68A9481206120F825CD4
:104B4000A849D34003200B6005F0F4F823681B0745
:104B500000D5EEE023685B0700D511E123689B06D2
:104B600000D592E1A16A002900D0C2E100202BE02B
:104B70000C21994DEB680B40082B08D08023EA6884
:104B80005B020A408A420AD1EA681A4207D02B68BF
:104B90009B039FD56368002B9CD1012014E06268C1
:104BA0009A4213D12A6813432B6000F00BFD802733
:104BB0000600BF022B683B428CD100F003FD8A4BFC
:104BC000801B9842F6D9032005B0F0BDA021C90290
:104BD0008A4205D180222968D2020A432A60E1E78D
:104BE000296882480140296029680B400393039B90
:104BF0007F492B680B402B60002AD6D100F0E2FCE5
:104C000080270600BF022B683B4200D162E700F01C
:104C1000D9FC754B801B9842F5D9D4E70C226E4D18
:104C2000EB681340042B06D0EB681340934210D17D
:104C3000EB68DB030DD42B685B0702D5E368012B1F
:104C4000ABD16A6823696B491B020A4013436B604E
:104C500044E7E2682B68002A10D009218B431343F4
:104C60002B6000F0AFFC042706002B683B42E8D124
:104C700000F0A8FC801B0228F7D9A4E70122934387
:104C80002B6000F09FFC042706002B683B4200D1FC
:104C900024E700F097FC801B0228F6D993E76B68A5
:104CA0004E4A3000134033436B606A68236A120235
:104CB0001B06120A13436B60FFF7CCFE002800D1DD
:104CC00034E76AE7E369002B20D080232A685B0081
:104CD00013432B6000F076FC80270600BF002B6892
:104CE0003B420DD06B683D4A1340626A13436B60D0
:104CF0006A68236A12021B06120A13436B6025E7D7
:104D000000F060FC801B0228E9D95CE72B683A4A76
:104D1000802713402B6000F055FC0600BF002B6875
:104D20003B4200D112E700F04DFC801B0228F6D96F
:104D300049E762690123284D002A10D02A6D022715
:104D400013432B6500F03EFC06002B6D3B4200D068
:104D500000E700F037FC801B0228F6D933E72A6D04
:104D600002279A432A6500F02DFC06002B6D3B427A
:104D700000D1EFE600F026FC801B0228F6D922E7DE
:104D800080230021144D5B05AA6B00911A4204D1C7
:104D9000AA6B1343AB63012300938027174E7F0058
:104DA00033683B4208D08022A3685200934227D147
:104DB0002A6D13432B6548E033683B43336000F0B2
:104DC00001FC019033683B42EDD100F0FBFB019BFD
:104DD000C01A6428F6D9F6E600100240FF1FFFFF54
:104DE000317601083800002088130000FFFFFEFF25
:104DF000FFFFFBFFFFE0FFFFFFFEFFFF0070004033
:104E0000002B16D12B6D5F4A802713402B652B6D2D
:104E10005D4ABF0013402B6500F0D4FB06002B6DEC
:104E20003B421AD000F0CEFB584B801B9842F6D97B
:104E3000C9E6A021C9008B4218D18023296DDB006F
:104E40000B432B652B6D1A432A6500F0BBFB8027B3
:104E50000600BF002B6D3B4210D0009B012B00D001
:104E60007CE6AB6B4A4A1340AB6377E62B6D454A51
:104E700013402B652B6D444A13409BE700F0A2FBC7
:104E8000424B801B9842E5D99DE6A1690123414D23
:104E9000414A002918D0A96802271943A960696B03
:104EA0000B436B638023116A9B010B43136200F079
:104EB00089FB0600AB683B4200D053E600F082FB62
:104EC000801B0228F6D97EE6A96802279943A960CB
:104ED000136A32490B40136200F074FB0600AB68A2
:104EE0003B4200D13EE600F06DFB801B0228F6D964
:104EF00069E60C22274DEB681340934200D14CE643
:104F00002B68274A13402B6002292BD100F05AFB53
:104F100080270600BF042B683B421DD1216BE36A4A
:104F2000EA680B431F4980260A401343626BB604AC
:104F30001343EB6080232A685B0413432B6000F06B
:104F400041FB04002B68334200D00FE600F03AFB2F
:104F5000001B0228F6D936E600F034FB801B02283D
:104F6000D9D930E600F02EFB80260400B6042B6869
:104F7000334200D1FAE500F025FB001B0228F6D9E8
:104F800021E6C046FFFEFFFFFFFBFFFF8813000086
:104F9000FFFFFFEF0010024000000140FFDFFFFFB6
:104FA000FFFFFFFEFFFF02FF0C221A4B10B5D9686E
:104FB0000A40082A2CD00C2A0CD0042A20D11868C8
:104FC0001023184043425841134B40421840134BA2
:104FD000C01810BD12488A02120F825C0902D868FC
:104FE000890F0131C00304D50E485043FBF786F802
:104FF000EFE71B68DB0601D50848F6E70A48F4E747
:1050000080205B6800021B045B0F01339840E0E7DF
:105010000448DEE700100240001BB70000093D0015
:105020002076010800127A000024F400F7B501226E
:10503000534E05003368019113408B4228D32A68F0
:10504000930731D4D20737D40123326801991A402B
:105050008A4200D985E02A684A4C530700D588E087
:10506000120706D5E2682B694749DB000A40134363
:10507000E360FFF799FFE368444A1B061B0FD35C0C
:105080004349D8400860032004F054FE00200AE0A1
:105090003368019993430B43336033681340019A9B
:1050A0009342CCD00120FEBDF0203649CB6883432B
:1050B000A8680343CB60C5E7324C6A682368022ABC
:1050C00019D19B03EED50321E3688B431343E360BF
:1050D00000F078FA6B680700022B19D10C22E36804
:1050E0001340082BB0D000F06DFA2A4BC01B984239
:1050F000F4D90320D7E7032A02D19B01E3D4D1E7F7
:10510000012A02D15B07DED4CCE79B05DBD4C9E7DB
:10511000032B0CD10C22E3681340934200D193E798
:1051200000F050FA1B4BC01B9842F3D9E1E7012B6A
:1051300011D00C22E368134200D185E700F042FA57
:10514000144BC01B9842F4D9D3E700F03BFA114B43
:10515000C01B9842CDD80C22E3681340042BF4D135
:1051600072E732689A43326032681A4200D172E7BD
:1051700098E7E36808490B40E9680B43E3606FE791
:105180000020024000100240FFC7FFFF31760108F7
:105190003800002088130000FFF8FFFF044B054A89
:1051A000DB6805495B055B0FCB5C1068D840704736
:1051B000001002403800002029760108044B054AFF
:1051C000DB6805499B045B0FCB5C1068D8407047D7
:1051D0000010024038000020297601080368F7B566
:1051E00005009B063CD5802300215F4C5B05A26B2C
:1051F00000911A4204D1A26B1343A36301230093CD
:1052000080275A4E7F0033683B4264D0686822682A
:105210000100C0234240C0209B028003194002428B
:105220006AD1226D100018401A4200D06DE0696802
:10523000C0230A009B021A409A4207D123684C48B7
:105240000340C020800301400B432360236D1A43B9
:10525000009B2265012B03D1A36B464A1340A36335
:105260002B68DA0706D503203F49CA6C8243A86839
:105270000243CA649A0706D50C203B49CA6C824394
:10528000E8680243CA645A0706D537493A48CA6CE7
:10529000024028690243CA641A0706D532493748D2
:1052A000CA6C024068690243CA64DA0506D52E4911
:1052B0003348CA6C0240A8690243CA645A0606D53C
:1052C00029493048CA6C0240286A0243CA641B0656
:1052D00042D400200FE033683B43336000F072F9A2
:1052E000019033683B4291D100F06CF9019BC01AE8
:1052F0006428F6D90320FEBD994200D091E72268C8
:105300000120920300D48CE7F5E7884200D18EE7B4
:105310002B689B0600D48AE78021236D206D09034A
:1053200001432165216D164A17481A400140216545
:105330002265DB0500D47AE700F044F980270600F7
:10534000BF00236D3B4200D071E700F03BF90F4BEB
:10535000801B9842F5D9CDE7034A0D49D36C0B4029
:10536000E9690B43D364B4E70010024000700040C9
:10537000FFFFCFFFFFFFFFEFFFF3FFFFFFCFFFFFB9
:10538000FFFFFCFFFFFFFFFBFFFFF7FF881300009D
:10539000FFFFF3FF030010B5102800D1C5E00AD8C5
:1053A000013B0020072B42D81800FAF789FE6D83D5
:1053B000BC96BCBCBCAA40283AD080225200904285
:1053C00000D1BCE00020202B31D1C0248021654ACF
:1053D000A402106D136D490223408B4203D1800556
:1053E000C00FC00323E0802189028B4204D18007D3
:1053F0005D4BC01718401AE00020A34217D1136874
:105400000B4214D0C023106880229B0318409203E3
:10541000904200D1A2E0984200D1A1E0534BC018C5
:1054200043425841524B40421840524BC01810BDA5
:105430004C4B8022D96CD2040800104011421ED17E
:105440001A689201F3D5DA684B48D9689202120FB4
:10545000805C0902DA68890F0131D2030DD4102271
:105460001B6813405A425341444A5B421340414A2D
:105470009B185843FAF742FED9E7414BF9E7986881
:10548000404B8007C017B5E7364B0321D86C0200AC
:105490000A40084202D1FFF791FEC8E7022A04D170
:1054A00018684007384BC017A4E7012A13D1FFF74B
:1054B0007BFDBCE72B4B0C21D86C02000A40084254
:1054C00002D1FFF76BFEB2E7082AE9D0042AEED03A
:1054D00000200C2AABD1186D81E7224BC022D86C7A
:1054E0001201010011401042EBD0802000018142E6
:1054F000D6D08020C0008142D9D00020914296D1E0
:10550000E9E7184AC021D06C890103000B4008422A
:10551000D7D0802189018B4201D11068C1E7802258
:1055200052019342C3D0002081E70E4B9A6B802337
:105530001000DB0318401A4200D178E7C1E7094A9E
:10554000C021D06C890203000B400842B9D08021F1
:1055500089028B42E1D080225202E2E70B4866E7E3
:105560000B4864E700100240889000000000F0FF44
:10557000807BE1FF00093D0020760108001BB70099
:1055800000127A00006CDC020024F40040420F009C
:1055900020A107000223064A10B5116803200B431F
:1055A000136004F0C7FB04F0CDFB002010BDC04623
:1055B00000200240024A1368013313607047C0465E
:1055C00068050020014B18687047C0466805002038
:1055D0000121024A53688B435360704700580140D1
:1055E0000221024A53688B435360704700580140C0
:1055F0000421024A53688B435360704700580140AE
:1056000010B5FF24032322000340DB009A408901E8
:105610002140D243994000280BDA0F230340083B76
:1056200009489B089B001B18D86902400A43DA61AD
:1056300010BD064B80088000C018C0239B00C458D2
:1056400022400A43C250F3E700ED00E000E100E031
:105650001F2318401E3B8340014A13607047C04619
:1056600000E100E01F2318401E3B8340014AD3673E
:105670007047C04604E100E00023F0B585B00A6839
:105680001400DC4001D105B0F0BD012714009F409B
:105690003C4001943A4200D195E04A681600944695
:1056A00010229643022E13D107240F251C40A4007C
:1056B000A540DA08920082180292126A039515003A
:1056C000039A95432A000D69A5401543029A156275
:1056D00003225D00AA40013ED243012E0CD8CC68C3
:1056E0008668AC40164034438460644624099C407C
:1056F0004668BE4334434460644603273C40AC40A4
:105700000668164034430460C46814408A68AA409E
:1057100022438024C26062466405224253D00125A0
:105720002A4C626B2A4362633D00294A9C08A4000C
:10573000A4180F221D40AD00AA40A027A668FF05AF
:1057400096430022B84214D0224F0132B84210D002
:10575000214F0132B8420CD0204F0132B84208D05C
:105760001F4F0132B84204D01E4A8218571EBA4158
:105770000532AA4067463243A2601B4A019C166864
:10578000019DE4433543FF0301D4350025406746BE
:1057900015605668019D3543BF0301D4350025408F
:1057A000674655609668019D3543FF0201D4350078
:1057B000254067469560D568019E2E43BF0201D4FF
:1057C00025402E00D660013359E7C0460010024044
:1057D000000001400004005000080050000C005080
:1057E0000010005000E4FFAF00040140F7B50022B4
:1057F0000091009BD34000D1F7BD01259540009C4E
:10580000009B2C402B425CD0032651008E40036845
:10581000310033430360D3089B00C3181E6A072777
:10582000B4460F261740BF00BE4037006646BE4351
:105830001E6283680F278B4383604368AB434360DA
:10584000C36803258B43C36091081F4B8900C918A7
:10585000A0231540AD00DB05AF409C468E680023B9
:105860003E400196604518D0184B9C460123604588
:1058700013D0174B9C46022360450ED0154B9C4617
:105880000323604509D0144B9C460423604504D093
:10589000124BC3185E1EB3410533AB40019DAB42B2
:1058A0000FD18B68BB438B600D4B1968A143196006
:1058B0005968A14359609968A1439960D968A14387
:1058C000D960013295E7C046000001400004005055
:1058D00000080050000C00500010005000E4FFAF22
:1058E0000004014000690840431E9841C0B270475F
:1058F000002A01D0816170478162FCE7044B10B53A
:105900005A69104202D0586104F066FA10BDC046D0
:1059100000040140030030B50120002B2AD0981D5F
:10592000C27FD1B2002A01D15A1DD1770222C2779B
:105930001968354A0C68DD6814409A682A431D6965
:105940002A435D692A439D692A43DD692A431D6A0A
:105950002A4322430A602D4A91420CD10F242C4A3B
:105960001168A143116011685B680B431360012348
:10597000C377002030BD274A914208D1F024244A41
:105980001168A14311605B6811681B01EDE7224AB1
:10599000914208D11E4A214C1168214011605B6878
:1059A00011681B02E1E71E4A914208D1184A1D4CBA
:1059B0001168214011605B6811681B03D5E71A4A22
:1059C000914208D1124A194C1168214011605B685C
:1059D00011681B04C9E7164A914208D10C4A154CBC
:1059E0001168214011605B6811681B05BDE7124A10
:1059F0009142BCD1064A114C1168214011605B688C
:105A000011681B06B1E7C0460FC0FFFF0800024047
:105A1000A80002401C00024030000240FFF0FFFFDF
:105A200044000240FF0FFFFF58000240FFFFF0FF5D
:105A30006C000240FFFF0FFF80000240FFFFFFF0FD
:105A4000F0B50224471DFE7F05002000012E1ED068
:105A50000126A81DFE77C4772C682068B04320601B
:105A60006360AB68102B13D1A260E160022322684F
:105A70000020134323600423226813432360082378
:105A80002268134323600123226813432360F0BD7F
:105A9000A160E260EAE7000010B5841DE37F022BFD
:105AA00003D00423C363012010BD0E2102681368D4
:105AB0008B431360012311689943116016498A4290
:105AC00011D016490F338A420DD0154B9A4217D088
:105AD000144B9A4217D0144B9A4217D0134B9A4248
:105AE00017D180235B03124A536001230022E3771E
:105AF000431DDA77836B934200D098470020D3E7A9
:105B000080235B00EFE780235B01ECE780235B02EF
:105B1000E9E780235B04E6E7080002401C0002403E
:105B20003000024044000240580002406C00024035
:105B30000000024070B503685B4D5C4E0400082213
:105B40002968B34215D05A487832834211D0594A55
:105B5000934200D184E0584A934200D183E0574AEF
:105B6000934200D182E0564A934200D081E08022E5
:105B700012040A4216D008201968014212D019688E
:105B80008143196001236A60E26B13430422E363DB
:105B9000A31DDA770022631DDA77636B934201D08D
:105BA00020009847236804222968B34211D0404856
:105BB0003C3283420DD03F4A93425DD03E4A9342ED
:105BC0005DD03E4A93425DD03D4A93425DD18022F2
:105BD000D2030A4212D00420196801420ED019687B
:105BE000890602D41968814319606A600522A31DE1
:105BF000DA77236B002B01D020009847236802221C
:105C00002968B34211D02A481E3283420DD0294A56
:105C100093423DD0284A93423DD0284A93423DD0FA
:105C2000274A93423DD1802292030A4217D0022094
:105C30001968014213D01968890602D41968814392
:105C400019606A600122E36BE363A31DDA77002227
:105C5000631DDA77E36A934201D02000984770BD54
:105C60008022120185E78022120282E7802212033D
:105C70007FE7802212057CE78022D200A9E78022FC
:105C8000D201A6E78022D202A3E78022D204A0E7B5
:105C900080229200C9E780229201C6E78022920208
:105CA000C3E780229204C0E70000024008000240DF
:105CB0001C000240300002404400024058000240F4
:105CC0006C0002401021024A13688B431360704736
:105CD0000070004010B50324084A1368A34303432F
:105CE00004201360064A136983431361012901D11B
:105CF00030BF10BD40BF20BF20BFFAE7007000409A
:105D000000ED00E010B503240A4A1368A3430343DF
:105D100013600422084B186902431A61012905D156
:105D200030BF04211A698A431A6110BD40BF20BFE9
:105D300020BFF6E70070004000ED00E08023034A3A
:105D4000DB0011680B4313607047C04600700040D1
:105D50008023034A9B0011680B4313607047C046C1
:105D600000700040F7B50227451CEB7F04003800A7
:105D7000012B32D00123CA22E619EB77F77723688B
:105D80005A62773A5A62AD32914227D19A681F49D6
:105D9000FA270A409A609A681D49BF000A409A6033
:105DA000FFF710FC019001212368DA680A4206D04F
:105DB000FF2200205A620123F377E8770DE0FFF716
:105DC00001FC019BC01AB842EDD9FF2223680320D1
:105DD0005A620323F3770023EB77FEBD9A680D49DF
:105DE0000A409A609A680C490A409A60FFF7EAFBF9
:105DF00001902368DA683A42DAD1FFF7E3FB019BAE
:105E0000C01AFA239B009842F3D9DEE7FFFEFFFF9A
:105E1000FFEFFFFFFFFDFFFFFFDFFFFFA021026895
:105E2000F8B5D36804008B43D360FFF7CBFBFA27A8
:105E300005002026BF002368DB68334201D0002024
:105E4000F8BDFFF7BFFB401BB842F4D90320F7E7CA
:105E5000F8B5402603680400DA68324201D0002019
:105E6000F8BD01225242DA60FFF7ACFBFA270500C9
:105E7000BF002368DB683342F1D1FFF7A3FB401B6F
:105E8000B842F6D90320EBE770B5041E19D0851C83
:105E9000EB7FDAB2002B03D1431CDA7703F06AFF01
:105EA0000223CA22EB77236820005A62773A5A62AB
:105EB000FFF7CEFF2368002805D0FF225A62042393
:105EC000EB77012070BD9A68124926690A409A60F2
:105ED000626899683243A66932430A439A60E2686D
:105EE0001A61A268196912040A4380211A61DA68EA
:105EF0008A43DA60DA6C7D398A43DA64E26964697C
:105F0000D96C22430A43DA64FF225A620123EB77F9
:105F1000D8E7C046BFFF8FFF0023092803D81B0125
:105F20001843C0B270470A380133C0B2F5E7000029
:105F3000F0B5431C85B001930C00D97F0223050006
:105F40001F00012936D001214018C177E918CB770D
:105F500002912F68207866783E33002A2DD1BA68E6
:105F6000110019401A4200D1E170FFF7D5FF0390EC
:105F70003000FFF7D1FF0600A078FFF7CDFFE378F0
:105F8000039A1B0403431204134336021E43CA231D
:105F90007B62773B7B622800FFF75AFF2B68071E66
:105FA00019D0FF225A620423029AD3770023019A60
:105FB000D3770127380005B0F0BDBA681100194049
:105FC0001A4200D1E170A3780004360206431E4352
:105FD000E3781B04DAE7174A174916401E609A68EF
:105FE00020690A409A60E268996802430A43802166
:105FF0009A60DA688A43DA609A68202314001C40A9
:106000001A420DD12800FFF709FF002808D0FF220F
:106010002B685A620423029AD377019BDC77C8E786
:10602000FF222B685A620123029AD3770023019A38
:10603000D377BFE77F7F7F00FFFFFBFF0223F0B531
:10604000461C0500F07F1C0085B0012825D00120EA
:10605000EF18F077FB778B784C7801930B78C87842
:106060005B030293002A1BD000041843019B240207
:10607000184320430190CA222B6828005A62773ABD
:106080005A62FFF7E5FE2B68041E23D0FF225A62F6
:106090000423FB7700230124F377200005B0F0BD33
:1060A00010231C4203D09C430A34E4B24C70FFF727
:1060B00033FF03902000FFF72FFF04000198FFF744
:1060C0002BFF039B029A1B04104303432402234328
:1060D0000193D0E7114A0199114059608021DA6893
:1060E0008A43DA609A6820231100194001911A420C
:1060F0000BD12800FFF792FE002806D0FF222B6864
:106100005A620423FB77019BC5E7FF222B685A6282
:106110000123FB770023F377BFE7C0463FFFFF0073
:106120000223F7B50D00411CCE7F04001800012E9C
:1061300000D193E00138C877E118CB7769782668F9
:1061400000912878AF783E33002A61D1B2681100FF
:1061500019401A4200D1E970FFF7DEFE0190009865
:10616000FFF7DAFE00903800FFF7D6FE07006B1C41
:10617000D87FFFF7D1FE6A69EB6900061343EA781E
:10618000120413431F43019B1B041F43009B1B026C
:106190001F430743AB696A681A43CA2300927362BC
:1061A0006A6A773B7362AD339A4258D1B3683E4A0C
:1061B000FA251340B360F2683C4BD2B21343F3604C
:1061C000FFF700FA0600AD0001212368DA680A42F1
:1061D00035D0009ADF615A648022996852000A43E0
:1061E0009A608022996852010A4380219A60304A5D
:1061F0008902106808431060906801439160FF2293
:1062000000205A62FE3AA31CA418DA77E07725E052
:10621000B268110019401A4200D1E970EB696A694D
:10622000000413431F43009B07431B021F43EB78EB
:106230001B041F436B1CDB7F1B061F43AAE7FFF7F2
:10624000C1F9801BA842BFD9FF22236803205A62EC
:10625000A31CFC3ADA7700230134E377FEBDB36870
:10626000144AFA251340B360F268134BD2B21343B9
:10627000F360FFF7A7F90600AD0002212368DA6892
:106280000A420BD0009A1F629A6480229968920099
:106290000A439A60802299689201A5E7FFF792F974
:1062A000801BA842E9D9CFE7FFFEFFFF7FFEFFFF7B
:1062B00000040140FFFDFFFF7FFDFFFF0309020017
:1062C0000A200F2158430A408018C0B270470000CE
:1062D00070B50C0001683F208B6A63600B695B043A
:1062E0005B0CA3600B680E490B40190C1E0ADDB253
:1062F00040230840F6B2194020706670A570E17026
:10630000002A0AD1FFF7DAFF20703000FFF7D6FF2E
:1063100060702800FFF7D2FFA070002070BDC0465B
:106320007F7F7F0070B50C0003680E495B680B40EF
:10633000180CDD04DEB21B04ED0E5B0FE07065701F
:10634000A6702370002A0AD1FFF7B8FFE07028007A
:10635000FFF7B4FF60703000FFF7B0FFA0700020BF
:1063600070BDC0463FFFFF00022210B5411CCC7F2C
:1063700003001000012C10D09818C2771B68C83297
:106380005A62773A5A629C68333A22439A60FF22F3
:106390005A620123C3770020C87710BD80220368AA
:1063A000D205904208D00C4A904205D00B4A904248
:1063B00002D00B4A904207D1702293434A6813439C
:1063C000084A1340CA68134303608B68C3620B68B2
:1063D00083620123436170470004004000080140CC
:1063E00000140140FFFCFFFFF0B501260327150054
:1063F000026AB24302628269046ABA438027FF05D7
:10640000B84216D00C4FB84213D00C4FB84210D03F
:106410000B4FB8420DD03243F025AA431B010F3574
:106420002B4013430A2294431140214383610162AC
:10643000F0BD2A43F0E7C0460004004000080140D8
:106440000014014010B501248C408A40036AA34324
:106450000362036A1A43026210BD704770B50400FC
:106460000120002C14D0250035352B78DAB2002B12
:1064700005D12300343320001A70FFF7EEFF02230A
:106480002B702068211DFFF789FF012300202B704E
:1064900070BD012203680020D9681143D9601968D2
:1064A0000A431A607047000001210368DA688A43D2
:1064B000DA60186A034A104202D11A688A431A60E5
:1064C000002070471111000010B50468082917D08A
:1064D0000DD8002910D0042912D020000122FFF786
:1064E000B1FF0123226800201343236010BD0C2953
:1064F000F3D11023E26801E00223E268134301E0D4
:10650000E3680B43E360E8E710B5046808291BD093
:1065100011D8002914D0042916D000222000FFF73A
:1065200091FF226A0A4B1A4203D101222368934346
:106530002360002010BD0C29EFD11022E36801E098
:106540000222E368934301E0E3688B43E360E4E7FE
:106550001111000070B504000120002C14D025009A
:1065600035352B78DAB2002B05D1230034332000E7
:106570001A7003F035FC02232B702068211DFFF7F1
:106580000DFF012300202B7070BD704770B5050012
:10659000022335352B700368084A196A040011423A
:1065A00003D101211A688A431A602000FFF7EDFF2A
:1065B000002034342870207070BDC04611110000D6
:1065C00010B5FFF781FF002010BD10B5FFF79CFF4D
:1065D000002010BDF7B517000200022334320E0070
:1065E00011780500180001291AD00121537011708B
:1065F0002C6831687268F368002F12D12000FFF711
:10660000F3FE0C22A3699343A361A369B268134309
:10661000A3612B0001220020353334351A70287015
:10662000FEBDB068266A0190042F1ED10C37BE4310
:106630002662A7692E48120207403A432D4F1B07D6
:106640003A401B0C1343A022266A090196431140CD
:106650003143A3612162A369274A1340A361019AD0
:10666000A36910021843A061D3E7082F1FD10320AC
:10667000224F1B013E402662E669276A8643164385
:10668000F02296430F3213401D4A09021740A02200
:10669000120111400C2233433943E3612162E36963
:1066A0009343E361E369019A1343E361B1E7154F53
:1066B0000F483E402662E769120207403A430D4FF9
:1066C0001B073A401B0C266A13430F4A0903164066
:1066D000A022120211403143E3612162E369064ABC
:1066E0001340E361019AE36910021843E06190E707
:1066F000FFFCFFFFFF0FFFFFFFF3FFFFFFFEFFFFAA
:10670000FFF5FFFFFFEFFFFFFF5FFFFF020010B588
:106710003432147803000220012C09D0082913D048
:1067200007D800290AD004290BD0002000231370B9
:1067300010BD0C29F9D11B68186CF7E71B68586B62
:10674000F4E71B68986BF1E71B68D86BEEE77047BE
:10675000704770470222036810B51969040011429E
:106760000DD0D96811420AD0053A1A610432027577
:106770009B699B075ED0F9F76FFF00232375042206
:1067800023681969114210D0D96811420DD0093A15
:106790001A61073222759A69C0239B0020001A42B1
:1067A0004ED0F9F759FF0023237508222368196991
:1067B00011420ED0D96811420BD0113A1A610D3234
:1067C0002275DB6920009B0740D0F9F745FF0023C5
:1067D0002375102223681969114210D0D96811421B
:1067E0000DD0213A1A6119322275DA69C0239B0053
:1067F00020001A4230D0F9F72FFF00232375012221
:1068000023681969114207D0D968114204D0033AAC
:1068100020001A61FCF768FD4022236819691142C3
:1068200007D0D968114204D0813A20001A61FFF7DD
:1068300090FF10BDFFF78BFF2000FFF789FF9CE75B
:10684000FFF785FF2000FFF783FFACE7FFF77FFF2F
:106850002000FFF77DFFBAE7FFF779FF2000FFF781
:1068600077FFCAE7020010B5343214780300022023
:10687000012C06D0186835330165012100201970FC
:10688000107010BDF8B5050054352B7804000220B7
:10689000012B43D0012303222B70236898681040FA
:1068A000012809D11A68024206D02023A26D1343A1
:1068B000A36500232B7031E0A16D194A1140063207
:1068C000FF320A430321A265DE68DA688A43DA6090
:1068D0008022996812060A439A60FEF773FE070049
:1068E00023689A68002A0BDB0321DA680E401643FE
:1068F000DE600123A26D00208A431343A365D8E71D
:10690000FEF760FEC01B0A28EAD91223A26D0120FF
:106910009A43023B1343A36500232B70F8BDC04686
:10692000FDFEFFFFF0B5050085B0039202916835CA
:106930002B7804000A00022002AF012B32D026007F
:10694000242301386936287033702368196881431D
:10695000196099681548014011439960002A0CD1CB
:1069600010205A68B9798243B888090602435A60F0
:106970005A681202120A0A435A60012219680A432D
:106980001A60FEF71FFE8021094A030000922000D2
:106990000022C903FDF758FD002805D120233370DC
:1069A00000232B7005B0F0BD0320F9E7FFFFCFFFF8
:1069B000FFFFFF01020010B56832117803000220CA
:1069C00001290CD01900223069310870186802239F
:1069D000046823430360202300200B70107010BD57
:1069E000704703689A69920701D500229A620122D2
:1069F0009969114202D199690A439A61704700006E
:106A0000006830B54468064D12042C40039D89058A
:106A10002B431A43890D0A432243426030BDC046CE
:106A2000009800FCF8B504000E0017001D00226855
:106A3000936933409B1B59424B41BB4201D000201C
:106A40000EE06B1CF4D0002D0BD12300202241332B
:106A50001A70220000230320423240341370237046
:106A6000F8BDFEF7AFFD069BC01AA842DFD9ECE7E0
:106A7000F7B5036801929A690400102310000E0014
:106A8000202718401A4216D1FEBD731C14D0002EC8
:106A900005D0FEF797FD019BC01A86420BD223005A
:106AA000202241331A7022000023423240341370F6
:106AB00003202370E8E72568AB693B42E5D010234B
:106AC0002000EB61EF61FFF78CFF6B68074A012044
:106AD00013406B60042363642300220041331F7062
:106AE00000234232403413702370CDE700E800FEEB
:106AF000F8B504000D001600022723689B693B428D
:106B000001D0002018E0320029002000FFF7B0FF7C
:106B1000002818D16B1CF0D0002D0ED12022636C00
:106B2000032013436364230041331A7022000023BF
:106B30004232403413702370F8BDFEF743FD801BD2
:106B4000A842DAD9EAE70120F6E7F7B515001E00FA
:106B5000DAB280239B01009380230400099F5B0429
:106B6000FFF74EFF3A0020000899FFF7C1FF002809
:106B700005D0636C0120042B00D00320FEBD2368E8
:106B8000012E0BD1EDB29D62002280212000089BD6
:106B90000097FFF747FF0028F0D0EEE72A0A9A6235
:106BA00020003A000899FFF7A3FF0028E1D12368ED
:106BB000E8E7F7B515001E00DAB280230400099F4C
:106BC0009B0100930023FFF71BFF3A002000089968
:106BD000FFF78EFF002805D0636C0120042B00D046
:106BE0000320FEBD2368012E0BD1EDB29D62002271
:106BF00040212000089B0097FFF714FF0028F0D0E9
:106C0000EEE72A0A9A6220003A000899FFF770FF1F
:106C10000028E1D12368E8E7F8B504000D0016006C
:106C20002027042223689B69134201D0002017E02B
:106C3000320029002000FFF71BFF00280FD1236836
:106C40009A693A420DD0DF615A6810490A405A6089
:106C500023006064413340341F705870207001205D
:106C6000F8BD002D0BD12022636C03201343636415
:106C7000230041331A70002340342370F0E7FEF7FD
:106C8000A1FC801BA842CCD9EDE7C04600E800FE7D
:106C9000F8B504000D001600202723689B693B42CD
:106CA00001D0002016E0320029002000FFF7E0FEAE
:106CB000002816D1002D0ED12022636C032013432F
:106CC0006364230041331A702200002342324034AF
:106CD00013702370F8BDFEF775FC801BA842DCD949
:106CE000EAE70120F6E7000070B504000120002C5F
:106CF0003FD0250041352B78DAB2002B05D1230097
:106D0000403320001A7000F043FC242301212B7033
:106D10002368E0681A68A6688A431A601A4962689C
:106D20000A401A619A6819490A409A60012821D1DB
:106D30008022120232439A605868154A02435A6010
:106D4000DA6800200A40DA60616922690A43A169B1
:106D500009020A43DA60216AE2690A431A600122E1
:106D600019680A431A60202360642B702063423440
:106D7000207070BD8422120232439A600228DBD157
:106D8000802212015A60D7E7FFFFFFF0FF7FFFFF6D
:106D900000800002F0B5060085B0029203934136F0
:106DA000337804000F000220202B14D1230040333D
:106DB0001A78012A0FD001221A70FEF703FC8021F5
:106DC000050000901923012220000902FFF72AFE86
:106DD000002802D0032005B0F0BD21233370260027
:106DE000113B42363370029B60646362039B6063B5
:106DF00063858023628D9B01FF2A20D9FF22228593
:106E0000009380235B0439002000FFF7F9FD638DB8
:106E10002A0020000A99002B19D1FFF739FF00281A
:106E200019D120212368224DD9615A682A405A601D
:106E3000230040344133197030702070CBE7628DED
:106E400092B22285D2B2009380239B04DBE7FFF746
:106E50004FFE002804D0636C0120042BBAD1BAE79E
:106E6000636A5A1C62621B7822689362638D228D6A
:106E7000013B013A9BB292B263852285002AC6D1BA
:106E8000638D002BC3D0802120000A9B0095FFF763
:106E9000C9FD00289ED1638DFF2B03D9FF222285D7
:106EA0000090AEE7628D92B22285D2B20090CBE71D
:106EB00000E800FEF0B5060085B00292039341366B
:106EC000337804000F000220202B14D1230040331C
:106ED0001A78012A0FD001221A70FEF773FB802165
:106EE000050000901923012220000902FFF79AFDF6
:106EF000002802D0032005B0F0BD22233370260005
:106F0000123B42363370029B60646362039B606392
:106F100063859023628D9B01FF2A20D9FF22228561
:106F2000009380235B0439002000FFF769FD638D27
:106F30002A0020000A99002B19D1FFF7A9FE00288A
:106F400019D120212368224DD9615A682A405A60FC
:106F5000230040344133197030702070CBE7628DCC
:106F600092B22285D2B2009380239B04DBE7FFF725
:106F700053FE002804D0636C0120042BBAD1BAE779
:106F800023685A6A636A591C61621A70228D638D84
:106F9000013A013B92B29BB222856385002AC6D199
:106FA000638D002BC3D0802120000A9B0095FFF742
:106FB00039FD00289ED1638DFF2B03D9FF22228546
:106FC0000090AEE7628D92B22285D2B20090CBE7FC
:106FD00000E800FEF0B5070089B007930EAB0692FB
:106FE00004CB02911B880492059341373B7804003F
:106FF0000220202B36D1002A33D0059B002B30D025
:107000002300403303931B78012B2BD00126039BD5
:107010001E70FEF7D7FA8021320000900500192378
:1070200020000902FFF7FEFC061E1FD121233B7042
:107030001F337B70049B60646362059B60636385A0
:10704000109B20000093069A079B02990195013737
:10705000FFF77BFD00280BD0636C042B04D1039B4E
:107060001E70012009B0F0BD039B1E700320F9E7DC
:10707000638DFF2B13D9FF22802322855B040090B0
:1070800020000299FFF7BCFC2A0020001099FFF7AE
:107090002FFD00280BD0636C042BE7D1E1E78023A0
:1070A000628D9B0492B22285D2B20090E8E7636AB7
:1070B0005A1C62621B7822689362638D228D013BA9
:1070C000013A9BB292B263852285002A16D1638D64
:1070D000002B13D080212000109B0095FFF7A2FC0D
:1070E0000028C3D1638DFF2B20D9FF228023228566
:1070F0005B04009020000299FFF782FC638D002B57
:10710000C2D12A0020001099FFF7C2FD0028C2D189
:1071100020212368094DD9615A682A405A6023000A
:10712000403441331970387020709BE78023628DA2
:107130009B0492B22285D2B20090DBE700E800FE09
:10714000F0B5070089B007930EAB069204CB02910D
:107150001B880492059341373B7804000220202BC2
:1071600036D1002A33D0059B002B30D0230040338A
:1071700003931B78012B2BD00126039B1E70FEF777
:1071800021FA802132000090050019232000090215
:10719000FFF748FC061E1FD122233B701E337B7075
:1071A000049B60646362059B60636385109B2000A1
:1071B0000093069A079B029901950137FFF7F9FCA6
:1071C00000280BD0636C042B04D1039B1E7001209C
:1071D00009B0F0BD039B1E700320F9E79023628D78
:1071E0009B01FF2A46D9FF222285009380235B045E
:1071F00020000299FFF704FC002204212000109BCC
:107200000095FFF70FFC0028E6D123685A6A636AED
:10721000591C61621A70228D638D013A013B92B252
:107220009BB222856385002A16D1638D002B13D073
:1072300080212000109B0095FFF7F4FB0028CBD1A4
:10724000638DFF2B1ED9FF22802322855B040090D3
:1072500020000299FFF7D4FB638D002BCCD12A00CC
:1072600020001099FFF714FD002813D0636C042B45
:10727000B2D1ACE7628D92B2228500938023D2B264
:107280009B04B5E78023628D9B0492B22285D2B223
:107290000090DDE720212368054DD9615A682A4016
:1072A0005A602300403441331970387020708FE7E2
:1072B00000E800FE406C7047F0B5040041342278CD
:1072C00003000F000220D6B2202A18D11D0040353D
:1072D0002A78012A13D0242222701B68233A1968C5
:1072E0000748914319601968014000201960196826
:1072F0003943196019680A431A6026702870F0BD76
:10730000FFEFFFFF0122054B10005968114204D026
:107310000020034ADA60034ADA6070470020024026
:10732000EFCDAB89050403020123034A0020516815
:107330000B4353607047C0460020024010B5040064
:10734000054800F08DF8002805D1044B58612060F5
:10735000014800F085F810BD50C300006C05002006
:10736000F8B5124F06003B7C0D0014000220012BE3
:107370000CD001230E483B7400F072F8002803D1B2
:107380007861022E03D12C6000233B74F8BD012EDE
:1073900002D1A4B22C80F7E7002E03D0044800F0FD
:1073A0005FF8F1E7E4B22C70EEE7C0466C05002010
:1073B00050C30000284A802190694900030030B57D
:1073C0000B40084205D0022324484469234343610B
:1073D0000B00802091698000014205D001211F4CE3
:1073E000034365692943616180209169C0000142BE
:1073F00005D00821194C0343656929436161802048
:1074000091690001014205D00421144C03436569D0
:1074100029436161802091698001014205D01021DA
:107420000E4C03436569294361619169890305D560
:1074300020200A4C03436169014361618020916906
:107440004002014205D04021044C034365692943B1
:107450006161936130BDC046002002406C05002090
:1074600070B50400FEF7AEF801260500184B9A69C6
:10747000324221D102229969114200D09A619A695F
:10748000D20515D49A69920512D49A6952050FD47F
:107490009A6912050CD49A69920409D499698022D8
:1074A000080092021040114202D19B69DB0308D50B
:1074B000FFF780FF012004E0621CD8D0002C01D12E
:1074C000032070BDFEF77EF8401BA042CED9F7E73F
:1074D0000020024070B504000120002C15D0236864
:1074E0000F4A1A600F4A1A6062685A60A2689A606E
:1074F000FEF768F805002368DA68002A06D11969E2
:10750000E268914209D01A61002070BDFEF75AF876
:10751000401B3028EFD90320F7E7034A1A60F3E74E
:10752000CCCC000055550000AAAA00000368024A0E
:1075300000201A607047C046AAAA0000F8B5FF23D1
:107540005B424380114B0A211F8805003800F8F781
:10755000D5FD0A2184B23800F8F70CFE8EB2642FF4
:107560000ED964213800F8F7C9FD0A21070220006E
:10757000F8F700FE09010F433743BCB22C80F8BD79
:10758000240236013443A4B2F8E7C046880D002037
:10759000082310B590B00793802307A85B010C93D4
:1075A000FDF71CFE0222154B0124D96A1448114331
:1075B000D962D96A114000910099D96A1143D96200
:1075C000D96A0A400192019A8022996B92030A4378
:1075D0009A63402302932E3B0393002302A9049352
:1075E000033305930694FEF747F88023044802A965
:1075F00002930694FEF740F810B010BD0010024050
:1076000000040050F0B58FB00D00040002F058FDEA
:10761000012D1ED1A94809F031FF0028FAD1A84B4D
:1076200018880CF09BFD0022A64B0BF0DDFC02003D
:107630000B00A54809F022FF0028F0D1A34B1B78CE
:10764000062B3AD1A24BA348196809F017FF00286E
:10765000F8D1F9F731F89D4B03931B78032B00D138
:1076600082E00120FAF770FF061C6060012D14D142
:107670009949F8F74DFE002870D09849301CF8F76A
:1076800033FE00286AD060680CF0B0FD02000B00E9
:10769000934809F0F3FE0028F5D1039B18780138D0
:1076A00008286CD8F8F720FD60006B0060004601E8
:1076B0006B006B006B006B004601072B24D180210F
:1076C0008848C901FEF70EF9874B0100180009F040
:1076D000D5FE0028F3D1802182480902FEF702F985
:1076E000824B0100180009F0C9FE0028F3D1A02048
:1076F0001021C005FEF7F6F87D4B0100180009F0D7
:10770000BDFE0028F3D1A4E7092B1AD1704B7148B4
:10771000196809F0B3FE0028F8D1764B764819684D
:1077200009F0ACFE0028F8D1A0201021C005FEF71A
:10773000D9F86F4B0100180009F0A0FE0028F3D122
:1077400087E780216748C901FEF7CCF8664B010046
:10775000180009F093FE0028F3D17AE7674809F092
:107760008DFE0028FAD198E7654B1878032806D8D3
:10777000F8F7A6FC02506E8D624BE3612362624F04
:107780003B88002B00D01BE1039B1B78032B32D0DE
:10779000083B012B2FD9FAF759FC0026012002F0F3
:1077A0000FFC05AF7300F85201360A2002F0C4FA4C
:1077B000062EF3D1012210214A48FEF799F838002D
:1077C000FBF72EFE3E4B51491B885843F8F7DCFC73
:1077D0000BF0C0F82061012D0DD120690CF006FDE1
:1077E0000022384B0BF000FC02000B00484809F067
:1077F00045FE0028F1D1039B18780238062800D9ED
:1078000014E1F8F771FCFB00780113017302130116
:107810001301EF013F48FFF7BBFEFAF7ADFF061C6F
:10782000FAF734FFE6612062012DA8D1E0690CF07F
:10783000DDFC0600206A0F000CF0D8FC320000903E
:1078400001913B00344809F019FE0028EED196E77B
:107850003248FFF79DFEFBF777F8314B1B68E36179
:10786000304B1B682362012D89D1E0690CF0BEFC0E
:107870000600206A0F000CF0B9FC32000090019164
:107880003B00294809F0FAFD0028EED177E70122F4
:10789000264B1A70FBF7D6F8FBF7C4FA0AF094FBF4
:1078A000A084FBF7EDF8012D00D068E7A18C2048FB
:1078B00009F0E4FD0028F9D161E7C046836A0108B8
:1078C0004407002000408F40785A0108850D0020B1
:1078D00050070020855A010800005CC20000FA42EF
:1078E000D95A010800040050965A0108A75A010805
:1078F000B85A01084C070020C85A0108EE5A01087E
:107900009005002000CCCC45B00B0020FF0F0000FC
:10791000A95B0108D0030020035B01081C040020C0
:107920006C04002068040020245B010892050020FC
:10793000455B01080220FAF707FE061CA060012D36
:1079400014D19149F8F7E4FC00282DD08F49301C60
:10795000F8F7CAFC002827D0A0680CF047FC02000A
:107960000B008B4809F08AFD0028F5D10320FAF7B7
:10797000EBFD061CE060012D00D000E78249F8F71E
:10798000C7FC002816D08149301CF8F7ADFC002850
:1079900010D0E0680CF02AFC02000B007D4809F0D2
:1079A0006DFD0028F5D1EAE67B4809F067FD002867
:1079B000FAD1DBE7794809F061FD0028FAD1DEE66B
:1079C000002220217648FDF793FF002664213888A5
:1079D000F8F794FB80B2B04200D8D5E6642002F0FC
:1079E000ABF9704B704A73439BB2934203D8002E9D
:1079F00001D0F8F761FE0136B6B2E7E76B4B1B78B2
:107A0000012B36D16A48FFF7C3FDFBF78BFAFBF772
:107A1000DBFAE084012D09D10A21E08CF8F76EFB36
:107A200081B2644809F02AFD0028F5D1FAF7D2FAAC
:107A3000052002F081F98021A0204901C005FDF751
:107A400051FF2070FAF7E4FA012D05D121785A4848
:107A500009F014FD0028F9D1012220215048FDF73A
:107A600047FF012D03D1FA20400002F065F90FB065
:107A7000F0BD022B21D1FBF797FBFBF7B5FB1020E4
:107A8000FDF7E6FDFBF7DAFCE0841020FDF7EAFDE8
:107A9000FBF7CAFBFBF7E6FB012DC7D1E08C0CF02E
:107AA0005DFB0022454B0BF09FFA02000B0044489F
:107AB00009F0E4FC0028F1D1B8E7032B16D1414EC0
:107AC0003000FBF73BFB3368E38473682385012DAB
:107AD000ACD10A21E08CF8F711FB268D81B232007F
:107AE000394809F0CBFC0028F3D19FE701235B4222
:107AF000E38423859AE704AF38000AF01DFA334B7C
:107B000038881E8832497043F8F7F8FA80B20AF0D4
:107B100065FF206178882E497043F8F7EFFA80B24C
:107B20000AF05CFF00236061A361012D00D07DE7B6
:107B300020690CF05BFB0022264B0BF055FA02008B
:107B40000B00254809F09AFC0028F1D160690CF07F
:107B50004DFB00221F4B0BF047FA02000B001F48A1
:107B600009F08CFC0028F1D1A0690CF03FFB002249
:107B7000184B0BF039FA02000B00194809F07EFC93
:107B80000028F1D152E7C04600005CC20000FA4272
:107B9000555B01087F5B01086A5B0108945B010883
:107BA000000400504B81FFFF95020000910500206A
:107BB000CC040020BA5B0108465C010800002440A8
:107BC000D65B010884050020ED5B01084407002016
:107BD000FF0F000000408F40A95B0108105C010806
:107BE000215C0108FAF732FA0027012002F0E8F9D7
:107BF00005AE7B00F05201370A2002F09DF8062FF7
:107C0000F3D13000FBF70CFC434B444903931B8832
:107C100037005843F8F7B8FA0AF09CFE206132208A
:107C200002F08AF83E4802F0CBF9B8810A2002F04F
:107C300083F8023708ABBB42F4D11800FBF7F0FB26
:107C4000039B36491B885843F8F79EFA0AF082FED8
:107C50006061322002F070F8324802F0B1F93083EE
:107C60000A2002F069F8023608ABB342F4D10BA83F
:107C7000FBF7D6FB039B29491B885843F8F784FA86
:107C80000AF068FE0122A06110212748FDF730FEAE
:107C9000012D00D0CAE620690CF0A8FA0022234B7F
:107CA0000BF0A2F902000B00214809F0E7FB0028C5
:107CB000F1D160690CF09AFA00221C4B0BF094F998
:107CC00002000B001B4809F0D9FB0028F1D1A06984
:107CD0000CF08CFA0022154B0BF086F902000B0019
:107CE000154809F0CBFB0028F1D19FE6FBF7CAFB52
:107CF000FBF7EEFBFBF78CFCE062FBF705FCFBF708
:107D000021FC012D00D091E60C48E16A09F0B6FB98
:107D10000028F9D18AE6C04644070020FF0F000082
:107D200002000004100000100004005000408F40CA
:107D3000A95B0108105C0108215C0108325C0108A4
:107D40008022094B9203996A10B50A439A629A6A93
:107D5000064907480A409A624021FDF747FD802105
:107D60000348FDF743FD10BD00100240FFFFDFFF99
:107D700000040050F0B589B0FAF73EF88C4C20783A
:107D80000138082800D98BE0F8F7AEF90900920015
:107D900009008A00E3008A0003018A000301854B81
:107DA00006AD1B7802AA2B70834BFA269382FAF752
:107DB00049FCFA2709F0CDFAB60005907F007F4C08
:107DC00001232A00802120000096FEF7E3FF00280F
:107DD00007D0059809F0C3FAB842F0D30022784BD7
:107DE0001A70FA239B002A000093802101232000AF
:107DF000FEF7D0FF724D002804D1012371482B708B
:107E000009F03CFB2B78002B4AD12000FFF798FFAC
:107E1000FA26FAF72DFDFA2709F09BFAB60005902D
:107E20007F00694C022388212000009607AAFEF7F4
:107E3000B1FF002806D0059809F091FAB842F0D3B6
:107E400000232B70FA239B0000938821022320003B
:107E500007AAFEF79FFF002804D102235B482B707E
:107E600009F00CFB2B78002B1AD12000FFF768FFDC
:107E7000FAF7E8FDFAF7D6FF041CFAF701FE002135
:107E8000201CF8F721FA002804D1032350482B7056
:107E900009F0F4FA2B78002B02D14E4809F0EEFAE3
:107EA0004D4B1878FAF722F8FAF794F809B0F0BDBC
:107EB0004A4B07AC1B780022237020214848FDF76D
:107EC00017FDFAF7E5FFFBF707F8FA230125454E02
:107ED0009B000022C421029300942B0030000195E6
:107EE000FFF778F8FAF7F8FF3F4B404C984209D873
:107EF0003F48257009F0C2FA012220213848FDF7D9
:107F0000F7FCCDE73000FFF71BFFFBF74DF9FBF760
:107F10006BF98021A0200901C005FDF7E3FC0028D2
:107F200006D102232370FBF7BBF9324809F0A6FA09
:107F3000FBF77AF9FBF796F92378002BDCD1FBF7F6
:107F4000C1F8012803D103232B482370D2E72B4823
:107F5000D0E7002220212248FDF7CAFCFBF792FA65
:107F6000FBF7B6FAFBF74CFBFA20400001F0E4FE09
:107F7000FBF746FBFBF7C8FAFBF7E4FA01222021E6
:107F80001748FDF7B5FC1E4809F078FA0028FAD129
:107F900086E71C4B1878F9F7E3FF1B4B1878F9F7C5
:107FA0006DFF2378092B00D07AE7FAF775F877E7A9
:107FB000850D0020765D0108F32D0000D003002020
:107FC00090050020575C01081C0400206F5C01082C
:107FD000875C0108A05C0108830D00206F5A01082E
:107FE00000040050CC0400200E2700009105002062
:107FF000BB5C0108DD5C01080F5D0108325D010812
:108000005E5D0108820D0020810D002010B5002268
:1080100020210248FDF76CFC10BDC0460004005052
:1080200010B5012220210248FDF762FC10BDC046B8
:108030000004005010B5012001F0C2FF10BD000087
:1080400010B5024801F0BCFF10BDC046020000049C
:1080500010B501F071FE10BD30B587B00C220021C3
:1080600003A80CF079FA03230293C0230125A02072
:10807000104CDB010193E36A01A92B43E362E36A3D
:10808000C0052B400093009BFDF7F6FAE36AAB4373
:10809000E3628023626BDB0313436363FDF798FAAB
:1080A000FDF79EFAFDF7A4FA636B034A134063637E
:1080B00007B030BD00100240FFFFBFFFFEE7000029
:1080C000FF2383429B4102005B42D800074B1A42C8
:1080D00001D004231843064B1A4201D0022318434F
:1080E000044B1A4201D0012318437047F0F0FFFF00
:1080F000CCCCFFFFAAAAFFFF30B50C001100204A2C
:10810000204B87B0904232D00FD8A022D2059042A7
:1081100017D01D4A904221D08025DA6A2A43DA62BC
:10812000DB6A2B400593059B13E0184A9042F3D17C
:108130000825DA6A2A43DA62DB6A2B400493049B3F
:1081400007E00125DA6A2A43DA62DB6A2B400193F1
:10815000019B0C60FDF790FA07B030BD0225DA6A8A
:108160002A43DA62DB6A2B400293029BF1E7042583
:10817000DA6A2A43DA62DB6A2B400393039BE8E75F
:10818000000800500010024000040050000C005095
:1081900070B5080016001C000D00FFF791FF084A9B
:1081A00080001450002C0AD0280001F029FE0400A1
:1081B00000223100FDF724FA2000FDF749FA70BDD6
:1081C0009405002010B5FFF77BFF034B8000C358D8
:1081D000002B00D0984710BD9405002010B5D2B2F6
:1081E000FDF786FB10BD0000F7B5244E0500002208
:1081F00030000C00FEF76CF80022290030006768A0
:10820000FEF790F8002221003000FEF761F8626866
:10821000BA42F1D10326E97819483D274843033093
:108220008308314001934B1E99414B4215490B4045
:1082300015495B186978AD7801394F430137F80F5C
:1082400084464900CB4001986744013D7F102818BF
:1082500038183340C31AE1200C4900014B43217800
:10826000657848433C2169434018A1784018C018FC
:108270008002074B801AC018FEBDC04618060020B9
:10828000B50500005055550050554400805101007F
:10829000FF0300000320704710B5410E7D2200232C
:1082A000C001F8F73FF810BD10B57D220023002172
:1082B00009F068FE4906C009084310BD7FB568464D
:1082C00001A9FFF791FF024B1B68C01A07B000BD60
:1082D000D40500207FB5684601A9FFF785FF07B0E8
:1082E00000BD00000648074B016810B5CA68D2B24D
:1082F0001343CB6080214900FDF734FD10BDC0461B
:10830000180600207FFEFFFFF0B5464E87B005003F
:108310000023F45EFFF7D2FF03340021281A8442C1
:1083200000D30121042008F0F3FE08F007FF012824
:1083300002D10022B35EED1A3B4B9A791E795F7928
:108340000192DA7902929A6803925A7E04929C7E94
:10835000DB7E0593FFF7C6FF2000039A334B9B1A81
:10836000AA05920D9B18324A9BB2AD0A95423AD8A3
:10837000E122120195423BD23B2D3ED8019A9C0A44
:108380001219A40255191C1BADB2A4B23B2D38D84A
:108390003B2F3BD8172E3ED8049B059A013B9207F2
:1083A0003ED1244AD15C884202D9F7F737FF88B220
:1083B0001E4B21491C1BA0231B058B614B1CD8772E
:1083C000029B0022CB7080231C485B004C608D70A8
:1083D0004F700E70CA614A614B62CA600A61FDF754
:1083E0009FFE07B0F0BD164901306D1880B2BDE7A1
:1083F000144901366D18B6B2BCE701373C3DBFB237
:10840000BAE73C3D0137ADB2BFB2BFE73C3F0136F2
:10841000BFB2B6B2BCE7183E0130B6B280B2B9E71F
:10842000094ABFE73C060020D4050020FF030000F6
:108430007F51010041760108F00500201806002058
:1084400080AEFEFFF0F1FFFF4D7601080420002111
:1084500010B508F05DFE0A4803689A68D2040DD58D
:10846000DA68D2050AD5D968064AC9B20A43DA6081
:108470008022054B92025A6101F0AAFC10BDC04651
:10848000180600207FFEFFFF0004014070B57D222A
:108490000023410EC001F7F745FF0400FFF71AFF64
:1084A0000500FFF717FF401BA04200D370BDC04678
:1084B000F7E7000010B503490348FFF795FE034BAB
:1084C000186010BDD8050020EC050020D405002060
:1084D00070B5184E86B03578002D29D1164C174B43
:1084E000200023601F23A360154B6560E3602561B6
:1084F000A561E561FDF7C8FC124B69462A00200022
:108500000093FDF79BFD01A92A0020004D600D613D
:10851000CD600195FDF70CFD2000FDF725FF8021C2
:1085200020004900FDF71EFCFFF7C4FF0123337054
:1085300006B070BD3E06002018060020002800404E
:10854000FF03000001010100014B18687047C0469D
:10855000D405002010B586B01422002101A80BF02C
:10856000FBFF0223A0200293039301AA01332021E1
:10857000C0050493FFF7C0FDA02001AA4021C0055B
:10858000FFF7BAFDA02001AA8021C005FFF7B4FDC6
:108590008021A020012401AA0902C00502940394AD
:1085A000FFF7AAFD8021A02022000902C005FFF7E5
:1085B00015FE06B010BD00001A4B1B4810B5036035
:1085C0001A4B1B491A6800238A4203D90133520807
:1085D000072BF9D19A075907D20FC90F4901120188
:1085E0000A430821DB000B401343C36100238222AE
:1085F000836003614361C3608362036243628023DB
:1086000052004260FC3282610A4A5B01516B0B43AB
:108610005363FBF787F9002801D0FFF74FFDFFF701
:1086200099FF10BD003001404006002038000020B6
:10863000809698000010024030B587B014220021C7
:1086400001A80BF089FFA0200124022501AA8021A6
:10865000C00502940395FFF74FFDA0200022802162
:10866000C005FFF7BBFDA02001AA4021C00503956E
:10867000FFF742FDA02000224021C005FFF7AEFD1C
:10868000A02001AA2021C0050395FFF735FDA020F9
:1086900000222021C005FFF7A1FD8021A02001AA12
:1086A0000902C0050394FFF727FD8021A0202200C6
:1086B0000902C005FFF792FD07B030BD10B50E21CD
:1086C0001624012386B069446C445B420880220072
:1086D000009303480233FBF765F9208806B010BD0C
:1086E0004006002010B5064C0649200008F020FE88
:1086F000200008F083FD0122034B1A7010BDC04614
:10870000E8060020504600004207002010B5074848
:1087100008F0E2FD8021A02000224900C005FDF7FD
:10872000E7F80022024B1A7010BDC046C0060020B8
:108730003E070020012210B5024B03481A7008F0D2
:10874000CBFD10BD260700209806002010B5034879
:1087500008F0C2FD0122024B1A7010BDD4060020A1
:108760003C070020064B10B5195C064808F086FE51
:10877000802305489B000021838003F0FBFC10BD93
:10878000925D0108785D01085C00002010B503F0DF
:1087900073FD012801D1034B1870034808F09CFDBC
:1087A00010BDC04638070020AC0600200123F0B5FC
:1087B0000400B44D87B02B7002792168407902F033
:1087C00011F9236818780A2856D8002845D1AE4FE9
:1087D0003B78012B13D103F037FFAC4EAC4930008E
:1087E00008F004FDAB4B3000196808F0A1FD300023
:1087F00008F004FDA84808F001FD00233B70A748DD
:1088000008F03CFE0028FAD1A54808F037FE002801
:10881000FAD12379082B00D97BE2A24B1B78002BDD
:1088200000D176E26179A04808F028FE061EF9D151
:108830002379B34200DD63E29C4808F01FFE002864
:10884000FAD19B4B974A1B780192002B00D067E22C
:108850000023019A137007B0F0BD01380928B6D87B
:10886000F7F738FC2600B5FFB5FF42005A00AC0010
:10887000DB00E7004A0171012038C2B2132AA6D8F2
:108880001328A4D8F7F726FC6D017B019501C401DC
:10889000A3FFA3FFD001A3FFA3FFA3FFA3FFA3FF99
:1088A000A3FFA3FFA3FFA3FFA3FFA3FFE6012402EF
:1088B0002279042A00D08AE75A7899781204DB7862
:1088C00009020A4313437B4A1360052B0ADD012189
:1088D0006D4A1170FA22920053436E4A13600122CE
:1088E000704B0CE0744BF8E72279022A00D06EE757
:1088F0005B78FF2B05D10122704B1A70694B1A70FF
:1089000065E7FE2B00D062E701226D496D48F7F75D
:10891000CBFDF7F70DFEEEE701216B4A11702179CF
:10892000042927D15878012800D950E7674F684EAD
:1089300018D103F021FD23689A78DB783A70337000
:1089400003F082FE0122574B62491A702279624B72
:108950001A7000239A4200DC39E72068C05CC854D2
:108960000133F7E79A78DB7800203A70337003F030
:1089700003FDE5E702291ED15878012802D103F052
:10898000FBFC01E00028FAD000260722504B1E70A5
:108990004E4B1A7003F058FE0122424B4D491A709B
:1089A00022794D4B1A70B24200DC10E72068805DDE
:1089B00088550136F7E70023137008E72279042A67
:1089C00000D004E75A78002A00D000E79E78002EF5
:1089D0000AD1D878032800D9F9E6404B1870F9F786
:1089E00085FA03F031FE7AE7012E0AD1D878032800
:1089F00000D9ECE63A4B1870F9F7B2FA03F024FE0E
:108A000025E0022E00D0E2E6D878032800D9DEE681
:108A1000344B1870F9F732FAE3E72279032A00D0D1
:108A2000D5E659789B78304A1B020B435BBA13801A
:108A3000D7E72E4A1278052A00D0C8E62279022A02
:108A400008D15E78012E00D0C1E603F019F9154B6C
:108A50001E70BCE6042A00D0B9E65A78022A00D07B
:108A6000B5E6D8789A780002104340BA80B20BF08D
:108A700075FB00221E4B0AF0B7FA0BF0F9FB1D4EF6
:108A80003060AEE73D0700204807002010070020B7
:108A9000E18D00086C000020E8060020836A0108D0
:108AA000965D010860070020A55D01085574010866
:108AB00031070020A00800207017000046070020A2
:108AC0006400002000000808330700202907002068
:108AD0002A0700209C0700209B070020830D002010
:108AE000820D0020810D0020B00B0020850D00209C
:108AF000000024401C0000202279062A00D066E6EF
:108B0000597801290FD1D8789A78000210431A7940
:108B10005B79120402431B0613439A4A1BBA136083
:108B2000994B197053E6022900D050E6D9789A780B
:108B3000090211431A795B7912040A431B06134395
:108B40001BBA924ACAE62279022A00D03FE65B7835
:108B50005A1E082A00D93AE68D4A137003F074FDB4
:108B6000C9E62279022A00D031E65878012800D9D6
:108B70002DE602D103F07AFBF0E70020FAE7227934
:108B8000022A06D15B78052B00D920E6814A1370B2
:108B900027E7032A00D01AE65A78002A00D016E602
:108BA0009B78012B00D912E601267B4A33401370D3
:108BB00024E72279022A09D15E78012E00D006E648
:108BC00003A80270067107F0B5FC17E7042A00D06D
:108BD000FDE55A78002A00D0F9E59F78022303AE1C
:108BE00030003370327107F0A5FC381C052F00D916
:108BF000052040B203F0E4FB2368DB78FF2B00D1B3
:108C0000EFE6162230003270337107F093FCE8E68D
:108C10002279022A00D0DAE55878002800D1D6E57A
:108C200040B203F0BBFBDCE62279022A07D15B7875
:108C3000012B00D0CBE5594A1370534ABCE6032AF6
:108C400000D0C4E55A789B781B02134300D1BEE5DF
:108C5000534AEBE62279062A00D0B8E55A78514902
:108C6000012A00D80A70DA7898781202024302D0FA
:108C70004D4852BA02801A795B791B02134302D025
:108C80004A4A5BBA13800B78494F002B06D1380053
:108C900008F022FB474808F01FFBA2E6434B464E74
:108CA00019883800714308F043FB380008F0A6FA31
:108CB00003F068FB002800D093E63B4B1988714312
:108CC0003C4E300008F034FB300008F097FA88E69C
:108CD0002279032A00D07AE559789878374A384BB8
:108CE00011701870002907D101311170012800D8C6
:108CF00077E601221A7074E60F29F7D90F21F4E7FD
:108D000023683048995D08F0B9FB0028F8D1013696
:108D10008EE521792C4808F0B1FB0028F9D190E5C7
:108D2000032B00D194E5019B284F1B78284A3B7008
:108D300001231370002216002079D1B2814213D38F
:108D4000002E01D0224A13700023224A13700228F9
:108D500014D122681078262810D15278012A0DD11A
:108D60001D4A2B70137073E5322B05D821685E1CE9
:108D7000895CF954F3B201260132DEE70122174B78
:108D80001A7065E550070020600700204C0700209E
:108D9000850D0020310700207F0D002032070020C4
:108DA0006800002030070020240700202E07002044
:108DB000AC0600209806002060EA0000270700208B
:108DC00028070020A95D0108AF5D010867070020A2
:108DD0009A070020330700203607002034070020C0
:108DE0000B4B10B50B4C1968200008F0A1FA2000BD
:108DF00008F004FA0122084B1A70084B1A68112374
:108E00001A4203D0064A13780133137010BDC046CE
:108E10006C0000201007002035070020500F0020B4
:108E20002B07002070B5294D2B78002B0CD1FA218F
:108E3000274C4900200008F07BFA200008F0DEF9FA
:108E40002B7801332B7070BD012BFCD1204808F02A
:108E500043FA204B1B78012B26D103F093FA1E4EC8
:108E6000002810D11D4C1E49200008F0BFF91D4BF1
:108E700020001988714308F05BFA200008F0BEF961
:108E8000052000F059FF184C1849200008F0AEF9F1
:108E9000174B20001988714308F04AFA200008F0A7
:108EA000ADF9052000F048FF124C1349200008F0EE
:108EB0009DF9124B2000196808F03AFAFFF790FF6D
:108EC000052000F039FF0023BCE7C046470700201B
:108ED000FC0600203007002060EA00009806002011
:108EE0003587000824070020AC0600208D87000885
:108EF0002E07002010070020E18D00086C000020E4
:108F00000023174A10B51360164A1360164A1360FF
:108F1000164A01331370164A1370164A1370164816
:108F200008F0ACFA0028FAD1144B187003F0A4F939
:108F3000012801D106F0FEF9114808F0CDF9002012
:108F400003F060F90F4C1049200008F04FF9FA21A6
:108F50002000490008F0ECF9FFF764FF10BDC0469F
:108F60005C0700205807002054070020400700201D
:108F70003F070020410700207071010837070020DB
:108F8000D4060020FC060020258E0008F0B591B024
:108F9000FCF700FB00F044FFFFF75EF800F0F4FF81
:108FA00002F0B4FEF7F7E4FA6F4C7049200008F0C5
:108FB0001DF920006E4908F0BBF9200008F01EF9E9
:108FC0006C4B1B68002B12D16B4B1B68002B0ED116
:108FD0006A4B1B68002B0AD1694B1B68002B06D11A
:108FE00003F0E4FA03F0A6FAC82000F0A5FE03F0AF
:108FF0004BFF0121080008F075F86249624803F050
:1090000097FE02F08FFE614B1A78002A1DD00022D5
:109010008021A02001251A705D4B4900C0051D70FC
:10902000FCF766FC5B4C5C49200008F0DFF8200090
:109030005A4908F07DF98021A0202A00C005490086
:10904000FCF756FC200008F0D9F8554A1378002B9D
:109050000DD0544B1121186803000B40084206D173
:10906000514913700B7051490B7003F01DF8504BB0
:109070001B78002B18D04B4B196811230A001A409B
:10908000194211D101214B4B4B481970464B1A70B4
:10909000464B1A7008F020F9484808F01DF9484876
:1090A00008F01AF903F000F8464B1B78002B00D1AA
:1090B000FCE1454C2368012B0CD1444A1278062A66
:1090C00034D0092A32D0374A11681122114201D115
:1090D0003F4A13703F4D2B68012B0AD13B4A12784F
:1090E000092A32D02F4A11681122114201D1384A7F
:1090F0001370394B1B68012B06D12A4A11681122C3
:10910000114201D1324A1370274B1A78042A73D9BD
:10911000002264201A7000F00FFEBFF34F8F2F4B18
:109120002F4ADA60BFF34F8FC046FDE72D4B1B7807
:10913000002B02D100232360CCE72B4B2B4819686E
:1091400008F09CF90028F8D1F4E7264B1B78002B97
:1091500002D100232B60CCE7254B2648196808F084
:109160008DF90028F8D1F4E7E8060020E58600082C
:10917000504600000000080804000808080008081D
:109180000C0008083C000020400000203F070020A1
:109190003E070020C00600200D870008881300004D
:1091A0003C070020500F00202B070020260700203E
:1091B000380700203707002010070020AC060020E9
:1091C00098060020400700205C070020850D002045
:1091D00035070020580700205407002000ED00E06C
:1091E0000400FA05B70B002050070020DA5D0108E3
:1091F0004C070020E95D0108CA4D2B78012B00D0F7
:109200007EE1FA20400000F097FD1122C6480021BF
:1092100003681A70C54B838002F0ACFF2B780133D2
:109220002B70C34B1B78002B10D0C24B1A68112334
:1092300016001E401A4209D1BF4B1E7002F090FF6B
:10924000012800D1CAE10022B94B1A70BB4E337815
:10925000002B4BD0B74B1A68112317001F401A423E
:1092600044D18021B648C901FCF73CFB8021B54DB3
:1092700009022870B248FCF735FBB34C102120706E
:10928000A020C005FCF72EFB37702E78AF4DB049FB
:109290002B78B04AB34209D0AF4B1B78062B05D0D0
:1092A000092B03D0AD4B1B78012B18D00F782378F6
:1092B0009F4207D0A84B1B78072B03D1A84B1B78E4
:1092C000012B0CD01378834210D0FD27A24B1B78C2
:1092D000073B3B420AD1A34B1B78012B06D11070F0
:1092E000012223782E700B70914B1A709E4A1378CE
:1092F000002B03D09D490978032929D09C4909787E
:10930000002907D08C490978002903D097490978AA
:1093100001291DD097490978002901D100F0F9FCF5
:1093200085490978002901D100F0F9FC8F490978B5
:1093300002290DD08D490978042909D0002B03D1C9
:109340007D4B1B78002B2ED0884B1B78052B2AD108
:10935000784B196811230C001C40194223D1844B0F
:1093600014701C70834B1C70734B1C70824B1978EB
:10937000002901D100F0C0FC1C7002F0F1FE0128B0
:1093800011D16423210068487C4D43712A787C4BBD
:10939000944201DA00F097FC00217A4B29700271A7
:1093A0001A7002F0E7FE784C2378012B29D102F0E5
:1093B000D7FE012825D1754B1B78012B21D1744B89
:1093C000198800291DD0734E3388002B19D0002333
:1093D000714D2370714C724A28006143137007F07D
:1093E000A7FF280007F00AFF02F0CCFF002808D1F1
:1093F000318861436B4C200007F09AFF200007F092
:10940000FDFE694A1378002B15D04A4B11211868CC
:1094100003000B4008420ED11370644A4248127890
:1094200063499A4201DD00F06EFC0C2300210271B9
:10943000437102F09FFE5F4E3378002B36D03D4BD8
:109440001A68112317001F401A422FD15A4B1C686B
:10945000394B1F7002F084FE012825D1FA2120002B
:109460008900F6F74BFE04AD04002800FEF766F80D
:1094700005232D484371AA7803681A70EA780368B7
:109480005A702B880268190A917002683900D370EB
:109490000368220C1A71220A5A719C710723394AF7
:1094A0000371137002F066FE00233370434B1A7889
:1094B000002A18D00022424D1A70424B01321A7015
:1094C0002B88002B01D114332B803F4C3F492000C7
:1094D00007F08CFE2B8831492000594307F028FF04
:1094E000200007F08BFE3A4C2378002B03D0F7F7CF
:1094F000E3F80023237072B607F038FE62B680E509
:10950000022B00D08DE60B4B1B68DB0700D588E6ED
:10951000BFF34F8F2F4B304ADA60BFF34F8FC046F7
:10952000FDE7C046460700205C0000200104000063
:1095300035070020500F00203D0700206107002064
:109540000004005063070020620700206607002027
:109550006507002064070020850D0020830D002092
:10956000820D0020810D00203607002031070020E9
:109570003A07002039070020340700209A0700200E
:1095800067070020430700202C0700203007002039
:109590002E07002024070020AC06002060EA00000F
:1095A0002607002098060020330700209B07002094
:1095B0009C070020320700206C0000203B070020A1
:1095C0006800002037070020D40600204D870008DF
:1095D0004207002000ED00E00400FA05BA4F04AD98
:1095E00039782800FEF70EF823683E7000936B462A
:1095F0001B780193B54B1B68DBB20293B44B1F6819
:10960000FBB2039302F0D0FEB24CB34B60711878FA
:109610000138082870D8B14BF6F766FD09009D00A7
:10962000EA007A01CD0114024502A302EF021A8872
:109630002168120A0A7022681B8804AD537068689A
:10964000A74908F0EFFE09F067F926680012B0702C
:10965000A349686808F0E6FE09F05EF92668F07034
:10966000286909F059F9246800122071286909F065
:1096700053F9019B9B4E6071002B05D180219A48C4
:10968000C901FCF72FF93070924B2A781C683378A7
:109690005200DB0113430122009911400B43A371D7
:1096A000924B1B78002B08D0AB8C1B0AE371AB8C60
:1096B000237200236372A3721DE0E869884908F0F1
:1096C000B1FE09F029F90012E0718549E86908F056
:1096D000A9FE09F021F920728149286A08F0A2FE4A
:1096E00009F01AF9001260727D49286A08F09AFEA2
:1096F00009F012F9A0720B26019B012B02D1002266
:109700007B4B1A60029B012B02D100226F4B1A6027
:10971000039B012B02D100226D4B1A60754B1B7805
:10972000012B07D0744B1B78012B03D0734B1B7894
:10973000012B02D10122724B1A70724BF6B21E70CD
:10974000714B644C19782671012900D0B7E22000D2
:1097500002F010FD77E51A882168120A0A70226863
:109760001B8804AD537068685D4908F05BFE09F022
:10977000D3F826680012B0705949686808F052FEA4
:1097800009F0CAF82668F070286909F0C5F824685D
:1097900000122071286909F0BFF8019B6071514CDB
:1097A000002B05D180215048C901FCF79BF820709F
:1097B00001210098227808402978D201490002430B
:1097C0000A430421434B0A431B689A71EA8C120A2C
:1097D000DA71EA8C1A724D4A1278032A05D12A8D61
:1097E000120A5A722A8D9A7285E7FF225A72FAE794
:1097F000286909F091F8266800123070286909F08C
:109800008BF826687070686909F086F8266800127F
:10981000B070686909F080F82668F070A86909F0EE
:109820007BF8266800123071A86909F075F8019B71
:109830002C4D7071002B05D180212B48C901FCF7FC
:1098400051F82870012200992B7804AD11402A7834
:10985000DB0152000B431343082224681343A37116
:10986000224B1B78002B0FD0AB8C0020D340E37130
:10987000AB8C60722372194BA07264211888F6F7C2
:109880003DFC0C26E07237E7E869154908F0CAFD8F
:1098900009F042F80012E0711149E86908F0C2FDD0
:1098A00009F03AF820720E49286A08F0BBFD09F069
:1098B00033F8001260720A49286A08F0B3FD09F013
:1098C0002BF8C0B2D7E7C046B60B002058070020DF
:1098D000540700205C000020850D00204407002074
:1098E000000020416607002000040050920500207F
:1098F0005C070020830D0020820D0020810D0020D8
:109900006107002043070020260700209105002062
:109910001A882168120A0A7022681B88EE4953705F
:10992000059808F07FFD08F0F7FF27680012B8706F
:10993000E949059808F076FD08F0EEFF2768F87011
:10994000089808F0E9FF276800123871089808F0B5
:10995000E3FF019BE14E7871002B05D18021E048A7
:10996000C901FBF7BFFF3070012200993378114025
:109970002A78DB010B43520013430C222468134363
:10998000A371A868D44908F04DFD08F0C5FF001286
:10999000E071D149A86808F045FD08F0BDFF2072CC
:1099A000CD49E86808F03EFD08F0B6FF001260728D
:1099B000C949E8689AE61A882168120A0A7022687A
:1099C0001B8804AD53706868C34908F02BFD08F08C
:1099D000A3FF26680012B070BF49686808F022FD36
:1099E00008F09AFF2668F070286908F095FF24684F
:1099F00000122071286908F08FFF019B6071B74C3D
:109A0000002B05D18021B648C901FBF76BFF207000
:109A10000121B44B00981A68237808402978DB01AB
:109A2000490003430B4310210B439371EB6A1B1254
:109A3000D371EB6A1372EB6A1B165372EB6A0B411C
:109A4000937258E61A882168120A0A7022681B88E5
:109A5000A1495370059808F0E5FC08F05DFF266801
:109A60000012B07005989C4908F0DCFC08F054FF27
:109A7000266804ADF070089808F04EFF24680012C4
:109A80002071089808F048FF142360712A7852006A
:109A90001343A371944B1B681A0EE2711A0C2272C5
:109AA0001A0A627207E61A882168120A0A70226886
:109AB0001B8804AD53706868874908F0B3FC08F050
:109AC0002BFF26680012B0708349686808F0AAFC72
:109AD00008F022FF2668F070286908F01DFF24684E
:109AE00000122071286908F017FF019B60717B4C00
:109AF000002B05D180217A48C901FBF7F3FE2070C5
:109B0000029B002B06D1802175480902FBF7EAFE73
:109B1000764B1870039B002B06D1A0201021C005A6
:109B2000FBF7E0FE724B187001216E4B00981A682B
:109B3000237808402978DB01490003430B431821AF
:109B40000B439371694B02991B7809010B43D37145
:109B5000674B03991B7809010B431372FF23537260
:109B60006EE71A882168120A0A7022681B8804AD01
:109B700053706868584908F055FC08F0CDFE266817
:109B80000012B0705449686808F04CFC08F0C4FE3C
:109B90002668F070286908F0BFFE24680012207162
:109BA000286908F0B9FE019B4C4E6071002B05D16D
:109BB00080214B48C901FBF795FE3070494B009955
:109BC0001C68012319400B003278D20113432A7814
:109BD000520013431C221343A371686908F09CFED2
:109BE0000012E071686908F097FE2072A86908F019
:109BF00093FE00126072A8697AE51A882168120A39
:109C00000A701B88226804AD53706868324908F0F6
:109C100009FC08F081FE26680012B07068682E49C1
:109C200008F000FC08F078FE26682B49F070A86860
:109C300008F0F8FB08F070FE266800123071264923
:109C4000A86808F0EFFB08F067FEFBB27071284EC1
:109C5000002B05D1A0201021C005FBF743FE30707A
:109C6000012233781740DB011F432B78246893408F
:109C70001F4320233B43A371E868174908F0D2FB38
:109C800008F04AFE0012E071E868134908F0CAFBC8
:109C900008F042FE144B11261B6820721A0E6272E5
:109CA0001A0CA27223731A0A124BE2721B681A0E64
:109CB00062731A0CA2731A0AE27323741CE502F091
:109CC00061FB010043E51F780668375519700134C0
:109CD0000133FFF75DFBC04600002041660700200E
:109CE000000400505C0000205007002065070020A1
:109CF000640700204C0700200C48036819700C4BC7
:109D00008380FFF74EFBCD5C0468E5540133FFF719
:109D100088FB002B01D0FFF70DFBFFF711FB002B99
:109D200001D0FFF707FBFFF73EFBC0465C000020B9
:109D3000010400000020704707B50190019807F06A
:109D4000CDF907BD8023094A5B05916B10B50B4324
:109D50009363FBF7B7FFFBF7FBFF0823044A116887
:109D60000B431360FBF7EAFF10BDC0460010024032
:109D700000200240042300B599B00A9300231493F5
:109D80000133FF330AA80C93FAF79EFE002801D096
:109D9000FEF794F920230193802301A85B0202932C
:109DA000FBF71CFA002801D0FEF788F98023074A48
:109DB000DB02116D02200B43136500221100FBF73B
:109DC0001FFC0220FBF744FC19B000BD001002404C
:109DD00010B507F047FA10BD10B5FEF7F3F910BD46
:109DE0000421064A10B5536B14200B435363002221
:109DF000FBF706FC1420FBF72BFC10BD0010024003
:109E000003000620042B05D005D8013B0138012BA7
:109E100000D902307047083B5A1E9341981DF9E75C
:109E200010B594B001AC1422002120000AF094FB7C
:109E30002C22002107A80AF08FFB0223069310931F
:109E400080231B0301221293802309921B040F32EB
:109E500006A80A921393FAF737FE002801D0FEF7FE
:109E60002DF98023114A5B05916B0B439363104AD4
:109E7000104B1168194080231B010B431021136004
:109E8000506803000B400842FAD10F2201210192D1
:109E900020000C3A6260A360E3602361FBF7C6F820
:109EA000002801D0FEF70AF914B010BD00100240DE
:109EB00000700040FFE7FFFF044B1868044B1B686D
:109EC0005840044B1B6858407047C0465000F81F6C
:109ED0005400F81F6400F81F1149124A10B50B68AE
:109EE00014681B191B0EC37114680B681B191B0C1B
:109EF000837114680B681B191B0A437112680B6885
:109F00009B180371084B1A68120EC2701A68120C63
:109F100082701A68120A42701B68037010BDC04636
:109F20005000F81F6400F81F5400F81F124910B5C4
:109F30000B78002B1ED1012210480A7010490364CF
:109F400001608021090641600721C361836183604C
:109F5000C36003624362C36203638023826302615E
:109F600003324261074AC163516B9B000B43536349
:109F7000FAF7BAFB10BDC046A5080020A8080020CB
:109F8000002401400010024010B50B4C2378002B38
:109F900010D1FFF7CBFF094B1B689847FEF70CFB6E
:109FA000FEF796FA07F056FA02F0F4FCFDF7E2FE2F
:109FB0000123237010BDC046A4080020B875010815
:109FC00073B5060000201E4B1B78834236D0082351
:109FD0001C494A681A42FCD080231B4D1B4C6A6BFB
:109FE0009B00134300216B632000FCF74BFC184BD4
:109FF00069460093174B20000193FAF7D7FC8023A2
:10A0000069465B01200001930096FAF7CFFC20001F
:10A01000FAF73CFC012120004942FAF763FC2000DA
:10A02000FAF7C0FC0222236880B299680A439A605A
:10A0300003221A606B6B084A13406B6376BDC046FF
:10A04000A50800200070004000100240A808002071
:10A05000FFFF070001100000FFFDFFFF70B5124871
:10A06000FFF7AEFF00240100A04206D00F4B1048BE
:10A070001B885843F6F742F804000E48FFF7A0FF8C
:10A080000D4B60430A491D88F6F738F8431B5020F2
:10A0900058430A4B00021988491BF6F775F8F0235C
:10A0A0005B01C01880B270BD000002447800F81F48
:10A0B000B80B0000000004487A00F81F7E00F81F6B
:10A0C00010B50B48FFF77CFF0A4C011E02D120801F
:10A0D00001200BE0084B09481B885843F6F70EF89F
:10A0E000074A83B22380FE209342F1D910BDC046B7
:10A0F00000000244440700207800F81FB80B00005D
:10A10000E30C000010B5EFF3108472B6FEF794FA7A
:10A11000084B5B689847F7F793FE0423064A1168DB
:10A120000B43136084F3108801210800FBF7EAFD5C
:10A1300010BDC046B87501080070004010B5EFF3BF
:10A14000108472B60122124B19680A431A60042265
:10A1500019681142FCD08022196852040A431A601F
:10A160008022920419681142FCD00322D9680A4364
:10A170000C21DA60DA680A400C2AFBD1FEF7EAF912
:10A18000044B1B689847F7F737FE84F3108810BD1F
:10A1900000100240B875010810B501210020FBF73E
:10A1A00099FD10BD7047C046FDE77047704710B578
:10A1B000FBF700FA10BD10B500F0A0F910BD10B506
:10A1C00000F094F910BD10B500F088F910BD10B57D
:10A1D000FEF73CF910BD10B50120FBF78FFB022004
:10A1E000FBF78CFB10BD10B50420FBF787FB0820A4
:10A1F000FBF784FB10BD0000102110B54B4C6369C8
:10A200000B421AD04A4B1B78002B12D0494B1B78BB
:10A21000002B0ED0FD22484B1B78073B134208D180
:10A22000A020464BFC3AC0051A60FBF75BFB444B91
:10A23000187010206061FFF7CFFD2020FBF75EFB58
:10A240004020FBF75BFB8020FBF758FB80204000A1
:10A25000FBF754FB80208000FBF750FB8020C00000
:10A26000FBF74CFB80200001FBF748FB80204001FE
:10A27000FBF744FB80208001FBF740FB80216369F2
:10A28000C9010B421CD02F4B1B78002B13D0294A3D
:10A290001278002A0FD0284A1278062A01D0092AFB
:10A2A0002DD1023B012B06D80122274B1A60274AE9
:10A2B0001368013313608020C0016061FFF78CFDDB
:10A2C0008021636909020B4218D0214B1B78002BB7
:10A2D0000FD0184A1278002A0BD0174A1278072A92
:10A2E00016D11C4B063A1C481A60FBF7FBFA1B4BB5
:10A2F0001870802000026061FFF76EFD10BD012222
:10A30000114B15481A60FBF7EDFA154B1870D2E7A0
:10A31000092AEED1023B012BEBD80E4B083A1A600A
:10A32000104A136801331360E3E7C046000401409C
:10A33000810D002041070020850D002054070020DA
:10A3400064070020830D00205C07002050070020D8
:10A35000820D0020580700200004005065070020EF
:10A36000660700204C07002010B5F6F79DF910BDD8
:10A3700010B50248FCF7EEF910BDC04620050020DC
:10A380000B4B10B518600B480B4B036096239B01D9
:10A39000436000238360C360036183610C334361C6
:10A3A000FAF71CF9002801D0FDF788FE10BDC04661
:10A3B0004C090020F80900200048004010B5034B6C
:10A3C0000A0001001800F9F7F7FC10BDF809002099
:10A3D000034B10B51B68002B00D0984710BDC0463A
:10A3E0004C09002013B58021084B094C1860019AD4
:10A3F00089032000FCF796FA2000FCF7DBFA012223
:10A4000020000449F9F784FC13BDC0464809002028
:10A41000F8090020860900200368234A70B504006B
:10A4200093420FD1214B224D1B68002B04D0C26EEA
:10A43000002A01D128009847012229002000F9F7BD
:10A4400067FC70BD1B4A20269342FAD11A4D1B4C63
:10A45000012229002000F9F75BFC00280DD1184BE0
:10A460002A781A70174B187800280DD016490B78E7
:10A47000581C08701549CA54E3E723006A331E705C
:10A48000002368342370E1E711490B78002BD8D002
:10A49000104D2C78631CDBB22B700F4D2A55082B06
:10A4A000CFD10870CDE7C0460048004048090020E1
:10A4B0008609002000380140830900208809002017
:10A4C000500900208709002085090020510900203B
:10A4D0001F050020840900201805002010B5024B3C
:10A4E000186EFBF727FB10BDF809002010B50248D5
:10A4F000F9F732FD10BDC046F809002010B502483A
:10A50000F9F72AFD10BDC04688090020002301226A
:10A5100010B588B00593134BA020D96A06241143C7
:10A52000D962D96AC005114001910199D96A1143D4
:10A53000D962DB6A03A913400293029B04230393AD
:10A54000023B04939B1806930794FBF795F8A02011
:10A55000082303A9C00503930794FBF78DF808B0FF
:10A5600010BDC046001002400A480B4B10B50360F6
:10A57000E1235B02436000238360C3600361836166
:10A580000C334361FAF72AF8002801D0FDF796FD55
:10A5900010BDC04688090020003801400023012179
:10A5A00010B586B00393114BA020DA6A04240A4345
:10A5B000DA62DB6AC0050B400093009B80239B009E
:10A5C0000193FF3BFF3B02935B1801A904930594A1
:10A5D000FBF752F88023A020DB0001A9C0050193FE
:10A5E0000594FBF749F806B010BDC04600100240C4
:10A5F000022130B5104B8DB0DA6AA0200A43DA622E
:10A60000DB6A03250B400193019B802300249B0000
:10A6100002A9C005029303950494FBF72DF880234B
:10A62000A020DB0007A9C005079308950994FBF754
:10A6300023F80DB030BDC0460010024070B503686D
:10A64000334A06008CB0934250D10125314C002191
:10A65000E36A04A82B43E362E36A2B400093009B68
:10A66000E36A2B43E362E36A2B400193019B80235F
:10A67000A26BDB021343A363202209F06DFF0423C6
:10A680000393802303A81B010793FAF7A7FD236B0D
:10A690002B432363236B2B400293029BFFF736FF70
:10A6A0001D4C1E4B802223601023A360002320003A
:10A6B000E3606361A361E361236205336360226148
:10A6C000FBF728F92A0029000B203466A662FAF766
:10A6D00097FF0B20FAF7BCFF1D202A002900FAF78C
:10A6E0008FFF1D20FAF7B4FF0CB070BD0C4A9342E7
:10A6F000FAD18023074ADB01516B0B435363FFF709
:10A7000077FF1B2000220221FAF77AFF1B20E9E7DE
:10A71000004800400010024008090020800002406C
:10A7200000380140F0B5002485B0052201900E00EC
:10A7300002A8284909F056FF274B1C7006F009FEB5
:10A74000264F05000522380002A9F9F7B1FA3B00AF
:10A7500069331B78202B05D0280006F000FE204B23
:10A760009842F4D901231F4D1A001F4938002B705D
:10A77000F9F7CEFA3000FFF7DFFA00231B4A190081
:10A7800094461F001A482B700278592C18D10029C2
:10A790001ED1592A1AD1013107700130844501D1E7
:10A7A00005B0F0BD1D00012907D10478019E0135D7
:10A7B000EDB2F454072D00D1013114002B00E3E772
:10A7C000592A01D10029E7D02200E5E70A00E3E792
:10A7D0005922E1E7F85D0108850900208809002079
:10A7E00087130000870900208309002083090020C7
:10A7F00051090020030001200C2B01D8014AD05C34
:10A800007047C0465976010830B5040087B0E57935
:10A81000A378627821780495A5790748039565792E
:10A82000029525790195E578009506F027FE002828
:10A83000EDD107B030BDC046265E010830B504003A
:10A840008FB0E57BA378627821780C95A57B0F48C3
:10A850000B95657B0A95257B0995E57A0895A57A80
:10A860000795657A0695257A0595E5790495A57984
:10A8700003956579029525790195E578009506F0AF
:10A88000FDFD0028DDD10FB030BDC046FE5D0108E2
:10A8900010B504002100034806F0F0FD0028F9D1AE
:10A8A00010BDC046505A010810B5040021000348ED
:10A8B00006F0E4FD0028F9D110BDC046E45D0108B2
:10A8C000F0B5002497B004AB15009C800190039173
:10A8D000F5F794FD6B00984227D1270026001CE075
:10A8E000019805A9005D7B1CC85501201840029005
:10A8F0000120DAB203420ED13718FFB206A8B60023
:10A9000031503E00039A7B1ED2189B000D49185807
:10A9100009F0BEFD029A170001340198F5F76EFDAB
:10A92000A042DDD8280017B0F0BD03236B43013BE4
:10A93000984201D10125F5E7034806F09FFD002864
:10A94000FAD1F7E7BE5E0108505E010837B50D0089
:10A95000042201A90400FFF7B3FF03000020012B2C
:10A9600007D00422200001A9FFF7AAFF019B1BBA10
:10A970002B603EBD70B5102204000D00FFF7A0FF54
:10A9800003000020012B04D0102229002000FFF733
:10A9900097FF70BD0A0010B514008EB00F340D94EF
:10A9A000013C0C94013C0B94013C0A94013C099439
:10A9B000013C0894013C0794013C0694D41D059485
:10A9C000941D0494541D0394141D0294D41C0194EA
:10A9D000941C4B1C0094024902F0C4FB0EB010BD45
:10A9E000735E010870B514000500044806F0EBFC26
:10A9F000034B1C60034B1D7070BDC046700A0020E5
:10AA00006C0A0020680A002001207047BFF34F8FB6
:10AA1000034B044ADA60BFF34F8FC046FDE7C046E0
:10AA200000ED00E00400FA05012310B5044C23708A
:10AA3000044806F023FD0028FAD10123237010BD3D
:10AA4000B70B0020C35E010810B50B48F5F758FDA1
:10AA5000F5F76EFD094806F011FD0028FAD13230F5
:10AA6000FFF76AF9BFF34F8F054B064ADA60BFF371
:10AA70004F8FC046FDE7C04600000808D65E0108BB
:10AA800000ED00E00400FA0510B501F00DFCFFF741
:10AA9000BBFE002010BD000010B588B0082206A93A
:10AAA0000400FFF70DFF01281DD11F236B44059300
:10AAB0001E236B4404931D236B44039307AB029343
:10AAC0001B236B4401931A236B440093192320002A
:10AAD00009496B4406AA02F045FB06A801F0E8FB11
:10AAE000002008B010BD0822200006A9FFF7E8FEEC
:10AAF0000828F2D0D9E7C0469B5E010810B501F0E6
:10AB00001FFCFFF781FE002010BD000010B588B0CB
:10AB1000082206A90400FFF7D3FE01281DD11F2338
:10AB20006B4405931E236B4404931D236B440393D2
:10AB300007AB02931B236B4401931A236B440093CE
:10AB40001923200009496B4406AA02F00BFB06A852
:10AB500001F0FAFB002008B010BD0822200006A971
:10AB6000FFF7AEFE0828F2D0D9E7C0469B5E010889
:10AB700030B585B003AD29000400FFF7E7FE0428D7
:10AB80000BD00D236B440F2200930E2320000649A7
:10AB900001956B446A4402F0E5FA039801F092FBD8
:10ABA000002005B030BDC046AF5E010810B501F011
:10ABB0008FFB002010BD10B501F0D0FBFFF73EFE6B
:10ABC000002010BD1FB569460400FFF7D3FE102812
:10ABD00003D069462000FFF7DDFE684601F0C2FBA6
:10ABE000002004B010BD10B501F098FBFFF726FE61
:10ABF000002010BD1FB569460400FFF7BBFE1028FA
:10AC000003D069462000FFF7C5FE684601F07CFBD3
:10AC1000002004B010BD10B501F08EFBFFF70EFE52
:10AC2000002010BD1FB569460400FFF7A3FE1028E1
:10AC300003D069462000FFF7ADFE684601F072FBC5
:10AC4000002004B010BD022330B585B001AD28004E
:10AC50002B7005F0D9FBFFF7CDFD041E02D128793A
:10AC6000FFF716FE200005B030BD1FB502230278A5
:10AC700001A9303A18000B70012A07D8531E9A41D7
:10AC800008000A7105F056FCFFF7B4FD05B000BDE1
:10AC9000162330B585B001AD28002B7005F0B4FB4C
:10ACA000FFF7A8FD041E03D104202856FFF7F0FD8E
:10ACB000200005B030BD00001FB516236A460B49C1
:10ACC000137102AA02F04EFA022401280BD101A846
:10ACD00005F030FCFFF78EFD041E04D1044806F099
:10ACE000CDFB0028FAD1200004B010BDDB5E0108C6
:10ACF000E05E0108152330B585B001AD28002B704A
:10AD000005F082FBFFF776FD041E03D104202856D0
:10AD1000FFF7BEFD200005B030BD000013B56B4647
:10AD2000DC1D2200094902F01DFA022301280BD183
:10AD3000002020560133072806DC01F041FB0448BF
:10AD400006F09CFB031EFAD1180016BDDB5E01085D
:10AD5000E05E010810B50378302B04D00220312BBF
:10AD600005D1012000E0002001F08CFA002010BD88
:10AD700010B501F093FA012806D1064806F07EFBD3
:10AD80000028FAD1002010BD034806F077FB002808
:10AD9000FAD1F7E7725D01089C5C0108072330B522
:10ADA00085B001AD28002B7005F02EFBFFF722FDCA
:10ADB000041E02D12879FFF76BFD200005B030BDDD
:10ADC0001FB5072301AA137003780220303B012B23
:10ADD00007D8591E8B411000137105F0ABFBFFF72C
:10ADE00009FD05B000BD0A2330B585B001AD2800CE
:10ADF0002B7005F009FBFFF7FDFC041E02D1029841
:10AE0000FFF746FD200005B030BD00001FB50A2346
:10AE10006A46040001A8137105F0F6FAFFF7EAFC90
:10AE200000280DD12000074902AA02F09BF9030077
:10AE30000220012B04D101A805F07CFBFFF7DAFC0E
:10AE400004B010BDB66001080A2330B585B001AD6D
:10AE500028002B7005F0D8FAFFF7CCFC041E02D1B5
:10AE6000287AFFF715FD200005B030BD1FB50A2375
:10AE70006A46040001A8137105F0C6FAFFF7BAFC90
:10AE800000280FD12000084903AA02F06BF9030043
:10AE90000220012B06D1054A01A8137005F04AFBD8
:10AEA000FFF7A8FC04B010BDDB5E01088A0D00208E
:10AEB000102330B585B001AD28002B7005F0A4FA41
:10AEC000FFF798FC041E02D10298FFF7EDFC20006A
:10AED00005B030BD1FB510236A460849137102AA98
:10AEE00002F040F903000220012B04D101A805F073
:10AEF00021FBFFF77FFC05B000BDC046B66001082E
:10AF0000112330B585B001AD28002B7005F07CFA17
:10AF1000FFF770FC041E02D10298FFF7C5FC200069
:10AF200005B030BD1FB511236A460849137102AA46
:10AF300002F018F903000220012B04D101A805F04A
:10AF4000F9FAFFF757FC05B000BDC046B66001082E
:10AF5000122330B585B001AD28002B7005F054FAEE
:10AF6000FFF748FC041E02D10298FFF79DFC200069
:10AF700005B030BD1FB512236A460B49137102AAF2
:10AF800002F0F0F8022401280BD101A805F0D2FA52
:10AF9000FFF730FC041E04D1044806F06FFA0028C5
:10AFA000FAD1200004B010BDB6600108075F0108A7
:10AFB000132330B585B001AD28002B7005F024FABD
:10AFC000FFF718FC041E02D10298FFF76DFC200069
:10AFD00005B030BD1FB513236A460B49137102AA91
:10AFE00002F0C0F8022401280BD101A805F0A2FA52
:10AFF000FFF700FC041E04D1044806F03FFA0028C5
:10B00000FAD1200004B010BDB6600108075F010846
:10B0100010B501F031F9013843425841FFF738FCCF
:10B02000002010BD10B50378302B0BD00220312B3F
:10B0300007D1013801F01AF9034806F01FFA002879
:10B04000FAD110BD0020F5E7075F01080323F0B532
:10B0500087B003AD28002B7005F0D6F9FFF7CAFBC7
:10B06000041E0DD1049D2E04360EEFB22A023300C9
:10B070000548120E290E009706F000FA0028F5D1B7
:10B08000200007B0F0BDC0463A5E010830B587B079
:10B0900003236A4604AD290004001373FFF756FC2E
:10B0A00004280BD011236B44132200931223200099
:10B0B000064901956B446A4402F054F803A805F070
:10B0C00039FAFFF797FB07B030BDC046AF5E010805
:10B0D000182330B585B001AD28002B7005F094F928
:10B0E000FFF788FB041E02D10298FFF7DDFB20006A
:10B0F00005B030BD1FB518236A460849137102AA6E
:10B1000002F030F803000220012B04D101A805F061
:10B1100011FAFFF76FFB05B000BDC046B66001082D
:10B12000192330B585B001AD28002B7005F06CF9FE
:10B13000FFF760FB041E02D10298FFF7B5FB200069
:10B1400005B030BD1FB519236A460849137102AA1C
:10B1500002F008F803000220012B04D101A805F039
:10B16000E9F9FFF747FB05B000BDC046B66001082E
:10B17000002330B585B001AD28002B7005F044F9EF
:10B18000FFF738FB041E06D129790448413106F047
:10B1900075F90028F8D1200005B030BD295F0108FD
:10B1A0001FB50023022401AA13700378413BA34278
:10B1B0000CD81000137105F0BDF9FFF71BFB041E3E
:10B1C00004D1044806F05AF90028FAD1200004B04E
:10B1D00010BDC046075F010810B500F065FF0020F4
:10B1E00010BD7FB5012601AD28002E7005F00CF9C9
:10B1F000041E05D12879FFF74BFB200004B070BD79
:10B200003400FAE7F7B50400F5F7F8F8214905002E
:10B2100001AA200001F0A6FF2300012805D01E4846
:10B2200006F02CF90220FEBD01331A7811003039E6
:10B230000929F9D93A2AF2D16E460027013C64194E
:10B24000E41AE4B2B7705D1C012C12D92B783000DF
:10B2500033706B7811497370114B1A68D21901F071
:10B2600081FF0128DED1023C0137E4B20235402FD4
:10B27000EAD1002CD6D10A4C019B2771637101F0F1
:10B2800081F80100200000F075FF431E9841C0B214
:10B29000C9E7C0462E5F0108325F0108BE5E0108A3
:10B2A0007000002037B50400F5F7A8F8184905002C
:10B2B00001AA200001F056FF2100012805D0154801
:10B2C00006F0DCF802203EBD01310B781A00303A5E
:10B2D000092AF9D93A2BF2D1013C6419E4B2641A73
:10B2E000251CE4B2402C00D940250B4CEAB20131B8
:10B2F000206806F068F8019B2571637101F042F83F
:10B300000100200000F036FF431E9841C0B2DAE78A
:10B310002E5F0108325F01087000002070B50D4BF0
:10B320000D48197806F0AAF8041EF8D10B4D2B68C9
:10B33000A34206D80A4806F0A1F80028FAD12860EE
:10B3400070BD084B0848195D06F098F80028F8D140
:10B350000134EBE7680A0020A55D01086C0A0020B3
:10B36000836A0108700A0020A95D010810B50C4B22
:10B370000C48197806F082F80028F8D10A4C2368A6
:10B38000002B06D009490A4806F078F80028F9D1C0
:10B390002060084806F072F80028FAD110BDC046B7
:10B3A000680A0020A55D01086C0A0020700A0020D0
:10B3B000575F0108836A010837B56B4600249D1D5D
:10B3C0002A000949DC8001F0CDFE012809D12B8833
:10B3D000A34203D02000054A13803EBD044806F076
:10B3E0004DF80220F9E7C046B66001086800002069
:10B3F0005A5F010810B5034B1888FFF749FA00207F
:10B4000010BDC0466800002037B56B460024DD1D26
:10B410002A000949DC7101F0A5FE012809D12B7829
:10B42000052B03D82000054A13703EBD044806F0E2
:10B4300025F80220F9E7C046AD5F0108310700207A
:10B440007A5F010810B5034B1878FFF721FA002046
:10B4500010BDC0463107002010B5044806F00EF8B4
:10B46000041EFAD100F0FAFD200010BD9F5F010814
:10B47000F0B50E240D270F2587B002ABFF18ED188D
:10B48000E41823003A001A490095060001F06AFE0C
:10B49000032820D03A003000164901F063FE01284D
:10B4A00002D0022007B0F0BD0723237000232B70C9
:10B4B0003E782B783343012BF3D80F4B0F4F039378
:10B4C000002E0CD1300000F057FF23783B70039B17
:10B4D0001E700020E6E72378072BE9D9E1E7012079
:10B4E00000F04AFF2378039A3B702B781370F0E743
:10B4F000A75F0108AD5F01082A0700202907002087
:10B5000010B500F03FFF064B064A074C01001B78C0
:10B510002000127805F0B2FF0028F2D110BDC0461D
:10B520002A07002029070020B05F010810B500F0AD
:10B5300053FF013843425841FFF7AAF9002010BDDC
:10B5400010B500F025FFFFF7AFF9002010BD10B5D2
:10B5500000F030FFFFF79CF9002010BDF0B5012688
:10B5600085B001AC2000267004F04EFF2379050061
:10B57000002B04D0224B05201B68334236D12148D2
:10B5800005F07CFF0028FAD11F4805F077FF00285E
:10B59000FAD11E4805F0A0FE1D4E300005F09CFEBD
:10B5A0001C4805F099FE1C4805F096FE1B4805F066
:10B5B00093FE1B4F380005F08FFE00F0AFFCFA2021
:10B5C0004000FEF7B9FB002D0FD12379002B08D0E6
:10B5D000144805F053FF0028FAD1380005F00EFE9C
:10B5E00003E0114B1B78002B02D0002005B0F0BD0A
:10B5F0000C4805F043FF0028FAD13000EEE7C046C2
:10B60000500F0020BB5F0108836A01083C0F002037
:10B61000040F0020980E0020F00E0020DC0E002009
:10B6200010070020FA5F01087E0D002013B50A49BB
:10B6300001AA01F097FD012809D1019B074A084C96
:10B64000934206D8074805F019FF074B23600220F4
:10B6500016BD00202360FBE7B66001086F170000ED
:10B660006C0000200E6001087017000010B5034B3D
:10B670001868FFF719F9002010BDC0466C000020C3
:10B6800013B56B46DC1D2200064901F06BFD022359
:10B69000012804D10020205600F080FE002318006D
:10B6A00016BDC046DB5E010810B500F07DFEFFF759
:10B6B000EFF8002010BD000007B50A4901AA01F00B
:10B6C00051FD022301280BD1074B0198C218074BEB
:10B6D0009A4202D90223002802D100F0B9FC0023CB
:10B6E00018000EBDB6600108FF1E0AFAFDE8A43579
:10B6F00010B500F0A7FCFFF7D7F8002010BD000040
:10B7000010B5034B1878FFF7C3F8002010BDC046F2
:10B71000B50B002007B5084901AA01F023FD03007D
:10B720000220012B07D1019AFF2A04D800200349E7
:10B730000B70034B1A700EBDAD5F0108B40B0020F7
:10B74000B50B002010B5034B1878FFF7A1F80020C7
:10B7500010BDC046B30B002007B5084901AA01F08F
:10B7600001FD03000220012B07D1019AFF2A04D812
:10B77000002003490B70034B1A700EBDAD5F01082A
:10B78000B20B0020B30B002013B56B46DC1D22006A
:10B79000064901F0E7FC0223012805D12278012A9D
:10B7A00002D8034B1A700023180016BDAD5F0108C4
:10B7B000840D002010B5044B0448197805F05EFE96
:10B7C0000028F8D110BDC046840D0020505A010851
:10B7D00013B56B46DC1D22000B4901F0C3FC0128A8
:10B7E00010D123785A1E082A07D8084A137008482F
:10B7F00005F044FE0028FAD116BD064805F03EFECD
:10B800000028FAD10220F7E7AD5F0108850D00207E
:10B81000075F01083160010810B5034B1878FFF786
:10B8200037F8002010BDC046850D002013B56B46CB
:10B83000DC1D22000A4901F095FC01280DD1207879
:10B84000032805D8074B1870F6F750FB002016BDEB
:10B85000054805F013FE0028FAD10220F7E7C0469C
:10B86000AD5F0108830D00204B60010810B5034B4C
:10B870001878FFF70DF8002010BDC046830D00209A
:10B8800013B56B46DC1D22000A4901F06BFC012850
:10B890000DD12078032805D8074B1870F6F760FB08
:10B8A000002016BD054805F0E9FD0028FAD1022068
:10B8B000F7E7C046AD5F0108820D0020696001080E
:10B8C00010B5034B1878FEF7E3FF002010BDC0460B
:10B8D000820D002013B56B46DC1D22000A4901F0E1
:10B8E00041FC01280DD12078032805D8074B18709A
:10B8F000F6F7C4FA002016BD054805F0BFFD002884
:10B90000FAD10220F7E7C046AD5F0108810D0020A3
:10B910008760010810B5034B1878FEF7B9FF0020C7
:10B9200010BDC046810D0020F7B56B469C1D5D1D06
:10B930002B002200134901F015FC03000220834272
:10B940001ED12E781800092E1AD8208808F006FC7F
:10B95000040030000D0007F041F808F047FC002219
:10B96000094B07F041FB02000B002000290007F003
:10B9700073F808F07DFC054F3860F7F749FE0020AA
:10B98000FEBDC046A5600108000024401C00002048
:10B9900010B5064B186808F029FC02000B0004489B
:10B9A00005F06CFD0028F4D110BDC0461C0000203D
:10B9B000AB60010813B56B469C1D2200054901F0E0
:10B9C000D1FB0223012803D1034B22881A800023D4
:10B9D000180016BDAD5F0108B00B002010B5034B79
:10B9E0001888FEF755FF002010BDC046B00B0020A0
:10B9F00013B56B46DC1C220001AB094901F0B2FB18
:10BA00000223984206D12378012B05D1054B019AD8
:10BA10001A600023180016BD022BFAD1024BF6E77C
:10BA2000B3600108500700204C07002010B58EB00D
:10BA30006B46DC1D0E49220001F094FB0100022040
:10BA400001290BD12378002B0AD10A4B03301B6844
:10BA50000B4203D102A8FBF7D5FD00200EB010BDAC
:10BA60000220012BFAD1044A1370044A1370F4E740
:10BA7000AD5F0108500F0020B60B002035070020F5
:10BA80007FB50E240B26002303AD6C446E442B803F
:10BA9000238032002B001049009401F063FB03283F
:10BAA00017D13378012B14D80C4A13702A88002A36
:10BAB0000CD02388002B09D009490A80094A138039
:10BAC000094805F0DBFC0028FAD103E0074805F03F
:10BAD000D5FC022004B070BDBA6001083007002018
:10BAE000240700202E070020075F0108C560010819
:10BAF00010B5064B064A07491B8812880978064884
:10BB000005F0BCFC0028F4D110BDC0462E07002073
:10BB10002407002030070020B05F010837B56B46CE
:10BB20009D1DDC1D23002A000A4901F01BFB0300B8
:10BB3000022083420CD1297818004A1E0E2A07D809
:10BB40002278012A04D80020034B1970034B1A7085
:10BB50003EBDC046AA5F0108270700202807002035
:10BB600010B5054B05481A78054B197805F086FC89
:10BB70000028F6D110BDC04628070020B35F010899
:10BB80002707002013B56B46DC1D2200074901F092
:10BB9000E9FA02000220012A06D12378012B03D8FA
:10BBA0000020034913400B7016BDC046AD5F01086D
:10BBB000800D002010B5044B0448197805F05EFC98
:10BBC0000028F8D110BDC046800D0020505A010851
:10BBD00013B56B46DC1D2200074901F0C3FA0200D1
:10BBE0000220012A06D12378012B03D80020034923
:10BBF00013400B7016BDC046AD5F01087F0D0020DD
:10BC000010B5044B0448197805F038FC0028F8D129
:10BC100010BDC0467F0D0020505A0108F0B58DB010
:10BC200005000027F4F7EAFB01AEC4B2B770012C9F
:10BC30000CD8002C17D1022302A8437104AB029345
:10BC40000D4B07711B681B6998470DE02B7804AA00
:10BC500033706B7830000949D219737001F082FAA1
:10BC60000235012803D0022420000DB0F0BD023CB3
:10BC70000137E4B2DBE7C046400C0020BE5E01089D
:10BC800010B5002220210C48F9F732FEF7F7FAFB35
:10BC9000F7F71EFCF7F7B4FCFA204000FEF74CF86B
:10BCA000F7F7AEFCF7F730FCF7F74CFC0122202148
:10BCB0000148F9F71DFE10BD0004005010B5FFF754
:10BCC000DFFF002010BD0000044A054B1268017818
:10BCD00099540122034B1A707047C046BC0B0020D8
:10BCE000C00B0020B80B002010B5031C092800D998
:10BCF0000923054ADBB29B009C58200005F0BEFBDF
:10BD00000028FAD110BDC046F07B010810B50348E9
:10BD1000FEF768FB0022024B1A7010BDC9BC000878
:10BD2000B80B0020F7B56C4B1E78012E0BD100200C
:10BD30006A4A6B4918701368CC5C012C04D11060FE
:10BD40000830FFF7D1FFF7BD0D2C02D00A2C00D030
:10BD5000BAE0002BF7D00027CF540B7835001760DE
:10BD6000412B47D14B78542B44D18B78BB4211D017
:10BD70003F2B11D15B4805F081FB0028FAD13B2411
:10BD8000594D686905F07AFB0028FAD1013C183555
:10BD9000002CF6D100252DE0544B534D01936B68D8
:10BDA0002C681A0021000198009308F0DDFB0028A0
:10BDB00000D082E0009B019A00999A18019B5B5C7D
:10BDC0003D2B19D03F2B0AD1273B7B43464AD31842
:10BDD0005C69200005F052FB0028FAD1DAE7350053
:10BDE000002B07D1100018337B433F49CB181B6948
:10BDF000984705002800A4E7182351787B43501C7E
:10BE00003F2906D19278002A03D1374AD3189B687C
:10BE1000EEE7354AD318DB68984735490700050037
:10BE20002000F4F7E1FA002842D020003149F4F76D
:10BE3000DBFA00283CD020002F49F4F7D5FA00287F
:10BE400036D020002D49F4F7CFFA002830D020005A
:10BE50002B49F4F7C9FA00282AD020002949F4F721
:10BE6000C3FA002824D020002749F4F7BDFA00289F
:10BE7000C0D020002549F4F7B7FA0028BAD0200036
:10BE80002349F4F7B1FA0028B4D020002149F4F78F
:10BE9000ABFA0028AED020001F49F4F7A5FA00281D
:10BEA000A8D0002FA6D1012E04D100F0CDFB71E760
:10BEB0000226D8E700F03EFB6CE7013718353B2F30
:10BEC00000D06CE7350095E77F2B02D1106006208B
:10BED00037E70133136036E7B80B0020BC0B0020B6
:10BEE000C00B0020E760010868760108C20B002043
:10BEF0006C610108726101087A61010882610108C0
:10BF000089610108926101089B610108A261010831
:10BF1000A8610108B2610108BA61010870B5002585
:10BF20000A4CA6680A4B9E4209D00A48216805F0CF
:10BF3000A5FA0028F9D1B0473220FDF7FDFE013502
:10BF400018343B2DEDD1012070BDC0466876010844
:10BF500009AA0008CA61010870470000037810B5FB
:10BF60000400002B02D0012B0CD010BD4378002B15
:10BF700004D10A4B1B685B699847F6E70122084B1E
:10BF80001A70F2E74378002BEFD104F09DFF0028F0
:10BF9000EBD0200004F0A6FFE7E7C046400C0020ED
:10BFA0003B070020002373B51E4A1F4E1F4D137020
:10BFB00033702B7043780400002B0FD104F084FF02
:10BFC000002801D004F086FF637B002B06D0E178C7
:10BFD000E02904D12000164904F094FF73BD2378B2
:10BFE000002B15D1134B1B78012B00D13370684601
:10BFF0004171237B0371A3680093E2890E4B1A8081
:10C00000227C0E4B1A700E4B1B681B699847E5E7A4
:10C01000012BECD1FD20074A1278023A0242E6D108
:10C020002B70E4E7380700203A070020390700208A
:10C03000640C002031070020C0000020C200002056
:10C04000400C0020014B18687047C046740C00205B
:10C05000014B18607047C046740C002010B50348AF
:10C0600005F00CFA0028FAD110BDC0469B710108FA
:10C0700030B587B00A4C0B48657A2379E278A1780D
:10C080000495257A0395E5790295A579019564795A
:10C09000009405F0F3F90028ECD107B030BDC0469C
:10C0A00078000020A3710108002370B5214A224DB9
:10C0B00086B013702A78012A15D101A803701F4B8E
:10C0C0001F4A43601F4B83601F4BC3601F4B1B689D
:10C0D000DB78037402AB70CB70C21B68136004F092
:10C0E0009FFB06B070BD0322194C200022706360D4
:10C0F00004F020FA04232370EB682000636004F04E
:10C1000019FA05232370134B2000636004F012FA20
:10C1100006232370104B2000636004F00BFA012308
:10C1200020002370237104F005FA0C4B1B685B6937
:10C130009847D6E740070020780000207A000020CA
:10C14000640C00208800002090000020600C00207B
:10C15000440C0020A0000020B0000020400C002073
:10C160001FB5012301AC2000237004F04DF92079A4
:10C1700004B010BD0022F0B51E4B87B004000E00C5
:10C180001A7004F0A1FE05000120002D13D101A9B1
:10C19000207904F0BDF80021174B184F595602AB17
:10C1A00000280BD01D709D609D811800997304F0CC
:10C1B0000BFC431E9841404207B0F0BD62792579DF
:10C1C00094462068002E04D11E701A719D819860DB
:10C1D000EBE7012264461A701C719D8198604C3710
:10C1E0003878002803D0064A12780132D2B2DA73C6
:10C1F000DBE7C0462B070020CC00002078000020A1
:10C20000290700207FB5002301AE05003000337000
:10C2100004F0FAF83479AC4203D0002D03D0022D9B
:10C2200012D0002408E0002CFBD1300004F082F989
:10C23000002804D001246442200004B070BD0A4BE1
:10C240001B689B699847ECE7631E9C413000644281
:10C25000357104F06FF90028ECD1034B28001B68FE
:10C260009B699847E8E7C046400C0020014B1870D6
:10C270007047C04678000020014B18787047C046D0
:10C2800078000020044B10B55870013843425841E3
:10C29000C0B204F047FC10BD78000020014B587874
:10C2A0007047C04678000020004870477A000020A0
:10C2B00010B5034B01000822180005F084F810BDEA
:10C2C0007A000020014BD8607047C04678000020FB
:10C2D00013B50024094BDB681BBA019301ABE15C89
:10C2E000074805F0CBF80028F8D10134042CF5D12B
:10C2F000044805F0C3F80028FAD113BD78000020E7
:10C30000A95D0108836A010810B5034B01001022E2
:10C31000180005F058F810BDA00000200048704734
:10C32000A000002010B5034B01001022180005F0FA
:10C330004AF810BDB000002000487047B00000204F
:10C34000004870478800002010B5034B0100082208
:10C35000180005F038F810BD88000020004870472C
:10C360009000002010B5034B01001022180005F0CA
:10C370002AF810BD90000020014B18707047C0468D
:10C38000C4000020014B18787047C046C40000204C
:10C390000020014B18567047C2000020014B187056
:10C3A0007047C046C30000200020014B185670475C
:10C3B000C3000020014B0020185E7047C000002021
:10C3C000014B18707047C046CC0000200020014B84
:10C3D00018567047CC000020024B1B6D181E00D071
:10C3E000187970477800002030B508280BD0102845
:10C3F0002BD0012806D133490B78581C08703249DC
:10C400009B005A5030BD4A780B7812021A438B7841
:10C410002C4C1B041343CA782B4812061A4323786A
:10C4200012BA9D002A504A790D7912022A438D7959
:10C430002D041543CA79991C12062A4312BA217099
:10C440000133DBB29B001A50DCE74A780B7812020A
:10C450001A438B781B4C1B041343CA781A481206E4
:10C460001A43237812BA9D002A504A790D79120294
:10C470002A438D792D041543CA7912062A435D1C7F
:10C48000EDB212BAAD002A504A7A0D7A12022A434E
:10C490008D7A2D041543CA7A12062A439D1CEDB2EB
:10C4A00012BAAD002A504A7B0D7B12022A438D7BC3
:10C4B0002D041543CA7B191D12062A4312BA217096
:10C4C0000333BEE77C0D00207C0C002030B5039DBB
:10C4D000049C082802D010280FD030BD100E087020
:10C4E000100C4870CA70100A1A0E0A711A0C4A71A0
:10C4F0001A0A88708A71CB71EFE7100E0870100C61
:10C500004870CA70100A1A0E0A711A0C4A71CB715F
:10C510001A0A2B0E0B722B0C4B722B0A8B72230EEA
:10C520000B73230C4B73230A88708A71CD728B7343
:10C53000CC73D2E710B5002208201349FFF754FF4F
:10C54000124B0021DA680120FFF74EFF0022102075
:10C550000F49FFF749FF002210200E49FFF744FF63
:10C56000002210200C49FFF73FFF002208200B4952
:10C57000FFF73AFF0A4C0B4922780B48F3F794FF78
:10C580000023237010BDC0467A00002078000020F0
:10C5900090000020A0000020B000002088000020B3
:10C5A0007C0D00207C0C00200400080830B500251C
:10C5B00095B01E4B03ACE818F3F79AFF60510435B1
:10C5C000442DF6D10025019500956368039A082053
:10C5D0001749FFF77BFFA268164B1020DA60A369AA
:10C5E00015490193636900932369E268FFF76EFFC1
:10C5F000A36A10200193636A10490093236AE269D9
:10C60000FFF764FFA36B10200193636B0C49009349
:10C61000236BE26AFFF75AFF01950095082009494C
:10C62000236CE26BFFF752FF15B030BD009101089B
:10C630007A0000207800002090000020A000002058
:10C64000B0000020880000200223F0B587B003ACC2
:10C650002000237003F0D8FE002802D0AD4804F07B
:10C660000DFF1623257920002D06237003F0CCFE44
:10C67000002802D0A74804F001FF0423A64AE3568D
:10C68000019252781B042B431343019AA34E543258
:10C690001278A34D52B21202134332782000511C7B
:10C6A0009200535107233170237003F0ADFE002830
:10C6B00002D0984804F0E2FE019B22791F78002303
:10C6C00012063F0420001743237003F09DFE00284C
:10C6D00002D0904804F0D2FE019B20004C331A781F
:10C6E00023793A431B0213433278511C9200AB501A
:10C6F0000A233170237003F087FE002802D085489A
:10C7000004F0BCFE33785A1C327062689B00EA5019
:10C71000844B1A78012A00D0F5E000221A700A230F
:10C720002000237003F070FE002802D0794804F046
:10C73000A5FE3378227A591C9B003170EA501023F1
:10C740002000237003F060FE002802D0714804F03E
:10C7500095FE337820005A1C327062689B00EA50C4
:10C760001123237003F050FE002802D0694804F022
:10C7700085FE337820005A1C327062689B00EA50B4
:10C780001223237003F040FE002802D0614804F019
:10C7900075FE337820005A1C327062689B00EA50A4
:10C7A0001323237003F030FE002802D0594804F010
:10C7B00065FE337820005A1C327062689B00EA5094
:10C7C0000323237003F020FE002802D0514804F018
:10C7D00055FE37786268BB00EA50534A7B1C1268EA
:10C7E000DBB29B00EA505149514B09781B78090490
:10C7F0001B060B430199BA1C4B310978D2B20B438B
:10C800004C49920009784C4809020B434B49AB5004
:10C81000FB1C0A68DBB29B00EA50494B00781B887E
:10C8200009793A1D00021B040343D2B20B43920064
:10C83000AB504449444B09781B7809041B060B4351
:10C8400042497A1D0978D2B20B43414992000978D6
:10C85000FC1D09020B43AB503E4B3F491B78097846
:10C860001B0609040B433D49BA1D0988D2B2920048
:10C870000B43AB503A4B3B49186805F0D3FD05F02C
:10C88000A3FB3A00384B39491B7809781B0409028D
:10C890000B43374908320978E4B2D2B20B43A40003
:10C8A00092002851AB503B00324A33491278098834
:10C8B0000933DBB212040A439B00EA503A002F4BC3
:10C8C0002F491B7809781B0609040B432D490A32AE
:10C8D0000978D2B20B432C49920009782B480902FF
:10C8E0000B43AB503A002A4B0B371B880C32FFB27C
:10C8F000D2B22900BF00EB513270F3F7D5FD00230F
:10C90000337007B0F0BD0B232000237003F07CFDD3
:10C910000FE7C046D5710108780000207D0D00208A
:10C92000FC0C00208A0D00206C000020840D0020EB
:10C93000800D0020AF0B002031070020740C002078
:10C9400068000020B40B0020B50B0020B20B0020C3
:10C95000B30B0020850D0020830D0020B00B0020BC
:10C960001C000020000020417F0D0020810D0020D0
:10C97000820D0020300700202E070020290700200C
:10C980002A07002028070020270700206000080849
:10C9900024070020F0B50025ABB0894B05ACE818A2
:10C9A000F3F7A6FD60510435442DF6D1002501951D
:10C9B0000095636808208349059AFFF787FDA368FF
:10C9C000814F1020FB60A369804901936369009344
:10C9D0002369E268FFF77AFDA36A10200193636A76
:10C9E0007B490093236AE269FFF770FDA36B102077
:10C9F0000193636B77490093236BE26AFFF766FD4F
:10CA000001950095236CE26B08207349FFF75EFDEA
:10CA10002C00724B16ADE018F3F76AFD2851043470
:10CA2000502CF6D10223169E02AC2370330E5A1EF0
:10CA300093412000237103F07DFD16232000237015
:10CA4000330C237103F076FDFF203B003040320AA7
:10CA5000543301381A7043425841C0B2787004F020
:10CA600061F807236E682370330E5A1E934120002D
:10CA7000237103F05FFDFF23594A1B0433409B18C9
:10CA80005A4253413B70002320002370330A237124
:10CA900003F050FDFF231E40013E73425E413B0008
:10CAA0004C331E700A26AB6820002670636003F0CA
:10CAB00041FDEB6820002670237203F03BFD10233C
:10CAC00023702B692000636003F034FD1123237071
:10CAD0006B692000636003F02DFD12232370AB69A6
:10CAE0002000636003F026FD13232370EB69200010
:10CAF000636003F01FFD032323702B6A2000636033
:10CB000003F018FD6A6A374B4B371A60AB6A364A36
:10CB1000190E481E81411170344A190C1170344AA3
:10CB2000190A11703B70EA6A324B33491A602A6B5A
:10CB3000100C08801A7131496B6B100A304A08706A
:10CB4000190E11702F4A190C11702F4A190A117001
:10CB50002E4A1370AB6B2E4A190E11702D4A190C08
:10CB600011702D4A31001380E86BF3F7C7FA05F016
:10CB700035FFFF232A6C294C1B0413402060581EEC
:10CB8000834127490B70274B110A1970264B1A70E5
:10CB90006A6C264B110C1970254B1A80AB6C254A18
:10CBA000190E1170244A190C1170244A190A1170B7
:10CBB000234A1370234BEA6C1A802BB0F0BDC04699
:10CBC000040008087A00002078000020900000206F
:10CBD000A0000020B00000208800002060000808AD
:10CBE0000000FFFF6C000020800D0020840D00205D
:10CBF000AF0B0020740C00206800002031070020DB
:10CC0000B50B0020B40B0020B30B0020B20B0020AA
:10CC1000850D0020830D0020B00B00201C0000209B
:10CC20007F0D0020810D0020820D002030070020A4
:10CC30002E070020290700202A07002027070020B0
:10CC40002807002024070020F8B500260227234BE0
:10CC5000234C5E704B331F700B232200214D2B7031
:10CC60002B1D03CA03C3280003F064FC0A232B70A6
:10CC70002B1D06CC06C3280003F05CFC01231A4AD6
:10CC80001A4913701A4A17701A4A17701A4A1770FD
:10CC90001A4A116014211A4A11801A4A1A4911605D
:10CCA000FA211A4A49001180B421194AC9001370A7
:10CCB000184A1180B421184A090111800721174A26
:10CCC0001170174A1670174A1670174A1370174AD0
:10CCD0001370FFF7B9FCFFF75DFEF8BD7800002088
:10CCE000BC590108440C0020850D0020E09304008D
:10CCF000830D0020820D0020810D00206C0000209B
:10CD0000680000201C0000200000C843B00B002079
:10CD100030070020240700202E07002029070020CC
:10CD20002A07002028070020270700207E0D00206A
:10CD3000F8B50127334E344C31602060FFF72AFEEE
:10CD4000324804F09BFB324804F098FB314804F071
:10CD500095FB314804F092FBFFF780F9FFF788F963
:10CD60002E482F4B2F4D03602F4B2F7043602F4BBE
:10CD70002F498360236805221B6854350B6003F03C
:10CD80006DF902232B4C2370336820001B7823712C
:10CD900003F0D0FB07232370336820009B782371B6
:10CDA00003F0C8FB002320002370237103F0C2FBB3
:10CDB0003368214C5B782B702368002B0AD1FFF776
:10CDC00043FF20003A001D49F3F76EFB1C4804F0B6
:10CDD00055FBF8BD2368122B0FD1FFF735FF3A0042
:10CDE00020001649F3F760FBBFF34F8F154B164A2F
:10CDF000DA60BFF34F8FC046FDE7FFF7CBFDFFF7CB
:10CE000053F9E6E7600C0020400C0020EC710108AB
:10CE1000FD7101081572010831720108540C0020DF
:10CE200059BF000878000020A5BF00085DBF0008BA
:10CE3000500C0020440C002000000808D000002006
:10CE40004272010800ED00E00400FA0513B5082263
:10CE50000021684607F080FB6C4676220021094BD2
:10CE60000133002A04D1200007F072FA80B216BD07
:10CE70001A78100030380928F2D8481C625401335F
:10CE8000C1B2F5E77E720108122373B5184800930A
:10CE9000F3F72EFB0623174E0400338085B2FFF70D
:10CEA000D5FF154B240C18803388A34201D1A8422A
:10CEB0001DD01B04034301A901220D480193F3F780
:10CEC000F3FA0E48F3F71CFBF3F732FB0122694635
:10CED0000A48F3F7E9FA3220FCF72EFFBFF34F8F31
:10CEE000074B084ADA60BFF34F8FC046FDE773BDBA
:10CEF00058000808860D0020880D00200000080852
:10CF000000ED00E00400FA05F0B5924C0027A544BE
:10CF100000900C000992F3F771FA0600029720784E
:10CF2000631C019300287AD0252800D07CE00025DE
:10CF30001C002900019B013301932378642B00D14D
:10CF400089E04ED8392B45D82F2B00D97CE0002B17
:10CF500062D0252B68D0002E5BD0032B00D06DE073
:10CF6000802301399B00994200D37B49A023DB0138
:10CF70001D4313AB0393009B01315B1811930023F6
:10CF80000022089300230399109100990C78392C02
:10CF900066D82F2C00D99BE02B2C00D1C2E02D2C81
:10CFA00000D1B8E080212800C90108400D4236D1E7
:10CFB000039908700899002904D010001900002373
:10CFC00042428B41099802C80990E80700D4B4E0B6
:10CFD0000A60B5E0442B3CD0582B14D0002E2DD144
:10CFE00017E06C2B2ED00AD8682BF7D16378682B0A
:10CFF00026D1A31C019308231D43019C9AE7752B9E
:10D000002BD0782BEAD1802310271B011D43002E43
:10D01000A6D1029B002B02D101235B42029302980E
:10D0200095239B009D44F0BD002EF2D0009B1B7801
:10D030008342F4D1009B013E01330093019C6EE7D3
:10D040000423D9E70123D7E70A246143303959186B
:10D05000D3E701231D430A27D9E780231B01F9E702
:10D06000462C18D8402C9DD90A2F9BDD3B4918012E
:10D07000130104930D40110F37225242D317084376
:10D0800005900498059912184B4100210C940D91BC
:10D090000C980D992CE021006139052900D981E710
:10D0A0000A2F00DC7EE72D491801130106930D407D
:10D0B000110F57225242D317084307900698079939
:10D0C00012184B4100210E940F910E980F990FE00A
:10D0D000224938000D40F91704F054FF3022524223
:10D0E000D31712184B4100210A940B910A980B99FF
:10D0F00012184B410399013E0131039110990C70B4
:10D10000002E00D14EE70099119801310091814223
:10D1100000D038E746E70121A804C00F4140089835
:10D1200008430890802149010D4200D13AE70C499B
:10D130000D40802189010D43DCE7680704D50A8092
:10D14000029B0133029379E72D0700D440E70A7070
:10D15000F6E7C046ACFDFFFFFF010000FFAFFFFF99
:10D16000FFEFFFFF0EB403B503AA02CA0192FFF757
:10D17000CBFE02B008BC03B0184705384342584103
:10D18000C0B27047002310B5052803D1080000F095
:10D1900015FB0300180010BD10B5052802D10800CA
:10D1A00000F072FB10BD10B5052802D1080000F098
:10D1B0007FFB10BD10B50023040008001100052CF2
:10D1C00002D100F0BDFB0300180010BD10B505280A
:10D1D00002D1080000F0FCFF10BD002310B50528A7
:10D1E00003D1080000F0D8FB0300180010BD70B593
:10D1F00005000024080011001A00052D03D1049B2E
:10D2000000F0E0FB0400200070BD10B50400080031
:10D2100011001A00052C02D1029B00F009FC10BD80
:10D2200010B50023040008001100052C02D100F005
:10D2300041FC0300180010BD70B505000024080073
:10D2400011001A00052D02D100F0DCFC04002000C2
:10D2500070BD37B505000024080011001A00052D27
:10D2600005D1079B0093069B00F096FD040020006B
:10D270003EBD002310B5052803D1080000F028FEAC
:10D280000300180010BD002310B5052803D10800C5
:10D2900000F0D3FF0300180010BD002310B50528CF
:10D2A00003D1080000F034FE0300180010BD002375
:10D2B00010B5052803D1080000F02EFE0300180069
:10D2C00010BD002310B5052803D1080000F042FE70
:10D2D0000300180010BD10B5052802D1080000F0A9
:10D2E0004DFE10BD70B505000024080011001A00A5
:10D2F000052D03D1049B00F05BFE0400200070BDEF
:10D3000010B5052802D1080000F0B4FF10BD70B5BB
:10D310000500080011001A00CCB2052D02D100F062
:10D32000D1FF0400200070BDF7B5019108A909786C
:10D33000009049B200209A4228DB8A4226DC01276D
:10D340000F261DE0019C4100095B00248C460C2146
:10D350004B430999CD18634623413B420AD02B7AAF
:10D36000190709173140914204DC5BB21B113340AD
:10D3700093420CDA01340C35102CECD10130C0B2E0
:10D3800003010099DBB29942DCD80020FEBD0120E8
:10D39000FCE7030000208B4204DBD80FD1179A4230
:10D3A0004841C0B2704730B50B0904001509002090
:10D3B0009D420BD3914209D20F220130114002004D
:10D3C0008A4011005B00E25A8A43E25230BDF7B551
:10D3D0000192002805D04A0083180020019A91424A
:10D3E00000D3FEBD002422001F880125A5402E0089
:10D3F0003E40B54201D10132D2B20134102CF4D1F9
:10D4000080180131C0B2C9B20233E7E710B5002875
:10D4100005D0002903D000235200934200D110BD53
:10D42000CC5AC4520233F8E78A60002800D0704713
:10D430004A60FCE7F7B501260F0014001B01D31862
:10D44000019000937642009BA34201D13000FEBDC3
:10D45000019B002B1CD1606803F081FF0500002FA9
:10D4600032D0A06803F07BFF85420CD9606803F0DE
:10D4700076FF0500E368AB4207D95B1B9E4200D9EB
:10D480001E001034DFE7A068F1E70023E360F8E74F
:10D49000002F16D0A068E56803F061FF854201D82F
:10D4A0000023E360E568002DEBD0A06803F057FF90
:10D4B0002D1AB542E5D2A068E66803F050FF361A8F
:10D4C000DFE73E00E760DCE70028D3D0CEE710B509
:10D4D000027803000020032A13D15A780F30140079
:10D4E000120904408C704A709A788A80DC78240291
:10D4F00022438A801B795A06520F0340CA700B7070
:10D500000A3810BDF0B5042787B003910492059343
:10D51000437804000578C757002B2AD0022303263E
:10D52000C3560293A657002D19D010236269E35603
:10D53000207A01921122A2560092E168029AFFF726
:10D54000F3FE002801D102239D431923E356B34281
:10D550001CDC1823E356B34219DA04239D43280048
:10D56000039B029A1A70049B1E70059B1F7007B0E4
:10D57000F0BD0A4A0220215E914202D007271D0019
:10D58000E7570523E35606260293CBE71E00072D37
:10D59000E5D1002FE3D10727E757E0E70F0F0000A1
:10D5A0000123834070B518000E0006F0D7FD04007B
:10D5B00030000D0006F0FAFD02000B0020002900EB
:10D5C00005F012FD0022024B06F09EF870BDC04629
:10D5D00000408F4010B506F0E9FD02000B0000206E
:10D5E000014905F001FD10BD00002040F7B5040021
:10D5F0000D00101F40001E00170006F0AFFD2200B6
:10D600002B0006F081F800900191700006F0CEFD2D
:10D6100002000B000098019905F01EFA22002B0071
:10D6200005F0E2FC08F054F804F0E6FC0600B8420D
:10D6300000D23E00099B00221E602000144B2900EE
:10D6400006F062F800900191300006F0AFFD220074
:10D650002B0006F059F800220E4B06F055F8020098
:10D660000B000098019906F075FA040008980D0067
:10D6700006F09CFD02000B002000290006F06AFA6B
:10D6800008F026F806F038FD0A9B1860F7BDC04682
:10D69000000010400000E03FC3B270B5141C1A0037
:10D6A000283A0D1C0A2A02D81E3B58B270BD400011
:10D6B00005F094F9011C281C04F0ACFF211C04F0B7
:10D6C000A9FF06F093FD08F08BF806F015FD40B2B7
:10D6D000ECE70C22C17A10B54A4303689B185B7AC9
:10D6E00042681B01D118D25A0023CB60437A847A56
:10D6F000002B0ED1131C642A00D264239BB2002C91
:10D7000002D1027A002A03D00269013B5343CB6065
:10D7100010BD002CFCD00369013AF7E71A4B70B535
:10D720009B6A04000D009847002806D0174B184A42
:10D73000E318934202D802232B7070BD154B164A92
:10D74000E318934201D80023F6E7144B144AE31878
:10D75000934201D80123EFE7124B134AE318934297
:10D7600001D80523E8E7114B114AE318934201D889
:10D770000323E1E70F4BE4180F4B9C4201D804232D
:10D78000DAE70020D9E7C046B875010840AA8FCC77
:10D790007F841E00C02571CCC0C62D00FF5E43CC27
:10D7A000BF270900A0B038CC20A1070040022ECC32
:10D7B00090D00300606E29CCE09304000300007851
:10D7C00010B50D3817280DD8F2F77AFC161B461D38
:10D7D0001F222527292C0C350C37393B3D0C0C3FDB
:10D7E0004244440E002010BD5B785BB2181E01D08D
:10D7F000013BD8B240B2F6E7184A5B785BB2D05C26
:10D80000F1E7174AF9E71748EDE7FA208000EAE761
:10D81000FA20C000E7E71448E5E71448E3E7802072
:10D82000C001E0E7FA211248890003F0C1FDFA23A4
:10D83000DB00C018D7E70F48D5E70F48D3E70F48FC
:10D84000D1E71020CFE70E48CDE78320C005CAE717
:10D850000C48C8E71220C6E70120C4E7207C010875
:10D86000187C0108B80B0000881300007017000036
:10D8700018FCFFFF08E6D3338E0D00208C0D00202E
:10D88000900D00209A9909400C2103000078064A67
:10D89000414310B55218517A044A09018918587841
:10D8A0005A68FFF7C1FD10BD900D0020D400002084
:10D8B000F7B50400FEF7C6FB0200002C02D0012CD5
:10D8C00023D0F7BD1A481B4B1B490190002A13D1E6
:10D8D0001A4C1A002000E0C8E0C2050010002A001F
:10D8E000E0CAE0C0183370CA70C3072301220B805E
:10D8F0000198FFF78BFDE4E71A60A82252001A8115
:10D90000503AFF3A5C600A80F2E7094B0A491A88EC
:10D9100009880A431A80074B084A1800110070C989
:10D9200070C0E0C9E0C01833183213CA13C3C8E787
:10D930008E0D0020900D00208C0D0020C459010890
:10D94000030010B50F290FD8002004290BD9481F58
:10D950000A280BD8F2F7B4FB160C160A16160A0A98
:10D960000A0A0600012010BD22290FD00020FAE784
:10D970000020052218560021FFF70BFD431E984199
:10D98000C0B2F0E7002007221856F4E70378112010
:10D99000984280414042E6E710B502790300002A30
:10D9A00004D00020012A07D1044801E001220448E4
:10D9B0001968FFF72BFD012010BDC0468C0D00201B
:10D9C0008E0D0020F0B585B00192092608220F00C7
:10D9D000416882568657196045780400002D03D0AF
:10D9E000002A07D11A6000252800019B3A701E709A
:10D9F00005B0F0BD3F29F6D900265F29F4D91F23D1
:10DA000019400129F0D103A8053342700370FFF7D4
:10DA1000D5FE42B2B242E7D12378B34204D0072305
:10DA20000249088803430B800026DCE78E0D0020A6
:10DA3000F0B587B01C0015000591031C072800DD18
:10DA40000723174F5EB2BC461649B20063705358A5
:10DA50000127634504D0144FDB195F427B415F000F
:10DA6000A770062815DD3220FFF7B4FD0F4B060026
:10DA70005B6E0F009847230008340C33029300902C
:10DA80002B0030003900059A0194FFF7AFFD07B075
:10DA9000F0BD074B8958985DFFF782FDE6E7C04669
:10DAA00090D00300287C0108E05EF8FFB8750108FB
:10DAB000487C0108F0B5012643688FB0454F0D91B1
:10DAC00086570B93FB6805009847040000208442AA
:10DAD00050D1EB7C83420AD10C2329783E4A4B4338
:10DAE000D11849680B91814201D19B580B933B4B54
:10DAF0000B989B570C937B699847A9683F6AAB7C4E
:10DB000089B2072E38D1FA22099301230C9892008A
:10DB100042430020059304330193314B029100935B
:10DB20000300304908900790069004900390B8478E
:10DB30006B7C002B33D02C4B995D264B0D31DB6D6C
:10DB40002000C9B29847294B1B78002B29D003F03D
:10DB500000FC04002100264803F090FC0028F9D1C5
:10DB6000320024480B9903F089FC0028F8D10120E9
:10DB70000D9B1E700FB0F0BDA878012408220993F8
:10DB800000230291079301000693059304930393E6
:10DB900001920093200023000C9A0894C7E7164BCB
:10DBA000CAE716490B98F2F7A9FA144904000B9832
:10DBB000F2F7E0FA0800FA218900F2F79FFA05006F
:10DBC00033002A0021000E4803F058FC0028F7D14A
:10DBD000CDE7C046B8750108900D0020487C0108CB
:10DBE0008545010050C30000187C0108B70B0020D8
:10DBF0000874010885720108207C010840420F006A
:10DC0000A1720108F0B591B00E9101210F920400AC
:10DC1000415605780C2068430225514B514A5B560A
:10DC20001218527A0B93504B12019B189B78655730
:10DC3000181C5BB2A278AB4200DA101C43B20C9302
:10DC40004A4B8900CB584A4A0127934204D0494A9B
:10DC50009B185A4253415F00A26861680C98FFF715
:10DC60001BFD0C212278444D51433E4B6A690D90B7
:10DC7000C858904701226B6A0025A2569C463F4B2C
:10DC80000795089306950595072A3BD10123049330
:10DC900004330293FA230B9A9B0053436646009386
:10DCA00028003B00364A0D9903950195B0472E0098
:10DCB000344B1B78002B34D003F04BFB05002900BC
:10DCC000314803F0DBFB0028F9D10C250122217833
:10DCD000244B6943A2562D48C95803F0CFFB0028B6
:10DCE000F4D1254D3000217BEB6D9847EB6A300075
:10DCF000217B98470F9B0C9A186001200E9B1A708D
:10DD000011B0F0BD0823012602930B9B2A00039556
:10DD1000009330003B0065460D9904960196A84794
:10DD2000C6E70C2221780F4B4A43D75818493800D0
:10DD3000F2F7E4F9164905003800F2F71BFA08007B
:10DD4000FA218900F2F7DAF9070001233A002900E5
:10DD5000E356104803F092FB0028F6D1C1E7C04615
:10DD6000487C0108900D0020D4000020287C010888
:10DD700090D00300E05EF8FFB8750108B80B000012
:10DD8000A8610000B70B002008740108C1720108E7
:10DD900040420F00DD720108F0B50024050007269F
:10DDA00091B0059306AB039104925C802B79A3425A
:10DDB00007D9286807AF39000019FFF788FB00284A
:10DDC00041D109A80670AB7907AE4370737806AAF3
:10DDD0008370B37806A9C370337806320371EB7988
:10DDE000053143712B7A83716B7AC37110230372EF
:10DDF00006AB9D1CE023DB000382314BC560436111
:10DE0000072303833300FFF77DFB072802D12D4B47
:10DE10002A881A800123F356DAB2022A07D82A4A3E
:10DE20001278322A03D90122284B1A700323039A4D
:10DE30001370B378049A13703378059A1370169B95
:10DE40001C7011B0F0BDBB8806AA53802418F87866
:10DE5000E4B2002820D10626002BA7D0184A0726B6
:10DE600001920022029206281FD101990F68002F0B
:10DE700005D00127974001213B439BB202910199B4
:10DE800001320C310191102AEDD1029A002A00D101
:10DE90008CE706AA538089E7421E0626042A00D88A
:10DEA00084E7B04200D081E7D8E71F000121174185
:10DEB0000F42E4D0019909680029E0D10626DEE787
:10DEC000900D00208E0D0020430700203D13002000
:10DED0000E4B70B59B6A0500406898470630C4B287
:10DEE0000020072200212856FFF753FA002801D10D
:10DEF00002239C430120052200212856FFF749FAFE
:10DF0000002801D104239C43200070BDB87501088E
:10DF1000012040427047000013B56B460400D91D34
:10DF20004068FFF7FBFB0C222178094B4A43D1588C
:10DF30000230C0B2002902D10223984316BD032843
:10DF400003D19B1862685A60F8E70220F6E7C046E2
:10DF5000900D002003880520032B0DD90138062BD6
:10DF60000AD90138092B07D901380C2B04D9002014
:10DF70000F229A42404140B2704700007FB5030033
:10DF8000094A01A80192094A596842605A78C16059
:10DF900002721A7842729A685B8802614381FFF7C5
:10DFA00098FB07B000BDC046900D0020D4000020B3
:10DFB000F0B58BB00491059200211022060006A84E
:10DFC0001D0006F0C9FA394C012200212000FFF79C
:10DFD000FEF9002803D107232288134323807068A9
:10DFE000346803F0BCF984424BD800242C6006232B
:10DFF000B17A707A2E4AFFF71DFA737A0500029300
:10E000000823F35626002B4F03930194274B01223C
:10E010001B88234113421FD03B68002B1CD0029B5E
:10E02000002B03D107332341134215D00822397A3C
:10E03000BA560907039812110917FFF7AAF9002821
:10E040000AD07B7A1A4A1B019B18DB68002B13D07D
:10E05000019B0133DBB2019301340C37102CD5D175
:10E06000002E18D00020711E03F0A2F906AB1B5C35
:10E07000049A0025137009E0731C06AA9455DEB2B9
:10E08000EAE77068356803F06AF92D1A0120059BEC
:10E090001D600BB0F0BD019B002BF7D10723034A95
:10E0A000019D118828000B431380F0E78E0D00209E
:10E0B000D4000020900D0020F0B5002685B002AB02
:10E0C000DE7103790500009303200F2B46D82B68DF
:10E0D0000722187A310000070017FFF75AF90400E9
:10E0E00008202B683100185607220011FFF751F95C
:10E0F00061424C41414248412F6801213B7A204313
:10E100001A075BB212171B119A4200DC311C08433C
:10E110000099C4B2022914D8D61705211800B61ADE
:10E120000722FFF736F90C22F60F264344424441FA
:10E1300000992F684A43184B3968D35834439942A1
:10E1400026D102AB3868D91DFFF7E8FA01267040E6
:10E15000C0B2002C04D004000534E0B205B0F0BD1C
:10E16000002801D00420F9E70C22009F0A4B5743F6
:10E17000FF183800296806F035FA009A02AB96407D
:10E18000DB7920007B72054B1A8832431A80E5E761
:10E19000002CE1D1E6E7C046900D00208E0D002056
:10E1A00010B504780021022C0CD90C221300634313
:10E1B0000548C01806F0D0F9210010220348FFF7E7
:10E1C000F2F80100080010BD900D00208E0D002017
:10E1D0005023F0B587B003AC237203790700102BEE
:10E1E00029D100260325072D16D83B68995D9B1978
:10E1F00021605A7812020A4322609B781B04134361
:10E2000064225343002223606260934209D168462E
:10E210000570FFF7C5FF09E00023236023726360E8
:10E22000F5E701A801940571FFF746FF0135EDB24E
:10E230000336102DD7D107B0F0BD07B502680379BA
:10E2400011686846002906D10370FFF7A9FF00286E
:10E250000ED003200EBD00920371FFF72DFF0300C7
:10E260000220042BF6D00138052BF3D0002BF0D080
:10E270000020EFE70C2102780F4B514370B5CD58C9
:10E280005B185B7A0D4A1B01D218937804000222B6
:10E29000A2568178181C5BB2934200DA081CA2686F
:10E2A000616840B2FFF7F8F9054B0100A289280028
:10E2B0005B6C984770BDC046900D0020D4000020D4
:10E2C000B8750108891A081C090600D50020C0B2DB
:10E2D000704700000023214A70B51370204A21497D
:10E2E0001360214A1360214A1360214A13700122EE
:10E2F0000A7020490A7020490B7020490B70204990
:10E300000A8020490B7020490B7020490A7020496F
:10E31000204A08888C1C1080E47F901CC477100071
:10E320000C002430243460CC60C0888D9085086B4C
:10E33000496B10635163184A1370184A1370184AD6
:10E340001370184A1268002A04D1174B1A70174B21
:10E350001A7070BD5362926AF5E7C046E51000205E
:10E36000EC10002035010020E8100020E010002013
:10E37000670F002034010020940E0020660F00205B
:10E38000640F0020D9100020D81000203601002092
:10E39000680F0020A00F0020DC100020DB10002000
:10E3A000DA100020F41200205A0F0020590F00202C
:10E3B00037B515000D4A01AB127804009A700C4A6B
:10E3C0005970127819000D321A700A4A64191078BF
:10E3D000FEF7D8FE031C80B2FF2800D9FF230020DF
:10E3E0009BB2A4B2A3424041C0B23EBDCC0F0020BC
:10E3F000F11200203013002010B50C4802F06CFF21
:10E400000B4B1B78002B07D001220421094B1A70FB
:10E41000094A13688B431360084B1B78022B04D105
:10E42000074A0E3311780B43137010BD980E00206D
:10E43000DC100020940E0020500F0020F31200206A
:10E44000500E002040230E4A10B511680B43136094
:10E4500000220C4B1A700C4B1B78934201D0FFF733
:10E46000CBFF122309490A4C0A7820009A43134330
:10E470000B70012102F05CFF200002F0BFFE10BD16
:10E48000500F0020D9100020DC100020500E00207A
:10E490003C0F0020044B10B5DB6B002802D10800B4
:10E4A000984710BD0020FBE7B875010870B5194802
:10E4B00002F012FF184B194C1B78194D23706B6A30
:10E4C00063602B002D331B782374164B1B78637409
:10E4D0000123E374144B1A78144B002A17D1A26855
:10E4E0001A70134B21001B78023B5A425341A3740C
:10E4F000104B114A1878FEF793FE002806D0A07C36
:10E50000E968FFF7C7FF0D4BE27C1A7070BD1B78FE
:10E51000A360E6E7DC0E00205A0F0020AC0E0020BE
:10E52000A00F0020F1120020B20B0020B30B00203E
:10E53000F312002030130020780E0020510E00202E
:10E5400010B50A4B1B78022B0DD0094B5B6B98471B
:10E550000222084B5A70084B5A701023074A117850
:10E560000B43137010BDFFF7A1FFF1E7F31200207A
:10E57000B8750108600E0020540E0020500E0020D7
:10E58000F0B589B002F0E5FE3B4E01903378022BE6
:10E590004FD03A4B5B6B9847394B3A4A1B783A4F0E
:10E5A0003A4C0392002B58D0394B3A4D1968280049
:10E5B00002F0BEFE280002F021FE3378364D022B19
:10E5C0003AD1162304AA05A938781371FEF7DAFDAB
:10E5D0002968324D4118280002F0AAFE280002F0F6
:10E5E0000DFE22780023120704D52D4B1B785A42CA
:10E5F0005341DBB22B4A06A913702B4B2B4A1B78D5
:10E60000387813700B702A4B1B784B70019B4B6052
:10E61000FEF7C2FD274B019A1A60039B1B78002B63
:10E6200005D1254A5370254A13780133137009B078
:10E63000F0BDFFF73BFFAFE7214B296818000293BD
:10E6400002F076FE029802F0D9FD3378022BB8D0A2
:10E65000039B1B78002BB4D1C3E7174A53700422E5
:10E660000F4B5A702378002B01D1013323701023F4
:10E67000227813432370B4E7F3120020B875010821
:10E6800036010020DC10002030130020500E002046
:10E69000D80E0020F00E0020D40E0020980E00208E
:10E6A000540E0020580F00205A0F0020590F002050
:10E6B000E5100020600F0020600E0020670F002092
:10E6C000DC0E002070B5194802F006FE0022184B3F
:10E6D000184C1A70184B194D1B782370184BDB7FA0
:10E6E000E3702B002D331B7862822374154B1B784B
:10E6F0006374154B1A78154B002A13D1A2681A704F
:10E70000134B1B78022B02D1124B9B6B9847124B79
:10E710002100124A1878FEF783FDE968A07CFFF714
:10E72000B9FE70BD1B78A360EAE7C046F00E00207A
:10E73000510E0020C00E00205A0F0020A00F002014
:10E74000A20F0020F1120020B40B0020B50B002016
:10E75000F3120020B875010830130020780E002055
:10E7600010B5184C2378022B1ED0174B5B6B9847C3
:10E77000164A174B11781B78164A002917D1002B1F
:10E7800002D0154B0331597003235370134B186893
:10E7900002F0E5FD124B1B68984204D31023114A86
:10E7A00011780B43137010BDFFF780FEE0E7002BDC
:10E7B00002D00421084B5970042353702378022B94
:10E7C000ECD1F0E7F3120020B8750108510E0020DB
:10E7D000DC100020540E0020600E0020600F00208E
:10E7E000D40E0020500E002010B5184B1B78022BC1
:10E7F0001ED0174B5B6B9847164A174B11781B7846
:10E80000164A002917D1002B02D0154B053159703B
:10E8100005235370134B186802F0A1FD124B1B68BF
:10E82000984204D31023114A11780B43137010BD82
:10E83000FFF73CFEE0E7002B02D00621084B5970A1
:10E8400006235370094A0A331178EEE7F3120020C9
:10E85000B8750108510E0020DC100020540E002075
:10E86000600E0020600F0020D40E0020500E00200B
:10E87000F0B58FB00793002307000C0004920393B8
:10E88000049B9C4201D30FB0F0BD385D651C02387B
:10E89000EDB20828F7D8F1F727FC09001900EA00C3
:10E8A000080150017501E901100244020122D54B13
:10E8B0001A700022D44B5A707A5DE51C02341A7229
:10E8C000E4B23A5DEDB25A722C00D9E700230B2670
:10E8D00006AA53729372B61809AA33701370039B79
:10E8E000002B00D094E06B1EFB180B93049B0BA92C
:10E8F0001C1BC64B0C711B78C54C8B71C54B06A8F5
:10E900001B784B716378CB7123780B72631CDB7FB0
:10E910004B72C14B1B7801929C460A2306AA9B1896
:10E920000922009612186046FEF793FCC343059037
:10E930005B074BD10122B34B1A7006AB5B7AB74A27
:10E94000637006AB9B7A127823703378934201D9B7
:10E9500013003270B24AD377B24C200002F08EFD21
:10E960000028F9D1B04B1B78002B66D0AF4802F0DD
:10E9700085FD0028FAD1AE4B1A78012A00D1187013
:10E98000AC4B1B78002B46D10923002106AA9B180B
:10E990005956A94802F072FD0028F5D10A2300213A
:10E9A00006AA9B185956A54802F068FD0028F5D123
:10E9B0000B2306AA9B181978A14802F05FFD0028D6
:10E9C000F6D1200002F05AFD0028FAD109AB1C78DC
:10E9D00005212000F1F792FB9A4AC3B211788022F8
:10E9E0005242521AD2B2013A944600220693964BF2
:10E9F00096481B78069991422AD1039A002A04D09E
:10EA00000121934A1170904A1370013C2D19EDB207
:10EA10000123039358E70923002106AA9B1859569E
:10EA20008C4802F02BFD0028F5D1200002F026FDD5
:10EA30000028FAD17F4B1870C8E7874802F01EFD06
:10EA40000028FAD1200002F019FD0028FAD1BDE714
:10EA5000634509DA0326591CC654059EC9B24654BB
:10EA600001210233DBB203910132D2B2C2E70122AB
:10EA70001000644B1A70795D784B88401970784BA0
:10EA80001880704B70481D7880235B425B1B0178B7
:10EA9000DBB28B4206D98B18037004206B4B5854A1
:10EAA0006B4B1A700234E5B20EE707217B5D0BAEAB
:10EAB0001A090A4072700F2213403370221DE31CA2
:10EAC000DBB2D2B2FB5CBA5C651D023412041B02DD
:10EAD000E4B213433A5D31001343642253430C9371
:10EAE0004D4BEDB21878FEF7C4FB07230340072B0C
:10EAF0000BD10122434B31781A705A4A444B1170A2
:10EB00000C9A5A6272780233DA774E4A4E49147878
:10EB100080225242121BD2B20B78013A934200DBA0
:10EB2000D2E60524494AD4549C1C0133DBB20C7054
:10EB3000D0540122464B1A70C6E60122314BFE200A
:10EB40001A70494B1B68002B03D01B68002B00D0A8
:10EB500098473C4A3C49147880225242121BD2B258
:10EB60000B78023A934200DBAEE60624374AD454CF
:10EB70005C1CE4B21055D81C087002330799DBB254
:10EB8000D154D6E701221F4B211D1A70E21CD2B2CC
:10EB9000C9B2BA5C795C120209041143A21CD2B258
:10EBA000BA5C7B5D114364224A430B920022A51D8F
:10EBB0000534E4B20C9209AE3A5D33710BAB1A72B4
:10EBC0000993FDF73FFAEDB20321002805D1124B5E
:10EBD00031001878FEF757FB01001A4A1A481478DA
:10EBE00080225242121BD2B20378013A934200DBD8
:10EBF0006AE60724154AD4549C1C01330470DBB226
:10EC0000BEE7C04636070020540E0020E410002066
:10EC1000A00F0020CC0F0020301300202707002079
:10EC2000A10F0020836A0108B70B0020FD720108C4
:10EC3000370100203D1300200C73010827730108E1
:10EC40003E730108D8100020D91000205810002071
:10EC5000DA100020537301088F730108660F00203B
:10EC6000640F0020C80F0020340F00200121464B04
:10EC700019700F237A5D1A40131C002A00D10B1C57
:10EC8000DAB2FA23FA219B005343404A8900136108
:10EC90005B1853613E4B3F49187880235B421B1A37
:10ECA0000A78DBB2934200D8FCE6531C0B700821B3
:10ECB000394B99540122394BF3E60234E3B2059300
:10ECC0007B5D0BAD9A06D20F6A70DA06D20F2A70FE
:10ECD0000F221340AB70324B29001878FEF7DDFA93
:10ECE00001301CD00126284B284C1E702B88A38590
:10ECF000AA782C4B985C03F071FE254B20631878A2
:10ED0000802324495B421B1A0A78DBB2934206D95E
:10ED100093190B700921204B9954204B1E70059DAF
:10ED2000D2E50126184B0BA91E707B5D221D0B70CE
:10ED3000E31CDBB2D2B2FB5CBA5C651D02341B0281
:10ED4000E4B212041A433B5DEDB21A436423534309
:10ED50004B60134B1878FEF7AAFA0D4A0D49147848
:10ED600080225242121B0B78D2B29A4200D8ABE5F5
:10ED70000A24094AD4549C1C9B19DBB2D054074B7B
:10ED80000C701E70A0E5C04636070020A00F0020C2
:10ED9000D8100020D910002058100020DA100020D0
:10EDA00030130020507C0108F0B50E000021070050
:10EDB000C14C95B0DBB208932374C04BC0481B789C
:10EDC00001716374BF4B11915B6BE2816180617172
:10EDD000A160A181A174616121709847BA4802F0D5
:10EDE0007BFA3B78580901380A93062800D971E26A
:10EDF000F1F77AF907007002AE007002AE007002FF
:10EE00005F02B24B04931B78002B08D00123637080
:10EE1000FFF718FB0122AE4B1A7015B0F0BDAD4DD7
:10EE2000AD4B711E781C2A6889B2059301F07EFFF4
:10EE3000AA4C0A9B311F2A68237089B211AB2000AB
:10EE400001F04CFFA219D31E911E1B7809781B02FA
:10EE500009040B43111F013A097812780B4312067B
:10EE60001343119A9E4F9A426FD19E499E4A9F4BDF
:10EE7000128800912868059901F07AFF6379A179D9
:10EE80001B0209040B432179994A0B431360237A2F
:10EE9000E2791B021343627A964912041A43A37A59
:10EEA000954D1B0613430B60E37A94495A06520FA3
:10EEB000CA770F212A000B4028321370227B0A40A8
:10EEC000131C002A00D10123DAB2FA239B0053431A
:10EED000FA2292002B619B186B61894B12AC113E98
:10EEE00012932671FDF7AEF8002804D1854B21005E
:10EEF0001878FEF76BF90023049A7B7001331370C6
:10EF0000814B1B78002B1CD0804B5B786B70804B47
:10EF10001B78002B00D0E4E17E4B1B78022B02D142
:10EF20007D4802F0D9F910237C4A7D4C11782000ED
:10EF30000B430121137002F0FBF9200002F05EF98F
:10EF40006BE7FDF743FA6870E1E707237B70DEE7C4
:10EF5000744B10A91B788B7023794B70724B1B7804
:10EF60000D330B70674B1878FEF70CF932000D3A31
:10EF7000131C120400D500231BB2834200D945E7BD
:10EF8000BA787B7812021A43FB781B0413433A7950
:10EF900012061A43574B05921B68934261D0634B8C
:10EFA0001D68002D01D10B2331E72B68059A934290
:10EFB00055D12B1D099310330D9301236C6A0B93CC
:10EFC0007B79BA1906931B071B0F911E0C93D31E56
:10EFD0001B7809781B0209040B43111F013A0978B9
:10EFE00012780B4312061A43FB790E92BA791B0270
:10EFF00013431B1B9AB2311F0F9218B289B211AA88
:10F000001B043CD40F9B02921B190124099A049300
:10F0100001933800059B009401F096FD119B0E9A18
:10F020000794934205D0424B1B78002B23D1002339
:10F0300007933F4B1B78002B00D07DE015330CAAC3
:10F040001374304B10A91878FEF79CF80F9B83427D
:10F0500072D30A22184B5A70049A5A61D8E6AD6AE4
:10F060009FE7344B00251C6800230B931D4B0D9329
:10F070001E4B0993A4E700222E4B1A60D7E780238A
:10F080005B02E3181B18049301930123029200937F
:10F09000099A059B380001F057FD0122119B079248
:10F0A0000E9A9342C5D0224B1B78002B02D000222F
:10F0B000204B1A600494BAE7740E0020510E002011
:10F0C000600E0020B8750108DC0E0020E51000205D
:10F0D0003B13002024130020F1100020F01000202A
:10F0E000540E0020021300200013002012130020F1
:10F0F000FC120020F8120020A00F0020A20F002018
:10F10000FD10002030130020E4100020680F0020C4
:10F11000DC100020F3120020980E0020500E00207A
:10F120003C0F0020CD0F0020F1120020F41200202F
:10F13000800D0020E8100020079A704B002A00D1B3
:10F14000B5E0012000246E4A5C7010700B9A9C6040
:10F150009A70069A1C73D206D20F5A71049A5A6199
:10F16000684A5470684A1460684A14700B9A824264
:10F1700049D102221A706B6A049A934205D1A242C5
:10F1800003D008225D4B5A7042E60024049B6B6258
:10F190005C490A78012A55D1069B9B060AD50020B6
:10F1A0005B4B1870069B9B06DB0F0B7153498B74EE
:10F1B000584B1A700F2306990C9A19400832331FC6
:10F1C000069193426CDD0C9DBB5C09354B49761B67
:10F1D000043EF6B2CB70002B47D1069A002A34D1F8
:10F1E000049B7819019301234B4D3100099A009338
:10F1F0000295059B01F064FD32002800089B0699EA
:10F20000FFF736FB25E01F210A9D444A8D43290064
:10F210001268434DA0290DD114001870631E9C4143
:10F22000049B28709A1A53425A4114403B4B049A4B
:10F230001A60ADE71C70049B2C709342F6D1002B32
:10F24000F4D09EE70022324BB3E72E4A8B74137141
:10F25000079CA30002240621324A1C4313001278A3
:10F260000C408A4314431C7051E6069B002B04D0CB
:10F2700008213800089BFFF7FBFA78190125049B49
:10F28000254F01933100059B0D9A0297009501F0DF
:10F2900017FD002CDCD1194B9F601E735D73D8E7FE
:10F2A000069B002BD5D008213800089BA8E70C222C
:10F2B00069E7194D3200791C280002F084F8032315
:10F2C0002380731E23730223164AA56011780B4313
:10F2D00013701CE601256570FFF7B4F8124B1D7022
:10F2E00015E6084B1B79002B00D019E60F4A104B8E
:10F2F00012781B789A4200D815E611E6740E0020A9
:10F300002C070020600E0020E0100020D810002004
:10F31000D91000203E130020F0100020E81000203B
:10F32000DB100020500E00203B1300203401002091
:10F3300035010020174B70B51B78002B28D01648DC
:10F3400002F09CF80028FAD1144802F097F800283F
:10F35000FAD10725124C1348E17A0909294002F035
:10F360008DF80028F6D10F25E17A0F48294002F0E8
:10F3700085F80028F8D10D4C0D48216902F07EF87F
:10F380000028F8D10B48616902F078F80028F9D11B
:10F3900070BDC046B70B0020836A0108A77301083F
:10F3A000F0100020B6730108C7730108A00F0020F9
:10F3B000D8730108EF730108F0B58FB0059314AB53
:10F3C00006921A8800230D00BD4CBE490A930B70AB
:10F3D0002380059BBC4E591E8B4101785B423170E6
:10F3E000BA4F00781A40D3B23B704009072800D9C1
:10F3F00064E1F0F779FE080063014A006301470009
:10F4000063016301540101232380B14B0822196871
:10F41000B04801F0E1FF2088AF4B083080B2196896
:10F4200008222080301801F0D7FF2388083323807A
:10F43000AA4BDB699847AA4B82B21A802388120A2A
:10F44000F054991C01339BB2F254A64A89B23000A1
:10F45000126821800AABC9B201F040FC23880A9AE5
:10F46000591C100A89B2F2547054991C89B2100CBC
:10F470007054191D03339BB2120E2180F2540020E8
:10F480000FB0F0BD01228F4B1A70974B07201B78ED
:10F49000002BF5D02B78954EC3400BA94B703368E9
:10F4A00001244B60924B0C701A88924852BA0A8120
:10F4B0001A002C32127800788A728F4A0096FDF773
:10F4C00096FE4022204083012878904318438B4BBE
:10F4D00028701A78002A05D000221A702023C2B2A0
:10F4E00013432B70864B784C07931B68854E1A0A82
:10F4F0006370A2701A0C1B0EE27023712B78824F7E
:10F500006371824B307808931B683A78A3711B0AA9
:10F51000E3717F4B7F49C018099301F054FF3278A3
:10F520003B780599D218D2B27B4B3270002900D1BA
:10F5300080E06649097800297CD01B780826002BDA
:10F5400013D00F2A7CD80F202B781907090F5118D8
:10F55000014083430B432B70637100236F4899B2C2
:10F560008A4262D816000836F6B200216A4B684813
:10F5700019700B00674F09909A4269D8624B197055
:10F58000002902D00122644B1A70059B002B1AD06F
:10F590004E4B1978002916D05C4A751C584B1068E0
:10F5A000069F494AEDB297551B68AE18002F71D1DE
:10F5B000544A177001903800594A029600900598F5
:10F5C00001F004FB2E00574B404A1B78012B03D05F
:10F5D000554B1B78012B0AD1544B06991970544B8B
:10F5E00011781970534B05991E70534B196011789F
:10F5F000334D71180AAB29800293089B20001B68C9
:10F60000474A019300230093079B1B6801F09CFA73
:10F610000A9B2A88190AA354A41861700432190C91
:10F620001B0EA170E3702A8029E70999C95CC154B7
:10F63000013394E70826002A97D01B78002B94D03A
:10F64000224B08261A7000230693314B05938CE752
:10F650000998C55CE81E07280FD8F0F731FD190E90
:10F66000041619110E047D540133294DDBB2481CD8
:10F67000ED5CC0B20231C9B23D540133DBB27BE76D
:10F680000825481C7D54C1B2F7E70233DBB2F4E72A
:10F690000133FBE70190294A002002968EE7059985
:10F6A000002900D1EBE6002B00D1E8E60948D2B2F0
:10F6B00001F089FE3B7801332380E0E60220DFE69B
:10F6C000F0110020DC100020F2110020EF110020CA
:10F6D00028130020F31100202C130020B875010816
:10F6E0000013002024130020E5100020E01000206B
:10F6F000A00F002030130020A10F0020DB100020FD
:10F70000F8120020D9100020D8100020EC100020A2
:10F7100058100020D80F0020DA100020FA11002025
:10F7200012130020280700202A0700203A13002087
:10F730003913002038130020341300200213002056
:10F74000F0B587B06B46DF1D002302AC344D3B7033
:10F7500020706B7863702B78A3702B6B63606B6B7E
:10F76000A360304B1B88A381F0F7A6FF2E4B1B78BC
:10F77000002B43D001F0EDFD060031002B4801F0D5
:10F780007DFE0028F9D12A4B2A48196801F076FE3F
:10F79000294E2A4B21003A0018783300FDF74CFD22
:10F7A0000121274A274B517059706978264C917076
:10F7B00039782000D170316859609160FA21890050
:10F7C00001F0B6FD200001F019FD204B1B78002B45
:10F7D00003D11F4A13780133137000241D4B1E48B8
:10F7E0001C70104B19781D4B1B6B98470123200090
:10F7F0001B4A11680B43136007B0F0BD194E3378F4
:10F80000002B06D1184801F039FE0028FAD1012357
:10F810003370164801F032FE0028FAD1B3E7C04633
:10F82000A00F0020F0110020B70B00200674010883
:10F83000EC10002038740108900E002030130020D6
:10F84000600E0020540E00203C0F0020E510002028
:10F850008D0E00202B070020F2110020B875010842
:10F86000500F00203C1300200E740108836A010829
:10F870000023F0B589B004935F4B1A780923FF2A5F
:10F8800000D1A5E05D4E002A00D132605C4A5D4B9C
:10F890005D4F1B780392127805AD2A70EB703A78B1
:10F8A0005A4BAA70186801F05AFD594C68602368D9
:10F8B0002900AB60574B1B786B70574B1878FDF7DE
:10F8C0000AFD564B1A882368013A53433268544C58
:10F8D0009B180593336063782B723B78AB72039B64
:10F8E0001B786B724F4B1B686B604F4B4A4F0393F7
:10F8F00038782900039A009604ABFDF7F3FC002842
:10F9000036D021000122A31C3D78DB7F2D31280059
:10F91000A25609785BB2FDF7FAFC444E227A0096B3
:10F9200041B263682800FDF770FC2821404D38780B
:10F93000227A615600956368FDF767FC304F3B788B
:10F94000002B1CD1F168A3693A4A5B181360E9687F
:10F95000E369394A5B181360384B04991B78002B14
:10F9600047D0002937D1304B1878FFF7E9FE2EE059
:10F97000334B2B4A5B785BB253702B72B5E7012196
:10F98000304B61561A78304B1878FEF711FD08237A
:10F9900000281DD0F1682369264A5B181360E968C6
:10F9A0006369254A5B1813603B780499002BD3D018
:10F9B000039B0029D8D01023244A254C1068034308
:10F9C0001360200001F0B4FC200001F017FC0023BC
:10F9D000180009B0F0BD10231C4A1D4C10680343E9
:10F9E00013601C4B1A881C4B53439942E9D81900E9
:10F9F000E7E70029B7D0DEE7660F00205C0F0020A4
:10FA0000E5100020590F00205B0F0020540F00204C
:10FA1000900E0020580F002030130020640F0020AB
:10FA2000A00F0020600F00205A0F0020C00E002001
:10FA3000AC0E0020D80E0020D40E00203707002086
:10FA4000680F0020D9100020EF110020500F002077
:10FA5000040F00206800002060EA000030B50C00B0
:10FA60000A4D85B02D7803A9ED010D7000931300A8
:10FA70002200FFF7A1FC002806D1054A054B1268B9
:10FA80009880DA60FFF7F4FE05B030BDE410002086
:10FA9000EC100020600E002010B5174886B001F071
:10FAA0001BFC1021154A13688B431360144B1B7801
:10FAB0001B071CD5134B1C78002C18D1FEF70AFC31
:10FAC000114B05A91B7801330B80104B1878FDF7FB
:10FAD000F8FB0F4B04A958700E4B03A81B78047059
:10FAE000DB010B70220023000094FFF765FCFFF799
:10FAF000BFFE06B010BDC046040F0020500F00200E
:10FB0000500E0020540E00208D0E002030130020D7
:10FB1000A00F0020E4100020F0B5934B8BB018002C
:10FB2000059301F0D9FB914C2178CB066BD5904B16
:10FB30001A68500602D5412082431A6009200E003F
:10FB400000220640014213D08A484578022D03D096
:10FB5000894D6D78022D0BD1012200271D68077198
:10FB600095431D60854D87602F70854D2D784571BB
:10FB700084480078002824D1002A22D1002E20D0E9
:10FB8000080700D47CE07C480578002D00D077E0A1
:10FB90007D49097881724078002808D17B490A6044
:10FBA0007B490A7001211A688A431A6009E0794A80
:10FBB00012788A42F6D91022237893432370FFF7F4
:10FBC0006BFF22786A4D744B920700D408E16C4AAF
:10FBD0001178684A1079002804D17048007888426A
:10FBE00000D3FDE000201870664B18706C4B1B783A
:10FBF000834203D1654803680133036051710122D8
:10FC00002B6893432B600221594A13680B4201D0A1
:10FC10008B431360002B00D0A0E1012523782B42F9
:10FC200007D0604B53481B681B6898472378AB4349
:10FC30002370082523782B4207D05A4B4E481B6867
:10FC40009B6898472378AB43237010222378934313
:10FC5000237023789B0711D5534B1B78022B01D1BE
:10FC6000FEF724FC23785B0704D44E4B4F481B68F7
:10FC70005B68984706222378934323700BB0F0BD4E
:10FC8000022243480A404A49CD7F01788D4251D92A
:10FC9000002A57D1474B1B78012B00D08BE7404BF4
:10FCA0001F78002F00D086E7384E434A3568099701
:10FCB00001352B0AD371414B95711868404B356063
:10FCC0001978404B1B6806933F4B1B789C461300EA
:10FCD0003E4A6344079313789C46002B3ED1274A43
:10FCE0001370079B3A4A0293634601950093069B63
:10FCF00000F06CFF374D09AF2988029736682E480F
:10FD000001960026009606002E4B0439304A1B68E7
:10FD100089B200F019FF2888099B3018021F137060
:10FD2000190AC21E1170821E190C01381B0E1170A7
:10FD3000037040E7002A05D110490A7026490A6875
:10FD400001320A6000220270154A1278002A00D09F
:10FD500028E70E490A6801320A6023E7079B1F4A19
:10FD6000029301950097C2E73C0F0020500E00203F
:10FD7000500F0020600E0020540E0020D9100020EB
:10FD800034010020DC1000208D0E0020EC1000203B
:10FD9000670F00208C0E0020940E002035010020FB
:10FDA000E6100020380F0020F3120020740E00200F
:10FDB000A10F002028070020F2110020341300209A
:10FDC00039130020F8120020381300203A130020C5
:10FDD00012130020F0110020E01000200213002078
:10FDE0001A78002A00D10EE7296810220800104076
:10FDF000114200D007E75E4E5E4A187012783378E1
:10FE00009A4200D88FE0082B00D98CE00133337080
:10FE1000594B1B78012B47D1584B1A78584B002A65
:10FE200002D11A6801321A60002294461E680992B3
:10FE3000544A554D330A1278EB71544B52191868D5
:10FE40000692534B534A19781778534BAE711B687F
:10FE5000674544D1514A1770514A01960792069A54
:10FE600000970292079A00F0B1FE4E4E09A8318821
:10FE700002904348484B00680439019000200090EC
:10FE8000474A28001B6889B200F05EFE3288099B51
:10FE9000AD182A1F1370190AEA1E1170AA1E190C38
:10FEA000013D1B0E11702B70314E3378DB070DD5E1
:10FEB000242309A90B703C4B3C4D1B788B706B784D
:10FEC0004B703B4B1878FDF75DF96870FFF7D0FC7D
:10FED00000280BD1102223789343237093E60196D8
:10FEE0006646069F334A02970096BCE70922324BCA
:10FEF0002A485A70002202700120304D1A71296878
:10FF0000814329602E490A7032785A71274A527803
:10FF10009A701A4B1B78002B00D074E6184A1368AD
:10FF20001B1813606FE6224B01211878FDF73BF98F
:10FF300001222B6893432B600023184A1370204A38
:10FF400013701D4A1371337853710C4B1B78002BBF
:10FF500000D058E60A4A13680133E2E7FA2105980F
:10FF6000890001F0E5F9059801F048F971E6C0460D
:10FF700034010020350100202A070020E61000206F
:10FF8000EC10002038130020F21100203413002060
:10FF9000391300203A130020F8120020D910002055
:10FFA00012130020F0110020CC0F0020A00F002021
:10FFB0003013002002130020600E0020500F00209C
:10FFC000DC1000201FB56946104B1B780B70104BDE
:10FFD0005A7888814A701A788A701A6B5B6B019222
:10FFE00002930C4B1878FDF78BF9FA210A4C890023
:10FFF000200001F09DF9200001F000F9012300200C
:020000040801F1
:10000000064A11680B43136004B010BD5A0F00205C
:10001000A00F0020301300203C0F0020500F0020C4
:100020000300080051B20A4A10B5546C1A00A047E8
:10003000FA21084C8900200001F07AF9200001F033
:10004000DDF80123044A002011680B43136010BD42
:10005000B87501083C0F0020500F0020F7B50600CE
:100060000F0014000325002800D10CE10368002BC9
:1000700000D108E14368002B00D104E18368002B24
:1000800000D100E11000FDF778F80735002800D115
:10009000F9E000257D4B6A461E607D4B7D4E1F605A
:1000A00001277D4B20001D707C4B01A91D707C4BEE
:1000B00034701D607B4B1D707B4B1F707B4B1D7024
:1000C0007B4B1D607B4B1D600F231371FDF75AF8AE
:1000D000421E9041784B0A2218706B4601A9307875
:1000E0001A71FDF74FF86B460621744C197101AB7C
:1000F000190020703078FDF745F8102360706846CD
:10010000037101AB19003078FDF73CF81123E06072
:100110006846037101AB19003078FDF733F81223FC
:1001200020616846037101AB19003078FDF72AF8A9
:10013000132360616846037101AB19003078FDF745
:1001400021F81423A0616846037101AB19003078CF
:10015000FDF718F81723E0616846037101AB190039
:100160003078FDF70FF8A31CD87718236846037181
:1001700001AB19003078FDF705F819236062684675
:10018000037101AB19003078FCF7FCFF2300283322
:1001900018701E236846037101AB19003078FCF714
:1001A000F1FF23002C3318701F236846037101AB45
:1001B00019003078FCF7E6FF23002D331870202358
:1001C0006846037101AB19003078FCF7DBFF21238F
:1001D00020636846037101AB19003078FCF7D2FF49
:1001E000290060633078FCF7DEFF0A220621E3195C
:1001F000DF77334B62605A60E2681972DA60226915
:1002000021721A6162695A61A2699A61E269DA61CE
:10021000DB19DF77FEF75EF82A4C2B49200000F04F
:10022000E5FFFA212000890001F082F827492848DB
:1002300000F0DCFF2749284800F0D8FF274928486C
:1002400000F0D4FF2749284800F0D0FF01F081F8E2
:10025000264B274C18602748274B0360274B8360A9
:10026000274B0361274B4360274BC360A368984724
:10027000E369984701F096F8244B38001F70236E0D
:100280009847636B98472800FEBDC046380F002092
:10029000340F002030130020500E0020F3120020F5
:1002A000500F00208D0E00208C0E0020F112002037
:1002B000600F00205C0F00205B0F0020680F002003
:1002C000A00F00203C0F002019FB000899FA00083D
:1002D000040F0020C5E60008F00E0020ADE4000881
:1002E000DC0E0020F9E30008980E0020540F0020D7
:1002F000B8750108180F002081E50008A9ED000875
:10030000E9E7000841E5000861E70008F212002073
:10031000F0B5344A8FB0079053780D0006A98B735F
:100320000F2312785B181A702F4A032004922F4A69
:100330000592049A1478059A1278A418E4B2002D54
:100340003CD000272A4A0BA912782A4E4A702A4A22
:100350000F709446126806A84A6032882C3652BA4A
:100360000A8132788A72254A06921278039262468E
:1003700000920E2212180398FCF739FF33780AA96D
:100380008B7006AB9B7B4B701D4B1B780D330B703A
:10039000069B1878FCF7F6FEC0B26870A0420FD337
:1003A000001B28700E23002106AA9B185956220014
:1003B0000798FDF7FDFF031E09D000200FB0F0BD28
:1003C000049B3C001F70059B28701F70EAE70D4AD4
:1003D00008201278002AF1D0034A1370034A1370E0
:1003E000EBE7C046680F0020D9100020D81000208D
:1003F000E4100020A00F0020E010002030130020A7
:10040000F11200207F0D002013B50323041E18D025
:100410000078013B1D2814D8EFF752FE0F1517196D
:100420001C1E2123252731363B393D404346494C8C
:100430004F525654585A5C5E61642C4B1B782371A2
:100440000023180016BD2A4BF8E72A4BF6E72A4B83
:100450001B6802E0294BFBE7294B6360F0E7294B5F
:10046000FBE7294BEAE7294BE8E71D236A461371AE
:10047000274B01A91878FCF785FE6060E0E7254B63
:10048000043406CB06C4DBE7234B0434F9E71B2313
:10049000ECE71A23EAE7214BDB7FD0E7204BDB6850
:1004A000DBE71F4B1B69D8E71D4B5B69D5E71C4B8E
:1004B0009B69D2E71A4BDB69CFE71A4B5B78BEE743
:1004C000174BFBE7174BB9E7154BB7E7164BBFE7E1
:1004D000164BBDE7164BBBE7114B5B68BDE7104BF6
:1004E0001B7AACE70E4B5B6B6360A9E7F31200204D
:1004F000E5100020E4100020FC120020F81200207B
:100500001213002002130020F2120020F11200202A
:1005100030130020C40F00208C0F0020A10F0020FA
:10052000A00F0020680F0020EC100020E810002031
:10053000F4120020F0B5040085B0002803D1032395
:10054000180005B0F0BD01229D4B1968130011423F
:10055000F6D100781D2800D92FE1EFF7C5FD1E0068
:100560003100350037003B003D0045004A00510096
:100570002E0153009600B700A900BB00C300C700BE
:10058000CB00CF00D300D700E7000401F5001A012B
:100590001C012E011E0124012A012379894A1370AE
:1005A000002B03D0022B05D00023C9E7864B5B6BE1
:1005B0009847F9E70022854B1A70FDF777FFF3E7BC
:1005C000834B22791A70EFE7824BFAE7824B62681D
:1005D0001A60E9E7814BFAE7616881480029AED0EB
:1005E000102200F0F0FEDFE761680029A7D07D4807
:1005F000F6E720797C4B1870734B1B6E9847D3E756
:100600007A4BDEE7237A02A9794F0B703B78794E5B
:10061000072230784B70784DFCF7CCFD002801D1D3
:100620000B238DE72B000434243306CC06C3654B23
:100630001B78022BB8D1664B1B78002BB4D0282135
:100640006E4C2A7A6956307800946B68FCF7DDFDB1
:100650006B4B21001B786B4A23706B6A30786360A8
:100660003B782374614B1B7863740223FF336382EE
:10067000FCF7D6FD0C23002800D161E7A07CE968D7
:10068000FDF708FF604BE27C9CE7237A02A90B7020
:10069000574B07221B784B70564B1878FCF78AFD96
:1006A000002800D14BE7594B043406CC06C37BE746
:1006B0006368029301236A4613734E4B02A91878AC
:1006C000FCF78BFD002800D06EE738E763680293E3
:1006D0000023F0E723795A1E0E2A00D92FE74C4A4F
:1006E000D37761E7444B6268DA605DE7424B62684A
:1006F0001A6159E7404B62685A6155E73E4B6268A0
:100700009A6151E73C4B6268DA614DE7237902ADAB
:100710002B70384B062218782900FCF74BFD3D4B17
:10072000002800D10BE72A785A703DE7237902AD03
:100730002B70304B052229001878FCF73BFD002870
:1007400000D16DE72C4BEEE7237902AD2B70294BDE
:100750000A2229001878FCF72DFD002800D1EEE6CA
:100760002C4B2A782EE7237902AD2B70214B0922DE
:1007700018782900FCF71EFD0023EB56002802D054
:100780001D4A137010E71A00283AD2B20A2AF7D984
:1007900046E7214B1BE7214B19E763681D4A53606D
:1007A000154A536000E723791A4A1372124A1372EA
:1007B000FAE6114B62685A63F6E60223C0E6C046C9
:1007C000500F0020F3120020B8750108DC10002043
:1007D000E5100020E4100020FC120020F812002098
:1007E0001213002002130020F2120020F112002048
:1007F000CD0F002030130020A00F0020AC0E0020F1
:100800005A0F0020780E0020510E00208C0F00207F
:10081000A10F0020680F0020EC100020E81000203D
:10082000F0B5040085B0002802D1032005B0F0BD6A
:10083000554E01273368190039403B4201D0012051
:10084000F4E7524D0C22280000F0D2FD6F702078A2
:10085000032800D995E0EFF733FC02627C87326809
:100860001023110019401A42E9D1494B1A78002A85
:1008700004D01970474B1878FCF795FC6368002B7F
:10088000D3D0A368002BD0D0E368002BCDD0237C3D
:10089000002BCAD03F4E02A9222230780B70FCF701
:1008A00089FC002807D123236A46307803A91373F3
:1008B000FCF768FC20740823374A11780B43137047
:1008C000237862682B70354B1A60A268344B1A602B
:1008D000E268344B1A60227C0024334B1A70334B8D
:1008E0001C706B461C70FDF7F5FC01236A4601A9DC
:1008F00030789380FCF7E5FC2D4B220058702100E6
:1009000023006846FFF7AAF8A04220D00022082161
:10091000284B1A70204A13788B43137086E70823FC
:100920001D4A254C11780B4301211370234B29706C
:100930001D7880235B425B1B2278DBB29342E5D9B2
:100940000220531823701E4B98541E4B1970002020
:100950006CE70223104A2B70117806330B43137097
:10096000A088FFF72FFBF2E703230B4A2B701178C7
:1009700005330B431370227BA088A168FFF750FB5F
:10098000E5E70220C2E7C046500F0020540E0020C9
:100990003807002030130020500E00202C130020B8
:1009A00028130020241300208C0E00208D0E002020
:1009B000A00F0020DC100020D9100020D81000204B
:1009C00058100020DA1000200023F0B589B0040090
:1009D00002930093984203D10325280009B0F0BD8B
:1009E000464B01251A6811231100194001911A4242
:1009F000F3D10023424F19001422380005AE3370A2
:100A000000F0F6FC3F4B7D701D702378AB424DD05B
:100A1000032B5FD000270197BB4211D13A4B3278AC
:100A20001D701F231A4021331343337023792F0085
:100A30000193A3680393A38902930E23E3560093C3
:100A4000022506A9314B0D701B78314E8B70314B4E
:100A50001878FCF797FB002FBFD02F4B1B78002B8B
:100A600013D1009B984200D21800330007AD2870C4
:100A70002C331B780522AB70264B29001878FCF725
:100A800099FB0028A8D02B787370029B039A0199D8
:100A900005A8FEF7E3FF051E2CD12278184B1A702B
:100AA00001231E4A11780B43137096E7E17B164A27
:100AB0001F0011701F22317811409F3A0A43327093
:100AC00022790192A2680392A28902920E22A25672
:100AD0000092B5E70C4B32781D7020235B42134324
:100AE000337063682F000393238902930A23E3562C
:100AF0000093A5E700220A4B1A706EE7500F002002
:100B0000600E00203401002035010020CC0F0020B1
:100B1000A00F002030130020E4100020500E002011
:100B2000DC10002013B5064B01A9040008700F2249
:100B30001878FCF73FFB002801D0024B1C7013BD56
:100B4000301300205B0F0020F7B50D000700019265
:100B500008AA1B4C1178099A6171190A194EA371E0
:100B6000E171190C1B0E6372130A3000A272E3725A
:100B7000130C120E23736273E573217201F0BCF83B
:100B80003000019901F0C8F830002100102201F076
:100B9000CAF8EAB23900300001F0C5F80A4C310059
:100BA000200001F021F9637822781B021343A27818
:100BB00012041A43E3781B0613430A9A1360F7BD25
:100BC000480100204013002059150020F0B585B0E1
:100BD0001D000AAB1B7800240393354B0B9E1B783A
:100BE000009001910292012B46D0324FF022210059
:100BF000380000F0FDFB3A001021029800F03AFEA8
:100C00002D4B039A9D715A712A0ADA712A0C1A72B5
:100C1000320A9E72DA722D0E320C360E5E735D72DF
:100C20001A73019B1E09E3B21D01EDB2B44228D133
:100C300010235B426343019AD518ADB2002D1ED03C
:100C40001E4E1D48631C31001A4AC37300F096FE05
:100C50002401E4B22D19009B32781B5D013653400C
:100C60000C9A13550134AC42F5D108E0009B0C9A64
:100C70001B5D13550134E4B2019B9C42F6D305B0D1
:100C8000F0BD0E4F0C480B4A01333900C37300F01E
:100C900075FE2A001032009B39785B5D01374B40AE
:100CA0000C994B5501359542F5D10134A4B2BAE700
:100CB000840D002058140020380100204915002020
:100CC00030B585B00A9D08AC24780295099D009442
:100CD0000195FFF77BFF05B030BD0000F7B50700B9
:100CE0000C001E000F4D0192280001F005F82800AD
:100CF000019901F011F839002800E2B201F013F86F
:100D0000094C2900200001F06FF8637822781B025B
:100D10001343A27812041A43E3781B06134333608B
:100D2000F7BDC0464013002059150020F7B51D003F
:100D300004000E4E0F00300000210192F02200F05E
:100D400057FB32001021019800F094FD3200290079
:100D5000200000F013FE0F2F06D9290020003200DA
:100D60001031103000F00AFEF7BDC04658140020C4
:100D7000F0B587B000936B460700234CDA800D0076
:100D80002000F02200219E1D00F032FB22001021E5
:100D9000380000F06FFD02A81022002100F028FBAF
:100DA0006A460123137208336B4429001800062297
:100DB00000F009FB0F236B4418003100022200F001
:100DC00002FB2200009902A800F0D8FD02A8102220
:100DD000002100F00DFB02276B461F7209236B44B4
:100DE00029001800062200F0EEFA0F236B441800C9
:100DF0003A00310000F0E7FA22000C9902A800F056
:100E0000BDFD07B0F0BDC0465814002030B587B016
:100E1000274800F033FB0028FAD1264B264D1A78DC
:100E2000002A22D018700323EB7002332B712B00A1
:100E3000F9331B786B712B00FA331B78AB710123EC
:100E40006B70E87801A9FFF763FA02AC00281AD0AA
:100E500000232370A360A381A373184800F0CEF988
:100E60002000FFF7B1FD07B030BD6B78012B02D039
:100E7000042BE6D1E3E70223EB702B00F6331B884B
:100E80005BBAAB80DDE70E4BE0201B78E9780D4ABA
:100E9000002B04D123702071A181A260DCE7012323
:100EA000237080231B012071A181A260E381D4E71C
:100EB00058740108641600206C1500206816002084
:100EC0006A15002070150020014B18787047C04645
:100ED0006C150020024A1388013313807047C04606
:100EE000621600200121054B054A11701A00017A93
:100EF000F9321170427AFA331A7070476C1500207B
:100F000064160020F0B56D4C050026780F008BB0FC
:100F1000002E50D1037B042B3ED183681A78012A1E
:100F20003AD15A78012A37D19A78012A34D1DB781C
:100F30000193012B30D1624B05AF1E702300F633B5
:100F40001E802300F8331E802300FA331E70022314
:100F50000132FF333A703800E2702380FFF754FA11
:100F60003A79584B38001A700222019B3A703B7153
:100F7000FFF7E0FA3000FFF7D5FD534800F0ACF979
:100F8000524E5349300000F031F93000514900F021
:100F9000CFF9300000F032F92378002B09D14B480B
:100FA00000F09AF9AB681B78002B02D1464800F09C
:100FB00025F90BB0F0BD8368187860700728EBD86E
:100FC000EFF77EF80415181D233138542200002352
:100FD000F63205A81380237002330370394B1B7857
:100FE0000371FFF7A7FA0120FFF79CFDD4E7022366
:100FF000E370D1E70122324B62701A70CCE7002215
:101000002F4B1A7001236370C6E70422287B2271DC
:101010000022314EE0700132D1B28842BCD9995CD5
:101020000131B154F7E7012302AA137305A8FFF7B2
:10103000F7FBB1E7254800F04FF9FA204000F8F738
:101040007BFE23000026F6331E80022302A80370D5
:101050001C4B26701B780371FFF76CFA02AB1E73F2
:1010600006AB07CF07C33A681A60DFE72A7B032A7B
:101070000CD1013A02A90A735A789B7805A81B0281
:1010800013435BBA0B82FFF7CBFBBBE7072AB9D14F
:1010900005A8043A02709A78597812020A4352BAA3
:1010A0008280DA781979120409020A4359790A43CD
:1010B00064214A4382609B790373E4E76C15002046
:1010C0006A1500206915002010070020681600200E
:1010D0000D0E0108701700007015002010B5F7F70D
:1010E000D5F910BD10B5EFF3108472B6002908D001
:1010F000012903D1054A13680343136084F3108860
:1011000010BD024A13688343F7E7C0467C160020EF
:1011100010B5EFF3108472B6002908D0012903D16D
:10112000054A13680343136084F3108810BD024A14
:1011300013688343F7E7C04680160020EFF310835F
:1011400072B60020054A1268824204D1044A10682F
:1011500042425041013083F31088704780160020CE
:101160007C16002070477047704700000B4B10B58D
:101170001B68002B04D0F9F70FF8FFF7F3FF10BD41
:10118000074B1B68002B04D0F8F7BCFFF8F7D6FF1D
:10119000F5E7FFF7E8FFFFF7E7FFF0E7801600202D
:1011A0007C16002070B50400F7F774F80123237251
:1011B00005002668F7F782F82818864203D2F7F769
:1011C0007DF82D1825602068F7F79EF870BD0000A7
:1011D000054A10B51368002B01D000211972036174
:1011E0001060FFF7DFFF10BD8416002000230360AE
:1011F00043600372C16003617047000070B5040072
:10120000EFF3108572B600280ED0154E3268130029
:10121000002B0CD1616823722160002A0BD1F7F7F3
:1012200049F92000FFF7D4FF85F3108870BD9C4278
:10123000FAD01B69ECE7F7F741F823683268C01869
:10124000206013689842ECD31369002B02D114611B
:101250002361E9E719688842F9D91A001B69F4E7A4
:1012600084160020F8B5F7F76FF90500F7F722F9B3
:10127000184C2268002A13D01300471B1B69002B4F
:1012800005D113692360D368002B08D1FEE71968E4
:101290000026B94201D949190E1A1E60EEE7984797
:1012A0002368002B03D1206800280CD1F8BD1D68ED
:1012B000F7F704F823688542F5D21A69DB682260E3
:1012C000002BECD1FEE7037A002BEFD1FFF76AFF8A
:1012D000ECE7C0468416002070B5EFF3108572B6B7
:1012E000124C2368002B01D0002802D185F310880E
:1012F00070BD1A00834213D11A7A1E69002A0AD0DF
:10130000002E06D0002230001A722660FFF74AFF36
:10131000ECE7F6F7E7FF2660E8E70A00002BE5D0E8
:1013200019001B698842F8D11361DFE78416002099
:1013300070B505000800F6F7AFFF04002800FFF7BE
:10134000CBFFF6F7A7FF844200D204002C606C604C
:1013500070BD10B5F6F7BEFFF6F7A6FF10BD70B56D
:101360000500F6F7B7FF04002800F6F795FF201AEE
:10137000F6F79AFF70BD0000064B07481A6810B5D3
:101380005043064A064980181860EEF7F3FE08003D
:1013900010BDC046580100206D4EC64139300000D6
:1013A000FFFFFF7F014B18607047C04658010020C7
:1013B00070B505000C00FFF7DFFF611B0131EEF790
:1013C0002DFF481970BD002310B5934200D110BD08
:1013D000CC5CC4540133F8E7531EC018002330B569
:1013E0009A4200D130BDCD5C5C4205550133F7E730
:1013F000044B013A92B29A4200D170470170013019
:10140000F7E7C046FFFF000073B5EFF3108572B633
:101410006B460E4E9C1D2100300000F085F9210026
:10142000300000F0DFF9002805D085F3108821880E
:10143000F8F7C4FF73BD01002020FFF769FE012209
:10144000034B1A7085F31088F4E7C0468817002014
:101450005C01002007B50648F8F792FF02238022BE
:101460000093044900230448520000F04DF807BDE2
:101470000914010888160020881700200FB4802165
:10148000F0B5C5B04AAB04CB490004A8039303F000
:1014900057F802AB9C1C2080EFF3108572B6184FF2
:1014A00001233800228804A900F041F800281ED04A
:1014B000144E3378DAB20192012B1DD1210038008D
:1014C00000F090F900230700019920203370FFF706
:1014D0001FFE85F3108838007B425F412188F8F7B2
:1014E0006DFF784245B0F0BC08BC04B0184785F3E6
:1014F000108801204042F5E785F310880020F1E7CD
:10150000881700205C01002030B5040003A805788E
:1015100000202160E06020616061A0616260238141
:101520002577AD0702D55A1E9341584230BDF0B51C
:1015300087B005930491078945697B427B415B0035
:10154000029304000369002D11D00197002F11D1DF
:1015500006686768591CF05CB94200D3C91B715C0E
:1015600002300902081881B20191170002E00195CA
:10157000002FFAD0E26800209A4203D86068C01AAF
:10158000019BC01A029B0026F918059B4B4303934D
:1015900083420DD3EEF7EEFD029BC9B2994207D903
:1015A000237F029EDA07D21711409B0700D40E005A
:1015B000002F02D1002007B0F0BD039BED18636837
:1015C000AD199D42F6D80026049B04960393049916
:1015D000059823696268814207D102992068CB1877
:1015E000934200D39B1AC018E5E70199CB189342A8
:1015F00000D39B1A21892361002911D121685A1C2B
:10160000CF546368934200D8D21A2168380A8854AC
:10161000531C62689A4200D89B1A61690231616169
:10162000D21A1500BA4200D93D00BA4202D2227F36
:10163000002A25D120682A00C018039902F0D2FFA1
:1016400063692E005B196361029B7D1BDB199BB2F2
:1016500001930023002D09D020682A00C018039BA5
:10166000F11802F0BFFF63695B196361A36901337D
:10167000A361049B01330493039BDB190393A6E747
:10168000002DF3D001210A4222D02289002A08D15C
:101690002268FE31D218023A11702268D318013B39
:1016A0001970636926895B196361002E38D13D008A
:1016B00023683A0A1F7023685A70636902336361B2
:1016C0000223029A521992B2019200222261C1E7CA
:1016D00002210A42F5D02289002A00D06AE7226856
:1016E000290AD218023A157022682E00D218013A3F
:1016F000117020682A000399C01802F073FFA269D4
:10170000636901325B19A261226863617B1B1370FC
:101710002268190A517062691D0002326261CFE7C6
:1017200000263D003300CCE7F7B5009102894669F9
:101730000192002203000A80300096424FD01A899D
:101740001868DF685D68002A08D17C1CC25DAC4265
:1017500000D3641B045D2402121992B200990A801E
:1017600003211C7F0C40012C21D11D4CA24202D12F
:101770001C89002C08D01C69BC4218D21C89002C82
:1017800015D0E91BA14212D20022F619761B5E6128
:10179000DA60944208D101320478954200D86A4058
:1017A000825C1202A418A4B2009A1480220001994B
:1017B0004C426141DC6849000C192700AC4200D35F
:1017C000671B5118761AC0195E61002E04D01219D9
:1017D000AA4200D3521BDA609A69013A9A61FEBDAF
:1017E000FFFF0000F7B50300028900205C69088054
:1017F0000192201E3BD01E89DD6818685C68002EAF
:1018000008D16F1C465DA74200D33F1BC75D3F0256
:10181000F619B6B20E801F7FBC46032762461740FA
:10182000012F1BD1124A96420FD11E89002E0CD1D6
:101830003D0003786540012C00D93D00455D2D0237
:101840005B199BB200250B8008E01E69AE4205D2F1
:101850001B89002B02D0661B9E42F3D3019A534290
:101860005A4153005B19A34200D31B1BC018FEBD95
:10187000FFFF00000B00F0B5103BDBB20E001400C0
:1018800089B0102B05D83B4A0491DA400023D207D7
:1018900005D40023FF20F034237009B0F0BDC25CF2
:1018A000E2540133B342FAD1330022001C339B00CF
:1018B000DBB207931B09013BF03213700123059340
:1018C0002D4B351F651906936B7831000193AB786A
:1018D0002F780293EB7803936B46187CEEF74AFC63
:1018E000C9B2002935D1069B019A02999A5C059BE1
:1018F0005A40069B5B5C03990193069B5B5C1B2132
:101900000293069BDB5D17000393059BDB095B429B
:101910000B40059949004B40DBB205932378019AAF
:101920005F402F71637804355A406A70A378029A39
:101930005A40AA70E378039A04345A40049BEA7030
:10194000043304936B46079A1B7C9A42BCD8002050
:10195000A3E7182EE2D91029E0D1074B019ADF5DE9
:101960009A5C0192029A9A5C0292039A9B5C03939E
:10197000D4E7C04601010100607E01088C461100D9
:10198000F0B5F0310978ADB003000B91FF200029CC
:1019900000D1E9E0187811785778484001905878DC
:1019A00091784740987848402190D178D87848403D
:1019B000239011791879484002905179587948401C
:1019C00003909179987948402490D179D87948400A
:1019D0002590117A187A48400490517A587A4840F4
:1019E0000590917A987A48400690D87AD17ABF4C7F
:1019F00048402690117B187B48400790517B587BCC
:101A000048400890917B987B4840D97BD37B0990D4
:101A1000594013000A910B99B548090151182A91B0
:101A2000B4491D7C10332295019D2995069D4D5D7D
:101A300014950A9D4D5D1395019D4E5D039D4D5D71
:101A40001295029D2895099D4D5D1195239D109538
:101A50004D5D0F95029D4D5D0E95059D4D5D0D955E
:101A6000049D2795219D1B970C954D5D2095259DE7
:101A70001F954D5D1E95049D4D5D1D95089D4D5D09
:101A80001C95079D2B95249D1A954D5D1995269DB6
:101A900018954D5D1795079D4D5D1695CD5D159576
:101AA0002A9D9D4262D10B9B1032013BDBB21B0190
:101AB0009B18229A12995640624616705A78139DC6
:101AC00051400A0061464A709A78149900205140AA
:101AD0000A0061468A70DA785540CD701A790E99FD
:101AE00051400A0061460A715A790D9951400A0025
:101AF00061464A719A79119951400A0061468A718A
:101B0000DA790F9951400A006146CA711A7A1D9913
:101B100051400A0061460A725A7A1C9951400A00E3
:101B200061464A729A7A209951400A0061468A7247
:101B3000DA7A1E9951400A006146CA721A7B1699D8
:101B400051400A0061460A735A7B159951400A00B8
:101B500061464A739A7B199951400A0061468A731B
:101B6000DB7B179A5A40CA732DB0F0BD139D149FAA
:101B70006F40019D2197475D219D6F40039D655DED
:101B80006F40229D7D40039F0195139DC75D754069
:101B90006F40069D655D7D405F786F40129D6E4091
:101BA000069D455D75400A9EA65D6E409D786E401F
:101BB0002196129D149E6E40299D655D75400A9E7A
:101BC000865D7540DE78754023950F9D119E7540AA
:101BD000029E865D6E40059D655D75401E7975406F
:101BE00002950E9E0F9D7540059E865D6E40099D77
:101BF000655D75405E79754003950D9E0E9D75403F
:101C0000099E865D6E40109D655D75409E797540AC
:101C10002495119E0D9D6E40289D655D7540109E1A
:101C2000865D7540DE79754025951E9D209E754028
:101C3000049E865D6E40089D655D75401E7A754008
:101C400004951D9E1E9D7540089E865D6E400C9DF0
:101C5000655D75405E7A754005951C9E1D9D7540BD
:101C60000C9E865D6E401F9D655D75409E7A754039
:101C70000695209E1C9D6E40279D655D75401F9EAC
:101C8000865D7540DE7A75402695179D199E7540D4
:101C9000079E865D6E401B9D655D75401E7B754091
:101CA0000795169E179D75401B9E865D6E401A9D7A
:101CB000655D75405E7B75400895159E169D754067
:101CC0001A9E865D6E40189D655D75409E7B7540D1
:101CD0000995159E199D75402B9EA65D6E40189D19
:101CE000455D7540DE7B75400A959AE6607C01088B
:101CF000607D0108607E010810B5040010220021FB
:101D0000F130FFF775FB23000021FC33F0222000A7
:101D10009961FFF76DFB10BD10B50200080010219E
:101D2000FFF7A8FD10BD0300F0B5FC33040098696F
:101D30000E00150087B0002829D010231B1A1F00A1
:101D40000093934200D91700A31CFF33BAB21818AE
:101D500031000193FFF737FB2200FC329369FB1837
:101D600093610F2B1DD9009BAB421AD22000F1309A
:101D700003001A78197C4A401A70019A01339A427A
:101D8000F7D122000100FFF7F9FDF619ED1BA01CA9
:101D9000FF30102D07D83100AAB2FC34FFF713FB37
:101DA000A56107B0F0BD2700F1373B000096009910
:101DB0001A7809784A401A70009A01330132009269
:101DC0009842F4D11022390002A8FFF7FCFA02A9C8
:101DD00022000800FFF7D2FD1022380002A9FFF709
:101DE000F2FA1036103DD2E7F0B50D008BB002AC20
:101DF0001022002101902000FFF7FAFA2A002100AA
:101E00002000FFF7BBFD2278230000217F2A3FD965
:101E100018785A784000D209024301311A70013310
:101E20000F29F5D17923E27B5B4252005340290010
:101E3000FC318A69DBB2E373102A36D12800220014
:101E4000AB1C1230FF33FF3019781778013279401C
:101E5000197001339842F7D12900F1310B00A81C09
:101E6000FF301A781F7C7A401A7001339842F8D1FB
:101E700006A81022FFF7A7FA2A00019906A8FFF783
:101E80007DFD102200212000FFF7B2FA0BB0F0BD5B
:101E900018785A784000D209024301311A70013390
:101EA0000F29F5D1E37B5B00C1E7207823000027F1
:101EB0007F2830D91E7858787600C0093043013722
:101EC000187001330F2FF5D17923E07B5B4240007E
:101ED00043408020DBB2E373AB18FF3398700023DC
:101EE000571C38009C46AB1CFF330F2820D900201C
:101EF000102F01D80F30801AC019886128002200E5
:101F00001230FF3019781778013279401970013397
:101F10008342F7D1A0E71E7858787600C009304395
:101F20000137187001330F2FF5D1E37B5B00D0E749
:101F300066461E540130D8E7F8B5051E21D00024AE
:101F400004804480F6F762F83220F6F781F814270F
:101F50002600F6F76FF83618F6F772F8013F2418E6
:101F60000A20F6F775F8002FF3D1F6F759F8142187
:101F70003000EEF7C3F8142128802000EEF7BEF8F9
:101F80006880F8BDF7B5040C0D0091B20F006143F5
:101F90008C460600019383B2100C5F4344435843C0
:101FA0003B0C60441B18994202D9802149026418F5
:101FB000019955437143180C04191B04BFB2491908
:101FC000D819091903B0F0BD9E2110B5C905041C2C
:101FD000EEF79EF900280AD09E21201CC90500F0CA
:101FE00019FB00F099FC80231B06C01810BD201CB3
:101FF00000F092FCFAE7000070B500220B4B0400E1
:102000000D00EEF74BF900280BD0084B0022200002
:10201000290001F09FFD02F06FF880231B06C01815
:1020200070BD2000290002F067F8F9E70000E041E8
:10203000F0B587B006000F00059204938B4200D9DB
:1020400066E001D1824263D804990598EEF7C0F9A1
:10205000390001903000EEF7BBF9019B04991B1A7F
:102060001A0005980193EEF789F904000D00B942B2
:1020700046D801D1B04243D801200021019AEEF7A1
:102080007DF9361BAF4102900391019B002B2ED0AE
:10209000E90762080A4301996B088C460124002570
:1020A000BB4232D801D1B2422FD830003900801A59
:1020B0009941001849410019694106000F000121AA
:1020C00049428C4461460029EAD1029C039D3000BC
:1020D0003900019AEEF746F9019AA4197D410600EC
:1020E0000F00EEF74BF9241A8D41029403950C9BD7
:1020F000002B01D01E605F600298039907B0F0BD0D
:102100000022002302920393BFE7B6197F41D6E76E
:102110000023002402930394E9E70000F0B5C30F05
:1021200085B0440245000391640A2D0E01932ED020
:10213000FF2D39D08023E400DB047F3D1C43029552
:102140000027039B5D025E00DB0F6D0A360E0393D2
:1021500030D0FF2E3BD08023ED00DB041D43330045
:102160007F3B00210398019A42400298D2B2C31AE1
:10217000B800084301380E2842D8EDF7A1FF6CA83B
:102180007EA89DA87E6C6C9D7E2E2E2E720001274F
:102190000294002CD5D02000EEF7FCF8773F431FC7
:1021A0009C403B1A0293CBE703270295002CC8D131
:1021B000013FC6E72B000121002DD3D02800EEF708
:1021C000E9F8431F9D4076235B421B1AC9E73300A1
:1021D0000321002DC6D10139C4E73900019A022933
:1021E00039D0032900D170E00025280001291ED133
:1021F0006D026D0AC0052843D207104305B0F0BD3B
:1022000064016D01AC4228D31A200121641B012610
:10221000270049006400002F01DBA54201D8641BA0
:10222000314301380028F3D1601E84410C4318006B
:102230007F30002824DD610704D00F2121400429CC
:1022400000D00434210103D58033180023490C4009
:10225000E508FE28CCDD00250DE01B200021013B18
:10226000D5E78023DB031C4201D01D4229D0802505
:10227000019AED032543FF20BAE72C00039AAEE74D
:1022800001210025091A28001B29B1DC9E332500F5
:102290009C40CD40631E9C4125436B0704D00F2317
:1022A0002B40042B00D0043580232800DB04184089
:1022B0001D420FD1ED089BE7002380240193E40326
:1022C000D5E7039B2C000193D1E70192CFE70025CE
:1022D00028008DE7002501208AE7C046FFFFFFF7B1
:1022E00070B54B00440245004E02C20F640A012043
:1022F0002D0E760A1B0EC90FFF2D06D1002C13D10F
:10230000FF2B11D1002E06D00EE0FF2B0CD09D42EA
:102310000AD1B44208D100208A4205D00130002DF4
:1023200002D12000431E984170BD30B542024500E5
:102330004C02C30F4800520A2D0E640A000EC90F4A
:10234000FF2D01D1002A19D1FF2801D1002C15D170
:10235000002D20D1002813D1002A1ED1002C21D01D
:10236000012000291ED102381CE08542F8DBA24280
:102370000CD80020A24215D20130F2E7022008E07A
:10238000002AEDD099420AD18542EEDD01200029D4
:1023900008D0404206E00028F4D1002CF2D1012000
:1023A000002BF6D130BD30B5420245004C02C30FC0
:1023B0004800520A2D0E640A000EC90FFF2D01D1EC
:1023C000002A19D1FF2801D1002C15D1002D20D1D0
:1023D000002813D1002A1ED1002C21D00120002971
:1023E0001ED102381CE08542F8DBA2420CD8002046
:1023F000A24215D20130F2E7022011E0002AEDD00E
:1024000099420AD18542EEDD0120002908D04042E0
:1024100006E00028F4D1002CF2D10120002BF6D1E7
:1024200030BD0000F0B5C30F85B0470244000391F2
:102430007F0A240E02930AD0FF2C71D080227F3CA9
:1024400026000023FF00D204174301930CE0012370
:102450003E1E019308D03800EDF79CFF7626431FFF
:102460009F407642361A0194039B5C025D00DB0FAD
:10247000640A2D0E03935AD0FF2D64D080232800C8
:10248000E400DB041C437F3800230199861988008F
:10249000721C18430A2800DD7EE00299039D694002
:1024A0000291022855DC0138012864D9B9B20D0027
:1024B0003B0C200CA4B2654341435C4343430919E0
:1024C0001F002B0C5B189C4202D9802149027F1807
:1024D0001904ADB24D19AC01611E8C411B0CAD0E3F
:1024E000DB192C439B011C431B0167D501236108A9
:1024F0001C400C4310007F30002861DD630704D0CE
:102500000F232340042B00D00434230103D5803251
:1025100010003F4B1C40E108FE2834DD00214BE059
:10252000032326000193002F9ED1013B8DE720005D
:102530000123002CA9D0EDF72DFF431F9C407623EB
:102540005B42181AA0E728000323002C9DD1013B11
:102550009BE701218140A6200D00C00005400142FB
:102560001ED190208000014246D1B938FF38014287
:102570009CD003990291022BD0D0032B42D0002192
:102580000800012BB6D1029B4902490AC005084345
:10259000DB07184305B0F0BD0F2804D00B28E8D0A6
:1025A0003C00019BE7E78023DB031F4201D01C4274
:1025B00026D08021C9033943FF20E4E7320099E7A0
:1025C000012300211B1A08001B2BDCDC9E3221009A
:1025D0009440D940631E9C4121434B0704D00F23F4
:1025E0000B40042B00D0043180230800DB0418408A
:1025F000194209D1C908C6E780270295FF03D8E729
:10260000039B02932700D4E700210120BBE7C046CB
:10261000FFFFFFF7F0B543025A0A85B04F024400AE
:1026200002924E007A0A9446C50F0092240E9B092E
:10263000360EC80FD200FF2E02D10100002A01D1B0
:1026400001214140A01BA94200D093E0002836DDC3
:10265000002E13D1002A07D0461E012802D10124E2
:102660009B181EE0FF2810D1DB08FF285ED1002B4D
:102670005CD08022D203FF20134357E0FF2C00D10F
:102680003DE180210600C9040A4301211B2E07DC1D
:102690002020801B11008240F140501E82411143D6
:1026A0005B185A0100D411E1601CFE2C00D1D5E06A
:1026B000012296491A405B080B40134358E000285A
:1026C00020D0301B002C08D1002B04D0441E012840
:1026D000C5D0FF2808D11300C6E7FF2E00D107E1BF
:1026E00080210400C9040B4301211B2C07DC20209E
:1026F000001B19008340E140581E834119433400F8
:102700008B18CEE7FE21601C08422DD1002C18D179
:10271000002B00D1EAE0002A00D1DEE09A18200068
:10272000D308520102D50120794A1340FF22C00587
:10273000D2055B0210405B0A1843ED07284305B041
:10274000F0BD002B00D1D5E0002A00D1D3E08021DC
:102750000298C903884203D30098884200D213002C
:10276000DB089C46019580E0FF2877D09B185B082A
:102770000400ABE0002827DD002E1DD1002A00D187
:1027800072E7461E012802D19B1A01240EE0FF28A1
:1027900000D169E701211B2E07DC2020801B1100DE
:1027A0008240F140501E824111435B1A5A0100D40D
:1027B0008CE09B019E096FE0FF2C00D19FE08021FF
:1027C000C90406000A43E5E7002824D0301B002C8A
:1027D0000BD1002B07D0441E012802D10D00D31AC3
:1027E000D3E7FF2808D10D0075E7FF2E00D184E064
:1027F0008024E4042343040001201B2C07DC180080
:102800002025E0402C1BA3405C1EA341184334004C
:102810000D00131ACAE7FE27661C03963E40019678
:10282000039E3E4233D1002C1AD1002B06D11D004D
:10283000002A00D17AE70D00009B77E7002A4CD0F0
:102840009E1A770106D50D00D31A0020834200D1CD
:102850006CE78DE7331E00D006E72500002365E70F
:10286000002B05D1002A4CD001916346019D00E761
:10287000002A40D08020029CC003844200D26FE72F
:10288000009C844200D36BE713000D0068E79E1A9A
:10289000770114D50D00D61A3000EDF77BFD33001B
:1028A0000538834084420EDC2022001B0130121ABE
:1028B00019009340C1405A1E93410B43C5E7002EB7
:1028C000EAD10500CAE7134A241A13405A0704D074
:1028D0000F221A40042A00D004335A010FD5601C7D
:1028E000FE2CBBD00A4ADB0813401FE71300ACE7FD
:1028F0003000F0E61300FF20B6E6300073E720005A
:10290000B2E68023DB039C46AFE7C046FFFFFF7DB6
:10291000FFFF7F1FFFFFFFFB41024300C20F490A79
:1029200000201B0E7E2B03DD9D2B02DD084BD018F3
:102930007047802000040843952B05DD963B9840A6
:10294000002AF5D04042F3E79621CB1AD840F7E7AA
:10295000FFFFFF7F70B503000400051E0ED0C217F5
:1029600085185540C40F2800EDF714FD9E231B1A4F
:10297000962B0ADC08282BD0083885406D026D0A9A
:10298000D8052843E407204370BD992B1BDD0200C6
:1029900029001B3291400A00511E8A410521091A63
:1029A000CD4015430B4A2A4069070FD00F210D4037
:1029B000042D0BD00432D508510107D59F23064AB8
:1029C0001B1A1540DAE7421F9540EBE7D508D5E71B
:1029D0009623D3E7FFFFFFFBFFFF7F1F002310B508
:1029E0000400984209D0EDF7D5FC9E231B1A962BC4
:1029F00008DC082829D0083884406402D805640A15
:102A0000204310BD992B1BDD020021001B32914099
:102A10000A00511E8A410521091ACC4014430C4A70
:102A2000224061070FD00F210C40042C0BD0043240
:102A3000D408510107D59F23064A1B1A1440DCE72E
:102A4000421F9440EBE7D408D7E79623D5E7C0466A
:102A5000FFFFFFFBFFFF7F1FF7B5DF0FBC460D0336
:102A60004C001E03C90F00916D0A410F760A570FE3
:102A7000294337435D00009E640D6D0DC000D200F8
:102A8000631B664500D02EE1002B00DC7AE0002DB0
:102A90003CD13D0015431ED05D1E012B18D182187C
:102AA00082428041C9194042091810000A0200D42C
:102AB00002E1BA4A0133934200D18AE2B84C42089B
:102AC0000C40012101400A43E00710436108F3E094
:102AD000B24EB34222D14C07CA08B049C0080443E1
:102AE0008B4206D12100114300D175E280210903F8
:102AF0000A432000AB4C1B0512032340120B134367
:102B0000009AD2071343190003B0F0BDA34DAC42A5
:102B100000D1DDE180252D042F431D00382D2CDC54
:102B20001F2D19DC20233E005B1B9E40B44616007F
:102B30000193EE4063461E43019BEF409A40130011
:102B40005A1E934133431B188342804179184042F7
:102B5000091818002300A9E72B003E00203BDE40A7
:102B60000023202D03D040335B1B9F403B001343C9
:102B70005A1E934133430027E5E73B0013435A1E97
:102B80009341F8E7002B50D02B1B002C12D10C00E6
:102B900004430CD05C1E012B06D180189042924158
:102BA000C9195242891881E77C4EB3420AD13900D3
:102BB000100090E7794CA54200D104E2802424045F
:102BC00021431C00382C2BDC1F2C18DC20230E008A
:102BD0001B1B9E40B44606000193E64063461E431D
:102BE000019BE14098400300581E834133439818ED
:102BF00090429241C91952422B00891856E723008E
:102C00000E00203BDE400023202C03D040331B1B52
:102C100099400B000343591E8B4133430021E6E7E3
:102C20000B000343591E8B41F8E75F4D631C2B4299
:102C300034D10B000343002C14D1002B00D1BDE193
:102C40003B00134300D11EE1821882428041C91922
:102C5000404209180B0200D4B1E1514B1000194059
:102C6000012338E7002B00D1ADE13C004B4B14436E
:102C700000D130E74B07C0081843CB088021090377
:102C80000B4206D0FC080C4203D12300D0087F077A
:102C90003843410FDB001943C00019E13F4CA34208
:102CA00000D196E1821882428041CF1940423F18FC
:102CB000F807520810437908420709D00F22024052
:102CC000042A05D0021D82428041404209181000AA
:102CD0000A0200D4FFE6314A0133934200D178E181
:102CE0002F4A1140F7E6002B60DD002D36D13D0064
:102CF000154300D1EFE65D1E012B0DD1821A9042E3
:102D00008041C91B4042091A10000A02D4D5490269
:102D10001C004D0A019008E1204EB34200D1DAE6D2
:102D2000382D35DC1F2D22DC20233E005B1B9E400E
:102D3000B44616000193EE4063461E43019BEF40EC
:102D40009A4013005A1E93413343C31A984280415C
:102D5000C91B4042091A18002300D6E70F4DAC42A8
:102D600000D1B5E080252D042F431D00D8E72B00AE
:102D70003E00203BDE400023202D03D040335B1B70
:102D80009F403B0013435A1E934133430027DCE727
:102D90003B0013435A1E9341F8E7C046FF0700006B
:102DA000FFFF7FFF0000F07FFE070000002B54D0E4
:102DB0002B1B002C15D10C0004430FD05C1E012BE3
:102DC00009D1101A824292416346791A5242009305
:102DD000891A012399E7814EB3420AD161460091D5
:102DE000E5E67E4CA54200D1EBE08024240421439B
:102DF0001C00382C2CDC1F2C19DC20230E001B1B84
:102E00009E40009333000600E6401E43009BE140D5
:102E100098400300581E83413343D01A82429241A6
:102E2000791A5242891A62462B0000926DE72300FC
:102E30000E00203BDE400023202C03D040331B1B20
:102E400099400B000343591E8B4133430021E4E7B3
:102E50000B000343591E8B41F8E7614E651C354258
:102E600050D10E003D0006431543002C28D1002E02
:102E70000FD1190018000093002D00D12BE6390066
:102E800010006346009303000B4300D19EE0002333
:102E900012E7002DF7D0851AA842B641CC1B764226
:102EA000A41B260206D5101A82429241791A524278
:102EB000891AE6E7280020435CD021002800E2E7D9
:102EC000002E07D1002D7CD1802118000093C9036A
:102ED000424B00E6414B002D00D1FCE54B07C008FA
:102EE0001843CB08802109030B4200D1D1E6FC082E
:102EF0000C4200D0CDE6D00862467F07230038435D
:102F00000092C6E6851A0195A842AD416D422E0099
:102F1000CD1BAD1B2E022AD5131A9A429241019362
:102F200063467F1A5242BD1A0093002D25D0280017
:102F3000EDF730FA0300083B202201990198D21ADC
:102F40009D40D140984029439C4233DC1B1B5A1CB6
:102F50001F2A1EDC20230D009B1A040098409D4070
:102F6000D440431E98412543D14028438BE7019824
:102F70002843DAD101000090ADE50198EDF70AFA97
:102F8000030018331F2BD7DD019908388140280032
:102F9000DAE70C001F3BDC400023202A03D040333B
:102FA0009B1A99400B0003435A1E934120000021B5
:102FB000184368E70B4AE31A11407DE63900100018
:102FC00061E7634600933900100081E7190018009B
:102FD00081E5002108007EE50A008AE5FF07000080
:102FE000FE070000FFFF7FFFF0B589B0009201935C
:102FF0000D034B00CA0F060004002D0B5B0D03925E
:1030000045D0644A93426BD0420FED0015438022B5
:1030100012042A430292604AC4009F180026019BB2
:10302000019A1D03D20F5B0000982D0B5B0D0692D9
:1030300066D0584A934200D189E0ED005649420FCC
:103040002A4380255B189C462D041543C2000021AD
:10305000069B03985840C3B205936346B0000843EB
:10306000FB1A013804930E2800D999E0EDF73CF8DB
:103070008E002D02D3012D021E022D02D3018E00DF
:103080008E001E02D3017E007E007E00C5012B0053
:10309000034302932CD0002D15D02800EDF77AF9C8
:1030A000010003000B391D22521A31001800D140D3
:1030B000083885400A002A43350085400292374F80
:1030C0002C00FF1AAAE7EDF765F90100030015319E
:1030D00020331C29E7DD3200083882400292EEE7F7
:1030E00002002A43029207D114001F00022696E72D
:1030F000029C0126270092E71F00032602958EE717
:10310000009A2A432AD0002D15D02800EDF742F965
:10311000010002000B391D2310005B1A00990838CA
:103120008540D9402943009D85401C4B9B1A9C46F5
:103130002A000D008BE7EDF72DF901000200153193
:1031400020321C29E7DD009908388140EDE7009A1C
:103150002A4307D115009C46022179E715009446C1
:10316000012175E702009C46032171E73100039BB2
:103170000593022900D1ACE1032900D1A2E1012984
:1031800000D001E100242300220026E100231C00DE
:10319000004A22E1FF07000001FCFFFF0DFCFFFFDA
:1031A000029B9D4204D300D022E1A24200D91FE13C
:1031B000029BE607D907630819430C00029B5B08D2
:1031C000029313022D02170E00932B0C2F4306932C
:1031D0000699BBB202980393ECF7CCFFBBB2434312
:1031E0000A04210C050011438B4207D9C919013D7E
:1031F0008F4203D88B4201D9851EC919C81A069976
:10320000ECF7B8FFBAB242430904A4B203000C437E
:10321000A24207D9E419013BA74203D8A24201D92F
:10322000831EE4192D041D43A41A009B009A1B0C55
:1032300012040393120CABB207925A4307980292FE
:10324000039A290C484353435143029A1B18120C0A
:1032500094466344984202D9802252028918029A05
:10326000180C12041B04120C40189A18844203D341
:1032700002951ED196421CD26B1E0293009BF6183B
:103280009E429B415B42DB19E418A74203D310D155
:10329000009BB3420DD8A04202D80AD1B24208D94D
:1032A000AB1E0293009BF6189E429B415B42DB19CA
:1032B000E418B51AAE42B641201A7642801B874206
:1032C00000D1ADE00699ECF755FFBBB243430A04C9
:1032D000290C040011438B4207D9C919013C8F42C4
:1032E00003D88B4201D9841EC919C81A0699ECF774
:1032F00041FFBBB243430904ADB202000D43AB42F0
:1033000007D9ED19013AAF4203D8AB4201D9821E69
:10331000ED19ED1A2304039E1343079907981C0C1B
:103320009AB2514360437243744312180E0CB218A0
:10333000904202D9802040022418100C0904120483
:10334000090C00195118854204D31C00854219D17B
:10335000002919D07D195C1EBD420ED3854203D3CE
:1033600010D1009A8A420AD29C1E009B5A009A42AF
:103370009B415B42DB19ED180092854202D1009B14
:10338000994201D001231C43049B554A9A18002AF4
:1033900049DD63070BD00F232340042B07D0231DE7
:1033A000A342A4410299644209191C000291029BA4
:1033B000DB0108D54B4B029A1A408023DB009C4668
:1033C0000292049A6244484B9A4200DD81E0029BDB
:1033D000E4085B071C43029BDB081B0312051B0B65
:1033E0001343059A2000D2071343190009B0F0BD1A
:1033F000049B0026013B0493E3E6802302991B0310
:10340000194201D01D4258D08023029A1B03134356
:10341000039A0592BCE6069B140005930295A8E664
:1034200001246442B0E70121891A382900DDA9E6A8
:103430001F2926DC2D4A049B9446634420009C40AF
:10344000029AC8409A4023000243581E83411A43FF
:10345000029B1400CB40620709D00F222240042AAD
:1034600005D0221DA242A44164421B1914008021F0
:103470001A0009040A400B422ED1E1085C070C43F4
:10348000AAE71F235B429B1A029ADA4000232029F5
:1034900006D01749049B8C460299634499400B005F
:1034A0001C43631E9C4100231443D4E700231C00EB
:1034B000039380231B030293A6E7069B1400039348
:1034C0000295A1E7059B03939EE700231C001A00C9
:1034D00083E7002423005BE6002301221C007CE735
:1034E000FF030000FFFFFFFEFE0700001E040000B8
:1034F0003E040000F0B50F0087B006000490F80FFE
:1035000003901803000B5C000290600D0190D80F2F
:10351000844618480D0349002D0B490D0592814240
:1035200007D12C00012034431FD1019C8C421CD1B7
:1035300002E0019C844204D1029802430120002A47
:1035400013D1019B012099420FD1029B9D420CD1C6
:10355000049B059A934208D1039B634507D0002939
:1035600003D128003043431E984107B0F0BD00202E
:10357000FBE7C046FF070000F0B587B0009001915F
:1035800000990198049101992C4F0903090B8C466D
:103590000199C50F4900490D1C035800039105927C
:1035A000240B400DDE0FB94203D1674600990F434B
:1035B00035D12249884202D1270017432FD1002755
:1035C0000399B94205D16146009F0F4339004F422C
:1035D0004F41002825D12243002F06D0002A2AD0AF
:1035E0000120002E27D1023825E0002A1BD101201E
:1035F000002D20D040421EE0039B8342F0DBA44517
:10360000F5D808D1049B059A9342F0D8049B059AFB
:10361000002093420FD20120002D0CD1E3E70220BD
:10362000E8E7002FDCD1AE42E1D1039B8342E3DD2A
:103630000120002EDED107B0F0BDC046FF0700001C
:10364000F0B587B00090019100990198049101991B
:103650002C4F0903090B8C460199C50F4900490DF0
:103660001C03580003910592240B400DDE0FB94254
:1036700003D1674600990F4335D12249884202D1D0
:10368000270017432FD100270399B94205D161467E
:10369000009F0F4339004F424F41002825D122435C
:1036A000002F06D0002A2AD00120002E27D1023870
:1036B00025E0002A1BD10120002D20D040421EE031
:1036C000039B8342F0DBA445F5D808D1049B059AFF
:1036D0009342F0D8049B059A002093420FD2012018
:1036E000002D0CD1E3E7022009E0002FDCD1AE422F
:1036F000E1D1039B8342E3DD0120002EDED107B040
:10370000F0BDC046FF070000F0B58BB000920193FA
:103710000D034B00CA0F06002D0B5B0D039200D169
:1037200011E1CE4A934200D135E1ED00420F2A4328
:1037300080252D041543CA4AC4009B181F0000238E
:103740000293019B00981E035A00DB0F360B520DAB
:10375000049300D12EE1C14B9A4200D150E1430FB6
:10376000F60033438026BE4936041E43C30050187A
:103770000022C1190691013100910299880010437D
:103780000A2800DD76E10399049F7940039102281D
:1037900000DD44E10138012800D853E1190C9BB247
:1037A00002911900220CA4B2514320008C46029FC2
:1037B000029958435143674305916744010CC91965
:1037C00004908C4505D9802040028446059F6744BB
:1037D0000597080C84466846008A0904091809916F
:1037E000310CB6B2049130003100049F6143504364
:1037F0007C437A4324180F0C3C19A04202D9802044
:1038000040021218200C8218240489B20792621810
:103810000892089962468C46290CADB22800029F96
:1038200058436F434B4362449446029CFF18020C7A
:10383000D2194C43934202D980235B02E418130C43
:103840001B1902932B0080B21204121804987343C0
:1038500045434E434143A8191D0C2D18AE4202D9D1
:10386000802040020918059F089867448742B641A6
:10387000BF189742924128049BB2C018079B76421A
:10388000C01853420493029B84199C46A444634687
:10389000049AB442A4419B18079A64429042804122
:1038A000029A4042044394458041049A2D0C93426D
:1038B00092414042524210436419099A24186418F4
:1038C000790211434A1E9141FF0DDE0D6402394316
:1038D0005B0226430B43E40100D4DEE001215A08D9
:1038E0000B401A43F307CE401343009A5D49521828
:1038F000002A00DCD4E0590709D00F21194004291F
:1039000005D0191D99429B415B42F6180B00F1014D
:1039100006D58021C9008C46534A1640009A62445D
:1039200052498A4200DD07E17407DB081C43F608B0
:1039300013053603039A360B3343D2071343200093
:1039400019000BB0F0BD2C0004432BD0002D16D075
:103950002800ECF71FFD040002000B3C1D23300083
:103960001B1B1100D84008398D4003002B43350044
:103970008D403F492C008A1A17001D00DFE6ECF746
:1039800009FD04000200153420321C2CE6DD330052
:1039900008388340EDE704002C4307D11F002500C1
:1039A0000223CDE6250027000123C9E61F000400FD
:1039B0000323C5E6009B334329D0002E14D03000EA
:1039C000ECF7E8FC010003000B391D221800521A25
:1039D000009908388640D1403143009E86402448F3
:1039E000C01A33000E00C3E6ECF7D4FC010003005C
:1039F000153120331C29E8DD009908388140EEE7B5
:103A0000009B334307D110001E000222B1E61E00C6
:103A100018000122ADE6030010000322A9E60121EF
:103A20008140A6200F00C0000740014226D190200F
:103A30008000014276D1B938FF38014200D1ADE6AD
:103A400004990391022A77D0032A72D0012A00D068
:103A50004BE70026340032006AE7C046FF0700004B
:103A600001FCFFFFFF030000FFFFFFFEFE07000059
:103A70000DFCFFFF0F2805D00B28E1D02E002300FE
:103A8000029ADFE780221203154201D016424ED07F
:103A9000802636032E432C4A4AE7069A009224E7F2
:103AA0000120801A3828D4DC1F2827DC2749009AF7
:103AB0008C461C006244310093409140C4401A007F
:103AC0002143531E9A410B00C64013435A0709D0A5
:103AD0000F221A40042A05D01A1D9A429B415B42CC
:103AE000F618130080213000090408400E4226D148
:103AF0007407DB0802001C43F60819E71F2149423E
:103B00008A1A3100D1400022202805D01048009A9E
:103B1000844662449640320013435A1E9341002665
:103B20000B43D3E780253C0003972D03B0E7049AAD
:103B3000039235001C00ABE700263400ABE70026FB
:103B400001223400F4E6C046FF0700001E04000016
:103B50003E040000F0B585B002920393CB0F0D0335
:103B60000193039B4C006D0A410F1F032943DE0F95
:103B70005D00029B7F0A5B0F029A3B43BD4F640DC1
:103B8000C0006D0DD200BD4203D11F00B4461743E3
:103B900002D101277740BC46019E671BB44500D087
:103BA0002DE1002F00DC7AE0002D3CD11D001543F3
:103BB0001ED07D1E012F18D1821882428041C91863
:103BC0004042091810000B0200D401E1A94B013753
:103BD0009F4200D185E20122A74B024019404308D1
:103BE0001343C80718434908F2E0A24EB74222D156
:103BF0004A07CB089F49C00802438F4206D11100F3
:103C0000194300D170E2802109030B4310009B4A45
:103C10003F051B0317401B0B1F43019BDB071F4383
:103C2000390005B0F0BD934DAC4200D1D8E18025FC
:103C30002D042B433D00382D2CDC1F2D19DC2026B4
:103C40001F00761BB740BC4617000296EF40664641
:103C50003743029EEB40B2401600721E96413E432F
:103C60003618864280415918404209182700300012
:103C7000A9E72E001F00203EF7400026202D03D08C
:103C80004036761BB3401E001643731E9E413E43D2
:103C90000023E5E713431E00731E9E41F8E7002F43
:103CA00050D02F1B002C12D10C0004430CD07C1ED2
:103CB000012F06D1801890429241C91852428918AA
:103CC00081E76C4EB7420AD11900100090E7694CA9
:103CD000A54200D1FEE18024240421433C00382C7D
:103CE0002BDC1F2C18DC20260F00361BB740BC46EF
:103CF00007000296E74066463743029EE140B04027
:103D00000600701E86413E43B01890429241C91889
:103D100052422F00891856E726000F00203EF74038
:103D20000026202C03D04036361BB1400E0006433F
:103D3000711E8E413E430021E6E701430E00711ED5
:103D40008E41F8E74E4D671C2F4233D10D000543DD
:103D5000002C14D1002D00D1B7E11C00144300D178
:103D600019E1821882428041C918404209180B02A9
:103D700000D4ABE1404B10000127194038E7002D7B
:103D800000D1A7E11C00144300D129E14C07C00871
:103D900020438024C9082403214206D0DD0825429F
:103DA00003D12900D0085B071843CA00410F114313
:103DB000C00015E12F4CA74200D192E18218824247
:103DC0008041CB1840421B18D807520810435908AD
:103DD000430709D00F230340042B05D0031D834262
:103DE00080414042091818000B0200D400E7214B23
:103DF00001379F4200D174E11F4B1940F8E6002FB4
:103E00005FDD002D3ED11D00154300D1F0E67D1E83
:103E1000012F0DD1821A90428041C91A4042091ADD
:103E200010000B02D4D549023C004D0A029003E178
:103E3000104EB74200D1DBE6382D3DDC1F2D2ADCC9
:103E400020261F00761BB740BC4617000296EF40A5
:103E500066463743029EEB40B2401600721E964102
:103E60003E43861BB0428041C91A4042091A2700CE
:103E70003000D6E7FF070000FFFF7FFF0000F07F64
:103E8000FE070000994DAC4200D1A9E080252D0429
:103E90002B433D00D0E72E001F00203EF7400026B8
:103EA000202D03D04036761BB3401E001643731EF0
:103EB0009E413E430023D4E713431E00731E9E41E0
:103EC000F8E7002F51D02F1B002C14D10C00044315
:103ED0000ED07C1E012F08D1101A82429241591A2D
:103EE0005242891A634601939BE7804EB7420AD13A
:103EF00061460191E8E67D4CA54200D1E8E08024CE
:103F0000240421433C00382C2ADC1F2C17DC2026FB
:103F10000F00361BB74001963E000700E7403743CD
:103F2000019EE140B0400600701E86413E43901B5A
:103F300082429241591A52422F00891AD2E7260032
:103F40000F00203EF7400026202C03D04036361BC1
:103F5000B1400E000643711E8E413E430021E6E74C
:103F600001430E00711E8E41F8E7614E651C35421B
:103F70004FD11D000E0015430643002C28D1002E02
:103F80000FD1210020000194002D00D130E619004E
:103F900010006346019303000B4300D19DE000270E
:103FA00016E7002DF7D0851AA842B641CC1A764202
:103FB000A41B260206D5101A82429241591A524277
:103FC000891AE6E7280020435BD021002800E2E7B9
:103FD000002E07D1002D7BD1802138000197C90325
:103FE000424F05E6002DFBD04C07C008204380243B
:103FF000C9082403214208D0DD08254205D15B070A
:10400000D0081843634629000193CB00410F1943A0
:10401000CEE6851A0295A842AD416D422E00CD1A1A
:10402000AD1B2E022AD5101A824292415B1A5242CF
:104030009D1A634602900193002D25D02800ECF7CD
:10404000A9F908380700202302990298DB1BBD401C
:10405000D940B8402943BC4233DC3F1B7A1C1F2A9D
:104060001EDC20230D009B1A040098409D40D44084
:10407000431E98412543D14028438CE702982843AA
:10408000DAD101000190B3E50298ECF783F907005B
:1040900018371F2FD7DD0299083881402800DAE74A
:1040A0000C001F3FFC400023202A03D040339B1A02
:1040B00099400B0003435A1E9341200000211843EE
:1040C00069E70C4BE71B194082E61900100062E714
:1040D000614601911900100082E7190018001F00C5
:1040E00086E50021080083E50B008FE5FF0700004F
:1040F000FE070000FFFF7FFF0B0070B5114E0C03A1
:1041000049000200240B0020490DDD0FB14204DDFF
:104110000D48814202DD0D4BE81870BD8020400340
:1041200020430B4C641A1F2C08DC0A4EE24089190C
:1041300088401043002DF0D04042EEE7064B5B1A5A
:10414000D840F7E7FE0300001D040000FFFFFF7FDB
:1041500033040000EDFBFFFF1304000070B5030003
:1041600004000200051E11D0C21785185540C40F67
:104170002800ECF70FF90C4B1B1A0A280FDC0B2256
:104180002900121AD14015300A0085401203120B83
:104190001B051343E40723432800190070BD2A00C0
:1041A0000B3882400025F1E71E04000010B5030023
:1041B0000400021E0CD0ECF7EDF80B4A121A0A2884
:1041C0000DDC0B2321001B1AD94015300B00844055
:1041D0001B031B0B12051A432000110010BD230006
:1041E0000B3883400024F3E71E040000FE2270B564
:1041F0004400240E4302611C5D0AC60F11420DD01B
:10420000E0229200A4181B0B6D071B031B0B240557
:10421000F6071C4334432800210070BD002C18D140
:104220002300002DF1D02800ECF7B4F80A280ADCAE
:104230000B232A001B1ADA401300020015329540A6
:10424000094C241AE1E703000B3B9D402B0025009D
:10425000F6E7002D06D01A0B80231B036D071343CE
:10426000024CD2E72B00FBE789030000FF070000A8
:104270000A03F0B5520A4B00460F5B0D1643304A55
:104280005D1CCC0FC700154241D02E4A9D18FE2D53
:1042900054DC002D32DC2A0017324BDB802109046C
:1042A00031431E26761B1F2E16DC274A9B183A0028
:1042B0009F409940781E8741F2400F433A430023C4
:1042C000510739D00F211140042935D00432510152
:1042D00032D50133002228E0022208005242521B4C
:1042E000D04002000020202E03D018481B1899400F
:1042F00008003843431E98410243E0E78201531E01
:104300009A41F6007F0F32432B003A43D8E73A0038
:104310003243002B03D1002A07D00122D6E7FF2326
:10432000002A02D08022D2033243D8051043E4078A
:104330002043F0BD0023F0E7D208F6E7FF23C9E7EA
:10434000FE07000080FCFFFF82FCFFFFA2FCFFFFD6
:1043500010B50A22002100F08FF810BDF0B585B02D
:1043600017001E0003900191242B23D80C00012B71
:1043700020D03D4B08229C46230061461D78013425
:10438000485D010011401042F6D12D2D19D125783C
:104390009C1C012300931022330093431DD1302D28
:1043A00015D1202123788B43582B10D16578023406
:1043B000102612E000F0EAF816230360002005B092
:1043C000F0BD00912B2DE6D125789C1CE3E7002E53
:1043D000EED10A36302D00D1023E244A009B94468D
:1043E0006344310018000293EBF7C4FE00228446B8
:1043F00010002B00303B092B11D81D00AE421DDDF3
:10440000531C09D001225242844505D301D1A9424F
:1044100011DB01227043281825780134E9E72B00CD
:10442000413B192B01D8373DE8E72B00613B192BA5
:1044300004D8573DE2E701225242EDE7531C08D170
:104440002223039A02981360002FB8D0631E0193B1
:1044500007E0009B002B00D04042002FAFD0002A85
:10446000F4D1019B3B60AAE7617F0108FFFFFF7F5A
:1044700010B5FFF773FF10BD10B5044C13000A0010
:1044800001002068FFF76AFF10BDC04660010020F0
:104490000EB48123F0B500269CB021AD02AC9B0088
:1044A00080CDA3811B9602900690EBF7A7FF0B4BE4
:1044B00003900B930123079009485B42E3813A0084
:1044C0002B00210000680F961496019500F054FB14
:1044D0001CB0F0BC08BC03B01847C046E544010856
:1044E000600100200020704770B50600140008002D
:1044F0001A009AB0002C05DA8B2301203360404269
:104500001AB070BD8223694600259B008B811995E6
:1045100000900490AC4200D0651E01235B42CB8129
:1045200030001E9B8D604D6100F0C6F9431C01DA1E
:104530008B233360002CE3D00022009B1A70DFE74E
:1045400013B5044C009313000A0001002068FFF724
:10455000CBFF16BD6001002003008218934200D1FA
:10456000704719700133F9E730B50500101E0BD004
:104570000024013A2B5D085D834204D1944202D0AD
:104580000134002BF6D1181A30BD0000014B186819
:104590007047C0466001002070B500260C4C0D4DE0
:1045A000641BA410A64209D1002601F0F5F90A4CBB
:1045B0000A4D641BA410A64205D170BDB300EB5890
:1045C00098470136EEE7B300EB5898470136F2E71B
:1045D0006C8001086C800108708001086C80010803
:1045E00070477047002310B59A4200D110BDCC5CD3
:1045F000C4540133F8E7000070B505000C1E10D05C
:10460000043C2368002B00DAE418280000F0E0F8EE
:104610001D4A1368002B05D163601460280000F068
:10462000DFF870BDA34208D9206821188B42F3D16E
:1046300019685B6809182160EEE71A005B68002BB7
:1046400001D0A342F9D911685018A0420BD12068BB
:104650000918501811608342E0D118685B6841184E
:1046600011605360DAE7A04202D90C232B60D5E732
:10467000206821188B4203D119685B6809182160F2
:1046800063605460CAE7C046EC18002070B50F4E56
:104690000D0031680400002902D100F031FF3060C4
:1046A0002900200000F02CFF431C03D101256D429E
:1046B000280070BD0323C51C9D43A842F8D0291AC9
:1046C000200000F01DFF0130F2D1EFE7E8180020D4
:1046D000F7B50322CB1C9343083305001F000C2BB6
:1046E00034D20C27B94233D8280000F071F8374E85
:1046F00033681C00002C2FD139002800FFF7C6FFBB
:104700000400431C5FD134680094009B002B4AD105
:10471000002C52D023682800E3180099019300F080
:10472000EFFE019B834248D123682800FF1A39001D
:10473000FFF7ACFF013040D02368DB1923603368FA
:104740005A68002A33D1009B336019E0002BC9DA84
:104750000C232B600020FEBD2168C91B20D40B292F
:104760000AD9E2192760A34204D13260636811605C
:10477000536005E05A60F9E76268A3420ED13260E7
:10478000280000F02DF8200007220B30231D904355
:10479000C21A9842DFD01B1AA350DCE75A60EFE739
:1047A00023006468A6E7009C63680093ADE71A00E5
:1047B0005B68A342FBD10023DAE70C2328002B60BF
:1047C00000F00EF8C6E70760DAE7C046EC180020F4
:1047D00010B50248FFF704FF10BDC046E4180020E2
:1047E00010B50248FFF7FDFE10BDC046E4180020DA
:1047F000F0B58E6885B01F000C0033000290039264
:10480000BE4254D80C22885E9022D20010422CD096
:104810000322096923685B1A019363695343019A70
:10482000DD0FED187B1C6D109B182A00AB4201D9DF
:104830001D001A00400527D511000298FFF748FF18
:10484000061E2AD0019A2169FFF7CCFEA289194BD6
:104850001A4080231343A381019B2661F61826602A
:1048600065613E00ED1A3B00A5601F003A00039908
:10487000206800F033FE0020A3689B1BA360236820
:10488000DB19236005B0F0BD029800F056FE061E4D
:10489000E2D121690298FFF7AFFE0C230120029AB2
:1048A00040421360A28934331343A381EAE73E00F8
:1048B000DCE7C0467FFBFFFFF0B59FB002901C0015
:1048C0008B890E0015001B0611D50B69002B0ED12C
:1048D0004021FFF7FDFE30603061002805D10C2338
:1048E000029A136001204042D4E040237361002308
:1048F000292102AA52180B9320331370013102AA06
:1049000010335218137005942C002378002B01D01B
:10491000252B48D1671BAC420BD03B002A0031004D
:104920000298FFF765FF013000D1AEE00B9BDB1969
:104930000B932378002B00D1A7E001225321002301
:104940005242079202AA5218651C069309930893D3
:1049500013701C93554F29780522380000F0E2FDB2
:104960006C1C069906AB00281FD1CA0604D5532734
:10497000202202A8C01902700A0704D553272B224F
:1049800002A8C01902702A782A2A15D02C0000200B
:104990000A27DA682178651C3039092950D900289E
:1049A00011D009920FE00134AFE70123C01B83400F
:1049B0000B4325000693CDE7059A101D126805905C
:1049C000002A37DBDA6022782E2A0CD162782A2A74
:1049D0003BD1059A0234111D12680591002A01DAB3
:1049E000012252425A60324D03222800217800F001
:1049F00099FD06AF002806D04023401B8340069A4D
:104A0000013413430693217806222A48651C39761F
:104A100000F088FD00283FD0274B002B29D107222A
:104A2000059B07339343083305930B9B03995B184E
:104A30000B9369E75242DA6002220A430692C2E708
:104A40007A432C0001205218A4E700220A205A6061
:104A50001100130001342278651C303A092A03D969
:104A6000002BC0D00791BEE741432C0001238918D9
:104A7000F1E705AA009239003200104B029800E0DD
:104A800000BF0390039B0133CFD1B3890B985B0622
:104A900000D527E71FB0F0BD05AA0092390032000B
:104AA000064B029800F03AFAEBE7C0467274010830
:104AB000787401087C74010800000000F1470108C7
:104AC00070B514004B1C03D101256D42280070BD48
:104AD000938920229343626BA381CEB26368CDB2E7
:104AE000002A10D0A26B9A4207DD2368013B2360A5
:104AF0001E70636801336360E8E7210000F0B0FCDA
:104B00000028F2D0E0E721692268002907D091420D
:104B100005D2511E0878A84201D12160EAE723643A
:104B20002300443363630323A36323004633E26318
:104B30001E7023600123DEE710B50C00496B0029CD
:104B40000ED023004433994201D0FFF755FD0020D9
:104B5000236C60636360834202D0E36B236010BD0B
:104B60002369012023600023A2896360203313435B
:104B7000A3814042F3E70000F0B5AA4C0D000021EC
:104B8000A5440190BE204891499105A94A91A649A2
:104B900045AC40002150A5490430215004931378BE
:104BA0000293002B00D13BE1A14E0820F15C0823C9
:104BB000571C0B4001421CD06B68002B10DD0821F4
:104BC0002B681A78B25C0A4201D13A00E7E7226901
:104BD0000133013222616A682B60013A6A60EBE7B7
:104BE000C0235B002900E358019898470028E6D0CD
:104BF000EBE70299252962D1A360236053782A2B21
:104C000002D11A3B2360971C3E000A223178771CA0
:104C10000B00303B092B1FD9864B0322180003934E
:104C200000F080FC002807D0039B3E00C01A01233F
:104C300083402268134323603378771C782B06D88F
:104C4000572B10D8252B3AD034D8002B55D003231E
:104C5000A3610733636077E0A3683E005343303BB2
:104C60005B18A360D2E7180058382028EFD8EBF77C
:104C700031FA4B00EEFFEEFF6000EEFFEEFFEEFFBD
:104C8000EEFFEEFFEEFFEEFF89005E002400240041
:104C90002400EEFF5500EEFFEEFFEEFFEEFF910069
:104CA00059004700EEFFEEFF8F00EEFF5E00EEFFC3
:104CB000EEFF4B00453B022BC9D8052335E06B685E
:104CC000002B0EDD2B6802991A788A4200D0A7E0EB
:104CD00001336A682B602369013A01336A602361FA
:104CE00073E7C0235B002900E35801989847002828
:104CF000E8D04898002800D08AE0012040428BE0AC
:104D0000202221680A4322608022216892000A43FF
:104D10002260102246926E2B06D801E000234693B3
:104D2000032302E00823469304234B930CE00A225A
:104D3000F0E7390005A800F059FB4023226807007E
:104D4000134323600123A3616B68002B31DD2368CB
:104D50005B0608D4C02676002B6835491A788A5C31
:104D600008210A422ED14B9B022B3DDC2A00210058
:104D7000019804AB00F0DEF9012851D0022800D0E0
:104D800023E7B6E740232268134323600023DAE7D2
:104D90000223CAE72268D30600D516E7049B2169DF
:104DA000181D04901B68D60701D519800DE71960FE
:104DB0000BE7C0235B002900E358019898470028BF
:104DC000C5D096E72269013222616A68013A6A60B9
:104DD000002A02DD01332B60BEE72900A3590198A8
:104DE00098470028B8D084E7042B06DC2A0021006D
:104DF000019804AB00F0FEF9BEE70F4B002B00D189
:104E0000E3E62A002100019804AB00E000BFB3E70D
:104E1000AB895B0600D570E7A7239B009D44F0BDDE
:104E20004898F9E764FDFFFFC14A0108394B0108C2
:104E3000617F01087874010800000000F7B51600D2
:104E400001938A680B690C000090934200DA13000A
:104E50002200336043321278002A01D001333360DC
:104E600023689B0602D53368023333602268062329
:104E700015001D401A4227D0230043331B785A1EC9
:104E800093412268920630D4220001990098089D2F
:104E90004332A847013025D006222368002513405D
:104EA000042B05D13368E568ED1AEB43DB171D4091
:104EB000A3682269934201DD9B1AED180026B542D2
:104EC00020D1002010E00135E36832689B1AAB4224
:104ED000D2DD2200012301990098089F1932B847BA
:104EE0000130F0D101204042FEBD3020E1184331B5
:104EF000087021005A1C45310978A2184332023348
:104F00001170C1E72200012301990098089F1A320D
:104F1000B8470130E6D00136D1E70000F0B58BB0DC
:104F200006920A0043320793059003920A7E0C0012
:104F3000109B782A09D8622A0BD8002A00D1BAE03F
:104F40007A490491582A00D18EE0250042352A7012
:104F500022E0100063381528F7D8EBF7BBF81600ED
:104F60001F00F6FFF6FFF6FFF6FF1F00F6FFF6FF45
:104F7000F6FFF6FF9F0036007E00F6FFF6FFB0005A
:104F8000F6FF3600F6FFF6FF820025001A6842356C
:104F9000111D196013682B7001239EE018680968C1
:104FA000021D0D060BD506681A60002E03DA2D23AC
:104FB000039A764213705D4B0A27049318E0066843
:104FC0001A604906F1D536B2EFE70868196840C99A
:104FD000050602D4400600D5B6B21960534B0A2725
:104FE00004936F2A00D1023F2300002243331A703A
:104FF0006368A360002B06DB04212268039D8A43BB
:10500000226033430CD0039D30003900EBF7B2F837
:10501000049B013D5B5C2B70330006009F42F3D97B
:10502000082F09D12368DB0706D5626823699A42F5
:1050300002DC3023013D2B70039B5B1B2361079B2C
:10504000210000930598069B09AAFFF7F7FE01309F
:1050500048D1012040420BB0F0BD202209680A432C
:105060002260782232490491210045310A70196882
:10507000226840C9100602D4500600D5B6B21960A5
:10508000D30702D5202313432360002E01D010271D
:10509000AAE72022236893432360F8E71A680D6883
:1050A000101D4969186013682E0601D5196002E0C9
:1050B0006D06FBD519800023039D2361BFE71A68A5
:1050C000111D1960156800212800626800F02AFA95
:1050D000002801D0401B6060636823610023039AAD
:1050E0001370ACE72A00236906990598079DA84725
:1050F0000130AED023689B0715D4099BE068984225
:10510000A9DA1800A7E72200012306990598079E4F
:105110001932B04701309CD00135E368099A9B1AD7
:10512000AB42F0DCE9E70025F7E7C04683740108ED
:1051300094740108F7B515008A680C000190002AE4
:1051400004D18A69002A17D10132A2602268D206EE
:1051500003D41A68111D196017680026A069002879
:1051600016D001280BD12B6862691B78D35C002B09
:105170000ED1002E3BD029E001225242E5E7022861
:1051800024D12B681A4A1B78D35C082213421DD104
:10519000102223680136134203D12B681B783B7021
:1051A00001372A686B6801322A60A268013B013A24
:1051B0006B60A260002A09D0002BCFDCC0235B000B
:1051C0002900E358019898470028C7D02268102387
:1051D000110019401A4206D1E3680133E360A36964
:1051E000002B00D03970002023699B192361FEBD7C
:1051F000617F0108F0B58BB00193764B16000490E7
:1052000007AAA1CBA1C2744A8B690C000592032B9B
:1052100001D1724B0593AE220020A3685200591EA3
:105220000390914205D95E3BFF3B03935E23FF331E
:10523000A36023001C330093D023002722681B01A6
:1052400013432360009B0293336807A81978BB00BF
:105250000222185800F066F9002829D0012F5DD1EC
:105260006368002B06D1083322686360F933FF338B
:105270001343236023685A4A13402360A3685A1ECD
:10528000A260002B14D033685A1C32601B78029A3B
:1052900013707368551C013B7360002B07DCC0233F
:1052A0005B003100E3580498984700287DD10295AF
:1052B0000137032FC8D16368002B01D10A33636023
:1052C000002748496069C91A00F090F8029DA36858
:1052D00020680293002B3FD0316863690A789B5C99
:1052E000002B39D0302A28D180231B01184224D02A
:1052F000039B0137002B05D01A00029B013A0133B2
:105300000392A3607368013B7360002B1CDD33685C
:1053100001333360A368013BA360D8E7022FADD10E
:10532000C02380212268DB00134089008B42C2D158
:1053300010236360F03313439FE72B4B034023603C
:105340000B782B700135DDE7C0235B003100E3589B
:10535000049898470028DDD02368DB050ED5009B14
:105360009D4207D9BE23013D5B0032002978E358F6
:1053700004989847009B01209D4228D02168102363
:105380000A001A4019421BD12A70636800990498D8
:10539000059EB047019B21681B681A1D8E0606D525
:1053A00001990A601B68186007E00027D4E7CE0760
:1053B000F6D501990A601B681880E3680133E36041
:1053C0000020009BED1A2369ED195B1923610BB0D6
:1053D000F0BDC046E85901089D5601087144010816
:1053E000FFFAFFFFB5740108FFF6FFFF70B50B78F9
:1053F00004005E2B19D04D1C00212200601CFF30E0
:10540000117001328242FBD1681E002B26D001268A
:105410004E402800E6540178451C2D2909D05D290D
:105420001BD000291AD00B00F3E74B788D1C01210B
:10543000E3E742785D2AF6D09342F4DC19000230AB
:10544000013166548A42FBDC934203DB00220133C4
:10545000D318E0E7D21A013AF9E7280070BD00003E
:105460000B00F7B54D6B44330C009D421CD18026D8
:10547000F6003100FFF72CF9002802D1012040424C
:10548000FEBD23006063A66346331A78104BC254F6
:10549000230045331A780F4BC2542A780E4BC2545E
:1054A000C01820600020EBE78E6B290073001A0003
:1054B000019300F042F8051EE0D087190100320088
:1054C0003800FFF78FF8019B27606563A363E9E766
:1054D000FF030000FE030000FD03000010B588423A
:1054E00002D98B18984208D300239A4207D0CC5C8B
:1054F000C4540133F9E78B5C8354013AFBD210BDED
:10550000002370B5064D040008002B6000F0D2F8AF
:10551000431C03D12B68002B00D0236070BDC04614
:10552000E0180020C9B28218904201D100207047D3
:1055300003788B42FBD00130F6E7F7B506000C008C
:105540001500002905D11100FFF7C2F80400200062
:10555000FEBD002A03D1FFF74FF82C00F7E700F05B
:10556000A1F80700854202D84308AB42EFD32900D7
:105570003000FFF7ADF80190002801D1019CE6E76B
:105580002A00BD4200D93A0021000198FFF72AF80D
:1055900021003000FFF730F8F0E70000F0B51E0002
:1055A0003D4B17000C009C46082285B003900091EB
:1055B000230061461D780134485D0100114010420E
:1055C000F6D12D2D12D125789C1C01230293102297
:1055D0003300934316D1302D0ED1202123788B43F5
:1055E000582B09D16578023410260BE002912B2D3F
:1055F000EDD125789C1CEAE7002EF5D10A36302D36
:1056000000D1023E012031004042EAF777FD0190CF
:10561000012031004042EAF7ADFD002318002A00C6
:10562000303A092A12D81500AE421EDD5A1C0AD0A3
:105630000123019A5B42824205D301D1A94211DBC9
:1056400001237043281825780134E8E72A00413AFD
:10565000192A01D8373DE7E72A00613A192A04D808
:10566000573DE1E701235B42EDE75A1C07D12222B7
:10567000039918000A60002F09D105B0F0BD029A05
:10568000002A00D04042002FF7D0002B01D0631E2B
:105690000093009B3B60F0E7617F010810B5FFF7C6
:1056A0007DFF10BD0B1F1B68181F002B01DA0B5864
:1056B000C0187047044A03001068002802D0C318BD
:1056C000136070470148FAE7F0180020F81800202E
:1056D000F0B54F464646D6463B4A4B005B0DC0B53B
:1056E0009E1804000D000F0089468046132E24DC0E
:1056F000002E51DB354B33419A460B40034317D004
:10570000334A344BFDF7A8F900220023EAF7BCFD29
:1057100000280BD0002D04DD80235B033341994624
:10572000A94453464F469F430023984639004046BC
:10573000E0BCBA46B146A846F0BD332E08DD802352
:10574000DB009E42F4D102000B00FDF785F9EFE784
:10575000214A9446012263445242DA409146024271
:10576000E6D01B4A1B4BFDF777F900220023EAF72E
:105770008BFD0028DAD02300002D09DD142E06D081
:1057800034210122891B8A40A3189C4200D96F1C36
:105790004A4693439846C9E70D4A0E4BFDF75CF91C
:1057A00000220023EAF770FD0028BFD0002D06DBA1
:1057B000270000232F439846B8D0084FB6E70023B0
:1057C000802798463F06B1E701FCFFFFFFFF0F006F
:1057D0009C7500883CE4377EEDFBFFFF0000F03F46
:1057E000F0B54F464646D6463E4A4B005B0DC0B527
:1057F0009E1804000D000F0089468046132E24DCFD
:10580000002E47DB384B33419A460B40034317D0F9
:10581000364A374BFDF720F900220023EAF734FD22
:1058200000280BD0002D04DA80235B033341994616
:10583000A94453464F469F430023984639004046AB
:10584000E0BCBA46B146A846F0BD332E08DD802341
:10585000DB009E42F4D102000B00FDF7FDF8EFE7FC
:10586000244A9446012263445242DA40914602425D
:10587000E6D01E4A1E4BFDF7EFF800220023EAF7A0
:1058800003FD0028DAD02300002D1BDB4A4693439A
:105890009846D3E7154A164BFDF7DEF800220023A1
:1058A000EAF7F2FC0028C9D0002D03DB0023002713
:1058B0009846C3E76B005B08234398460DD18027C9
:1058C0003F06BBE7142E06D034210122891B8A40F3
:1058D000A3189C42DAD96F1CD8E70023064F9846DC
:1058E000ACE7C04601FCFFFFFFFF0F009C7500887E
:1058F0003CE4377EEDFBFFFF0000F0BFF8B502008F
:105900000B000D0020484900490D0C18132C12DC27
:10591000002C30DB1D4E1000264135001D401900C3
:10592000154307D080252D032541ED180023B543ED
:1059300029001800F8BD332C08DD8025100019005F
:10594000ED00AC42F6D1FDF787F8F3E710480127E8
:1059500084467F426144CF40100019001742E9D0CD
:1059600033200121001B81408918914200D25D1C27
:105970000B00BB43DCE7DD0FED0700230134D7D17B
:10598000044A1543D4E7C04601FCFFFFFFFF0F00A8
:10599000EDFBFFFF0000F03FF8B5C046F8BC08BCC7
:1059A0009E467047F8B5C046F8BC08BC9E46704796
:1059B0005A050700665A06030100640008E6D3335F
:1059C00003000000A027BE330000000050010000CB
:1059D000E034C13300000000500100002042C43315
:1059E0000000000050010000B7740108BA740108FB
:1059F000BD7401086572726F7220696E2045455052
:105A0000524F4D205772697465206572726F720D26
:105A1000006572726F7220696E20454550524F4D7D
:105A2000204572617365206F7065726174696F6E75
:105A30000A0D007278446F6E652841434B290D0AA8
:105A4000007278446F6E650D0A00527373693D20D1
:105A500025640D0A007478446F6E650D0A00727833
:105A600054696D654F75740D0A00F500F30001006F
:105A700080000800050004004261743A252E336658
:105A800020560D0A00504231345F636F756E7431D9
:105A90003A25750D0A00504231345F737461747594
:105AA000733A25640D0A00504231355F7374617496
:105AB00075733A25640D0A005041345F7374617444
:105AC00075733A25640D0A00504231355F636F7576
:105AD0006E74323A25750D0A004453313842323023
:105AE0005F74656D70313A252E31660D0A0044539E
:105AF00031384232305F74656D70313A6E756C6C5E
:105B00000D0A0053485432785F74656D703A252E43
:105B100031662C53485432785F68756D3A252E31C2
:105B2000660D0A0053485433785F74656D703A25EA
:105B30002E31662C53485433785F68756D3A252EA4
:105B400031660D0A004248313735305F6C756D3A69
:105B500025640D0A00445331384232305F74656D5C
:105B600070323A252E31660D0A00445331384232E4
:105B7000305F74656D70323A6E756C6C0D0A00445E
:105B80005331384232305F74656D70333A252E31AF
:105B9000660D0A00445331384232305F74656D70CF
:105BA000333A6E756C6C0D0A004144435F504130CE
:105BB0003A252E336620560D0A006C696461725FC7
:105BC0006C6974655F64697374616E63653A2564BA
:105BD00020636D0D0A00554C545F64697374616EE7
:105BE00063653A252E316620636D0D0A0054465FC9
:105BF00064697374616E63653A256420636D2C5427
:105C0000465F737472656E6774683A25640D0A00A6
:105C10004144435F5041313A252E336620560D0AE8
:105C2000004144435F5041343A252E336620560DDF
:105C30000A0048583731315F5765696768743A25FB
:105C40006420670D0A00504131325F7374617475CE
:105C5000733A25640D0A000A0D5573652053656E6D
:105C6000736F722069732053544832780D0A000A0A
:105C70000D5573652053656E736F722069732053E1
:105C8000544833780D0A000A0D5573652053656E2C
:105C9000736F72206973204248313735300D0A0026
:105CA0000A0D4E6F20493243206465766963652092
:105CB00064657465637465640D0A000A0D55736547
:105CC0002053656E736F72206973204C49444152B2
:105CD0005F4C6974655F763348500D0A000A0D55B4
:105CE00073652053656E736F7220697320756C74D1
:105CF0007261736F6E69632064697374616E63654A
:105D0000206D6561737572656D656E740D0A000AAC
:105D10000D5573652053656E736F7220697320543F
:105D2000462D7365726965732073656E736F720DAE
:105D30000A000A0D4E6F2064697374616E636520FA
:105D40006D6561737572656D656E742064657669E5
:105D500063652064657465637465640D0A000A0DEB
:105D60005573652053656E736F72206973204858B0
:105D70003731310D0A00E700737769746368207466
:105D80006F20636C61737320256320646F6E650AF6
:105D90000D00414243005265636569766520646188
:105DA00074610A0D0025643A0025303278200042E3
:105DB00075666653697A653A25642C52756E204182
:105DC000542B52454356423D3F20746F2073656506
:105DD0002064657461696C0D0A00434F554E54315F
:105DE0002069732025750D0A00434F554E5432200B
:105DF00069732025750D0A005A05070167002530D3
:105E00003278202530327820253032782025303203
:105E100078202530327820253032782025303278AD
:105E200020253032782025303278202530327820F5
:105E300025303278202530327820253032782025E0
:105E4000303278202530327820253032780D0A0023
:105E500041545F504152414D5F4552524F52284983
:105E60006E636F7272656374204C656E6774682927
:105E70000D0A0025686878202568687820256868FC
:105E800078202568687820256868782025686878F3
:105E9000202568687820256868782025686878203B
:105EA0002568687820256868782025686878202526
:105EB00068687820256868782025686878202568D3
:105EC000687800456E746572204465627567206D60
:105ED0006F64650D0A004F4B0A0D00256868750058
:105EE000417474656E74696F6E3A54616B652065B8
:105EF00066666563742061667465722041542B4147
:105F000044523D300D0A00417474656E74696F6EC1
:105F10003A54616B652065666665637420616674DA
:105F200065722041545A0D0A0025630D0A0025753B
:105F30003A0041542B53454E4420776974686F757D
:105F40007420746865206170706C69636174696F36
:105F50006E20706F72740025730054686520524A79
:105F60005444432072616E67652069732031207448
:105F70006F2036353533350A0D005468652072655B
:105F800073706F6E7365206C6576656C2072616EE0
:105F90006765206973203020746F20350A0D007604
:105FA000312E382E30200025642C25642C256400E9
:105FB00025642C25642C25640D0A000A0D53746F8A
:105FC00070205478206576656E74732C506C656112
:105FD0007365207761697420666F7220616C6C2034
:105FE000636F6E66696775726174696F6E73207432
:105FF0006F207072696E740D0A000A0D537461721D
:1060000074205478206576656E74730D0A005444CC
:10601000432073657474696E67206D7573742062B4
:1060200065206D6F7265207468616E2036530A0DAD
:10603000004D6F6465206F662072616E6765206930
:1060400073203120746F20390D0A00494E544D6F72
:10605000646531206F662072616E67652069732008
:106060003020746F20330D0A00494E544D6F646523
:1060700032206F662072616E676520697320302060
:10608000746F20330D0A00494E544D6F6465332000
:106090006F662072616E6765206973203020746FAF
:1060A00020330D0A0025642E25640025302E31662C
:1060B0000D0A0025642C256C750025642C256C7553
:1060C0002C256C75005468652074696D656F757456
:1060D0002072616E6765206973203120746F2036ED
:1060E000353533350A0D0041542B3C434D443E3F7A
:1060F00020202020202020203A2048656C70206F2E
:106100006E203C434D443E0D0A41542B3C434D44CC
:106110003E2020202020202020203A2052756E2072
:106120003C434D443E0D0A41542B3C434D443E3DBF
:106130003C76616C75653E203A2053657420746826
:10614000652076616C75650D0A41542B3C434D44C6
:106150003E3D3F202020202020203A20476574200B
:106160007468652076616C75650D0A002B44455591
:1061700049002B415050455549002B4150504B454B
:1061800059002B4441444452002B4E574B534B452E
:1061900059002B415050534B4559002B53454E4409
:1061A00042002B53454E44002B5258444154455312
:1061B00054002B534554434E54002B4745545345EC
:1061C0004E534F5256414C554500415425733D00A6
:1061D0002B44454255470041542B44454255473ACC
:1061E000536574206D6F726520696E666F20696EED
:1061F0007075740D0A005A0041545A3A205472695D
:10620000672061207265736574206F66207468650D
:10621000204D43550D0A002B4644520041542B4655
:1062200044523A20526573657420506172616D6505
:106230007465727320746F20466163746F72792085
:1062400044656661756C742C204B657973205265CA
:1062500073657276650D0A0041542B444555493AE1
:1062600020476574206F7220536574207468652020
:10627000446576696365204555490D0A0041542BF4
:106280004150504555493A20476574206F7220535C
:10629000657420746865204170706C69636174690D
:1062A0006F6E204555490D0A0041542B4150504B0B
:1062B00045593A20476574206F72205365742074E5
:1062C0006865204170706C69636174696F6E204B02
:1062D00065790D0A0041542B44414444523A204709
:1062E0006574206F7220536574207468652044655E
:1062F0007669636520416464726573730D0A0041B9
:10630000542B4E574B534B45593A20476574206FD9
:10631000722053657420746865204E6574776F72BF
:106320006B2053657373696F6E204B65790D0A009E
:1063300041542B415050534B45593A2047657420E6
:106340006F722053657420746865204170706C69A9
:10635000636174696F6E2053657373696F6E204B50
:1063600065790D0A002B4144520041542B4144529F
:106370003A20476574206F722053657420746865F5
:1063800020416461707469766520446174612052B3
:106390006174652073657474696E672E2028303AC5
:1063A000206F66662C20313A206F6E290D0A002B73
:1063B0005458500041542B5458503A20476574208B
:1063C0006F722053657420746865205472616E7317
:1063D0006D697420506F7765722028302D352C2020
:1063E0004D41583A302C204D494E3A352C206163AE
:1063F000636F7264696E6720746F204C6F526157CF
:10640000414E2053706563290D0A002B4452004110
:10641000542B44523A20476574206F7220536574A0
:1064200020746865204461746120526174652E2077
:1064300028302D3720636F72726573706F6E6469D8
:106440006E6720746F2044525F58290D0A002B4458
:1064500043530041542B4443533A20476574206F03
:106460007220536574207468652045545349204454
:10647000757479204379636C652073657474696EF3
:1064800067202D20303D64697361626C652C20317A
:106490003D656E61626C65202D204F6E6C792066C3
:1064A0006F722074657374696E670D0A002B504E0D
:1064B0004D0041542B504E4D3A20476574206F7269
:1064C0002053657420746865207075626C69632060
:1064D0006E6574776F726B206D6F64652E20283047
:1064E0003A206F66662C20313A206F6E290D0A0023
:1064F0002B52583246510041542B52583246513A91
:1065000020476574206F722053657420746865207D
:106510005278322077696E646F7720667265717584
:10652000656E63790D0A002B525832445200415473
:106530002B52583244523A20476574206F722053D0
:10654000657420746865205278322077696E646FB4
:1065500077206461746120726174652028302D3762
:1065600020636F72726573706F6E64696E672074FA
:106570006F2044525F58290D0A002B525831444C69
:106580000041542B525831444C3A20476574206FD7
:106590007220536574207468652064656C6179208D
:1065A0006265747765656E2074686520656E642029
:1065B0006F662074686520547820616E642074686A
:1065C000652052782057696E646F77203120696E9C
:1065D000206D730D0A002B525832444C0041542B4D
:1065E000525832444C3A20476574206F72205365EC
:1065F00074207468652064656C61792062657477C5
:1066000065656E2074686520656E64206F66207411
:10661000686520547820616E642074686520527823
:106620002057696E646F77203220696E206D730D7C
:106630000A002B4A4E31444C0041542B4A4E3144FF
:106640004C3A20476574206F72205365742074683B
:1066500065204A6F696E20416363657074204465EC
:106660006C6179206265747765656E207468652059
:10667000656E64206F662074686520547820616EB2
:106680006420746865204A6F696E205278205769CB
:106690006E646F77203120696E206D730D0A002BB8
:1066A0004A4E32444C0041542B4A4E32444C3A201C
:1066B000476574206F722053657420746865204AA2
:1066C0006F696E204163636570742044656C617905
:1066D000206265747765656E2074686520656E64F8
:1066E000206F662074686520547820616E64207481
:1066F0006865204A6F696E2052782057696E646F12
:1067000077203220696E206D730D0A002B4E4A4DA2
:106710000041542B4E4A4D3A20476574206F722039
:1067200053657420746865204E6574776F726B20B2
:106730004A6F696E204D6F64652E2028303A2041E3
:1067400042502C20313A204F544141290D0A002B50
:106750004E574B49440041542B4E574B49443A2025
:10676000476574206F722053657420746865204EED
:106770006574776F726B2049440D0A002B464355B0
:106780000041542B4643553A20476574206F7220D0
:1067900053657420746865204672616D6520436F8F
:1067A000756E7465722055706C696E6B0D0A002BE6
:1067B0004643440041542B4643443A2047657420E5
:1067C0006F722053657420746865204672616D6530
:1067D00020436F756E74657220446F776E6C696EBE
:1067E0006B0D0A002B434C4153530041542B434C37
:1067F0004153533A20476574206F722053657420CB
:106800007468652044657669636520436C617373C1
:106810000D0A002B4A4F494E0041542B4A4F494E16
:106820003A204A6F696E206E6574776F726B0D0A3D
:10683000002B4E4A530041542B4E4A533A20476591
:106840007420746865206A6F696E20737461747552
:10685000730D0A0041542B53454E44423A20536570
:106860006E642068657861646563696D616C20643D
:1068700061746120616C6F6E672077697468207441
:106880006865206170706C69636174696F6E2070F7
:106890006F72740D0A0041542B53454E443A2053F5
:1068A000656E642074657874206461746120616C25
:1068B0006F6E6720776974682074686520617070F6
:1068C0006C69636174696F6E20706F72740D0A0079
:1068D0002B52454356420041542B52454356423AAF
:1068E000205072696E74206C6173742072656365E8
:1068F00069766564206461746120696E2062696EE6
:1069000061727920666F726D61742028776974688E
:106910002068657861646563696D616C2076616C7F
:10692000756573290D0A002B524543560041542BBF
:10693000524543563A205072696E74206C617374EC
:10694000207265636569766564206461746120699D
:106950006E2072617720666F726D61740D0A002B74
:10696000524A5444430041542B524A5444433A201F
:10697000476574206F7220736574207468652052B7
:10698000654A6F696E2064617461207472616E7310
:106990006D697373696F6E20696E74657276616C70
:1069A00020696E206D696E0D0A002B52504C00411B
:1069B000542B52504C3A20476574206F72207365F7
:1069C0007420726573706F6E7365206C6576656C8C
:1069D0000D0A002B5645520041542B5645523A2081
:1069E0004765742063757272656E7420696D6167A6
:1069F000652076657273696F6E20616E64204672E1
:106A0000657175656E63792042616E640D0A002BB5
:106A100043464D0041542B43464D3A204765742070
:106A20006F72205365742074686520636F6E6669A9
:106A3000726D6174696F6E206D6F64652028302DF2
:106A400031290D0A002B4346530041542B43465332
:106A50003A2047657420636F6E6669726D61746970
:106A60006F6E20737461747573206F66207468652F
:106A7000206C6173742041542B53454E44202830C0
:106A80002D31290D0A002B534E520041542B534EE9
:106A9000523A204765742074686520534E52206F27
:106AA0006620746865206C61737420726563656923
:106AB000766564207061636B65740D0A002B525318
:106AC00053490041542B525353493A20476574208F
:106AD0007468652052535349206F6620746865209E
:106AE0006C6173742072656365697665642070619A
:106AF000636B65740D0A002B5444430041542B54BE
:106B000044433A20476574206F7220736574207483
:106B10006865206170706C69636174696F6E206470
:106B2000617461207472616E736D697373696F6EE5
:106B300020696E74657276616C20696E206D730DCC
:106B40000A002B504F52540041542B504F52543A8C
:106B500020476574206F7220736574207468652007
:106B60006170706C69636174696F6E20706F7274AC
:106B70000D0A002B52583157544F0041542B525894
:106B80003157544F3A20476574206F722053657413
:106B900020746865206E756D626572206F66207363
:106BA000796D626F6C7320746F20646574656374B3
:106BB00020616E642074696D656F75742066726FF4
:106BC0006D20525877696E646F7731283020746F6A
:106BD00020323535290D0A002B52583257544F00B8
:106BE00041542B52583257544F3A20476574206F06
:106BF000722053657420746865206E756D626572CD
:106C0000206F662073796D626F6C7320746F2064DF
:106C1000657465637420616E642074696D656F7559
:106C2000742066726F6D20525877696E646F773288
:106C3000283020746F20323535290D0A002B444549
:106C400043525950540041542B44454352595054D7
:106C50003A20476574206F7220536574207468650C
:106C60002044656372797074207468652075706C57
:106C7000696E6B207061796C6F616428303A446989
:106C80007361626C652C313A456E61626C65290DE9
:106C90000A002B4D4F440041542B4D4F443A476559
:106CA00074206F72205365742074686520776F724A
:106CB0006B206D6F64650D0A002B494E544D4F4497
:106CC000310041542B494E544D4F44313A4765747D
:106CD000206F722053657420746865207472696730
:106CE00067657220696E74657272757074206D6F5D
:106CF000646520666F72205042313428303A44690E
:106D00007361626C652C313A66616C6C696E6720E8
:106D10006F7220726973696E672C323A66616C6CAF
:106D2000696E672C333A726973696E67290D0A00C0
:106D30002B494E544D4F44320041542B494E544D33
:106D40004F44323A476574206F7220536574207443
:106D50006865207472696767657220696E74657210
:106D600072757074206D6F646520666F722050427A
:106D7000313528303A44697361626C652C313A666A
:106D8000616C6C696E67206F7220726973696E67DF
:106D90002C323A66616C6C696E672C333A72697397
:106DA000696E67290D0A002B494E544D4F4433003C
:106DB00041542B494E544D4F44333A476574206F2C
:106DC0007220536574207468652074726967676502
:106DD0007220696E74657272757074206D6F64656F
:106DE00020666F722050413428303A4469736162E2
:106DF0006C652C313A66616C6C696E67206F72202D
:106E0000726973696E672C323A66616C6C696E6781
:106E10002C333A726973696E67290D0A002B574546
:106E2000494752450041542B5745494752453A532B
:106E30006574207468652077656967687420746F6D
:106E40002030670D0A002B574549474150004154F7
:106E50002B5745494741503A476574206F7220537C
:106E60006574207468652047617056616C75652093
:106E70006F66207765696768740D0A002B35565474
:106E80000041542B3556543A476574206F72205395
:106E9000657420657874656E642074686520746913
:106EA0006D65206F6620355620706F7765720D0A0C
:106EB0000041542B534554434E543A2047657420A7
:106EC0006F72207365742074686520636F756E74CB
:106ED0002061742070726573656E740D0A002B4317
:106EE00048530041542B4348533A20476574206F60
:106EF0007220536574204672657175656E637920E2
:106F000028556E69743A20487A2920666F7220539A
:106F1000696E676C65204368616E6E656C204D6FAD
:106F200064650D0A0041542B47455453454E534F59
:106F30005256414C55453A2052657475726E732015
:106F40007468652063757272656E742073656E7304
:106F50006F722076616C75650D0A002B44444554B0
:106F60004543540041542B444445544543543A202E
:106F7000476574206F72207365742074686520649F
:106F80006F776E6C696E6B20646574656374696F8E
:106F90006E0D0A002B5345544D41584E42545241F8
:106FA0004E530041542B5345544D41584E42545278
:106FB000414E533A20476574206F722073657420E8
:106FC000746865206D6178206E627472616E7320E2
:106FD000696E204C696E6B4144520D0A002B444986
:106FE0005346434E54434845434B0041542B444978
:106FF0005346434E54434845434B3A20476574201B
:107000006F72207365742074686520446F776E6CAE
:10701000696E6B204672616D6520436865636B28FD
:10702000303A456E61626C652C313A446973616235
:107030006C65290D0A002B4449534D4143414E5381
:107040000041542B4449534D4143414E533A20474C
:107050006574206F722073657420746865204D41DB
:107060004320414E532073776974636828303A4552
:107070006E61626C652C313A44697361626C65299A
:107080000D0A0041542B52584441544553543A2060
:107090005365742074686520646F776E6C696E6BDD
:1070A000206461746120646574656374696F6E0D3A
:1070B0000A002B4346470041542B4346473A205091
:1070C00072696E7420616C6C20636F6E666967759F
:1070D000726174696F6E730D0A000D0A4F4B0D0AD1
:1070E000000D0A41545F4552524F520D0A000D0ADD
:1070F00041545F504152414D5F4552524F520D0A2B
:10710000000D0A4552524F523A4E6F7420696E205C
:1071100052616E67650D0A000D0A4552524F523A90
:1071200052756E2041542B46445220666972737426
:107130000D0A000D0A41545F425553595F455252A2
:107140004F520D0A000D0A41545F544553545F508D
:107150004152414D5F4F564552464C4F570D0A0024
:107160000D0A41545F4E4F5F4E4554574F524B5F8F
:107170004A4F494E45440D0A000D0A41545F52588A
:107180005F4552524F520D0A000D0A6572726F72BE
:1071900020756E6B6E6F776E0D0A00455538363868
:1071A0000A0D004465764575693D2025303258202A
:1071B00025303258202530325820253032582025AD
:1071C0003032582025303258202530325820253092
:1071D00032580A0D004C4F52414D41432053544107
:1071E000545553204552524F520A0D000A0D4C532C
:1071F0004E3530204465766963650A0D00496D613E
:1072000067652056657273696F6E3A2076312E3845
:107210002E300A0D004C6F526157616E205374611D
:10722000636B3A2044522D4C57532D3030370A0DA2
:10723000004672657175656E63792042616E643ACD
:107240002000506C656173652073657420746865F7
:1072500020706172616D6574657273206F72207247
:10726000657365742044657669636520746F206179
:1072700070706C79206368616E67650A0D00763105
:107280002E382E30005258206F6E206672657120A5
:10729000256420487A2061742044522025640D0A18
:1072A000005258206F6E20667265712025642E256D
:1072B00064204D487A2061742044522025640D0AD0
:1072C000005458206F6E2066726571202564204836
:1072D0007A2061742044522025640D0A00545820FD
:1072E0006F6E20667265712025642E2564204D48DE
:1072F0007A2061742044522025640D0A00414452D2
:10730000204D6573736167653A0D0A005458204437
:1073100061746172617465206368616E6765207471
:107320006F2025640D0A005478506F7765722063D2
:1073300068616E676520746F2025640D0A004E62D7
:10734000526570206368616E676520746F202564E4
:107350000D0A005458204461746172617465207490
:107360006F6F20736D616C6C20666F72207468693A
:1073700073207061796C6F61642073697A652C2069
:107380006368616E676520746F2025640D0A005282
:10739000656365697665643A20414452204D6573A2
:1073A000736167650D0A004A6F696E20416363650A
:1073B00070743A0D0A0052783144724F66667365F4
:1073C000743A25640D0A0052783244617461726126
:1073D00074653A25640D0A005265636569766544F3
:1073E000656C6179313A256C75206D730D0A005218
:1073F00065636569766544656C6179323A256C75BB
:10740000206D730D0A000A0D5B256C755D000A0D79
:10741000506C65617365207573652041542B44453C
:1074200042554720746F20736565206465627567F7
:1074300020696E666F0D0A002A2A2A2A2A205570B2
:107440004C696E6B436F756E7465723D20257520B7
:107450002A2A2A2A2A0A0D004F6E2043657274696F
:1074600066207478206E657874207061636B657433
:107470000D00232D302B2000686C4C00656667459D
:10748000464700303132333435363738394142439C
:10749000444546003031323334353637383961624D
:1074A0006364656600412D46612D6638393031329E
:1074B00033343536375D002B2D00303000785800DE
:1074C000000000008084FE400000000080840E4127
:1074D0000000000080841E41280A00001700000000
:1074E0001C0C00000F0000003C0F00000700000013
:1074F00050140000160000009C1800000E00000050
:10750000781E000006000000A02800001500000002
:10751000D43000000D000000F03C00000500000029
:107520004051000014000000A86100000C000000A1
:10753000447A000004000000E4A2000013000000F0
:1075400050C300000B00000024F400000300000002
:107550008545010012000000A08601000A0000001D
:1075600048E80100020000002C8B0200110000001E
:10757000400D03000900000090D00300010000004E
:10758000E093040000000000000C23000D1E000E1C
:10759000D2001A01001FAA0024070027120028C1E8
:1075A000002994002AC10030D800358F003B02002A
:1075B0004000004130012340A5360008093700088B
:1075C000610F000825070008F50E0008CD07000828
:1075D000F90F0008411000087D1000089D130008F5
:1075E0004F3600080D090008B5170008C90B000840
:1075F0006D0B0008010C0008C10E000811160008F0
:10760000F10A0008BB070008610800087D070008B0
:1076100021080008CD1C0008FD1C0008E51D00081D
:10762000030406080C1018203000000000010203BB
:107630000400000000000000000102030406070827
:10764000091F1D1F1E1F1E1F1F1E1F1E1F1F1C1F69
:107650001E1F1E1F1F1E1F1E1F000501020101010C
:107660000701010103040000D061010806000000C9
:1076700009AA000809AA000829AA0008D761010878
:10768000F66101080100000009AA000809AA000823
:107690000DAA0008F8610108176201080400000043
:1076A00009AA000809AA000849AA00081C620108E2
:1076B0006C6101080500000089AA000899AA000869
:1076C00009AA000858620108726101080700000059
:1076D000FDAA00080DAB000809AA00087D62010898
:1076E0007A61010807000000B7AB0008C5AB0008CD
:1076F00009AA0008A96201088261010806000000C9
:10770000ADAB000871AB000809AA0008D5620108FA
:107710008961010808000000E7AB0008F5AB00082C
:1077200009AA0008FF620108926101080800000030
:1077300017AC000825AC000809AA0008306301084E
:10774000656301080400000047AC00086BAC00084A
:1077500009AA00086A630108AF6301080400000079
:1077600091AC0008B9AC000809AA0008B46301088C
:107770000B64010803000000F5AC00081DAD000813
:1077800009AA00080F6401084E6401080400000003
:1077900071AD000855AD000809AA0008536401083E
:1077A000AD640108040000009DAD0008C1AD0008F3
:1077B00009AA0008B2640108F0640108060000008C
:1077C000E7AD00080DAE000809AA0008F76401083B
:1077D000276501080600000049AE00086DAE0008EC
:1077E00009AA00082E6501087A6501080600000054
:1077F000B1AE0008D5AE000809AA000881650108ED
:10780000D66501080600000001AF000825AF00089A
:1078100009AA0008DD6501083266010806000000BB
:1078200051AF000875AF000809AA000839660108C1
:107830009F66010806000000B1AF0008D5AF000840
:1078400009AA0008A66601080C67010804000000E8
:1078500011B0000825B0000809AA00081167010846
:107860004F670108060000004DB000088DB0000809
:1078700009AA0008566701087C6701080400000097
:10788000D1B00008F5B0000809AA00088167010816
:10789000AF6701080400000021B1000845B10008ED
:1078A00009AA0008B4670108E4670108060000009F
:1078B00071B10008A1B1000809AA0008EB6701082E
:1078C000136801080500000009AA000809AA0008B9
:1078D000D9B10008196801083168010804000000E6
:1078E000E3B1000809AA000809AA000836680108DF
:1078F0009B6101080600000009AA000805B2000803
:1079000009AA000854680108A261010805000000E6
:1079100009AA0008A5B2000809AA0008966801088B
:10792000D0680108060000001DB3000809AA00087D
:107930001DB30008D7680108276901080500000089
:107940006DB3000809AA00086DB300082D6901088D
:107950005F69010806000000F5B30008B9B300082C
:1079600009AA000866690108AA6901080400000064
:1079700045B4000809B4000809AA0008AF69010865
:10798000D36901080400000059B4000809AA0008DE
:1079900009AA0008D86901080F6A0108040000005C
:1079A00001B5000871B4000809AA0008146A0108AA
:1079B000456A0108040000002DB5000809AA000866
:1079C00009AA00084A6A0108866A01080400000042
:1079D00041B5000809AA000809AA00088B6A010835
:1079E000BD6A0108050000004FB5000809AA00089B
:1079F00009AA0008C36A0108F76A01080400000028
:107A00006DB600082DB6000809AA0008FC6A010836
:107A1000426B010805000000A9B6000881B6000805
:107A200009AA0008486B0108736B010807000000F1
:107A300001B7000815B7000809AA00087B6B010808
:107A4000D86B01080700000045B7000859B70008C7
:107A500009AA0008E06B01083D6C0108080000005D
:107A6000B5B7000889B7000809AA0008466C0108E4
:107A7000926C01080400000019B80008D1B7000892
:107A800009AA0008976C0108B96C010808000000F9
:107A90006DB800082DB8000809AA0008C26C0108DA
:107AA000306D010808000000C1B8000881B8000866
:107AB00009AA0008396D0108A76D01080800000037
:107AC00015B90008D5B8000809AA0008B06D01086A
:107AD0001D6E01080700000009AA000809AA000895
:107AE000BDBC0008256E0108466E010807000000B5
:107AF00091B9000829B9000809AA00084E6E0108CA
:107B00007C6E010804000000DDB90008B5B900086A
:107B100009AA0008816E0108B2610108070000008F
:107B200009AA0008F1B9000809AA0008B16E010805
:107B3000DE6E010804000000F1B60008B9B60008C6
:107B400009AA0008E36E0108BA6101080F000000ED
:107B500009AA00082DBA000809AA0008256F010823
:107B60005B6F010808000000F1BA000881BA000844
:107B700009AA0008646F0108946F01080E00000054
:107B800061BB00081DBB000809AA0008A36F01081B
:107B9000DD6F01080D000000B5BB000885BB0008C3
:107BA00009AA0008EB6F0108367001080A000000FE
:107BB00001BC0008D1BB000809AA000841700108F7
:107BC000A86101080900000009AA00081DBC0008FE
:107BD00009AA000883700108B270010804000000BF
:107BE00009AA000809AA00085DB50008B7700108D5
:107BF000DA700108E1700108EE70010801710108F6
:107C0000187101083371010845710108607101089C
:107C1000797101088971010833333373DEDEDEDEEA
:107C200033333373F2F2F2F248E8010048E801001E
:107C300048E8010048E8010048E8010048E8010080
:107C400090D00300000000000C0B0A09080707325F
:107C5000080A0C0D0E10121415181A1B1D1E2124D3
:107C6000A584998D0DBDB1545003A97D1962E69A82
:107C7000459D408715EBC90BEC67FDEABFF7965BA6
:107C8000C21CAE6A5A41024F5CF434089373533FEE
:107C90000C52655E28A10FB509369B3D2669CD9F24
:107CA0001B9E742E2DB2EEFBF64D61CE7B3E71977E
:107CB000F568002C601FC8EDBE46D94BDED4E84AFB
:107CC0006B2AE516C5D75594CF100681F044BAE368
:107CD000F3FEC08AADBC4804DFC17563301A0E6D77
:107CE0004C14352FE1A2CC3957F28247ACE72B95E3
:107CF000A098D17F667EAB83CA29D33C79E21D76FA
:107D00003B564E1EDB0A6CE45D6EEFA6A8A4378BD3
:107D1000324359B78C64D2E0B4FA0725AF8EE91824
:107D2000D5886F7224F1C751237C9C21DDDC8685C8
:107D30009042C4AAD8050112A35FF9D0915827B97F
:107D40003813B333BB7089A7B622922049FF787AE3
:107D50008FF88017DA31C6B8C3B07711CBFCD63AAA
:107D6000C6F8EEF6FFD6DE916002CE56E7B54DECD2
:107D70008F1F89FAEFB28EFB41B35F452353E49B1B
:107D800075E13D4C6C7EF5836851D1F9E2AB622A16
:107D90000895469D30370A2F0E241BDFCD4E7FEA13
:107DA000121D583436DCB45BA476B77D52DD5E1309
:107DB000A6B900C140E379B6D48D67729498B085B6
:107DC000BBC54FED869A66118AE904FEA078254B63
:107DD000A25D80053F2170F16377AF4220E5FDBFD2
:107DE000811826C3BE35882E9355FC7AC8BA32E670
:107DF000C0199EA344543B0B8CC76B28A7BC16AD7F
:107E0000DB647414920C48B89FBD43C43931D3F27B
:107E1000D58B6EDA01B19C49D8ACF3CFCAF44710C8
:107E20006FF04A5C38577397CBA1E83E96610D0F0F
:107E3000E07C71CC9006F71CC26AAE6917993A27AC
:107E4000D9EB2B22D2A907332D3C15C987AA50A5FF
:107E50000359091A65D784D082295A1E7BA86D2C34
:107E6000637C777BF26B6FC53001672BFED7AB76F7
:107E7000CA82C97DFA5947F0ADD4A2AF9CA472C0A2
:107E8000B7FD9326363FF7CC34A5E5F171D831150F
:107E900004C723C31896059A071280E2EB27B27530
:107EA00009832C1A1B6E5AA0523BD6B329E32F84A8
:107EB00053D100ED20FCB15B6ACBBE394A4C58CFA0
:107EC000D0EFAAFB434D338545F9027F503C9FA874
:107ED00051A3408F929D38F5BCB6DA2110FFF3D242
:107EE000CD0C13EC5F974417C4A77E3D645D1973F6
:107EF00060814FDC222A908846EEB814DE5E0BDBF0
:107F0000E0323A0A4906245CC2D3AC629195E47926
:107F1000E7C8376D8DD54EA96C56F4EA657AAE0880
:107F2000BA78252E1CA6B4C6E8DD741F4BBD8B8A1B
:107F3000703EB5664803F60E613557B986C11D9E81
:107F4000E1F8981169D98E949B1E87E9CE5528DFF8
:107F50008CA1890DBFE6426841992D0FB054BB1624
:107F60000020202020202020202028282828282009
:107F70002020202020202020202020202020202001
:107F80002088101010101010101010101010101069
:107F90001004040404040404040404101010101059
:107FA0001010414141414141010101010101010123
:107FB0000101010101010101010101011010101075
:107FC00010104242424242420202020202020202F5
:107FD0000202020202020202020202021010101049
:107FE0002000000000000000000000000000000071
:107FF0000000000000000000000000000000000081
:108000000000000000000000000000000000000070
:108010000000000000000000000000000000000060
:108020000000000000000000000000000000000050
:108030000000000000000000000000000000000040
:108040000000000000000000000000000000000030
:108050000000000000000000000000000000000020
:04806000000000001C
:08806400CC9FFF7F010000002A
:04806C0035040008CF
:048070000D040008F3
:10807400B1180008C11B0008911600085117000828
:10808400FD06000800000000010000000000C843D5
:108094004D360008493600085D370008533600089D
:1080A400D93700081938000880841E00010001C86F
:1080B400C1A000085DA00008D99E0008B99E000870
:1080C400AD870008018F000865870008A00700201D
:1080D40000000000120000001400000030750000D1
:1080E4006F0B0020000000000101010101010101EA
:1080F400010100000101010101010101010101016E
:10810400010101010101010101010101010101015B
:10811400010101010101010101010101010101014B
:10812400010101010101010101010101010101013B
:10813400000000000000000000000000000000003B
:1081440011000000640000000000000000000000B6
:1081540000000000640000000000000000000000B7
:1081640000000000E8030000000000000000000020
:10817400000000000A0000000000000000000000F1
:108184000000000064000000000000000000000087
:1081940000000000E80300000000000000000000F0
:1081A40000000000010101010100000000000000C6
:1081B4000000000000000000490000000000000072
:1081C40000000000000000000100000001000000A9
:1081D4006401002000000000A817002010180020EF
:1081E40078180020000000000000000000000000DB
:1081F400000000000000000000000000000000007B
:10820400000000000000000000000000000000006A
:10821400000000000000000000000000000000005A
:040000050800045596
:00000001FF
