:020000040800F2
:100000000050002055040008C5960008C796000857
:1000100000000000000000000000000000000000E0
:10002000000000000000000000000000CB96000867
:100030000000000000000000CD960008CF960008E8
:10004000A5040008A5040008EF960008A504000810
:10005000A5040008F79600080797000819970008FC
:10006000A5040008A5040008A5040008E7960008F8
:10007000A5040008A5040008A5040008A5040008BC
:1000800029980008A5040008A50400080000000045
:1000900021980008A5040008A5040008A50400088C
:1000A000A5040008A5040008A5040008D7960008C8
:1000B000A5040008DF96000800000000A504000861
:1000C00002B4714649084900095C49008E4402BCEB
:1000D0007047C04603B47146490840004900095EB4
:1000E00049008E4403BC704703B471464908400080
:1000F0004900095A49008E4403BC7047002934D096
:100100000123002210B488422CD301242407A142E9
:1001100004D2814202D209011B01F8E7E400A142A6
:1001200004D2814202D249005B00F8E7884201D341
:10013000401A1A434C08A04202D3001B5C08224319
:100140008C08A04202D3001B9C082243CC08A0428A
:1001500002D3001BDC082243002803D01B0901D076
:100160000909E3E7100010BC704701B5002000F05A
:100170005FF802BD0029F8D003B5FFF7C1FF0EBC40
:100180004243891A1847C046002941D010B40400E0
:100190004C40A44601230022002900D549420028F2
:1001A00000D5404288422CD301242407A14204D226
:1001B000814202D209011B01F8E7E400A14204D206
:1001C000814202D249005B00F8E7884201D3401A1D
:1001D0001A434C08A04202D3001B5C0822438C083F
:1001E000A04202D3001B9C082243CC08A04202D3A9
:1001F000001BDC082243002803D01B0901D0090999
:10020000E3E710006446002C00D5404210BC704764
:1002100001B5002000F00CF802BDC0460029F7D05F
:1002200003B5FFF7B3FF0EBC4243891A1847C04617
:100230007047C0468446100062468C4619006346EB
:1002400000E0C0461FB512F07FFF002801D4002156
:10025000C8421FBD10B512F0D9FE4042013010BD9A
:1002600010B512F071FF002801DB002010BD012045
:1002700010BDC04610B512F067FF002801DD002058
:1002800010BD012010BDC04610B512F0F9FE0028C7
:1002900001DC002010BD012010BDC04610B512F0D9
:1002A000EFFE002801DA002010BD012010BDC0467D
:1002B000844608006146FFE71FB511F0F6FD0028EF
:1002C00001D40021C8421FBD10B511F095FD404278
:1002D000013010BD10B511F0E8FD002801DB002051
:1002E00010BD012010BDC04610B511F0DEFD002884
:1002F00001DD002010BD012010BDC04610B511F079
:100300009EFD002801DC002010BD012010BDC0466C
:1003100010B511F094FD002801DA002010BD012075
:1003200010BDC046002B11D1002A0FD1002900D1E9
:10033000002802D00021C943080007B4024802A1E6
:100340004018029003BDC046E9FEFFFF03B46846B3
:1003500001B5029811F0E0FB019B9E4602B00CBC77
:100360007047C046D0400B00D1409C46203AD34055
:10037000184352426346934018437047914003002C
:1003800090409C46203A9340194352426346D340E2
:10039000194370471C2101231B04984201D3000C10
:1003A00010391B0A984201D3000A08391B099842E8
:1003B00001D30009043902A2105C40187047C046FE
:1003C000040302020101010100000000000000001E
:1003D00010B5002903D1FFF7DDFF203002E008004F
:1003E000FFF7D8FF10BDC04602780B78002A03D073
:1003F000013001319A42F7D0D01A70470023C25C15
:100400000133002AFBD1581E7047000010B5064C7E
:100410002378002B07D1054B002B02D0044800E0C5
:1004200000BF0123237010BDAC01002000000000BC
:1004300064540108044B10B5002B03D00349044851
:1004400000E000BF10BDC04600000000B001002069
:10045000645401080D488546002103E00C4B5B58AD
:10046000435004310B480C4B42189A42F6D30B4AC6
:1004700002E0002313600432094B9A42F9D302F0E0
:1004800063FD13F001FE08F06FF8FEE70050002056
:10049000247C010800000020AC010020AC010020F9
:1004A00074180020FEE70000F7B506000F00019267
:1004B000EFF3108572B606F039FB0024019BA342CE
:1004C0000EDDA3000220FA58F11806F05DFB0028AB
:1004D00001D10134F2E785F31088044810F01EFAC8
:1004E00006F036FB85F31088F7BDC046BC54010802
:1004F0000268024B1A6018687047C046C8010020A5
:1005000070B50500EFF3108472B606F00FFB2800FB
:1005100006F028FB002804D084F31088034810F06C
:10052000FDF906F015FB84F3108870BDD95401085D
:1005300070B5EFF3108572B606F0F8FA094C20009A
:1005400006F010FB002804D085F31088064810F050
:10055000E5F9064B04349C42F1D106F0F9FA85F333
:10056000108870BD60000808D9540108D800080838
:10057000304B10B51A6D8022196D120492B00A43E7
:100580001A650021342205A813F05EFD082304A893
:100590000493073B099303F017FE002801D007F0EE
:1005A00089F8254C254B264A2360002320006360F0
:1005B000A360E260236105F0CFFB002801D007F0C3
:1005C00079F81421200005F04FFD0123002201934A
:1005D00069460B33200000920293039205F0FCFB66
:1005E000002801D007F066F80021200005F0EAFBA2
:1005F000002801D007F05EF8124A1368022BFCD1E4
:100600000021200005F0E3FB200005F0C1FB0E4BAC
:100610000E481A681A600E4B0360062343600D4BA8
:100620008360C36006F068FB002801D007F042F841
:1006300012B010BD00100240D80100200008014097
:10064000FFFF0000CC010020D0010020100200209C
:1006500000300040FF0F0000002110B50D4805F0EC
:1006600057FC0D490B685A1C0A600C4A5B00D052BB
:100670000B68012B0CD951881288094B891A18680C
:1006800089B2FFF73BFD074B18601A68D2001A6069
:1006900010BDC046D8010020CC010020D4010020AC
:1006A00034000020D001002010B5024805F054FCB1
:1006B00010BDC046D801002010B5044806F048FB24
:1006C000002801D006F0F6FF10BDC0461002002041
:1006D000094A0023110010B51468844202D89468B6
:1006E000844204D801330832152BF5D1FEE7DB0034
:1006F000C918087910BDC04630700108054B5A79F9
:10070000002A05D130331A78002A01D101321A703B
:100710007047C0465C020020014B18607047C0461D
:10072000C4020020014B18797047C0465C020020CB
:1007300010B586B001241422002101A813F084FC16
:100740000323210001AA0C480493029406F0D0FF71
:1007500021000022084807F03DF820000FF016FFA6
:100760000023210001AA0448029306F0C1FF0620DD
:100770000FF00CFF06B010BD0004005070B506006D
:100780008D180C00A0208021C0050022090207F06E
:1007900021F88020304307F08BFAAC4207D180214A
:1007A000A02001220902C00507F014F870BD2078CE
:1007B00007F07EFA0134F0E707B56B46D9710122E4
:1007C000D91DFFF7DBFF07BD114B70B511499860CC
:1007D0000500FFF7CFFC104B0802C0180D49FFF7CA
:1007E0008DFC0C4904002800FFF788FC0002241847
:1007F000210C0620C9B2FFF7DFFF210A0720C9B28A
:10080000FFF7DAFF0820E1B2FFF7D6FF70BDC04660
:100810005C020020093D0000841E000070B5060047
:100820008D180C00A0208021C0050022090206F0CE
:10083000D1FF7F20304007F03BFAAC4207D1802146
:10084000A02001220902C00506F0C4FF70BD0020EF
:1008500007F02EFA20700134EFE713B56B46DC1D6C
:1008600001222100FFF7DAFF207816BD70B50920BC
:10087000FFF7F3FF05000620FFF7EFFF0400072056
:10088000FFF7EBFF06020820FFF7E7FF1B4A2304F0
:100890003343C4B2544303431B0A5A4380340021F8
:1008A0000920240AA418FFF787FF3B20FFF7D5FF94
:1008B00040210143C9B23B20FFF77EFF20263B20A9
:1008C000FFF7CBFF3042FAD10D48FFF77DFF3B2009
:1008D000FFF7C3FF40210143C9B23B20FFF76CFF84
:1008E00020263B20FFF7B9FF3042FAD1290009202A
:1008F000FFF762FF2000FFF767FF70BD093D0000B2
:1009000000A1BC33F0B587B00191002804D00128C4
:1009100055D0002007B0F0BD694C2720258CFFF78B
:100920009CFFF82398430130401913F099F9E31C18
:10093000DB7F0022002B3ED0002311F001FE0600D9
:1009400030200F00FFF789FFF9230022984300238E
:10095000002800D05B4B3000390011F0F1FD06009B
:1009600001980F0013F07CF902000B0030003900F1
:1009700011F0E6FD631DDB7F0022002B1DD08023DC
:10098000DB0511F0DDFD00224F4B12F041FC0600AB
:10099000E0690F0013F08CF902000B003000390001
:1009A00012F09AF80022494B12F032FC14F00AFDC2
:1009B00011F096F8AEE7434BBFE70023E1E7404D67
:1009C0006B6C073B022B78D8414ADB00D218C0CAB7
:1009D0000120AC6CA04013F043F902000B00300082
:1009E000390012F079F802000B000020354912F0AE
:1009F00073F82B00029003914E33188813F030F9EE
:100A00000022344B11F09CFD029A039B12F000FC73
:100A1000019B04900591DA002B0052331B78A10052
:100A20001B015B1A0021503528781C33884200D006
:100A30001431D018401A13F03BF9274B06001B78ED
:100A40000F005B00E01A800013F032F902000B0087
:100A50003000390012F040F814F096FB06000F0049
:100A6000174D4D352878043013F0FAF832003B006A
:100A700012F0CEFB0022002304000D00FFF704FC5F
:100A8000002801D1002400250022200029000E4B5F
:100A900011F056FD029A039B12F0BAFB049A059BD3
:100AA00011F04EFD0022094B12F0B2FB0B4A0C4B29
:100AB00011F046FD14F0F4FB7AE70026002787E7E3
:100AC0005C0200200000F03F0000204000408F400A
:100AD0001870010800001140A80200202B8716D9C9
:100AE000CEF7EF3F10B5002804D001280AD001202E
:100AF000404210BD1120FFF7B0FE4008C0B2404296
:100B000000B2F6E7064B074A9B681B20934203D9C5
:100B1000FFF7A3FE9D38F3E7FFF79FFEA438EFE74A
:100B20005C02002040DD4A1F70B504000B4D01201F
:100B30002B681B6898472B6800201B6998472B6817
:100B400020005B6998470120FFF787FE0723984341
:100B50000443E1B20120FFF72FFE70BDC402002064
:100B600010B506480FF00EFE05480FF00BFE0120F1
:100B7000FFF7DAFF0022034B1A7110BD3402002088
:100B8000480200205C02002070B5041E11D1012033
:100B9000FFF763FEF82101400120FFF70DFE064D2F
:100BA00001202B681B6998472B6820001B68984719
:100BB00070BDFFF7B9FFFBE7C402002010B509487C
:100BC0000FF0E0FD08480FF0DDFD0020FFF7DCFF2F
:100BD000064B00201B681B6898470022044B1A71C3
:100BE00010BDC0463402002048020020C40200208C
:100BF0005C020020F8B5060075480FF0C3FD754C87
:100C00006579002D2ED00027012D50D123005533BA
:100C10001B7841273320002B69D0FFF71EFE384395
:100C2000C1B23320FFF7C8FD19213B20FFF7C4FDF7
:100C3000636C3120082B00D9B1E0FFF70EFE7F2155
:100C400001403120FFF7B8FD30200021FFF7B4FD4F
:100C5000606C08285ED8FFF733FA547A81888F9643
:100C60009D9D9D00E31D4020DF7FFFF7F6FD0323E0
:100C70000C21184001434020FFF79EFD4120FFF763
:100C8000ECFD3F2149420143C9B24120FFF794FDE9
:100C90003520FFF7E2FD3F23184023003E33187054
:100CA0001E210D20FFF788FD2586A58765878022F8
:100CB00000214948520013F0C7F901232371002E87
:100CC00006D0464831000FF089FD44480FF0EEFC95
:100CD0006379002B00D073E00520FFF725FF404823
:100CE000E16A0FF07BFD3E480FF0E0FCF8BDFFF736
:100CF000B4FDB8430543E9B23320FFF75DFD1D2184
:100D000093E72F204821FFF757FDA068354BC01807
:100D1000FFF75AFD230056331F78230053331B7807
:100D2000002B44D01D211120FFF746FD4020FFF786
:100D300094FD332101404020FFF73EFD00210F20AC
:100D4000FFF73AFD00210D20FFF736FDAFE72F201A
:100D50004421FFF731FDA068234BD8E72F20442121
:100D6000FFF72AFDA068214BD1E72F204421FFF790
:100D700023FDA0681E4BCAE72F204421FFF71CFD6E
:100D8000A0681C4BC3E72F204421FFF715FDA06886
:100D9000194BBCE740212F20FFF70EFDBAE7FFF704
:100DA0005CFD802149420143C9B23120F4E71F2193
:100DB0001120FFF701FD4020FFF74FFD3F21B9E76C
:100DC0000520002F00D10620FFF7AEFE8EE7C046BB
:100DD000480200205C020020C802002034020020EB
:100DE00020020020821E0000B4280000043D000004
:100DF0005E510000127A0000C6A2000070B5040027
:100E000026480FF0BFFC210025480FF0E7FC254CD9
:100E10006379002B0AD0012B23D0022320482371B1
:100E20000FF044FC0320FFF77FFE70BD4020FFF76A
:100E300014FD03231021184001434020FFF7BCFCA0
:100E40004120FFF70AFD3E2101404120FFF7B4FC9D
:100E50003520FFF702FD3F23184023003E33187072
:100E6000DBE7230053331B78002B0ED0F521112034
:100E7000FFF7A2FC4020FFF7F0FC332301004020E5
:100E800019400143FFF798FCC7E7F7211120FFF74E
:100E900093FC4020FFF7E1FC3F23EFE73402002002
:100EA000480200205C02002070B50B4C6379012BD6
:100EB00010D1FA211120FFF77FFC4020FFF7CDFC75
:100EC0000325A843C1B24020FFF776FC0720257117
:100ED000FFF72AFE70BDC0465C02002010B504007A
:100EE0000120FFF7BAFC174BC009C0B25C71844205
:100EF00000D110BD012C12D0FFF760FE0120FFF7DA
:100F0000ACFC7F2101400120FFF756FC002140206E
:100F1000FFF752FC30214120FFF74EFCE9E7FFF7D5
:100F20004DFE2000FFF799FC802149420143C9B2E0
:100F30002000FFF741FC00214020FFF73DFC00218D
:100F4000E9E7C0465C0200201A4B70B51A491860E8
:100F50001A480FF0A3FB1A4817490FF09FFB1649D8
:100F600018480FF09BFB184D01202B681B68984711
:100F7000FFF7DEFBFFF77AFC0020FFF705FE2B688A
:100F800012489B689847124C124E2078FFF7A6FF34
:100F9000A17860780334FFF70FFCB442F5D100204C
:100FA000FFF79CFF00220C4B1A712B685B68984777
:100FB000023070BDC8030020ED1C0008480200206C
:100FC0003402002020020020C40200200000002083
:100FD000E0700108107101085C020020F8B50E00F5
:100FE00017001D000400FFF779FF3000FFF7ECFB4E
:100FF0000520FFF799FD01200FF0C8FA0FF0FFFB65
:10100000060030000FF001FCA84204D30124FFF7D2
:10101000D5FD2000F8BD2000FFF764FDB842F0DDEB
:101020000024F4E770B500240120FFF757FFFF21EB
:101030001120FFF7C1FB0520FFF776FD25000126F3
:1010400030000FF0A3FA2C20FFF707FC3040A0403F
:1010500001340543202CF3D1FFF7B0FD280070BD0B
:10106000F0B58DB0099312AB160004CB04001B88B9
:101070000892019314AB1B880CAA059315AB1B783F
:101080000D00029316AB1B78039317AB1B780493E8
:1010900018AB1B780A9319AB1B780B9338239F5C12
:1010A00004339B5C0693FFF719FF002C04D0012C3E
:1010B00000D184E00DB0F0BDA94C089B029AA36159
:1010C000E31CDA77039A231DDA77049A631DDA7733
:1010D000069AA31DDF77E31DDA77019BE66123847F
:1010E0003000656112F0E4FD02000B0006000F0005
:1010F00000209C4911F0F0FC00229B4B12F088F874
:1011000006900791059812F0ABFD02000B000698BF
:10111000079912F07DF80022944B12F079F810F044
:10112000DFFC32003B00E0629149002011F0D4FC6A
:1011300010F0D6FC0400010AC9B20220FFF73CFB04
:10114000E1B20320FFF738FB2800FFF7C1FA0100E6
:101150001220FFF731FB0898FFF7BAFA01001320BD
:10116000FFF72AFB019B2520190AFFF725FB6B4699
:1011700026201979FFF720FB029B0399002B00D151
:10118000FF213220FFF718FB3020FFF766FB01211B
:10119000029B5940049BC9011B0119436F2318404E
:1011A0000143C9B23020FFF707FB3120FFF755FBA1
:1011B000402101433120C9B2FFF7FEFA7AE7022D40
:1011C00000D9FEE7664B09991A004D3211701A00DA
:1011D00001994E3211801A000299503211701A0092
:1011E0000399513211701A000499523211701A0089
:1011F0000A99533211701A000B99543211701A0067
:10120000553207351770069A5D649E645633340074
:101210001A70062E00D381E00624072D00D082E04C
:101220002200002301210B3A91425B414C4A514F6D
:101230001D2008923B70FFF710FB099B1D205900F1
:10124000029B240119432B011943C9B2FFF7B4FAD9
:101250001E20FFF702FB059B9905049B890F9B004D
:1012600019432143082420400143C9B21E20FFF73F
:10127000A3FA2620FFF7F1FA3978A043C900014309
:10128000C9B22620FFF798FA6B461F20197DFFF799
:1012900093FA019B2020190AFFF78EFA6B46212052
:1012A0001979FFF789FA029B002B03D022200399BA
:1012B000FFF782FA089B53331B78002B0FD0442092
:1012C000FFF7CBFA802149420143C9B24420FFF71E
:1012D00073FA089B242054331978FFF76DFA092D0F
:1012E0002FD1089A244B9268022136209A4224D9A1
:1012F000FFF762FA64213A20FFF75EFA07243120F3
:10130000062E21D8FFF7A9FA0521A0430143C9B24F
:101310003120FFF751FA0C2137204DE70C2E00D871
:101320007BE70C2479E72A00083A53425A410B2301
:10133000B3429B415B42134078E7FFF73DFA7F21C0
:10134000D9E703213620D7E7FFF787FA0321A04327
:101350000143C9B23120FFF72FFA0A21DCE7C0466A
:101360005C0200200000F03F0000204000408F4061
:1013700080847E41A802002040DD4A1FF0B50D00A8
:1013800089B01F000EAB10CB06001B7806920393AA
:1013900010AB1B88009311AB1B78019312AB1B7829
:1013A000029313AB1B78049314AB1B78079315AB14
:1013B0001B780593FFF792FD874B28001B68DB68BD
:1013C0009847002E03D0012E61D009B0F0BD834BA9
:1013D000069A01991A61009A1D731A84DA1CD17752
:1013E00002995A1DD17705999A1DD177169ADC6119
:1013F0009A6206985F6112F05BFC0022784B11F054
:101400006BFB10F06DFB0500010AC9B20420FFF769
:10141000D3F90520E9B2FFF7CFF9200012F048FC1C
:1014200002000B0000206F4911F056FB10F058FB32
:101430000400010AC9B20220FFF7BEF90320E1B29D
:10144000FFF7BAF9009B2520190AFFF7B5F96B469B
:1014500026201978FFF7B0F93020FFF7FEF90121B7
:10146000019B5940029BC9011B0119436F2318407E
:101470000143C9B23020FFF79FF93120FFF7EDF9A2
:10148000402101433120C9B2FFF796F99DE7564A42
:10149000524B1570022F00D9FEE71A0003994D3206
:1014A00011701A0000994E3211801A0001995032C1
:1014B00011701A000499533211701A0007995432AE
:1014C00011701A000299523211701A0005995532A2
:1014D0001170169AFE1D25005E649C649A65062CA8
:1014E00061D20625072E62D12A00002301210B3A82
:1014F00091425B413D4A394F1370049B002B0FD042
:101500004420FFF7AAF9802149420143C9B244208F
:10151000FFF752F93B00543324201978FFF74CF9B8
:101520001D20FFF79AF9039B36015900019B1D20EE
:101530000B4319003143C9B2FFF73EF91E20FFF7F4
:101540008CF9029B2D019B001D430B231840054382
:10155000E9B21E20FFF730F92620FFF77EF90823B5
:101560004C3739789843C9000143C9B22620FFF7A8
:1015700023F9009B2020190AFFF71EF96B46212052
:101580001978FFF719F907253120062C19D8FFF72C
:1015900064F90521A8430143C9B23120FFF70CF9D2
:1015A0000C21372070E70C2C9CD90C259AE73200CF
:1015B000083A53425A410B23A3429B415B421340DA
:1015C00098E7FFF74AF90321A8430143C9B2312044
:1015D000FFF7F2F80A21E4E7C40200205C020020D1
:1015E00080844E4080847E419C020020A80200201E
:1015F00030B5FA248BB0A40054430D00FFF7E4F893
:1016000005230293962300205B0102002900079026
:1016100006900590049003900190009308940300B5
:10162000FFF7ACFE3120FFF718F94025A843C1B2FF
:101630003120FFF7C1F82800F021FFF7BDF8A02105
:101640004120FFF7B9F8210006480FF0C7F8022241
:10165000054B04481A710FF029F80320FFF764FACC
:101660000BB030BD480200205C02002070B52B4C4E
:101670002579012D02D0022D47D070BD6379002B52
:1016800017D0AB42F9D1533423780221002BF4D088
:101690001220FFF791F8224B1B68002BEDD05C69FC
:1016A000002CEAD01C20FFF7D8F83F231840A047B1
:1016B000E3E72300260030331D7031363378002BEA
:1016C000DBD118480FF05EF811203570FFF7C5F830
:1016D000230040083233404218701B20FFF7BDF84A
:1016E00005021C20FFF7B9F80F4B0543C0B2584361
:1016F0002D0A6B438030000AC01860630C20FFF78E
:10170000ACF8383440092070B7E76379012BB4D1C5
:1017100053342378002BB0D02900B9E75C020020B5
:10172000C803002020020020093D000070B5124BC4
:101730005C79012C12D11220FFF78FF805000F4EB3
:10174000254020420BD005211220FFF735F83368E1
:10175000002B03D09B692000002B0BD170BD04210E
:101760001220FFF729F83368002BF7D09B69002B74
:10177000F4D028009847F1E75C020020C80300205D
:1017800010B50A0001000020FEF7F8FF10BD0000B0
:10179000F7B56B46374CD9716579DE1D0700002D12
:1017A00035D00020012D52D1230055331B78332032
:1017B000002B54D0FFF751F841239843C1B2332096
:1017C000FEF7FAFF19213B20FEF7F6FF23003578DC
:1017D0006433290022201D70FEF7EEFF00210E2049
:1017E000FEF7EAFF00210D20FEF7E6FF0120FFF7DC
:1017F00034F8F823984304D1FFF7B2F901200EF032
:10180000C5FE38002900FFF7BBFFA06D1FE0A587CC
:101810003578E31C6587DB7F002B1BD1012130006D
:10182000FFF7AEFF6B1E3F2B05D92A003900124887
:101830000FF01FF82025260038003F3629003570AC
:10184000FFF79EFF3378A28FA06A9B18A387FFF74C
:10185000D5FAF7BD29003220FEF7AEFFE2E7FEF72A
:10186000FCFF412398430543E9B23320FEF7A4FF70
:101870001D21A8E75C020020C802002010B50A0064
:1018800001000020FEF7CAFF10BD0000F0B585B0D2
:1018900002ABDD1D0023AC4C2B702379012B04D04F
:1018A000022B00D127E105B0F0BD6379002B24D0D5
:1018B000012BF8D140211220FEF77EFF1220FEF707
:1018C000CCFF202128702B78A04EA14D0B4200D1D7
:1018D0008FE01220FEF770FF230056331B78002B99
:1018E00000D1237130000EF04DFF2B68002BDAD0B1
:1018F0001B69002BD7D09847D5E7631DDB7F934A40
:10190000944E934F0192002B32D03F20FEF7A5FF5B
:1019100028702B789B072BD40B213E20FEF74CFF21
:1019200010213F20FEF748FF01980EF02BFFE31D2A
:10193000DD7F002D0FD130000EF024FF25713B68B4
:10194000002B03D01B69002B00D09847002323866F
:10195000A3876387A7E70D20FEF77FFF40210143A0
:10196000C9B20D20FEF728FF30000EF09FFEE6E71B
:10197000618FA08F0B00784D034309D1E31CDB7FFF
:10198000002B24D101217548FFF778FFA08F618FCC
:10199000091AC9B22818FFF771FF638F0198A3874E
:1019A0000EF0F0FEE31DDB7F002B15D1300023711C
:1019B0000EF0E8FE3B68002BC8D09E68002EC5D014
:1019C000322200232800A256618FB047BEE73220A2
:1019D000FEF743FF6087D9E70D20FEF73EFF402169
:1019E0000143C9B20D20FEF7E7FE30000EF05EFEA7
:1019F000E0E71920FEF731FF270040B202306037E0
:101A0000801038701A20FEF728FF0023FB5602B220
:101A1000A76853491211002B60DA8F425CD99D3BB5
:101A2000C318D21823001320623327001A80FEF750
:101A300014FF643738701020FEF70FFF01000D20EF
:101A4000FEF7BAFE3978444F3800FFF717FF23003E
:101A500056331B78002B00D1237130000EF092FE1C
:101A60002B68002B00D11EE79D68002D00D11AE7DE
:101A70002200230062320021525E210060331B7875
:101A800064315BB238000978A847364D2B78002BBB
:101A90001FD1354B1B78002B08D00EF0B0FE06008E
:101AA000310032480EF03AFF0028F9D1304E337839
:101AB000002B1AD02F480EF031FF0028FAD13070D9
:101AC000230062330021595E2B480EF027FF0028C7
:101AD000F6D100232B70E6E6A43BA1E78F4202D9A2
:101AE0009D3812189EE7A438FBE724480EF016FF35
:101AF0000028FAD1E4E722480EF044FE6379012B76
:101B000003D108211220FEF757FE00232371104B4A
:101B10001B68002B00D1C6E61B68002B00D1C2E673
:101B20009847114B1B78002B08D00EF068FE04007C
:101B300021000E480EF0F2FE0028F9D111480EF0F7
:101B4000EDFE0028FAD1AEE65C020020340200204F
:101B5000C803002020020020C802002096020020B6
:101B600040DD4A1F6B120020E70A0020E76E0108E3
:101B70006E120020FB540108125501080955010896
:101B8000480200201D55010870B53A4C2579012DF9
:101B900002D0022D58D070BD6379002B25D0AB4206
:101BA000F9D135480EF0EEFD80211220FEF704FE3B
:101BB00000232371314B1B68002BECD0DB68002B1A
:101BC000E9D098472E4B1B78002B08D00EF017FE5B
:101BD000040021002B480EF0A1FE0028F9D12A486C
:101BE0000EF09CFE0028FAD1D5E728480EF0CAFD79
:101BF000638FA28F13439BB2002B07D1E31CDB7FC3
:101C0000002B17D129002248FFF738FE25003E356A
:101C1000A28F638F1F48297810189B1A8B420EDB06
:101C20000139C9B2FFF72AFEA28F2B78013A9B181F
:101C3000A387B0E73220FEF710FE6087E6E7D9B24F
:101C4000FFF71CFE638FF3E76379002BA3D1250018
:101C50003F35A28F638F0F48297810189B1A8B424B
:101C600004DDFFF78DFD2B78A28FE0E7D9B2FFF7F7
:101C700087FDE7E75C02002034020020C803002053
:101C8000E70A0020E76E010826550108200200201F
:101C900096020020C802002070B504000D00FFF776
:101CA0001DF9002C02D0012C09D070BD054BDB7F43
:101CB000A342FAD129003220FEF77EFDF5E7290084
:101CC0002320F9E75F02002010B504000120FFF790
:101CD00005F9054B34211C70002C00D1122139204C
:101CE000FEF76AFD10BDC046B802002070B52B4C4F
:101CF0002379012B02D0022B2CD070BD6379002BED
:101D00001AD10B213E202386A3876387FEF754FD5B
:101D100010213F20FEF750FDE31DDB7F002B14D088
:101D20000D20FEF79AFD40210143C9B20D20FEF7B8
:101D300043FD1B480EF0BAFC1A4B1B68002BDCD08D
:101D4000DB68002BD9D09847D7E7154823710EF0F0
:101D500019FDF1E7FEF7ECFCFEF788FD0020FEF729
:101D600013FF114D114E2878FFF7B8F8A97868785D
:101D70000335FEF721FDB542F5D10020FFF7AEF89F
:101D800023005C331878FFF79FFF00232371054B76
:101D90001B68002BB1D05B68D3E7C0465C02002013
:101DA00020020020C8030020E07001081071010823
:101DB000034B10B51B685B689847023010BDC046E6
:101DC000C40200200023022130B587B005930D4BDB
:101DD0002024DA6A01250A43DA62DB6A0A480B40EA
:101DE0000093009B112301A902930E3B04930194DD
:101DF000039502F0A7FF2A002100034803F0E0F852
:101E000007B030BD00100240000400507FB50C2226
:101E1000002103A812F018F90221094B0948DA6AD7
:101E20000A43DA62DB6A0B400093009B202301A97E
:101E300001931D3B029302F085FF07B000BDC04631
:101E4000001002400004005030B5102587B02A0071
:101E50000021040002A812F0F7F80121124BDA6AFF
:101E60000A43DA62DB6A01950B400093009B022C67
:101E700016D0032C16D08C4201D10C4B0293A0201B
:101E800001A9C00502F05EFF002C07D00720002248
:101E9000022102F01BFF072002F040FF07B030BD17
:101EA000034BEBE7034BE9E7001002400000311061
:101EB000000021100000111010B586B01022002182
:101EC000040002A812F0C0F80221134BDA6A0A4398
:101ED000DA62DB6A0B400093009B80231B020193B4
:101EE0008C4215D0032C15D0012C01D10B4B029341
:101EF0000B4801A902F026FF002C07D00720002282
:101F0000022102F0E3FE072002F008FF06B010BD38
:101F1000044BECE7044BEAE70010024000003110EC
:101F20000004005000002110000011107FB51022A5
:101F3000002102A812F088F801210A4BA020DA6AD9
:101F4000C0050A43DA62DB6A01AA0B4000938021D4
:101F5000009B022349010191039305F0C9FB07B0DF
:101F600000BDC046001002407FB50C22002103A82E
:101F700012F06AF801210A4BA020DA6AC0050A4370
:101F8000DA62DB6A01AA0B4000938021009B0323E5
:101F900049010191029305F0ABFB07B000BDC046BB
:101FA0000010024010B586B00C22002103A812F0E8
:101FB0004BF802210C4B1024DA6A0C480A43DA620F
:101FC000DB6A01940B400093009B012302935B1892
:101FD00001A9049302F0B6FE00222100034802F09A
:101FE000EFFF06B010BDC0460010024000040050D4
:101FF0007FB50C22002103A812F026F80221094B1C
:102000000948DA6A0A43DA62DB6A0B400093009BF4
:10201000102301A901930D3B029302F093FE07B038
:1020200000BDC046001002400004005000B589B059
:10203000012813D102211B4B1B48DA6A0A43DA62DA
:10204000DB6A0B400093009B08230393002303A942
:102050000493059302F076FE09B000BD022812D168
:102060000121104BDA6A0A43DA62DB6A0B40019302
:10207000019B80239B00A0200393002303A90493CA
:102080000593C005E6E70328E6D10121054BDA6A8E
:102090000A43DA62DB6A0B400293029B8023DB0077
:1020A000E9E7C046001002400004005000B589B0C6
:1020B000012812D102231C4AD16A1943D162D26A83
:1020C00004901A400092009A08221848039206933E
:1020D00003A902F037FE09B000BD022811D1012387
:1020E000114AD16A1943D162D26A04931A4001920B
:1020F000019A8022920003920690A02003A9C005B5
:10210000E7E70328E7D10123074AD16A1943D162DF
:10211000D26A04931A400292029A8022DB18D200FB
:1021200003920693E9E7C046001002400004005005
:1021300010B5040001280CD1FFF7B8FF00220821D8
:10214000144802F03DFF22000821124802F038FF37
:1021500010BD02280ED1FFF7A9FF8021A020002288
:102160008900C00502F02CFF802101228900A020F7
:10217000C005EBE70328EBD1FFF798FF8021A020F3
:102180000022C900C00502F01BFF80210122C90006
:10219000EDE7C0460004005070B50400012821D1CD
:1021A000FFF744FF00260821344802F003FF051E14
:1021B00006D0C82E01D1200070BD0136F6B2F2E77C
:1021C000C82EF8D008212D4802F0F4FE002801D1D5
:1021D000F02D04D1F03D6B425D41ECB2EBE70135EF
:1021E000EDB2EFE7022825D1FFF720FF002580217F
:1021F000A0208900C00502F0DDFE041E06D0C82D17
:1022000001D10124D7E70135EDB2F0E7C82DF8D0B0
:102210008021A0208900C00502F0CCFE002801D159
:10222000F02C04D1F03C63425C41E4B2C3E70134DA
:10223000E4B2EDE703281ED1FFF7F8FE0025802168
:10224000A020C900C00502F0B5FE041E04D0C82DB0
:10225000D7D00135EDB2F2E7C82DD2D08021A02031
:10226000C900C00502F0A6FE0028DBD1F02CD9D0B1
:102270000134E4B2F2E700249DE7C04600040050B8
:1022800010B50400012813D1FFF710FF0821002228
:10229000194802F095FE2000FFF7C8FE08211648F5
:1022A00002F088FE013843425841C3B2180010BD05
:1022B000022810D1FFF7FAFE8021A0208900002219
:1022C000C00502F07DFE2000FFF7B0FE80218900EE
:1022D000A020C005E4E70328E8D1FFF7E7FE80214E
:1022E000A020C9000022C00502F06AFE2000FFF70E
:1022F0009DFE8021C900EBE70004005070B500246A
:10230000050026002800FFF7BBFFA040013406436C
:10231000F6B2082CF6D1300070BD0000080010B5F0
:10232000012911D1FFF7C2FE0824002208211E480E
:10233000013C02F045FEE4B2012208211A4802F0F5
:102340003FFE002CF1D110BD022915D1FFF7AEFEE2
:1023500008248021A02000228900C00502F030FE60
:102360008021A020013C01228900C005E4B202F0D6
:1023700027FE002CEDD1E6E70329E4D1FFF796FE16
:1023800008248021A0200022C900C00502F018FE08
:102390008021A020013C0122C900C005E4B202F066
:1023A0000FFE002CEDD1CEE70004005010B5040064
:1023B000FFF7BEFE2000FFF7EFFE2100CC20FFF765
:1023C000ADFF10BD10B50400012803D12000FFF7B8
:1023D000AFFE03E00228F9D00328F7D02000FFF772
:1023E000DBFE10BD00B589B0012814D102211D4BC0
:1023F0001D48DA6A0A43DA62DB6A0B400093009BED
:1024000008230393053B0493002303A9059302F0DB
:1024100099FC09B000BD022814D10121114BDA6AE0
:102420000A43DA62DB6A0B400193019B80239B0025
:102430000393FE3BFF3B04930023A020059303A9D5
:10244000C005E4E70328E4D10121064BDA6A0A4318
:10245000DA62DB6A04900B400293029B8023DB006C
:102460000393E9E70010024000040050F0B50200B9
:1024700041180126002073278A4200D1F0BD0824AC
:10248000157803006B4033405B42BB434008584023
:10249000013CC0B26D08002CF3D10132ECE7000022
:1024A000F0B503230026040087B0019300962000B6
:1024B000FFF788FF051E56D12000FFF777FF2100A8
:1024C0004420FFF72BFF314806F08AFE2000FFF77B
:1024D0006DFF2100BE20FFF721FF2000FFF70EFF58
:1024E00003AF78550135092DF7D108213800FFF7E2
:1024F000BDFF3B7A83422DD10023F85E002817DA16
:10250000404211F0ADFB0022214B10F081FE11F092
:1025100031FC051C00262000FFF764FF002E05D1CA
:102520001C49281CFDF7D6FEB04225D01A4D29E0E3
:1025300011F096FB0022194B10F06AFE11F01AFC04
:102540001749051CFDF7C0FE0028E3D00136F6B29E
:10255000022EDFD0019B013BDBB20193002B07D1A0
:1025600001260F4DD7E7009B0133DBB20093F1E763
:10257000009B032B9BD1F3E70A49281CFDF7BEFE05
:102580000028D3D1281C07B0F0BDC04602030000CC
:102590000000B0BF00005CC233CB4C450000B03F30
:1025A0000000AA420000FA4210B50E4B0E4C236008
:1025B0000E4B200063600123E36000232361A361CD
:1025C000E3612362F033A3600E33636103F070FFB5
:1025D000002801D005F06EF80021200004F082FAF6
:1025E00010BDC04600540040CC030020563EA11050
:1025F000F0B5FA27002401260D4B87B01B7805ADF6
:102600002B70BF000123C5211A000A4802970196CA
:10261000009504F00BF92B78013433402B70A4B2F1
:10262000002B02D0044B9C42ECD1200007B0F0BD3F
:1026300032550108CC03002010270000F0B589B006
:102640006A46224B04AD1B7805AF2B70204BFA264F
:102650001B7801243B701F4BB6001B7813761E4B72
:102660001B781377FFF7C4FF1C4800950500230073
:102670000222C4210296019404F01CF8FFF7B8FF6F
:1026800023000422C421280002960194009704F03C
:1026900011F8FFF7ADFF06AB1222C421009328000A
:1026A00023000296019404F005F8FFF7A1FF07ABA1
:1026B0001C22C4210093280023000296019403F0F9
:1026C000F9FFFFF795FF09B0F0BDC046345501088A
:1026D000365501083855010833550108CC03002050
:1026E000F0B5FA2501241D4B89B01B7805AFAD006C
:1026F0003B70FFF77DFF23000022C421184802959C
:102700000194009703F0D6FFFFF772FF154B984234
:1027100022D806AF23000F22C5210295104801944C
:10272000009704F083F8029507AD23001022C5211D
:102730000B480194009504F079F83A782B7812024E
:102740009B18FA229BB200201201934202D80A2061
:10275000584380B209B0F0BD0348FBE73A55010881
:10276000CC0300200E270000FFFF00001FB5154C12
:1027700005222100684611F0ADFC611D062202A869
:1027800011F0A8FC07F048F907F060F901220E49A2
:102790000E4800F03BFEFA20800006F021FD69465D
:1027A00005220B4B094801F001FA322006F018FD12
:1027B0000622074B02A9054801F0F8F9322006F07D
:1027C0000FFD1FBD80540108B3080020B808002089
:1027D000FFFF000037B5174B0193FFF7C7FF164BFC
:1027E000042201A9154801F0E1F90122144C154910
:1027F0001248227000F00AFEFA20400006F0F0FCB9
:102800000023237007F04CF90F4B1A785A2A01D095
:1028100000203EBD5A78052AFAD19A78112AF7D1BC
:10282000DA78002AF4D11879703843425841C0B29E
:10283000EFE7C0465A04116FFFFF0000B808002000
:102840001F040020B30800201804002037B5072219
:1028500000210400684611F0F7FB07F0F7F8FA20B2
:10286000800006F0BDFCFA216D466846C90007F0FD
:10287000B1F907F015F968782B7829790343A8781E
:102880006A790343E87803430B43A879134303436E
:10289000DBB2002B04D1084823606060A36037BD21
:1028A0000A2328881202434352189BB22360D31094
:1028B000013B6888FF3BF0E7FEFF00007FB5102278
:1028C000002102A811F0C0FB02210B4BA020DA6A04
:1028D000C0050A43DA62DB6A01AA0B400093009B41
:1028E000802101230901039302330191049304F031
:1028F000FFFE07B000BDC046001002407FB50C22AD
:10290000002103A811F0A0FB01230A4A0A48D16A5A
:102910001943D1628021D26A49011A400092009A7B
:10292000029301AA02330191049304F0E1FE07B07F
:1029300000BDC04600100240000400507FB50C22CC
:10294000002103A811F080FB02210A4BA020DA6AC3
:10295000C0050A43DA62DB6A0B400093009B8023C8
:102960001B010193032301A9029302F0EBF907B0C5
:1029700000BDC046001002407FB50C22002103A814
:1029800011F062FB0121094B0948DA6A0A43DA6255
:10299000DB6A0B400093009B80235B0101930323C0
:1029A00001A9029302F0CEF907B000BD0010024069
:1029B0000004005002230D4A10B5916B0C480B43E4
:1029C00093630C4B0C4A03601F2343600023C260D7
:1029D0008360036103F046F9002801D004F06AFE29
:1029E00000220521102002F071F910BD00100240F4
:1029F0002004002000040040E7030000034B98423D
:102A000003D1034A13880133138070472004002048
:102A1000580400200300F7B504000C33009300268F
:102A20008021314D314F2B6801225E6249013048CF
:102A30003E8002F0C5FA012006F0D2FB8021320070
:102A40002B48490102F0BCFA0DF0D9FE06008021A6
:102A5000A0200901C00502F0ADFA002834D00026FC
:102A6000280003F019F90DF0CAFE01908021A02082
:102A70000901C00502F09EFA00282DD1280003F0BC
:102A800015F92B685B6A012E1DD0FA203A88800068
:102A900050439BB2C01811F0E3F8164A164B10F0E1
:102AA000B7FB0022154B10F0B3FB154B002210F0C2
:102AB000AFFB0FF015F82080322006F091FB009B51
:102AC00002349C42ABD1F7BD30000DF09EFE0D4BA1
:102AD0009842BCD90126C3E701980DF096FE094B38
:102AE0009842C3D90126C9E72004002058040020D9
:102AF00000040050006F8104C58FA13F0000E03F3B
:102B000000002440E7030000020030B50A32030051
:102B100001211C885D88AC4202D900211D805C80A7
:102B200002339342F5D1002902D1023A8242EED11A
:102B300030BD10B50400FFF7E7FFE2886388208905
:102B40009B18A2889B18C018800880B210BD000096
:102B50001FB58021A0200901C00502F02BFA041E38
:102B600002D00B4804B010BD0A4B1B888342F8D03A
:102B700001A8FFF74FFF01A8FFF7DBFF0300B42216
:102B8000F03B9BB252019A42644164422040E9E723
:102B9000FFFF0000E00A002010B586B00C220021E3
:102BA00003A811F051FA01238024A0200C4A24012B
:102BB000D16AC0051943D162D26A21001A4000923D
:102BC000009A029301AA02330493019404F090FD49
:102BD000A02000222100C00502F0F2F906B010BDCD
:102BE000001002407FB51022002102A811F02CFA3B
:102BF0000221084B0848DA6A0A43DA62DB6A01AA52
:102C00000B40802100934901009B019104F070FD6D
:102C100007B000BD00100240000400507FB50C2238
:102C2000002103A811F010FA01210A4BA020DA6A52
:102C3000C0050A43DA62DB6A0B400093009B8023E5
:102C40001B010193032301A9029302F07BF807B053
:102C500000BDC046001002407FB50C22002103A831
:102C600011F0F2F90221094B0948DA6A0A43DA62E3
:102C7000DB6A0B400093009B80235B0101930323DD
:102C800001A9029302F05EF807B000BD00100240F7
:102C9000000400508021A020002270B50901C00569
:102CA00002F08EF980211B48490102F083F90028C7
:102CB000F8D1182504008021A02001220901C005B7
:102CC00002F07EF98021A02000220901C00502F057
:102CD00077F980210F48490102F06CF9013843422D
:102CE0005841013D6400EDB22418002DE3D180214C
:102CF000A02001220901C00502F062F98021A02074
:102D00002A000901C00502F05BF980200004604040
:102D100070BDC0460004005010B5FFF7BBFF014B6B
:102D2000186010BD5C04002010B5FFF7B3FF094A1E
:102D300003001060084A00201268934208D0981AD5
:102D40000FF080FB054B19680EF056FF0FF05CFB8F
:102D500010BDC046600400205C0400201800002064
:102D60000020704770470120704770B505000920AA
:102D7000FDF773FD4D20FDF770FD0724112D12DDC9
:102D80000443E4B22B1C142D00DD1423053B102159
:102D9000494219430920C9B2FDF70EFD21004D201B
:102DA000FDF70AFD70BDA04304240443E4B22B1CCC
:102DB000022D00DA0223023BE9E700007FB514226E
:102DC000002101A811F040F91148FDF7A5FC114BB5
:102DD00080210293022301AA03930F480133890142
:102DE000049304F085FC802101AA0C48C90004F07A
:102DF0007FFC802101AA0948090104F079FC8021A7
:102E0000064801AA490004F073FC07B000BDC046A3
:102E10001C000020000011100008005000040050A9
:102E20007FB51422002101A811F00EF90E4B80216C
:102E30000293022301AA0D488901039304F058FC70
:102E4000802101AA0A48C90004F052FC802101AA8D
:102E50000748090104F04CFC8021054801AA4900FB
:102E600004F046FC07B000BD00001110000800503F
:102E700000040050802110B50368040000220D48B2
:102E8000890104F081FC8021636800220A48C9009E
:102E900004F07AFC8021A36800220748090104F0AD
:102EA00073FC80210022E3680348490004F06CFCB5
:102EB00010BDC04600080050000400507FB5142229
:102EC000002101A811F0C0F801238021A020029365
:102ED00001AA02334900C005049304F009FC8021D3
:102EE000A02000224900C00504F074FC07B000BD1A
:102EF0000D4B10B51A78824204D01870002802D108
:102F0000FFF7DCFF10BDFFF7D9FF084C2378002B3B
:102F1000F8D08021A02001224900C00504F05AFC0D
:102F200000232370EEE7C046640400206E060020F4
:102F3000012210B5032800D000228021A0204900E2
:102F4000C00504F047FC10BD8022104B52001968E8
:102F50000A431A60DA680E490A40DA601A680D49B5
:102F60000A4001211A609A688A439A601A680A49DD
:102F70000A401A60DA6809490A40DA6000221A61D8
:102F80008022074B12059A607047C046001002402D
:102F90000C40FF88F6FFF6FEFFFFFBFFFFFF02FF7E
:102FA00000ED00E0F7B504000F0015001E0006F06C
:102FB0001DF90190002D2ED0226893683B40BB4242
:102FC00030D000252CE0731C26D0002E05D006F052
:102FD0000DF9019BC01AB0421DD9E02123685A683F
:102FE0008A435A601A68A0398A4380211A60A26A0B
:102FF00089018A4206D11968104801401960196890
:103000000A431A602300012251331A7000235034FE
:103010000325237004E0226893683B40BB42D2D171
:103020002800FEBD731CC8D0002ED6D006F0DEF8F6
:10303000019BC01AB042BFD9CFE7C046FFDFFFFFF8
:103040007047000070B504000120002C36D0250028
:1030500051352B78002B05D12200503220001370FF
:10306000FFF7EEFF022340222B702168A0680B6857
:1030700093430B606368A2690343E06803432069DC
:10308000034360690343E0690343206A0343A06A82
:10309000034380208000104003430B600423120C84
:1030A0001A40636A00201A43E36A4A600B61CB69E5
:1030B000034A1340CB61012360652B7070BDC0468D
:1030C000FFF7FFFFF7B504006E460020F0802600F2
:1030D00051363078089D012802D0307822280DD151
:1030E000002900D14CE1002A00D149E1002B00D198
:1030F00046E1200050300778012F02D10222100053
:10310000FEBD012707703078B84201D132203070FF
:1031100000206065A064E0648020A263A26AE38767
:10312000A387A386E386216323688001824206D1B8
:103130001868964F3840186018681043186040208F
:103140001F68074202D11F6838431860E76860684B
:10315000BC4680273F01BC4500D07AE0002806D05D
:1031600082277F00B84209D1E08E012806D1088865
:103170000231D8602163E18E0139E186E18E0029B8
:1031800009D080277F01E38E002B32D162689A42FA
:103190001BD12B000AE0802189018A4204D18022C0
:1031A000196852010A431A602B00002201212000F5
:1031B000FFF7F8FE002824D12368DA68A36B1A8091
:1031C0000233A363E38F013BE3878023A26A9B0161
:1031D0009A4200D0B0E02B00002201212000FFF72E
:1031E000E1FE002800D1A1E00223626D1343636574
:1031F00007E02B00002202212000FFF7D3FE002869
:1032000001D003227BE7236B226819880233D16047
:103210002363E38E013BE386E38E834207D1802163
:10322000A36A89018B4202D113683B4313602B00D0
:10323000002201212000FFF7B5FE0028E1D123681C
:10324000DA68A36B1A800233A363E38F013BE38741
:1032500099E7002806D082277F00B84209D1E08E86
:10326000012806D1481C20630978D960E18E013914
:10327000E186E18E002914D080277F01E38E002BA8
:1032800025D162689A42A0D12B0001212000FFF7CE
:1032900089FE0028B5D12368DA68A36B591CA163A5
:1032A00013E0802189018A4204D1802219685201E9
:1032B0000A431A602B00002201212000FFF772FE52
:1032C00000289ED12368DA68A36B1A707AE72B0076
:1032D000002202212000FFF765FE002891D1226B19
:1032E000531C236312782368DA60E28E013AE28687
:1032F000E28E824207D18021A26A89018A4202D1EC
:103300001A683A431A602B00002201212000FFF7BF
:1033100049FE002800D074E72368DA68A36B591CC3
:10332000A1631A70E38F013BE387A7E76A4623682E
:10333000DB68D3806B46DB8801222B0080212000D4
:10334000FFF730FE021E02D02023626D4EE70123FC
:10335000250033708023A16A9B015035994211D119
:1033600023689E68F6060DD50222666D32436265BB
:103370001A68064C22401A601A68114319602870B6
:103380000122BCE600232B70B9E6C046FFDFFFFF39
:10339000036806491A686A300A401A609A6823313D
:1033A000FF318A439A60202303707047DFFEFFFFDE
:1033B00030B5050069352B78202B01D0022030BDB7
:1033C000002901D10120FAE7002AFBD0802384687C
:1033D0005B019C4204D10369002B01D1CB07F1D4DE
:1033E000040068342378012BE8D003005033C16413
:1033F0005A801A8000232122C3662A702370016834
:103400005F32086802430A601800D8E770B505000B
:103410006A352B78202B01D0022070BD002901D104
:103420000120FAE7002AFBD0802483686401A342CC
:1034300004D10469002C01D1CC07F1D40400683414
:103440002678012EE8D04165010058310A804A8073
:1034500080225201934219D10369002B14D1134ADF
:1034600003005C331A80002322220121C3662A70E4
:1034700023700268906801439160902110684900B0
:10348000014311601800C8E7FF22E9E7002B04D1CF
:103490000369002BF8D07F22E2E780225205934295
:1034A000E1D10369002BF6D03F22D9E7FF010000EC
:1034B0001300020070B5693204001078202801D092
:1034C000022070BD002901D10120FAE7002BFBD0BA
:1034D0008020A5684001854204D12069002801D1DF
:1034E000C807F1D42600683630780128E8D00120DA
:1034F000307020005030E16400250380438021209B
:10350000E5661070206E0A4A8563C262094A02634A
:10351000094A42632268283201F0FAFD40222368FA
:1035200028001A623570996892180A439A60C8E7B1
:103530003D35000873350008F33500080268836ADA
:1035400011682022080010B5104011420CD11A0059
:1035500080211B68523210809A688A439A60402208
:1035600019680A431A6010BD180006F08DF9FAE7D1
:10357000704710B5806AFFF7FBFF10BD010070B502
:103580006A310A780368222A2BD1020080245C3237
:10359000168885685A6A6401436D3240A5421CD181
:1035A0000469002C19D11A800233436502005A3293
:1035B0001388013B9BB21380002B0DD103680B4C89
:1035C0001A6822401A609A682334FF34A2439A6032
:1035D00020230B7006F07AF970BD5C1C44651A70EC
:1035E000E4E7082299690A439A61F5E7DFFEFFFFE5
:1035F000704710B5846A210069310B78212B0DD1F9
:1036000023689A68120609D52200002052321080E1
:103610001A68C03082431A6020230B7023006A337B
:103620001B78222B0AD123689B685B0606D52300F2
:1036300000225A3320001A80FFF7AAFE1023E26E00
:1036400020001343E366FFF7D3FF10BDF8B503680E
:103650000400DA691968100708D12020024262D0FC
:10366000014260D02000FFF789FFF8BD9D689027D8
:1036700001202E007F0006400F40374354D0024205
:1036800005D0CD0503D51862E56E2843E06602201B
:10369000024206D0002E04D01862E56E00182843BE
:1036A000E0660420024206D0002E04D01862E56EC7
:1036B00002382843E0660820024207D020250D404A
:1036C000354303D01862E36E1843E066E36E002BC7
:1036D000CBD020231A4204D0194202D02000FFF799
:1036E0004DFFE36E20001B0706D423689A68402331
:1036F00015001D401A422BD0FFF74AFE40212368D7
:103700009A680A4220D09A68606E8A439A600028BC
:103710001AD0324B836301F027FD0028A5D0606EDC
:10372000836B9847A1E79D6880204003024213D035
:103730006D0211D522001862202369321370200017
:10374000537002F04FFD90E72000FFF751FF8CE728
:10375000FFF74EFFE56688E780252A422CD02942F4
:103760002AD0220069321278212A00D07DE7200079
:1037700052300288002A07D11A68AA431A604022F0
:1037800019680A431A6070E78021A568E26C490154
:103790008D420CD12169002909D111880232C90555
:1037A000C90D9962E2640388013B03805DE7511C07
:1037B000E16412789A62F6E74020024200D154E7B1
:1037C000014200D151E71A6882431A602300202287
:1037D000693320001A7006F057F846E7E137000811
:1037E000806A0023020010B55A321380083A138011
:1037F000FFF7FEFE10BD0000F8B505000368826803
:1038000000691968024368698A4E0243E869024305
:10381000894801400A431A605A6888490A40E968A1
:103820000A435A60A969B34201D02A6A11439A68CF
:10383000834802400A439A60824A93421FD103227E
:10384000814BDB6C1340022B22D0934212D108240F
:10385000022001F01BF92F680300B7426CD1082C3D
:1038600000D9E4E02000FCF72BFC35E23BE261E20A
:10387000E2E264000424012BEAD0033CE8E7734A47
:1038800093420ED1704BDC6C0C231C40082C01D1F0
:103890000224DDE70C2CDAD0043C63425C41A40036
:1038A000D6E76B4A934201D10024D1E7694A93429B
:1038B000FAD01024B342CBD1634B8022DC6CC023FE
:1038C0001B011C4012019442E2D09C42BFD0624BCB
:1038D000E418E2E700F0E4FF002809D100244AE000
:1038E000594B18685D4BC006C01718405C4BC01898
:1038F00003236A685343834200D998E01303834249
:1039000000D294E00021070E0602500836184F41FD
:103910000B0030003900FCF705FD524BC218524B2A
:103920009A4200D983E02B68D860D7E700F0BEFE4A
:10393000D2E780200002DBE78022E969120291428F
:103940003ED1082C39D82000FCF7BAFB05171D37EB
:103950002F3737373200696858004B08C018FCF71A
:10396000CDFB80B20F2302009A43130000072A68A0
:10397000400F0343D3602000F8BD00F0A1FF696849
:1039800040004B0809E0304B69681A6810231400A6
:1039900048081C401A4206D0344BC018FCF7AEFB56
:1039A000002480B2DEE7324BD8E700F07FFEE6E786
:1039B000802369685B024808EFE701240020D1E713
:1039C000082C34D82000FCF77BFB05101B322A3270
:1039D00032322D0000F064FF69682D684B0818181A
:1039E000FCF78CFB80B2E860C5E700F069FF69680E
:1039F0002C684B081818FCF781FB80B2E0606DE77B
:103A0000114B69681B684808DB0606D5194BC018BE
:103A1000FCF774FB80B2F86060E7114BF7E700F049
:103A200045FEE4E7802369681B024808EFE70124AC
:103A3000A1E7C04600480040F369FFEFFFCFFFFF5A
:103A4000FFF4FFFF00380140001002400044004036
:103A5000004C00400050004000FCFFFF00E548FF24
:103A60000024F40000FDFFFFFFFC0F0000127A00AD
:103A70000048E80100093D00436A30B5DA0706D581
:103A80000168284C4A682240846A22434A609A07A7
:103A900006D50168244C4A682240C46A22434A6021
:103AA0005A0706D50168214C4A682240046B22431C
:103AB0004A601A0706D501681D4C4A682240446BCB
:103AC00022434A60DA0606D501681A4C8A68224009
:103AD000846B22438A609A0606D50168164C8A6870
:103AE0002240C46B22438A605A0610D50168134DE8
:103AF0004A68046C2A4022434A608022520394425E
:103B000005D14A680E4C2240446C22434A601B0691
:103B100006D502680B4953680B40816C0B43536018
:103B200030BDC046FFFFFDFFFFFFFEFFFFFFFBFFB5
:103B3000FF7FFFFFFFEFFFFFFFDFFFFFFFFFEFFF55
:103B4000FFFF9FFFFFFFF7FFF8B504000E00150011
:103B50001F002268D36933409B1B59424B41AB4243
:103B600001D0002018E0069B0133F3D0069B002B08
:103B700013D123680C491A6803200A401A609A6816
:103B8000A331FF318A439A602200202369321370E7
:103B90005370002368342370F8BD05F027FB069BA3
:103BA000C01B9842D5D9E4E75FFEFFFFF0B50600E1
:103BB00085B002936936337804000D001700202B7E
:103BC00015D1002901D0002A02D1012005B0F0BD95
:103BD000802382685B019A4204D10369002B01D1E2
:103BE000CB07F2D4230068331A78012A01D10220CE
:103BF000ECE701221A700023E3662133337005F0ED
:103C0000F5FA230050331F805F80802703907F01E7
:103C1000230052331A88002A0AD1029B40210093C4
:103C20002000039BFFF790FF00281FD00320CDE763
:103C30001A888021013A1A80029B002200932000FA
:103C4000039BFFF781FF0028F0D1A3682268BB42E5
:103C500008D12369834205D12B880235DB05DB0DB2
:103C60009362D5E72B7801359362D1E7202368343E
:103C700033702070AAE7000073B500260400C66602
:103C800005F0B4FA236805001B681B0717D42368E6
:103C90001B685B070AD580210F4B00220093200090
:103CA0002B00C903FFF750FF002813D12200202367
:103CB0000020693268341370537020700BE080214B
:103CC000054B32000093890303002000FFF73CFFFF
:103CD0000028DCD0032076BDFFFFFF0170B5040093
:103CE0000120002C2CD0250069352B78002B05D124
:103CF000220068322000137005F0F8FE2423012111
:103D00002B70226813688B431360636A002B02D008
:103D10002000FFF7B1FE2000FFF76EFD01280FD055
:103D2000236808495A6820000A402A215A609A6884
:103D30008A439A60012219680A431A60FFF79CFFC0
:103D400070BDC046FFB7FFFF084B13B5040008491C
:103D50001868FCF7D3F944430194019B002B00D170
:103D600013BD019B013B0193F7E7C04634000020DF
:103D700040420F000321036870B59A6804000A40AE
:103D8000012A04D11968114201D0002070BD996840
:103D9000134A114209D01023A26D1343A3650123D6
:103DA000E26D13430120E365F0E701259A682800DE
:103DB0002A439A60FFF7C8FF05F018FA0600236847
:103DC0001B682B42E1D105F011FA801B0A28F6D9B5
:103DD0001023A26D1343A365E36D2B43E2E7C046B6
:103DE000170000807047000070B5041E01D101204B
:103DF00070BD836D002B05D102005432C365137072
:103E0000FFF7F0FFA36DDB0603D423689A6852071F
:103E100007D51023A26D543413436360002323702D
:103E2000E5E7A16D534A11400632FF320A43A2650D
:103E3000032299681140504A012902D118680842AA
:103E400019D180256168ED0548004008A84203D0DB
:103E500080200006814272D11869800080081861B4
:103E60001869014319611820D9688143D960D9685C
:103E7000A0680143D9601168404801401160A16BFE
:103E80001068490601431160802299685205114269
:103E900002D199680A439A60DA683949656B0A4029
:103EA000DA60E268D868216A2A4302434803024381
:103EB000206B40000243A06980030243E069C00315
:103EC0000243206902384542684180000243C22013
:103ED000DA60A26AFF30824204D0E56AD8682A43D9
:103EE0000243DA60626A012A06D1002933D18022B6
:103EF000D96852020A43DA60216C1A69012932D169
:103F00002048A56C02401A61626C18692A43E56C6E
:103F10002A4302431A611A691143196107215A6938
:103F200000208A435A615A69E16B0A435A610323AC
:103F3000E065A26D9A43023B1343A36558E71869F5
:103F4000114D8000800818611068284010601068CA
:103F50000143116087E72021A06D0143A165E16D58
:103F60000A43E265C8E701210A42D7D01A698A43A9
:103F70001A61D3E7FDFEFFFF08270140FFFFFFFDA9
:103F80001902FEFF03FCFFFFFFFFC3FF036870B5CC
:103F90009B6804005B0701D5022070BD0500543505
:103FA0002B78012BF8D001232B70C369012B11D181
:103FB000A26D0B4B00201A4080235B0013431C2290
:103FC000A365E065287023681A609968183A0A4367
:103FD0009A60E2E7FFF7CEFE0028E9D0DDE7C046B1
:103FE000FEF0FFFFF8B5456904000E00082D0DD066
:103FF00003680120DB680C25034207D02023A26D53
:1040000054341343636000232370F8BD05F0EEF8C9
:10401000070023681A68154222D08022A16D920001
:104020000A43A265C022D9681201114213D1226A43
:10403000002A10D11A6812070DD59A68520722D4A7
:104040000C215A688A435A60A16D154A1140043206
:10405000FF320A43A265A269002A1DD00020D4E7DE
:10406000721CD7D0002E08D10423A26D5434134300
:104070006360002303202370C7E705F0B7F8C01B77
:10408000B042C6D9F0E72022A16D0A43A265012201
:10409000E16D0A43E265DEE70C221A60DEE7C04606
:1040A000FEFEFFFF0368186C70470000F8B50400BF
:1040B0005434237805000220012B0CD001232370F7
:1040C0002A689068400707D52022A96D18000A4386
:1040D000AA6500222270F8BD802380260D68194F42
:1040E00049686803DB02400B2B40B602B94218D086
:1040F000916A01439162002B08D08023124A1B046D
:1041000011680A200B431360FFF71EFE354205D0ED
:1041100080230D4ADB0311680B43136000202070DD
:10412000D9E7916A81439162002B04D0064A07497E
:1041300013680B4013603542F0D0034A04491368FA
:104140000B40EAE70110000008270140FFFF7FFF56
:10415000FFFFBFFF174B70B5DC68F0222100114054
:10416000144225D18024C0229E6B6405124D520159
:10417000264213D02B681A40C0235B019A4203D118
:104180000E4BC1184B42594101240D4A1368A343F9
:104190000B43136010682040484070BD9E6B344351
:1041A0009C632C68074D22409C6B2C409C63E3E78A
:1041B0000021E9E700100240007000400040FFFFCE
:1041C00000200240FFFFFFEFF0B50368040085B058
:1041D000DB074ED423689B0700D59FE02368DB06EE
:1041E00035D50C23BD4DEA681A4200D0EBE02B68B0
:1041F0009B0502D5E369002B50D0E0226B68666A0C
:10420000120213409E4200D8C9E03000FFF7A2FF1F
:10421000002800D0D5E06B68B14A134033436B608F
:104220006A68236A12021B06120A13436B6080231A
:10423000760B01361B02B340EA68AA481206120F39
:10424000825CA949D34003200B6004F0C7FF2368B8
:104250001B0700D5EEE023685B0700D511E123685A
:104260009B0600D593E1A16A002900D0C3E100209C
:10427000A7E00C21994DEB680B40082B08D0802358
:10428000EA685B020A408A420AD1EA681A4207D009
:104290002B689B039ED56368002B9BD1012090E087
:1042A00062689A4212D12A6813432B6004F09EFF81
:1042B00080260700B6022B6833428BD104F096FFAC
:1042C0008A4BC01B9842F6D903207AE0A021C9028C
:1042D0008A4205D180222968D2020A432A60E2E795
:1042E000296883480140296029680B400393039B98
:1042F00080492B680B402B60002AD7D104F076FF51
:1043000080260700B6022B68334200D162E704F032
:104310006DFF764BC01B9842F5D9D5E70C226F4D47
:10432000EB681340042B06D0EB681340934210D186
:10433000EB68DB030DD42B685B0702D5E368012B28
:10434000ACD16A6823696C491B020A4013436B6055
:1043500044E7E2682B68002A10D009218B431343FD
:104360002B6004F043FF042607002B683342E8D19A
:1043700004F03CFFC01B0228F7D9A5E701229343B4
:104380002B6004F033FF042607002B68334200D172
:1043900024E704F02BFFC01B0228F6D994E76B68D2
:1043A0004F4A3000134033436B606A68236A12023D
:1043B0001B06120A13436B60FFF7CCFE002800D1E6
:1043C00035E705B0F0BDE369002B20D080232A68D3
:1043D0005B0013432B6004F009FF80260700B60042
:1043E0002B6833420DD06B683D4A1340626A134319
:1043F0006B606A68236A12021B06120A13436B6021
:1044000025E704F0F3FEC01B0228E9D95CE72B681E
:104410003A4A802613402B6004F0E8FE0700B600FD
:104420002B68334200D112E704F0E0FEC01B0228E3
:10443000F6D949E762690123284D002A10D02A6D78
:10444000022613432B6504F0D1FE07002B6D334287
:1044500000D000E704F0CAFEC01B0228F6D933E7FB
:104460002A6D02269A432A6504F0C0FE07002B6DD0
:10447000334200D1EFE604F0B9FEC01B0228F6D9A2
:1044800022E780230021154D5B05AA6B00911A429B
:1044900004D1AA6B1343AB63012300938027184E0A
:1044A0007F0033683B4208D08022A36852009342C9
:1044B00028D12A6D13432B6549E033683B433360B1
:1044C00004F094FE019033683B42EDD104F08EFE7F
:1044D000019BC01A6428F6D9F6E6C04600100240D7
:1044E000FF1FFFFF897101083400002088130000BE
:1044F000FFFFFEFFFFFFFBFFFFE0FFFFFFFEFFFFF1
:1045000000700040002B16D12B6D5F4A80271340AE
:104510002B652B6D5D4ABF0013402B6504F066FED2
:1045200006002B6D3B421AD004F060FE584B801BF6
:104530009842F6D9C8E6A021C9008B4218D1802341
:10454000296DDB000B432B652B6D1A432A6504F0A4
:104550004DFE80270600BF002B6D3B4210D0009B14
:10456000012B00D07BE6AB6B4A4A1340AB6376E687
:104570002B6D454A13402B652B6D444A13409AE737
:1045800004F034FE424B801B9842E5D99CE6A169B9
:104590000123414D414A002918D0A9680226194338
:1045A000A960696B0B436B638023116A9B010B430A
:1045B000136204F01BFE0700AB68334200D052E6E2
:1045C00004F014FEC01B0228F6D97DE6A968022675
:1045D0009943A960136A32490B40136204F006FE46
:1045E0000700AB68334200D13DE604F0FFFDC01B7D
:1045F0000228F6D968E60C22274DEB681340934257
:1046000000D14BE62B68274A13402B6002292BD19F
:1046100004F0ECFD80260700B6042B6833421DD160
:10462000216BE36AEA680B431F490A401343626B3C
:1046300080241343EB6080232A685B0413432B60C0
:1046400004F0D4FD0600A4042B68234200D00EE63B
:1046500004F0CCFD801B0228F6D935E604F0C6FD37
:10466000C01B0228D9D92FE604F0C0FD8024060023
:10467000A4042B68234200D1F9E504F0B7FD801BA8
:104680000228F6D920E6C046FFFEFFFFFFFBFFFF32
:1046900088130000FFFFFFEF001002400000014000
:1046A000FFDFFFFFFFFFFFFEFFFF02FF0C221A4BA1
:1046B00010B5D9680A40082A2CD00C2A0CD0042A3C
:1046C00020D118681023184043425841134B4042F0
:1046D0001840134BC01810BD12488A02120F825C9A
:1046E0000902D868890F0131C00304D50E48504330
:1046F000FBF704FDEFE71B68DB0601D50848F6E78A
:104700000A48F4E780205B6800021B045B0F01335A
:104710009840E0E70448DEE700100240001BB700C5
:1047200000093D007871010800127A000024F400AD
:10473000F7B50122534D06002B68019113408B42BF
:1047400028D33268930731D4D20737D401232A689B
:1047500001991A408A4200D985E032684A4C5307D1
:1047600000D588E0120706D5E26833694749DB00C7
:104770000A401343E360FFF799FFE368444A1B06CE
:104780001B0FD35C4349D8400860032004F026FD8A
:1047900000200AE02B68019993430B432B602B68A0
:1047A0001340019A9342CCD00120FEBDF02036493F
:1047B000CB688343B0680343CB60C5E7324C726873
:1047C0002368022A19D19B03EED50321E3688B43AA
:1047D0001343E36004F00AFD73680700022B19D14C
:1047E0000C22E3681340082BB0D004F0FFFC2A4BE6
:1047F000C01B9842F4D90320D7E7032A02D19B01BA
:10480000E3D4D1E7012A02D15B07DED4CCE79B05D4
:10481000DBD4C9E7032B0CD10C22E368134093428D
:1048200000D193E704F0E2FC1B4BC01B9842F3D984
:10483000E1E7012B11D00C22E368134200D185E798
:1048400004F0D4FC144BC01B9842F4D9D3E704F015
:10485000CDFC114BC01B9842CDD80C22E36813400D
:10486000042BF4D172E72A689A432A602A681A4214
:1048700000D172E798E7E36808490B40F1680B4301
:10488000E3606FE70020024000100240FFC7FFFF17
:10489000897101083400002088130000FFF8FFFF31
:1048A000044B054ADB6805495B055B0FCB5C106870
:1048B000D840704700100240340000208171010888
:1048C000044B054ADB6805499B045B0FCB5C106811
:1048D000D840704700100240340000208171010868
:1048E0000368F7B505009B0667D5802300215C4C63
:1048F0005B05A26B00911A4204D1A26B1343A36320
:10490000012300938027574E7F0033683B4209D133
:1049100033683B43336004F069FC019033683B42E9
:1049200000D185E0686822680100C0234240C020B1
:104930009B0280031940024205D0994203D12268AC
:104940000120920373D4226D100018401A421BD02C
:10495000884219D02B689B0616D58021236D206DC7
:10496000090301432165216D3F4A40481A40014037
:1049700021652265DB0507D504F038FC8027060099
:10498000BF00236D3B425CD06968C0230A009B02D4
:104990001A409A4207D1236835480340C02080035B
:1049A00001400B432360236D1A43009B2265012BBA
:1049B00003D1A36B2F4A1340A3632B68DA0706D5F4
:1049C00003202749CA6C8243A8680243CA649A0735
:1049D00006D50C202249CA6C8243E8680243CA64A7
:1049E0005A0706D51E492448CA6C0240286902436A
:1049F000CA641A0706D51A492048CA6C0240686979
:104A00000243CA64DA0506D515491748CA6C024044
:104A1000A8690243CA645A0606D511491848CA6CE7
:104A20000240286A0243CA641B0611D40020FEBD5E
:104A300004F0DCFB019BC01A642800D86EE7032059
:104A4000F5E704F0D3FB0F4B801B984299D9F6E7AA
:104A5000034A0D49D36C0B40E9690B43D364E5E786
:104A60000010024000700040FFFFFCFFFFFFF7FF57
:104A7000FFFFCFFFFFFFFFEFFFF3FFFFFFCFFFFFC2
:104A8000FFFFFFFB88130000FFFFF3FF10B51028A6
:104A900000D1B9E008D80138072827D8FBF710FB68
:104AA000697F268F262626A040283AD080235B00E7
:104AB000984200D1AEE0202818D1C02480215F4A5E
:104AC000A402106D136D490223408B4203D180056F
:104AD000C00FC0030BE0802189028B4204D1800704
:104AE000574BC017184002E0A34201D0002010BD70
:104AF00013680B42FAD0C023106880229B03184031
:104B00009203904200D194E0984200D193E04D4B43
:104B1000C018434258414C4B404218404B4BC018C0
:104B2000E5E7464BDA6C52011ED41A689201DDD5D6
:104B3000DA684748D9689202120F805C0902DA6885
:104B4000890F0131D2030DD410221B6813405A4241
:104B50005341404A5B4213403C4A9B185843FBF781
:104B6000CDFAC4E73C4BF9E798683C4B8007C01787
:104B7000B8E7324B0321D86C02000A40084202D148
:104B8000FFF79EFEB3E7022A04D118684007344BB2
:104B9000C017A7E7012A10D1FFF788FDA7E7274B29
:104BA0000C21D86C02000A40084202D1FFF778FEBF
:104BB0009DE7082AE9D0042AEED0186D87E71F4B3D
:104BC000C021D86C090102000A400842EED08021C1
:104BD00009018A42D9D08021C9008A42EDD1DBE7A0
:104BE000164AC021D06C890103000B400842DDD079
:104BF000802189018B4201D11068C7E780225201D0
:104C0000934200D072E7C7E70C4B9B6B5B0200D46A
:104C10006CE7CBE7094AC021D06C890203000B4046
:104C20000842C3D0802189028B42E5D08022520203
:104C3000E6E70C485BE70C4859E7C0460010024025
:104C4000889000000000F0FF807BE1FF00093D003C
:104C500078710108001BB70000127A00006CDC02BA
:104C60000024F40040420F0020A107000223064A5E
:104C700010B5116803200B43136004F0AFFA04F081
:104C8000CBFA002010BDC04600200240024A136843
:104C9000013313607047C046680400200121024AB6
:104CA00053688B4353607047005801400221024A09
:104CB00053688B4353607047005801400421024AF7
:104CC00053688B43536070470058014010B5FF2470
:104CD0000323220003408901DB0021409A409940D0
:104CE00000280BDA0F23184008380A4B8008800090
:104CF000C018C36993430B43C36110BDC024064B66
:104D000080088000C018A400035993430B4303514B
:104D1000F3E7C04600ED00E000E100E01F2318408B
:104D20001E3B8340014A13607047C04600E100E02B
:104D30001F2318401E3B8340014AD3677047C0467B
:104D400004E100E00023F0B585B00A681400DC40FF
:104D500001D105B0F0BD012714009F403C40A4469E
:104D60003A4200D197E04A68160001921022964319
:104D7000022E13D107241C40B4400F25DA08B2409C
:104D8000A54082180292126A03951500039A954372
:104D90002A000D69A5401543029A156203255C009F
:104DA000013EA540012E0CD8CA688668A240AE43D9
:104DB00032438260019A466812099A40BE433243E8
:104DC00042600327019A06683A40A240AE4332434C
:104DD0000260C268AA4315008A68A24080242A4360
:104DE000C260019A6405224255D001252B4C626BAA
:104DF0002A4362633D002A4A9C08A400A4180F229B
:104E00001D40AD00AA40A027A668FF0596430022DA
:104E1000B84214D0234F0132B84210D0224F013291
:104E2000B8420CD0214F0132B84208D0204F013295
:104E3000B84204D01F4A8218571EBA410532AA4010
:104E40003243A26064461C4A019E15682C43F60357
:104E500002D42C006546AC43146064465568019E3C
:104E60002C43B60302D42C006546AC435460644620
:104E70009568019E2C43F60202D42C006546AC4393
:104E800094606446D568019E2C43B60202D42C007F
:104E90006546AC43D460013357E7C046001002407A
:104EA000000001400004005000080050000C0050B9
:104EB0000010005000E4FFAF00040140F7B50022ED
:104EC0000091009BD34000D1F7BD01259540009C87
:104ED000009B2C402B425CD0032651008E4003687F
:104EE000310033430360D3089B00C3181E6A0727B1
:104EF000B4460F261740BF00BE4037006646BE438B
:104F00001E6283680F278B4383604368AB43436013
:104F1000C36803258B43C36091081F4B8900C918E0
:104F2000A0231540AD00DB05AF409C468E680023F2
:104F30003E400196604518D0184B9C4601236045C1
:104F400013D0174B9C46022360450ED0154B9C4650
:104F50000323604509D0144B9C460423604504D0CC
:104F6000124BC3185E1EB3410533AB40019DAB42EB
:104F70000FD18B68BB438B600D4B1968A14319603F
:104F80005968A14359609968A1439960D968A143C0
:104F9000D960013295E7C04600000140000400508E
:104FA00000080050000C00500010005000E4FFAF5B
:104FB0000004014000690840431E9841C0B2704798
:104FC000002A01D0816170478162FCE7044B10B573
:104FD0005A69104202D0586104F068F910BDC04609
:104FE00000040140030030B50120002B29D0981D9A
:104FF000C27F002A01D1591DCA770222C2771968DF
:10500000354A0C68DD6814409A682A431D692A43B2
:105010005D692A439D692A43DD692A431D6A2A4343
:1050200022430A602D4A91420CD10F242C4A116868
:10503000A143116011685B68194311600123C377B4
:10504000002030BD274A91420AD1F024244A116839
:10505000A14311605B6811681B010B431360EDE70E
:10506000214A914208D11E4A204C1168214011600A
:105070005B6811681B02F0E71D4A914208D1184A8B
:105080001C4C1168214011605B6811681B03E4E748
:10509000194A914208D1124A184C116821401160F6
:1050A0005B6811681B04D8E7154A914208D10C4A85
:1050B000144C1168214011605B6811681B05CCE736
:1050C000114A9142BAD1064A104C11682140116030
:1050D0005B6811681B06C0E70FC0FFFF08000240B5
:1050E000A80002401C00024030000240FFF0FFFF19
:1050F00044000240FF0FFFFF58000240FFFFF0FF97
:105100006C000240FFFF0FFF80000240FFFFFFF036
:10511000F0B50225471DFE7F2C00012E1ED0012672
:10512000841DFE77E57704682568B54325606360D4
:105130008368102B14D1A260E1600223226813431C
:105140002360042322681343236008232268134347
:105150002360012322681343236000242000F0BD54
:10516000A160E260E9E7000010B5841DE37F022B37
:1051700003D00423C363012010BD0E2103681A6805
:105180008A431A60012219689143196018498B42B9
:1051900017D018490F328B4213D0174A93421CD0B4
:1051A000164A93421CD0164A93421CD0154A9B18AB
:1051B0005A1E93415A42F0231B041A4080235B037A
:1051C000D218114B5A6001230022E377431DDA778E
:1051D000836B93420AD10020CEE780225200F0E791
:1051E00080225201EDE780225202EAE79847F2E777
:1051F000080002401C00024030000240440002400F
:105200005800024094FFFDBF0000024070B50368E3
:10521000994D9A4E040008222968B3421AD0984842
:105220007832834216D0974A934200D1EEE0964AF4
:10523000934200D1EDE0954A934200D1ECE0944ACC
:105240009A18501E8241F0205242C0040240802031
:10525000000412180A4233D00822196811422FD0D4
:10526000196891431960B3421AD0854978328B424C
:1052700016D0844A934200D1D1E0834A934200D1B0
:10528000D0E0824A934200D1CFE0814A9B185A1E57
:1052900093415A42F023DB041A4080231B04D218A6
:1052A00001236A60E26B13430422E363A31DDA77F0
:1052B0000022631DDA77636B934201D02000984788
:1052C000236804222968B3421AD06D483C328342D5
:1052D00016D06C4A934200D1AAE06B4A934200D1A7
:1052E000A9E06A4A934200D1A8E0694A9A18501E80
:1052F0008241F0205242800402408020C0031218F4
:105300000A4230D004211A680A422CD01A68920648
:1053100002D41A688A431A600422B3421AD0584948
:105320003C328B4216D0574A934200D189E0564A0C
:10533000934200D188E0554A934200D187E0544A15
:105340009B185A1E93415A42F0239B041A40802313
:10535000DB03D2186A600522A31DDA77236B002BCA
:1053600001D020009847236802222968B34217D051
:1053700043481E32834213D0424A93426AD0424A83
:1053800093426AD0414A93426AD0414A9A18501EC9
:105390008241F020524240040240802080031218D3
:1053A0000A4232D002211A680A422ED01A689206A6
:1053B00002D41A688A431A600222B34217D03049D5
:1053C0001E328B4213D02F4A93424CD02E4A934226
:1053D0004CD02E4A93424CD02D4A9B185A1E9341D2
:1053E0005A42F0235B041A4080239B03D2186A6060
:1053F0000122E36BE363A31DDA770022631DDA77F2
:10540000E36A934201D02000984770BD80221201C8
:1054100020E7802212021DE7802212031AE7802271
:1054200012013DE7802212023AE78022120337E799
:105430008022D20064E78022D20161E78022D2027A
:105440005EE78022D20085E78022D20182E78022B7
:10545000D2027FE780229200A2E7802292019FE79A
:10546000802292029CE780229200C0E78022920173
:10547000BDE780229202BAE7000002400800024025
:105480001C0002403000024044000240580002402C
:1054900094FFFDBF1021024A13688B4313607047CD
:1054A0000070004010B50324084A1368A343034367
:1054B00004201360064A136983431361012901D153
:1054C00030BF10BD40BF20BF20BFFAE700700040D2
:1054D00000ED00E010B503240A4A1368A343034318
:1054E00013600422084B186902431A61012905D18F
:1054F00030BF04211A698A431A6110BD40BF20BF22
:1055000020BFF6E70070004000ED00E08023034A72
:10551000DB0011680B4313607047C0460070004009
:105520008023034A9B0011680B4313607047C046F9
:1055300000700040F7B50227451CEB7F04003800DF
:10554000012B33D00123CA22E619EB77F7772368C2
:105550005A62773A5A62AD32914228D19A68254907
:105560000A409A609A6824490A409A6003F03EFE15
:105570000090012701212368DA6817400A4206D00B
:10558000FF2200205A620123F377E8770EE003F050
:105590002DFE009BC01AFA239B009842E9D9FF22F6
:1055A00023685A620323F377EF770320FEBD9A68DE
:1055B00012490A409A609A6811490A409A6003F0B9
:1055C00015FE01902368DA681100394000913A42D3
:1055D000D6D103F00BFE019BC01AFA239B00984220
:1055E000F0D9FF2223685A620323F377009BEB77FD
:1055F000DBE7C046FFFEFFFFFFEFFFFFFFFDFFFF02
:10560000FFDFFFFFA0210268F8B5D36804008B43D9
:10561000D36003F0EBFDFA2607002025B6002368CF
:10562000DB682B4201D00020F8BD03F0DFFDC01B7A
:10563000B042F4D90320F7E7F8B540240368050029
:10564000DA68224201D00020F8BD01225242DA601D
:1056500003F0CCFDFA260700B6002B68DB68234276
:10566000F1D103F0C3FDC01BB042F6D90320EBE734
:1056700070B5041E01D1012070BD851CEB7F002B8D
:1056800003D1421CD37703F0DFFD0223CA22EB775C
:10569000236820005A62773A5A62FFF7CDFF2368E9
:1056A000002804D0FF225A620423EB77E3E79A68CC
:1056B000124926690A409A60626899683243A6696D
:1056C00032430A439A60E2681A61A26819691204B7
:1056D0000A4380211A61DA688A43DA60DA6C7D391C
:1056E0008A43DA64E2696469D96C22430A43DA6462
:1056F000FF225A620123EB77BEE7C046BFFF8FFF50
:105700000023092803D81B011843C0B270470A3888
:105710000133C0B2F5E70000F0B5431C85B001933A
:105720000C00D97F022305001F00012935D001217B
:105730004018C177E918CB7702912F6820786678F6
:105740003E33002A2CD1BA68110019401A4200D108
:10575000E170FFF7D5FF03903000FFF7D1FF06029D
:10576000A078FFF7CDFFE378039A1B0403431204EC
:1057700013431E43CA237B62773B7B622800FFF7FB
:105780005BFF2B68071E19D0FF225A620423029A7E
:10579000D3770023019AD3770127380005B0F0BDF5
:1057A000BA68110019401A4200D1E170A3780004D0
:1057B000360206431E43E3781B04DAE7174A18490A
:1057C00016401E609A6820690A409A60E2689968EB
:1057D00002430A4380219A60DA688A43DA609A6851
:1057E000202314001C401A420DD12800FFF70AFFA5
:1057F000B84208D0FF222B685A620423029AD3775A
:10580000019BDC77C8E7FF222B685A620123029ACA
:10581000D3770023019AD377BFE7C0467F7F7F000D
:10582000FFFFFBFF0223F0B5461C0500F07F1C00C4
:1058300085B0012836D00120EF18F077FB770B7880
:105840005B0301938B784C780293C878002A2CD1A3
:1058500010231C4203D09C430A34E4B24C70FFF77F
:105860004FFF03902000FFF74BFF04020298FFF761
:1058700047FF019A039B10431B04034323430193F7
:10588000CA222B6828005A62773A5A62FFF7D4FE80
:105890002B68041E12D0FF225A620423FB770023D8
:1058A0000124F377200005B0F0BD019B00041843EC
:1058B000029B2402184320430190E1E7114A019919
:1058C000114059608021DA688A43DA609A6820239F
:1058D0001100194001911A420BD12800FFF792FEE6
:1058E000A04206D0FF222B685A620423FB77019B5B
:1058F000D6E7FF222B685A620123FB770023F37758
:10590000D0E7C0463FFFFF000223F7B50D00411C62
:10591000CE7F04001800012E00D195E00138C87731
:10592000E118CB776978266800912878AF783E3304
:10593000002A61D1B268110019401A4200D1E97001
:10594000FFF7DEFE01900098FFF7DAFE00903800C6
:10595000FFF7D6FE07006B1CD87FFFF7D1FE6A6900
:10596000EB6900061343EA78120413431F43019BBB
:105970001B041F43009B1B021F430743AB696A685C
:105980001A43CA23009273626A6A773B7362AD332B
:105990009A425AD1B368414A01251340B360F26874
:1059A0003F4BD2B21343F36003F020FC0190236815
:1059B000DA6816002E402A4235D0009ADF615A6418
:1059C0008022996852000A439A60802299685201A5
:1059D0000A4380219A60334A8902106808431060A4
:1059E000906801439160FF2200205A62FE3AA31C96
:1059F000A418DA77E07727E0B268110019401A425C
:105A000000D1E970EB696A69000413431F43009BEE
:105A100007431B021F43EB781B041F436B1CDB7FF8
:105A20001B061F43AAE703F0E1FB019BC01AFA2300
:105A30009B009842BBD9FF22032023685A62A31C13
:105A4000FC3A0134DA77E677FEBDB368164A0225E0
:105A50001340B360F268154BD2B21343F36003F006
:105A6000C5FB01902368DA6816002E402A420BD04D
:105A7000009A1F629A648022996892000A439A6091
:105A8000802299689201A3E703F0B0FB019BC01A42
:105A9000FA239B009842E5D9CDE7C046FFFEFFFF01
:105AA0007FFEFFFF00040140FFFDFFFF7FFDFFFFC2
:105AB0000A23020953430F2210401818C0B270473E
:105AC00070B50C0001683F208B6A63600B695B0452
:105AD0005B0CA3600B680D490B40190C1E0ADDB26C
:105AE00040230840194020706670A570E170002ABC
:105AF0000AD1FFF7DDFF2070F0B2FFF7D9FF607029
:105B00002800FFF7D5FFA070002070BD7F7F7F00C9
:105B100070B50C0003680E495B680B40180CDD047F
:105B2000DEB21B04ED0E5B0FE0706570A670237093
:105B3000002A0AD1FFF7BCFFE0702800FFF7B8FF8A
:105B400060703000FFF7B4FFA070002070BDC04649
:105B50003FFFFF00022210B5411CCC7F0300100064
:105B6000012C10D09818C2771B68C8325A62773A55
:105B70005A629C68333A22439A60FF225A62012398
:105B8000C3770020C87710BD80220368D2059042F9
:105B900008D0134A904205D0124A904202D0124ACD
:105BA000904214D1702293434A6813438022D20555
:105BB000904208D00A4A904205D00A4A904202D048
:105BC000094A904203D1094A1A40CB681343036043
:105BD0008B68C3620B688362012343617047C046D0
:105BE000000400400008014000140140FFFCFFFFDA
:105BF000F0B501260327046AB44304628469056A88
:105C0000BC438027FF05B84217D00D4FB84214D0CF
:105C10000C4FB84211D00C4FB8420ED03443F02292
:105C2000944322001C01FF231C40F53B9D43194077
:105C30002943144384610162F0BD1443EFE7C04679
:105C400000040040000801400014014010B5012488
:105C50008C408A40036AA3430362036A1A430262C8
:105C600010BD704770B504000120002C13D0250032
:105C700035352B78002B05D12200343220001370EB
:105C8000FFF7EFFF02232B702068211DFFF77CFF39
:105C9000012300202B7070BD012203680020D96809
:105CA0001143D96019680A431A60704701210368DB
:105CB000DA688A43DA60186A034A104202D11A6825
:105CC0008A431A60002070471111000010B5046863
:105CD000082917D00DD8002910D0042912D020008F
:105CE0000122FFF7B3FF0123226800201343236042
:105CF00010BD0C29F3D11023E26801E00223E26811
:105D0000134301E0E3680B43E360E8E710B5046880
:105D100008291BD011D8002914D0042916D000223C
:105D20002000FFF793FF226A0A4B1A4203D1012297
:105D3000236893432360002010BD0C29EFD110226B
:105D4000E36801E00222E368934301E0E3688B43E8
:105D5000E360E4E71111000070B504000120002C9D
:105D600013D0250035352B78002B05D12200343295
:105D70002000137003F09EFA02232B702068211D6F
:105D8000FFF702FF012300202B7070BD7047000059
:105D900070B50500022335352B700368084A196A6F
:105DA0000400114203D101211A688A431A602000BD
:105DB000FFF7ECFF002034342870207070BDC0461F
:105DC0001111000010B5FFF781FF002010BD10B5C4
:105DD000FFF79CFF002010BD0300F7B53433170018
:105DE0001A78022305000E001800012A1AD02A0092
:105DF000353213702C6809687268F368002F12D16D
:105E00002000FFF7F5FE0C22A3699343A361A36969
:105E1000B2681343A3612B000122002035333435CF
:105E20001A702870FEBDB068266A0190042F1ED13A
:105E30000C37BE432662A7692E48120207403A4338
:105E40002D4F1B073A401B0C1343A022266A090161
:105E5000964311403143A3612162A369274A13404D
:105E6000A361019AA36910021843A061D3E7082F28
:105E70001FD10320224F1B013E402662E669276A9C
:105E800086431643F02296430F3213401D4A0902FF
:105E90001740A022120111400C2233433943E36121
:105EA0002162E3699343E361E369019A1343E36188
:105EB000B1E7154F0F483E402662E76912020740DE
:105EC0003A430D4F1B073A401B0C266A13430F4AF7
:105ED00009031640A022120211403143E3612162FE
:105EE000E369064A1340E361019AE369100218432B
:105EF000E06190E7FFFCFFFFFF0FFFFFFFF3FFFFF5
:105F0000FFFEFFFFFFF5FFFFFFEFFFFFFF5FFFFF5C
:105F1000020010B5343214780223012C09D008296C
:105F200014D008D800290BD004290CD0002300215C
:105F30001170180010BD0C29F8D103681B6CF6E72E
:105F400003685B6BF3E703689B6BF0E70368DB6B4D
:105F5000EDE77047704770470222036810B5196972
:105F6000040011420DD0D96811420AD0053A1A61D5
:105F7000043202759B699B075ED0FAF76DFB002324
:105F80002375042223681969114210D0D96811427F
:105F90000DD0093A1A61073222759A69C0239B0015
:105FA00020001A424ED0FAF757FB0023237508222F
:105FB0002368196911420ED0D96811420BD0113AE9
:105FC0001A610D322275DB6920009B0740D0FAF779
:105FD00043FB00232375102223681969114210D056
:105FE000D96811420DD0213A1A6119322275DA6945
:105FF000C0239B0020001A4230D0FAF72DFB00236B
:106000002375012223681969114207D0D96811420A
:1060100004D0033A20001A61FCF7F0FC4022236808
:106020001969114207D0D968114204D0813A200081
:106030001A61FFF790FF10BDFFF78BFF2000FFF7FD
:1060400089FF9CE7FFF785FF2000FFF783FFACE7A0
:10605000FFF77FFF2000FFF77DFFBAE7FFF779FF2B
:106060002000FFF777FFCAE7020010B5343214783A
:106070000223012C06D00368353019650123037013
:1060800000231370180010BDF8B5050054352B78A7
:1060900004000220012B43D0012303222B7023682C
:1060A00098681040012809D11A68024206D02023BE
:1060B000A26D1343A36500232B7031E0A16D194A33
:1060C00011400632FF320A430321A265DE68DA6816
:1060D0008A43DA608022996812060A439A6003F0C4
:1060E00085F8070023689A68002A0BDB0321DA6829
:1060F0000E401643DE600123A26D00208A43134345
:10610000A365D8E703F072F8C01B0A28EAD9122366
:10611000A26D01209A43023B1343A36500232B7019
:10612000F8BDC046FDFEFFFFF0B5050085B0029149
:10613000039268352B78040002AF0220012B32D085
:1061400026002423013869362870337023681A68C2
:1061500082431A609A68164802400A439A600029EE
:106160000CD110205A68B9798243B88809060243D5
:106170005A605A681202120A0A435A6001221968C8
:106180000A431A6003F032F880210A4A03000092A1
:1061900020000022C903FDF7D7FC002805D12023E9
:1061A000337000232B7005B0F0BD0320F9E7C04623
:1061B000FFFFCFFFFFFFFF01020010B5683211782B
:1061C0000300022001290CD0190022306931087027
:1061D00018680223046823430360202300200B7007
:1061E000107010BD704703689A69920701D50022AC
:1061F0009A6201229969114202D199690A439A610E
:1062000070470000006830B54468064D12042C4009
:10621000039D89052B431A43890D0A43224342609B
:1062200030BDC046009800FCF8B504000E00170011
:106230001D002268936933409B1B59424B41BB426E
:1062400001D000200EE06B1CF4D0002D0BD12300F8
:10625000202241331A7022000023032042324034AE
:1062600013702370F8BD02F0C1FF069BC01AA8424C
:10627000DFD9ECE7F7B5036801929A6904001023AF
:1062800010000F00202618401A4216D1FEBD7B1CBC
:1062900014D0002F05D002F0A9FF019BC01A87423D
:1062A0000BD22300202241331A70220000234232F5
:1062B0004034137003202370E8E72568AB6933424C
:1062C000E5D010232000EB61EE61FFF78CFF6B68D7
:1062D000074A012013406B600423636423002200FB
:1062E00041331E7000234232403413702370CDE7D7
:1062F00000E800FEF8B504000D0016000227236830
:106300009B693B4201D0002018E0320029002000A8
:10631000FFF7B0FF002818D16B1CF0D085420ED1DA
:106320002022636C032013436364230041331A70FB
:10633000220000234232403413702370F8BD02F073
:1063400055FF801BA842DAD9EAE70120F6E7F7B546
:1063500015001F00DAB280239B0100938023040004
:10636000099E5B04FFF74EFF320020000899FFF7FB
:10637000C1FF002805D0636C0120042B1ED0032030
:106380001CE02368012F0BD1EDB29D620022802119
:106390002000089B0096FFF747FF00280ED0EEE78D
:1063A0002A0A9A62200032000899FFF7A3FF00280A
:1063B00005D0636C0120042B00D00230FEBD2368A1
:1063C000E2E7F7B515001F00DAB280230400099E4A
:1063D0009B0100930023FFF715FF3200200008996E
:1063E000FFF788FF002805D0636C0120042B1ED026
:1063F00003201CE02368012F0BD1EDB29D62002227
:1064000040212000089B0096FFF70EFF00280ED0C9
:10641000EEE72A0A9A62200032000899FFF76AFF25
:10642000002805D0636C0120042B00D00230FEBD93
:106430002368E2E7F8B504000D0016002027236862
:106440009B693B4201D0002016E032002900200069
:10645000FFF710FF002816D185420ED12022636C71
:10646000032013436364230041331A702200002386
:106470004232403413702370F8BD02F0B7FE801B27
:10648000A842DCD9EAE70120F6E70000006810B571
:106490004368054C890523401343890D034A0B4388
:1064A0001343436010BDC046009800FC0000FF018C
:1064B00070B504000120002C3ED0250041352B781A
:1064C000002B05D1220040322000137000F072FC36
:1064D000242301212B702368E0681A68A6688A4388
:1064E0001A601B4962680A401A619A6819490A4091
:1064F0009A60012821D18022120232439A605868A2
:10650000154A02435A60DA6800200A40DA6061697D
:1065100022690A43A16909020A43DA60216AE26931
:106520000A431A60012219680A431A602023606432
:106530002B7020634234207070BD842212023243DB
:106540009A600228DBD1802212015A60D7E7C04648
:10655000FFFFFFF0FF7FFFFF0080000270B5040027
:106560000120002C13D02500242341352B702268F4
:10657000136883431360200000F084FF0020230091
:10658000606442332870206340341870207070BDFE
:10659000F0B5070085B00292039341373B780400C1
:1065A0000E00202B02D0022005B0F0BD03004033C6
:1065B0001A78012AF7D001221A7002F017FE802102
:1065C000050000901923012220000902FFF72CFE8C
:1065D000002801D00320E7E721233B702700113B6F
:1065E00042373B70029B60646362039B6063638518
:1065F000638DFF2B1FD9FF23802223859201310059
:106600002000FFF743FF638D2A0020000A99002B2A
:106610001ED1FFF70FFF00281ED120212368244D33
:10662000D9615A682A405A602300403441331970B6
:1066300038702070B8E78023628D9B012285D2B22A
:1066400000938023310020009B04FFF7DBFDDAE795
:10665000FFF750FE002805D0636C0120042BA3D067
:106660000230A1E7636A5A1C62621B782268936257
:10667000228D638D013A013B92B26385228582426D
:10668000C1D1638D8342BED0802120000A9B00953A
:10669000FFF7CAFD00289DD1638DFF2B03D9FF238F
:1066A00002002385ABE7628D2285D2B20090C8E755
:1066B00000E800FEF0B5070089B007930EAB069224
:1066C00004CB02911B880492059341373B78040068
:1066D000202B02D0022009B0F0BD049B002B34D047
:1066E000059B002B31D00300403303931B78012B13
:1066F000F0D00126039B1E7002F078FD802132004D
:1067000000900500192320000902FFF78DFD061EE9
:106710001FD121233B7027001F3342373B70049B5E
:1067200060646362059B60636385109B2000009337
:10673000069A079B02990195FFF709FEB0420AD01D
:10674000636C042B03D1039B1E700120C3E7039BE2
:106750001E700320BFE7638DFF2B13D9FF230200B8
:10676000029920002385FFF791FE2A00200010994E
:10677000FFF7C0FD002810D0636C0120042BAAD0C5
:106780000230A8E78023628D029922859B04009045
:10679000D2B22000FFF736FDE7E7636A5A1C626257
:1067A0001B7822689362228D638D013A013B92B27D
:1067B00063852285824214D1638D834211D080216A
:1067C0002000109B0095FFF72FFD0028C1D1638D9D
:1067D000FF2B1ED9FF230200029920002385FFF71B
:1067E00055FE638D002BC0D12A0020001099FFF7C1
:1067F00021FE0028C0D1202123680B4DD9615A68A1
:106800002A405A6023004034413319703870207098
:1068100061E78023628D029922859B040090D2B2A9
:106820002000FFF7EFFCDCE700E800FEF0B5070012
:1068300089B007930EAB069204CB02911B88049299
:10684000059341373B780400202B02D0022009B089
:10685000F0BD049B002B34D0059B002B31D00300EE
:10686000403303931B78012BF0D00126039B1E704D
:1068700002F0BCFC802132000090050019232000AA
:106880000902FFF7D1FC061E1FD122233B7027000F
:106890001E3342373B70049B60646362059B6063F8
:1068A0006385109B20000093069A079B029901952F
:1068B000FFF787FDB0420AD0636C042B03D1039B22
:1068C0001E700120C3E7039B1E700320BFE7638D8A
:1068D000FF2B45D9FF2390222000029923859201A6
:1068E000FFF7D4FD002204212000109B0095FFF744
:1068F0009BFC0028E9D123685A6A636A591C6162CB
:106900001A70228D638D013A92B2013B2285638514
:10691000824214D1638D834211D080212000109BCC
:106920000095FFF781FC0028CFD1638DFF2B24D980
:10693000FF230200029920002385FFF7A7FD638D46
:10694000002BCFD12A0020001099FFF773FD0028FB
:106950001ED0636C0120042B00D178E7023076E76B
:106960009023628D9B012285009380232000029951
:10697000D2B29B04FFF746FCB4E78023628D0299F4
:1069800022859B040090D2B22000FFF73BFCD6E7A3
:1069900020212368054DD9615A682A405A60230096
:1069A0004034413319703870207050E700E800FE21
:1069B000F0B51D00002387B0059303000392413317
:1069C0001A780400202A00D086E0026890698022AC
:1069D000060012021640104200D07DE02200403234
:1069E0001078012800D177E0012010702422890559
:1069F0001A708B0D66640293A0230299E2689B01D2
:106A00000B43012A01D1354B0B432268536002F03E
:106A1000EDFB060027002368413720219A690A42CE
:106A200006D19A6910390A4202D13A78A02A17D1C0
:106A30009B6910271A0000963A403B421FD12B0059
:106A400020212000FFF7F0FB002820D1202322681E
:106A5000D3612200403441321370207007B0F0BD82
:106A60006A1CDAD0002D04D002F0C0FB801BA842C3
:106A7000D0D920233B7000234034237007E000224C
:106A80002B0020212000FFF7CFFB021E01D00320A6
:106A9000E4E72368DF612027DF610599481C059042
:106AA000039881420ED180215868C9010143596081
:106AB00020002B0039000096FFF7B6FB0028E6D136
:106AC0002368DF61059B039A934200D294E7230079
:106AD000202241331A70CEE70220BFE700200002D7
:106AE000406C7047F0B5040041342678202E01D068
:106AF0000220F0BD050040352B78012BF8D024236F
:106B0000012223700368084F1868904318601868C2
:106B100038401860186808431860002019680A4354
:106B20001A6026702870E4E7FFEFFFFF0122054B93
:106B300010005968114204D00020034ADA60034A69
:106B4000DA60704700200240EFCDAB8905040302F4
:106B50000123034A002051680B4353607047C0462D
:106B60000020024010B50400054800F08BF8002812
:106B700005D1044B58612060014800F083F810BD36
:106B800050C300006C040020F8B5114C0700237CB2
:106B90000D0016000220012B0CD001230D48237498
:106BA00000F070F8002803D16061022F03D12E603D
:106BB00000232374F8BD012F01D12E80F8E7002FA8
:106BC00001D12E70F4E7034800F05CF8F0E7C0460E
:106BD0006C04002050C30000284A802190694900BD
:106BE000030030B50B40084205D002232448446915
:106BF000234343610B00802091698000014205D04E
:106C000001211F4C0343656929436161802091691B
:106C1000C000014205D00821194C0343656929438E
:106C20006161802091690001014205D00421144C6A
:106C300003436569294361618020916980010142B4
:106C400005D010210E4C03436569294361619169A8
:106C5000890305D520200A4C034361690143616122
:106C6000802091694002014205D04021044C034339
:106C7000656929436161936130BDC04600200240CF
:106C80006C04002070B5040002F0B0FA0125060083
:106C9000184B9A692A4221D102229969114200D0E7
:106CA0009A619A69D20515D49A69920512D49A69A3
:106CB00052050FD49A6912050CD49A69920409D42A
:106CC00099698022080092021040114202D19B690A
:106CD000DB0308D5FFF780FF012004E0621CD8D059
:106CE000002C01D1032070BD02F080FA801BA0426D
:106CF000CED9F7E70020024070B504000120002C37
:106D000015D023680F4A1A600F4A1A6062685A60E9
:106D1000A2689A6002F06AFA05002368DA68002A1D
:106D200006D11969E268914209D01A61002070BD4C
:106D300002F05CFA401B3028EFD90320F7E7034A42
:106D40001A60F3E7CCCC000055550000AAAA000059
:106D50000368024A00201A607047C046AAAA0000D1
:106D60000048704784040020F8B5FF235B4243804D
:106D70000F4B0A211C8805002000F9F7BFF90A21F2
:106D800087B22000F9F7F6F90E00642C0DD96421C2
:106D90002000F9F7B3F90A2104023800F9F7EAF9FB
:106DA0000901214331432980F8BD39023601F9E751
:106DB000B80C002010B52C4B02682C4C90B09A42B5
:106DC00024D10222E36A1343E362E36A1340079388
:106DD000079B8023A26BDB031A43A263A26A1343BF
:106DE000A362A36A224A1340A362C023DB01029379
:106DF0001223039300230493033305930233069372
:106E00001C4802A9FDF79EFF10B010BD0823079390
:106E1000802307A85B010C93FDF762FD0223E26A61
:106E200014481A43E262E26A02A91A400092009AE8
:106E3000E26A1A43E262E26A13400193019B8023F3
:106E4000A26B9B031343A363402302932E3B039344
:106E5000002301240493033305930694FDF772FF86
:106E6000802306940293CBE70058004000100240B4
:106E7000FFFFBFFF00040050F0B595B00D00040007
:106E800002F09EFB012D26D1AE4809F047FD0028F7
:106E9000FAD1AD4B18880CF0E3FE0022AB4B0BF09F
:106EA0001BFE02000B00AA4809F038FD0028F0D1B3
:106EB000A84B18780338062800D9C5E0F9F700F97F
:106EC000BEC4C40482C4A400A34BA448196809F03A
:106ED00025FD0028F8D1F9F7EFFB9E4B08931B78AE
:106EE000032B1DD00120FBF7DBFA061C6060012D8F
:106EF00016D19B49F9F70CFA002800D1B0E0994966
:106F0000301CF9F7F1F9002800D1A9E060680CF015
:106F1000EFFE02000B00944809F000FD0028F5D1B7
:106F2000089B1B78012B00D0A0E0904F3B88002BE2
:106F30000DD0002220218E48FEF742F80026642161
:106F40003888F9F7DBF880B2B04200D9E9E0089B55
:106F50001B78032B00D1CAE0083B012B00D8C6E008
:106F6000FBF720F80026012002F096FA0BAF730021
:106F7000F85201360A2002F033F9062EF3D101222D
:106F800010217B48FEF71CF83800FBF7D2FD6E4B52
:106F900078491B885843F9F7F7F80BF053FA20614A
:106FA000012D00D0A3E020690CF0A2FE0022674B67
:106FB0000BF092FD02000B006F4809F0AFFC0028B7
:106FC000F1D194E080216A48C901FDF7F3FF010087
:106FD0006A4809F0A3FC0028F4D180216448090222
:106FE000FDF7E8FF0100664809F098FC0028F4D19D
:106FF000A0201021C005FDF7DDFF0100614809F068
:107000008DFC0028F4D166E7534B5448196809F009
:1070100085FC0028F8D15C4B5C48196809F07EFCBF
:107020000028F8D1A0201021C005FDF7C3FF010002
:10703000544809F073FC0028F4D14CE7544809F097
:107040006DFC0028FAD146E780214948C901FDF7C7
:10705000B1FF0100494809F061FC0028F4D13AE78A
:107060004C4809F05BFC0028FAD159E7042B01D009
:10707000092B37D10220FBF713FA061CA060012D63
:1070800014D13749F9F744F900283ED03549301C6E
:10709000F9F72AF9002838D0A0680CF029FE020080
:1070A0000B003D4809F03AFC0028F5D10320FBF71E
:1070B000F7F9061CE060012D14D12949F9F728F9E8
:1070C000002828D02749301CF9F70EF9002822D0D3
:1070D000E0680CF00DFE02000B00304809F01EFCC9
:1070E0000028F5D1089B1B78032B00D01DE7089BD7
:1070F00018780238062873D8F8F7F6FF5A00D70038
:107100007200870172007200D700254809F006FC62
:107110000028FAD1CAE7234809F000FC0028FAD178
:10712000E0E7642002F05CF81F4B204A73439BB2F7
:10713000934203D8002E01D0F9F7BEFA0136B6B259
:10714000FDE6C046676501087406002000408F40D8
:107150003C550108B50C0020800600204955010867
:1071600000005CC20000FA42B4550108E00A0020A9
:1071700000040050FF0F0000325601085A55010864
:107180006B5501087C5501087C0600208C550108D0
:107190009D550108C9550108DE550108085601082A
:1071A000F35501081D5601084B81FFFF95020000B1
:1071B000A04B1B78012B36D19F48FFF7FBFDFBF757
:1071C0003DFAFBF78DFAE084012D09D10A21E08C0C
:1071D000F8F794FF81B2994809F0A0FB0028F5D197
:1071E000FAF7A4FE052001F0FBFF8021A020490151
:1071F000C005FDF7DFFE2070FAF7B6FE012D05D1C0
:1072000021788F4809F08AFB0028F9D1012220213A
:107210008C48FDF7D5FE012D03D1FA20400001F086
:10722000DFFF15B0F0BD022B21D1FBF747FBFBF7C9
:1072300065FB1020FDF772FDFBF78AFCE08410204F
:10724000FDF776FDFBF77AFBFBF796FB012DC7D127
:10725000E08C0CF005FD00227B4B0BF03DFC0200A6
:107260000B007A4809F05AFB0028F1D1B8E7032B4C
:1072700016D1774E3000FBF7E9FA3368E384736880
:107280002385012DACD10A21E08CF8F737FF268D3C
:1072900081B232006F4809F041FB0028F3D19FE72B
:1072A00001235B42E38423859AE7FAF77BFE0026FD
:1072B000012002F0F1F80BAF7300F85201360A20FA
:1072C00001F08EFF062EF3D13800FBF732FC624B43
:1072D000624909931B883E005843F8F755FF0BF0AD
:1072E000B1F82061322001F07BFF5D4802F0D4F854
:1072F000B0810A2001F074FF02360EABB342F4D124
:107300000EA8FBF716FC099B54491B885843F8F755
:107310003BFF0BF097F86061322001F061FF5148AC
:1073200002F0BAF838830A2001F05AFF02370EAB98
:10733000BB42F4D111A8FBF7FCFB099B47491B8812
:107340005843F8F721FF0BF07DF8089BA0611B78EC
:10735000032B27D1FA214448C9000AF079FB070022
:10736000012D1FD138000AF05BFA06000AF052FA2C
:107370003D4902008B7A3D4808934B6A06930B6A9D
:107380000593CB6904938B6903934B6902930B6953
:1073900001930C23C95E089B0091310009F0BEFAED
:1073A0000028DFD1012210212648FDF709FE012D1A
:1073B00000D015E720690CF09BFC00222C4B0BF051
:1073C0008BFB02000B002B4809F0A8FA0028F1D132
:1073D00060690CF08DFC0022254B0BF07DFB020058
:1073E0000B00254809F09AFA0028F1D1A0690CF0A9
:1073F0007FFC00221E4B0BF06FFB02000B001F48AE
:1074000009F08CFA0028F1D1EAE6FBF7C5FBFBF79F
:10741000E9FBFBF789FCE062FBF700FCFBF71CFCD7
:10742000012D00D0DCE61648E16A09F077FA002861
:10743000F9D1D5E6C0040020CC0300204356010852
:107440002757010800040050000024405F5601083F
:10745000B40400207656010874060020FF0F0000D7
:107460000200000410000010840400209956010856
:1074700000408F4032560108F156010802570108BA
:1074800013570108134A016810B5134B914211D1EB
:107490008022996AD2030A439A629A6A0F490A4083
:1074A0009A629A6B0A40C0219A63C9010C48FDF7A1
:1074B00005FD10BD8022996A92030A439A629A6A76
:1074C000084907480A409A624021FDF7F7FC8021ED
:1074D000ECE7C0460058004000100240FFFFBFFF2D
:1074E00000040050FFFFDFFF70B586B0FAF76AFCBA
:1074F000494C2078023807280AD8F8F7E1FD0D0436
:10750000095D097D097D0AF0ADFA444809F006FAE3
:10751000FAF70CFD06B070BD414B00221B7820210C
:10752000404805AC2370FDF74BFDFBF73DF8FBF73A
:107530005FF8FA2301259B000022C42102930094E6
:107540002B0039480195FFF7B5F8FBF751F8374B99
:10755000374C984209D83748257009F0DFF90122E5
:1075600020213048FDF72CFDD2E72F48FFF78AFF96
:10757000FBF7A4F9FBF7C2F98021A0200901C0059F
:10758000FDF718FD002806D102232370FBF712FA3D
:10759000294809F0C3F9FBF7D1F9FBF7EDF9237896
:1075A000002BDCD1FBF716F9012803D10323234874
:1075B0002370D2E72248D0E7002220211948FDF7A6
:1075C000FFFCFBF7E9FAFBF70DFBFBF7A5FBFA2045
:1075D000400001F005FEFBF79FFBFBF71FFBFBF7ED
:1075E0003BFB012220210F48FDF7EAFC154809F07A
:1075F00095F90028FAD18BE7134B1878FAF75CFC61
:10760000124B1878FAF720FC2378092B00D07FE77B
:10761000FAF7EEFC7CE7C046B50C002038570108AD
:107620003355010800040050CC0300200E27000051
:10763000C0040020685701088A570108BC57010898
:10764000DF5701080B580108B20C0020B10C0020D4
:1076500030B587B00C22002103A80CF0F5FC032301
:107660000293C0230125A020104CDB010193E36AA3
:1076700001A92B43E362E36AC0052B400093009B02
:10768000FDF760FBE36AAB43E3628023626BDB03DD
:1076900013436363FDF702FBFDF708FBFDF70EFBE9
:1076A000636B034A1340636307B030BD00100240B0
:1076B000FFFFBFFFFEE70000FF2383429B41020064
:1076C0005B42D800074B1A4201D004231843064BF3
:1076D0001A4201D002231843044B1A4201D001235D
:1076E00018437047F0F0FFFFCCCCFFFFAAAAFFFFC2
:1076F00030B5214C214B87B0A04233D00FD8A02405
:10770000E405A04217D01E4CA04222D08025DC6A9E
:107710002C43DC62DB6A2B400593059B13E0194C7C
:10772000A042F3D10825DC6A2C43DC62DB6A2B40E3
:107730000493049B07E00125DC6A2C43DC62DB6ACE
:107740002B400193019B11601100FDF7FBFA07B07C
:1077500030BD0225DC6A2C43DC62DB6A2B400293DD
:10776000029BF0E70425DC6A2C43DC62DB6A2B40D9
:107770000393039BE7E7C046000800500010024057
:1077800000040050000C005070B508001C000D00F3
:107790001600FFF791FF084B80001C50002C0AD008
:1077A000280001F097FD040000223100FDF78EFA59
:1077B0002000FDF7B3FA70BDC404002010B5FFF738
:1077C0007BFF034B8000C358002B00D0984710BDAF
:1077D000C404002010B5D2B2FDF7F2FB10BD0000CA
:1077E000F8B50022050021480C00FEF769F90022D7
:1077F00029001E486768FEF78BF9002221001B480C
:10780000FEF75EF96268BA42F1D10323E878184FB7
:10781000184947431840431E984143420B401649BC
:1078200068785B183D21414301384000C340032084
:107830000340E120AD783C39CE0F0337BF088919EA
:10784000013DED1949104919CB1A0C490001594362
:107850002378657858433C236B43C018A378C0183D
:107860004018074B8002801AC018F8BD4805002058
:10787000B505000050555500505544008051010099
:10788000FF0300000320704710B5410E7D22002346
:10789000C001F8F747FD10BD10B57D22002300217F
:1078A0000AF0E8F84906C009081810BD7FB5684617
:1078B00001A9FFF795FF024B1B68C01A07B000BD76
:1078C000040500207FB5684601A9FFF789FF07B0CE
:1078D00000BD00000648074B016810B5CA68D2B267
:1078E0001343CB6080214900FDF724FE10BDC04644
:1078F000480500207FFEFFFFF0B5464E87B005002B
:107900000023F45EFFF7D2FF03340021281A8442DB
:1079100000D30121042008F053FE08F067FE01287F
:1079200002D10022B35EED1A3B4B9A791E795F7942
:107930000192DA7902929A6803925A7E04929C7EAE
:10794000DB7E0593FFF7C6FF2000039A334B9B1A9B
:10795000AA05920D9B18324A9BB2AD0A954239D8BE
:10796000304A95423BD83B2D3ED8019A9C0A1219C9
:10797000A40255191C1BADB2A4B23B2D38D83B2F25
:107980003BD8172E3ED8049B059A013B92073ED167
:10799000254AD15C884202D9F8F740FC08001F4B09
:1079A00022491C1BA0231B058B614B1CD877029B13
:1079B0000022CB7080231E485B004C608D704F709E
:1079C0000E70CA614A614B62CA600A61FDF79CFF92
:1079D00007B0F0BD174901306D1880B2BEE71649F7
:1079E00001366D18B6B2BCE701373C3DBFB2BAE70D
:1079F0003C3D0137ADB2BFB2BFE73C3F0136BFB23D
:107A0000B6B2BCE7183E0130B6B280B2B9E70B4A55
:107A1000BFE7C0466C05002004050020FF030000FE
:107A20007F5101000F0E0000997101082005002010
:107A30004805002080AEFEFFF0F1FFFFA5710108B0
:107A40000420002110B508F0BBFD0A4803689A68BD
:107A5000D2040DD5DA68D2050AD5D968064AC9B26A
:107A60000A43DA608022054B92025A6101F01AFC47
:107A700010BDC046480500207FFEFFFF0004014006
:107A800070B57D220023410EC001F8F74BFC0400C5
:107A9000FFF718FF0500FFF715FF401BA04200D3BA
:107AA00070BDC046F7E7000010B503490348FFF773
:107AB00097FE034B186010BD080500201C05002030
:107AC0000405002070B5184E86B03578002D29D1F8
:107AD000164C174B200023601F23A360154B6560D5
:107AE000E3602561A561E561FDF7C2FD124B2A0047
:107AF000694620000093FDF795FE2A0001A92000A9
:107B00000195029505950495FDF706FE2000FEF708
:107B100021F8802120004900FDF70CFDFFF7C4FF8C
:107B20000123337006B070BD6E05002048050020AB
:107B300000280040FF03000001010100014B18680C
:107B40007047C0460405002010B586B014220021FD
:107B500001A80CF079FA0223A0200293039301AA52
:107B600001332021C0050493FFF7C2FDA02001AA24
:107B70004021C005FFF7BCFDA02001AA8021C0055F
:107B8000FFF7B6FD8021A020012401AA0902C0054B
:107B900002940394FFF7ACFD8021A020220009028B
:107BA000C005FFF717FE06B010BD00001A4B1B48BA
:107BB00010B503601A4B1B491A6800238A4203D987
:107BC00001335208072BF9D19A075907D20FC90F71
:107BD000490112010A430821DB000B401343C36132
:107BE00000238222836003614361C3608362036276
:107BF0004362802352004260FC3282610A4A5B0188
:107C0000516B0B435363FBF71DFA002801D0FFF7BC
:107C100051FDFFF799FF10BD0030014070050020B5
:107C200034000020809698000010024030B587B0E4
:107C30001422002101A80CF007FAA020012402253B
:107C400001AA8021C00502940395FFF751FDA020F1
:107C500000228021C005FFF7BDFDA02001AA402120
:107C6000C0050395FFF744FDA02000224021C00578
:107C7000FFF7B0FDA02001AA2021C0050395FFF762
:107C800037FDA02000222021C005FFF7A3FD8021A1
:107C9000A02001AA0902C0050394FFF729FD802155
:107CA000A02022000902C005FFF794FD07B030BDF7
:107CB00010B50E211624012386B069446C445B4242
:107CC00008802200009303480233FBF7FBF9208869
:107CD00006B010BD700500200A4B10B519680A489F
:107CE00008F07CFD084808F0E1FC0122074B1A70FF
:107CF000074B1A6811231A4203D0064A137801333E
:107D0000137010BD680000204006002065060020AA
:107D1000800E00205B06002010B50549054808F0DC
:107D20005DFD044808F0C2FC0122034B1A7010BD2F
:107D300050460000180600207206002010B50748C3
:107D400008F020FD8021A02000224900C005FDF799
:107D500037F90022024B1A7010BDC046F005002012
:107D60006E060020012210B5024B03481A7008F07D
:107D700009FD10BD56060020C805002010B50348B7
:107D800008F000FD0122024B1A7010BD040600200D
:107D90006C060020064B10B5195C064808F0BEFDC5
:107DA000802305489B000021838003F04BFC10BD1D
:107DB0003D580108235801085800002010B503F071
:107DC000C1FC012801D1034B1870034808F0DAFC0C
:107DD00010BDC04668060020DC0500200123F0B578
:107DE0000400BB4D87B02B7002792168407902F006
:107DF0004DF8236818780A2800D97AE0002868D15D
:107E0000B44F3B78012B12D103F084FEB249B34842
:107E100008F044FCB24BB148196808F0DFFCAF48E9
:107E200008F044FCAF4808F041FC00233B70AE482A
:107E300008F074FD0028FAD1AC4808F06FFD002866
:107E4000FAD12379082B00D9A0E2A94B1B788342F1
:107E500000D19BE26179A74808F060FD061EF9D1C8
:107E60002379B34200DD88E2A34808F057FD0028DB
:107E7000FAD1A24B9E4A1B780192002B24D0032BEF
:107E800022D013789E4F9F4A3B700123137000222B
:107E900016002079D1B2814200D27EE2002E01D0BC
:107EA000984A13700023984A1370022800D07EE28B
:107EB00022681078262800D079E25278012A00D072
:107EC00075E2924A2B7013700023019A137007B069
:107ED000F0BD0138092800D992E7F8F7FBF828002F
:107EE00091FF91FF44005C00AE00DB00E7004D0114
:107EF00074012038C2B2132A00D981E7132800D9AF
:107F00007EE7F8F7E7F86B017B019401C3017DFF81
:107F10007DFFCF017DFF7DFF7DFF7DFF7DFF7DFF2D
:107F20007DFF7DFF7DFF7DFF7DFFE5012202227940
:107F3000042A00D064E75A7899781204DB780902A1
:107F40000A431343724A1360052B0ADD0121614A7B
:107F50001170FA2292005343614A13600122644B6C
:107F60000CE06C4BF8E72279022A00D048E75B78F6
:107F7000FF2B05D10122684B1A705D4B1A703FE749
:107F8000FE2B00D03CE7012264496548F8F78CFAE3
:107F9000F8F7CEFAEEE701215B4A11702179042946
:107FA00027D15878012800D92AE75E4F5E4E18D1B4
:107FB00003F048FC23689A78DB783A70337003F05A
:107FC000A9FD01224A4B59491A702279584B1A705F
:107FD00000239A4200DC13E72068C05CC8540133D8
:107FE000F7E79A78DB7800203A70337003F02AFCC8
:107FF000E5E702291ED15878012802D103F022FCBE
:1080000001E00028FAD000260722474B1E70454B9E
:108010001A7003F07FFD0122354B44491A70227912
:10802000434B1A70B24200DCEAE62068805D885556
:108030000136F7E700231370E2E62279042A00D024
:10804000DEE65A78002A00D0DAE69E78964206D11B
:10805000DB78384A032B00D9D2E6137017E0012EE3
:108060000AD1D878032800D9CAE6334B1870F9F73B
:1080700023FF03F04FFD27E0022E00D0C0E6D878A2
:10808000032800D9BCE62D4B1870F9F7DDFE03F08C
:1080900041FD63E72279032A00D0B1E659789B7845
:1080A000274A1B020B435BBA1380F0E7254A12787C
:1080B000052A00D0A4E62279022A45D15E78012E55
:1080C00000D09DE603F034F8094B1E7098E6C046D8
:1080D0006D06002078060020D97C000840060020AC
:1080E0006800002018060020676501084158010853
:1080F0009006002050580108346F010861060020E6
:1081000097060020CA0600206306002066060020AD
:10811000D0070020701700007606002060000020C5
:1081200000000808590600205A060020CC0600204E
:10813000CB060020B30C0020B20C0020B10C0020B4
:10814000E00A0020B50C0020042A00D058E65A7836
:10815000022A00D054E6D8789A780002104340BA38
:1081600080B20BF07DFD0022934B0AF0B5FC0BF0C2
:1081700001FE924E30608AE72279062A00D03FE65F
:10818000597801290FD1D8789A78000210431A79CA
:108190005B79120402431B061343894A1BBA13601E
:1081A000884B19702CE6022900D029E6D9789A78F4
:1081B000090211431A795B7912040A431B0613431F
:1081C0001BBA814AC9E62279022A00D018E65B78F8
:1081D000032B00D014E67D4A1370BFE62279022AF1
:1081E00000D00DE65878012800D909E604D103F043
:1081F000A3FA03F08FFCBDE60020F8E72279022AFB
:1082000005D15B78052B00D9FAE5714A25E7032AE9
:1082100000D0F5E55A78002A00D0F1E59B78012BD3
:1082200000D9EDE501266B4A3340137021E722792E
:10823000022A09D15E78012E00D0E1E503A8027080
:10824000067107F0CBFB14E7042A00D0D8E55A7872
:10825000002A00D0D4E59F78022303AE30003370AB
:10826000327107F0BBFB381C052F00D9052040B246
:1082700003F00CFB2368DB78FF2B00D107E7162205
:1082800030003270337107F0A9FB00E72279022A2F
:1082900000D0B5E55878002800D1B1E540B203F030
:1082A000E3FAF4E62279022A07D15B78012B00D0A9
:1082B000A6E5494A1370434ABDE6032A00D09FE56C
:1082C0005A789B781B02134300D199E5434AEAE6AA
:1082D0002279062A00D093E55A784149012A00D82C
:1082E0000A70DA7898781202024302D03D4852BAF6
:1082F00002801A795B791B02134302D03A4A5BBAB7
:1083000013800B78394F002B06D1380008F03AFA69
:10831000374808F037FABAE6334B364E198838003A
:10832000714308F05BFA380008F0C0F903F090FAE6
:10833000002800D0ABE62B4B2D481988714308F07C
:108340004DFA2B4808F0B2F9A1E62279032A00D0B1
:1083500056E559789878284A284B117018700029EA
:1083600007D101311170012800D890E601221A705E
:108370008DE60F29F7D90F21F4E723682048995D8E
:1083800008F0CCFA0028F8D1013669E521791D48BA
:1083900008F0C4FA0028F9D16BE5322B05D8216822
:1083A0005E1C895CF954F3B20126013272E50122A8
:1083B000154B1A7088E5C0460000244018000020C4
:1083C00080060020900600207C060020B50C0020CE
:1083D00061060020AF0C002062060020640000202F
:1083E00060060020540600205E060020DC05002008
:1083F000C805002060EA000057060020580600204B
:10840000545801085A5801086406002070B5274DD9
:108410002B78002B0BD1FA212548490008F0DEF912
:10842000234808F043F92B7801332B7070BD012BE2
:10843000FCD11F4808F0A6F91E4B1B78012B24D154
:1084400003F006FA1C4E00280FD11C491C4808F006
:1084500025F91C4B1A481988714308F0BFF91848D0
:1084600008F024F9052000F0BBFE1749174808F072
:1084700015F9174B15481988714308F0AFF91348DF
:1084800008F014F9052000F0ABFE1249124808F07C
:1084900005F9124B1048196808F0A0F9FFF71CFC09
:1084A000052000F09DFE0023BFE7C04677060020B0
:1084B0002C0600206006002060EA0000657D0008B0
:1084C000C805002054060020BD7D0008DC05002002
:1084D0005E060020D97C00084006002068000020CD
:1084E0000023164A10B51360154A1360154A13602D
:1084F000154A01331370154A1370154A1370154845
:1085000008F00CFA0028FAD1134B187003F01AF98E
:10851000012801D106F06EF9104808F033F9002067
:1085200003F0D6F80E490F4808F0B8F8FA210D48C4
:10853000490008F053F9FFF769FF10BD8C060020D1
:108540008806002084060020700600206F060020A8
:10855000710600204F6C0108670600200406002009
:108560000D8400082C060020F0B59DB0FCF77EFBC2
:1085700000F0C0FEFFF76CF800F070FF02F01EFE86
:10858000F7F7F6FF6D496E4808F088F86D496C48BA
:1085900008F024F96A4808F089F86B4B1B68002B37
:1085A00012D16A4B1B68002B0ED1694B1B68002B44
:1085B0000AD1684B1B68002B06D103F05DFA03F06B
:1085C0001FFAC82000F00CFE03F0C6FE01210800CF
:1085D00007F0E0FF6049614803F012FE02F0FAFD87
:1085E0005F4B1A78002A1CD000228021A020012590
:1085F0001A705C4B4900C0051D70FCF7E1FC5A493C
:108600005A4808F04BF85A49584808F0E7F88021D2
:10861000A0202A00C0054900FCF7D2FC534808F00E
:1086200045F8544A1378002B0DD0534B112118688C
:1086300003000B40084206D1504913700B7050499B
:108640000B7002F099FF4F4B1B78002B18D04A4B50
:10865000196811230A001A40194211D101214A4B0D
:108660004A481970454B1A70454B1A7008F08AF841
:10867000474808F087F8474808F084F802F07CFF84
:10868000454B1B78002B00D1F2E1444C2368012BB1
:108690000CD1434A1278062A34D0092A32D0364AFD
:1086A00011681122114201D13E4A13703E4D2B68D0
:1086B000012B0AD13A4A1278092A31D02E4A116880
:1086C0001122114201D1374A1370384B1B68012B1C
:1086D00006D1294A11681122114201D1314A137081
:1086E000264B1A78042A71D9002264201A7000F0EF
:1086F00077FDBFF34F8F2E4B2E4ADA60BFF34F8FBB
:10870000C046FDE72C4B1B78002B06D02B4B2C488A
:10871000196808F003F90028F8D100232360C5E7A1
:10872000254B1B78002B06D0264B2748196808F0EC
:10873000F5F80028F8D100232B60C6E7197D000862
:108740001806002050460000000008080400080831
:10875000080008080C000808380000203C00002031
:108760006F0600206E0600203D7D0008F005002009
:10877000881300006C060020800E00205B0600209D
:1087800056060020680600206706002040060020EC
:10879000DC050020C8050020700600208C060020A3
:1087A000B50C002065060020880600208406002005
:1087B00000ED00E00400FA05E70A00208006002032
:1087C000855801087C06002094580108C54D2B7877
:1087D000012B00D075E1FA20400000F001FD1122CC
:1087E000C148002103681A70C04B838002F02AFF41
:1087F0002B7801332B70BE4B1B78002B10D0BD4B58
:108800001A68112315001D401A4209D1BA4B1D7078
:1088100002F00EFF012800D1C0E10022B44B1A7013
:10882000B64E3378002B46D0B24B1A68112317008E
:108830001F401A423FD18021B14D0902B1482F702B
:10884000FCF7B8FBB04C10212070A020C005FCF74D
:10885000B1FB37702E78AD4DAD492B78AD4AB342A0
:1088600009D0AD4B1B78062B05D0092B03D0AB4BA1
:108870001B78012B18D00F7823789F4207D0A64B86
:108880001B78072B03D1A64B1B78012B0CD0137838
:10889000834210D0FD27A04B1B78073B3B420AD1F7
:1088A000A04B1B78012B06D11070012223782E706B
:1088B0000B708F4B1A709C4A1378002B03D09B4986
:1088C0000978032929D09A490978002907D08A49CB
:1088D0000978002903D09549097801291DD09549C7
:1088E0000978002901D100F058FC83490978002952
:1088F00001D100F058FC8D49097802290DD08B492F
:108900000978042909D0002B03D17B4B1B78002B5D
:108910002ED0864B1B78052B2AD1764B1968112354
:108920000C001C40194223D1814B14701C70814BE8
:108930001C70714B1C70804B1978002901D100F01C
:1089400020FC1C7002F074FE012811D164236648DB
:108950007A4D437123002A787949934201DA00F075
:1089600009FC0021774B297002711A7002F06AFE2F
:10897000754C2378012B27D102F05AFE012823D110
:10898000724B1B7883421FD1714B198800291BD071
:10899000704E3388002B17D0002323706E4C6F4A23
:1089A00061436F48137007F019FF6D4807F07EFEB2
:1089B00002F04EFF002807D131886A48614307F072
:1089C0000DFF684807F072FE674A1378002B14D039
:1089D000484B1121186803000B4008420DD1137059
:1089E000624A4148127862499A4200DDD0E30C2382
:1089F00000210271437102F025FE5E4E3378002B98
:108A000036D03C4B1A68112317001F401A422FD151
:108A1000594B1C68384B1F7002F00AFE012825D103
:108A2000FA2120008900F7F769FB10AC050020004F
:108A3000FEF79AF905232C484371A27803681A704F
:108A4000E27803685A7023880268190A91700268F4
:108A50003900D37003682A0C1A712A0A5A719D7161
:108A60000723384A0371137002F0ECFD00233370C2
:108A7000424B1A78002A17D00022414D1A70414B00
:108A800001321A702B88002B01D114332B803E4900
:108A90003E4807F003FE2B882F493C48594307F016
:108AA0009DFE3A4807F002FE394C2378002B03D094
:108AB000F7F702FE0023237072B607F0AFFD62B62F
:108AC0008CE5022B00D096E60A4B1B68DB0700D52D
:108AD00091E6BFF34F8F2F4B2F4ADA60BFF34F8FD2
:108AE000C046FDE776060020580000200104000083
:108AF00065060020800E00206D06002091060020F3
:108B000093060020000400509206002096060020E4
:108B10009506002094060020B50C0020B30C002020
:108B2000B20C0020B10C0020660600206106002077
:108B30006A0600206906002064060020CA0600209C
:108B400097060020730600205C06002060060020C7
:108B50005E0600205406002060EA00005606002051
:108B6000DC050020C805002063060020CB0600209D
:108B7000CC06002062060020680000206B06002062
:108B800064000020670600207D7D000804060020A8
:108B90007206002000ED00E00400FA05E14F04AE8B
:108BA00039783000FEF768F93D702768FBB203930F
:108BB000DD4B1B780193DD4B1B6802936B461B7AE0
:108BC000009302F057FEDA4CDA4B607118780138E6
:108BD00008283DD8F7F788FA09006A00B100E200DA
:108BE00034017301C80122026602D34A2168138846
:108BF00004AD1B0A0B7023681288D0495A7068684C
:108C000009F088F909F000FC26680012B070CB4921
:108C1000686809F07FF909F0F7FB2668F0702869A9
:108C200009F0F2FB246800122071286909F0ECFBBE
:108C3000FAB2C34B6071002A00D11F702A781B78EA
:108C40005200DB011343012207253A401343A3716D
:108C5000039B012B02D10022BA4B1A60019B012B0E
:108C600002D10022B04B1A60009B012B02D10022DE
:108C7000AE4B1A60B44B1B78012B07D0B34B1B785B
:108C8000012B03D0B24B1B78012B02D10122B14B37
:108C90001A70B14BA64C1D70B04B25711978012983
:108CA00000D063E2200002F0CDFCB6E5A24A2168C4
:108CB000138804AD1B0A0B70236812889F495A70F1
:108CC000686809F027F909F09FFB26680012B07068
:108CD0009A49686809F01EF909F096FB2668F07059
:108CE000286909F091FB246800122071286909F0B5
:108CF0008BFBFAB2924B6071002A00D11F700122E7
:108D00001B783A40DB0113432A78520013430422B4
:108D10001343A371EB8C1B0AE371EB8C2372904B12
:108D20001B78032B06D12B8D1B0A63722B8DA3722C
:108D30000B258DE7FF236372F9E70023804E10AD0A
:108D400033700296FEF70CF82B0046C846C346C89F
:108D500046C346C846C346C846C301223A40082710
:108D6000029B04AE1B780898DB0113433278520053
:108D700013431F4308F09DFE2880099808F099FED0
:108D800068800A9808F095FE8021A8802A00AF71BB
:108D90002068490008F04EFC050059E7664A216842
:108DA00013881B0A0B702368128864495A7005984F
:108DB00009F0B0F809F028FB25680012A8705F4997
:108DC000059809F0A7F809F01FFB2568E8700898D6
:108DD00009F01AFB246800122071089809F014FBAE
:108DE000FAB2574B6071002A00D11F7001221B7824
:108DF0003A40DB01134332785049520013430C22AE
:108E00001343A371B06809F085F809F0FDFA001268
:108E1000E0714A49B06809F07DF809F0F5FA20726E
:108E20004649F06809F076F809F0EEFA001260722F
:108E30004249F06809F06EF809F0E6FAA07277E7A7
:108E40003D4A2168138804AD1B0A0B702368128801
:108E50003A495A70686809F05DF809F0D5FA266851
:108E60000012B0703549686809F054F809F0CCFA7E
:108E70002668F070286909F0C7FA2468001220718A
:108E8000286909F0C1FAFAB22D4B6071002A00D1AD
:108E90001F7001221B783A40DB0113432A785200ED
:108EA000134310221343A371EB6A1B12E371EB6AA5
:108EB0002372EB6A1B166372EB6A134137E71E4A93
:108EC0002168138804AD1B0A0B70236812881B49A4
:108ED0005A70059809F01EF809F096FA26680012F3
:108EE000B0700598154909F015F809F08DFA266853
:108EF000F070089809F088FA246800122071089828
:108F000009F082FA142360712A7852001343A37186
:108F1000144B1B681A0EE2711A0C22721A0A627242
:108F200005E7C046E60A00208806002084060020E7
:108F300058000020B50C00207406002000002041DD
:108F4000960600208C060020B30C0020B20C0020F6
:108F5000B10C002091060020730600205606002068
:108F6000C004002080060020924A2168138804ADC6
:108F70001B0A0B70236812888F495A70686808F0C2
:108F8000C9FF09F041FA26680012B0708A49686882
:108F900008F0C0FF09F038FA2668F070286909F077
:108FA00033FA246800122071286909F02DFAFBB207
:108FB0006071824C002B00D12770019B002B06D1E1
:108FC00080217F480902FBF7F5FF7E4B1870009B5C
:108FD000002B06D1A0201021C005FBF7EBFF7A4B38
:108FE00018700121794B39401A682378DB010B4353
:108FF000297849000B4318210B4372499371019B57
:1090000009781B010B437049D371009B09781B0140
:109010000B431372FF235372937289E6654A2168EA
:10902000138804AD1B0A0B702368128862495A70BA
:10903000686808F06FFF09F0E7F926680012B07061
:109040005D49686808F066FF09F0DEF92668F0708F
:10905000286909F0D9F9246800122071286909F0FB
:10906000D3F9FAB2554B6071002A00D11F7001226A
:109070001B7817402A78DB0152003B4313431C2224
:109080001343A371686909F0BFF90012E0716869C0
:1090900009F0BAF92072A86909F0B6F900126072F5
:1090A000A869C9E6434A2168138804AD1B0A0B70FE
:1090B0002368128840495A70686808F02BFF09F04D
:1090C000A3F926680012B07068683B4908F022FFD7
:1090D00009F09AF926683849F070A86808F01AFF74
:1090E00009F092F92668001230713349A86808F037
:1090F00011FF09F089F9009B7071334E002B05D1E7
:10910000A0201021C005FBF755FF30700122029905
:10911000337811402A78DB010B435200134320229D
:1091200024681343A371E868234908F0F3FE09F0AB
:109130006BF90012E071E8681F4908F0EBFE09F0D6
:1091400063F9234B11251B6820721A0E62721A0CE8
:10915000A27223731A0A1F4BE2721B681A0E627303
:109160001A0CA2731A0AE273237471E502F070FB01
:10917000010097E5CF5C0668CC54F7540133FFF744
:10918000ECFB124803681970134B8380FFF7EEFB6A
:10919000CD5C0468E554013326E48B4201D0FFF72F
:1091A000AEFBFFF7B2FB8B4201D0FFF7A8FBFFF746
:1091B000DFFBC04674060020000020419606002018
:1091C000000400509506002094060020580000205E
:1091D000800600207C06002001040000002070476B
:1091E00007B50190019807F0D1F907BD054B10B5FF
:1091F0001B78002B02D007F002FB10BD024B186851
:10920000FBE7C046D4070020680400200122014B80
:109210001A707047D40700208023094A5B05916BC0
:1092200010B50B439363FCF735F9FCF779F9082384
:10923000044A11680B431360FCF768F910BDC0467F
:109240000010024000200240042300B599B00A93A8
:10925000002314930133FF330AA80C93FAF7B4FFE9
:10926000002801D0FEF726FA20230193802301A8CD
:109270005B020293FBF734FB002801D0FEF71AFAD9
:109280008023074ADB02116D02200B431365002285
:109290001100FBF71BFD0220FBF740FD19B000BDDC
:1092A0000010024010B507F035FA10BD10B5FEF7FA
:1092B00085FA10BD0421064A10B5536B14200B43E8
:1092C00053630022FBF702FD1420FBF727FD10BDBE
:1092D000001002400622042805D006D80138013AC1
:1092E000012800D90232100070470838431E984107
:1092F000821DF8E700B595B01422002101A80AF0FC
:10930000A3FE2C22002107A80AF09EFE022306934A
:10931000109380231B0301221293802309921B04C4
:109320000F3206A80A921393FAF74EFF002801D0D5
:10933000FEF7C0F98023124A5B05916B0B439363E0
:10934000104A114B1168194080231B010B43102157
:109350001360506803000B400842FAD10F2201212C
:10936000019201A80C3A0292039304930593FBF730
:10937000DFF9002801D0FEF79DF915B000BDC04609
:109380000010024000700040FFE7FFFF044B186828
:10939000044B1B685840044B1B6858407047C0463C
:1093A0005000F81F5400F81F6400F81F1149124ABA
:1093B00010B50B6814681B191B0EC37114680B6879
:1093C0001B191B0C837114680B681B191B0A437152
:1093D00012780B789B180371084B1A68120EC27032
:1093E0001A68120C82701A68120A42701B680370A5
:1093F00010BDC0465000F81F6400F81F5400F81F4D
:10940000124910B50B78002B1ED1012210480A70AA
:109410001049036401608021090641600721C3618E
:1094200083618360C36003624362C362036380231A
:109430008263026103324261074AC163516B9B0040
:109440000B435363FAF7D0FC10BDC046D60700208B
:10945000D8070020002401400010024010B50C4C39
:109460002378002B12D1FFF7CBFF0A4B1B689847DC
:10947000FEF79CFBFEF726FBFFF7C8FE07F03AFA63
:1094800002F0F0FCFEF730F80123237010BDC04657
:10949000D507002010710108294B73B51B78060011
:1094A000002B01D1002076BD07F0A9F908240500A2
:1094B000244B5B68234219D08023234D234C6A6BD5
:1094C0009B001343002120006B63FCF7DDFD0028A7
:1094D00012D000200222236899680A439A6003226E
:1094E0001A606B6B1A4A13406B63DCE7280007F0C5
:1094F0008CF90928DCD9D5E7164B69460093164B41
:1095000020000193FAF7D2FD0028E2D180236946BA
:109510005B01200000960193FAF7C8FD0028D8D11E
:109520002000FAF733FD0028D3D10A212000FAF7F2
:1095300059FD0028CDD12000FAF7B4FD80B2C9E76B
:10954000D60700200070004000100240D80700201D
:10955000FFFDFFFFFFFF07000110000070B512487C
:10956000FFF79AFF00240100A04206D00F4B188895
:109570000F4B5843F6F7C2FD04000E48FFF78CFF6F
:109580000D4B60430A491D88F6F7B8FD431B502078
:1095900058430A4B00021988491BF6F7F5FDF023E2
:1095A0005B01C01880B270BD000002447800F81F53
:1095B000B80B0000000004487A00F81F7E00F81F76
:1095C00010B51148FFF768FF04000120002C16D0E9
:1095D0000E4B0F481B8821005843F6F78FFD0D4AAC
:1095E00084B2FE2094420AD80B4A94420AD9C82178
:1095F0000A4A8900A3185843F6F780FDC0B2084B09
:109600001C8010BD0120FAE7000002447800F81F1A
:10961000B80B0000E30C0000C30900003CF6FFFF9C
:109620007406002010B5EFF3108472B6FEF7FEFA50
:10963000084B5B689847F8F7E9FB0423064A116872
:109640000B43136084F3108801210800FBF742FFED
:1096500010BDC046107101080070004010B5EFF356
:10966000108472B60122124B19680A431A60042250
:1096700019681142FCD08022196852040A431A600A
:109680008022920419681142FCD00322D9680A434F
:109690000C21DA60DA680A400C2AFBD1FEF754FA92
:1096A000044B1B689847F8F78DFB84F3108810BDB6
:1096B000001002401071010810B501210020FBF7D5
:1096C000F1FE10BD7047C046FDE77047704710B50A
:1096D000FBF7DCFA10BD10B500F068F910BD10B54D
:1096E00000F05CF910BD10B500F050F910BD10B5D8
:1096F000FEF7A6F910BD10B50120FBF767FC0220AC
:10970000FBF764FC10BD10B50420FBF75FFC0820DC
:10971000FBF75CFC10BD0000102110B5354C6369EF
:109720000B421AD0344B1B78002B12D0334B1B78D2
:10973000002B0ED0FD22324B1B78073B134208D181
:10974000A020304BFC3AC0051A60FBF733FC2E4BCF
:10975000187010206061FFF7A9FD2020FBF736FC90
:109760004020FBF733FC8020FBF730FC80204000DA
:10977000FBF72CFC80208000FBF728FC8020C00039
:10978000FBF724FC80200001FBF720FC8020400137
:10979000FBF71CFC80208001FBF718FC802163692B
:1097A00009020B4218D0194B1B78002B0FD0134A1B
:1097B0001278002A0BD0124A1278072A0DD1144BC6
:1097C000063A14481A60FBF7F5FB134B187080201B
:1097D00000026061FFF76AFD10BD092AF7D1023B64
:1097E000012BF4D80A4B083A1A600C4A136801336B
:1097F0001360ECE700040140B10C0020710600206A
:10980000B50C00208406002094060020B20C002035
:109810008806002000040050950600207C060020E9
:1098200010B5F6F741FF10BD10B50248FCF794FBE8
:1098300010BDC046200400200B4B10B518600B482B
:109840000B4B036096239B01436000238360C3603E
:10985000036183610C334361FAF740FA002801D0B9
:10986000FDF728FF10BDC0467C0800202809002015
:109870000048004010B50A0001000248F9F718FE40
:1098800010BDC04628090020034B10B51B68002BF3
:1098900000D0984710BDC0467C08002013B5802139
:1098A000074B019A186089030648FCF73DFC054800
:1098B000FCF782FC012204490248F9F7A7FD13BD19
:1098C0007808002028090020B60800200368224AF2
:1098D00070B5040093420ED1204B1B68002B04D0BE
:1098E000C26E002A01D11E489847012220001C495F
:1098F000F9F78CFD70BD1B4A20269342FAD11A4D10
:109900001A4C012229002000F9F780FD00280DD112
:10991000174B2A781A70174B187800280DD0164963
:109920000B78581C08701549CA54E3E723006A33C2
:109930001E70002368342370E1E711490B788342DD
:10994000D8D0104D2C78631CDBB22B700E4D2A55ED
:10995000082BCFD10870CDE70048004078080020E0
:10996000B608002000380140B3080020B8080020E5
:1099700080080020B7080020B508002081080020DA
:109980001F040020B40800201804002010B5024B6A
:10999000186EFBF73BFC10BD2809002010B50248EB
:1099A000F9F754FE10BDC0462809002010B5024842
:1099B000F9F74CFE10BDC046B80800200023012274
:1099C00010B588B00593134BA020D96A0624114323
:1099D000D962D96AC005114001910199D96A114330
:1099E000D962DB6A03A913400293029B0423039309
:1099F000023B04939B1806930794FBF7A3F9A0205E
:109A0000082303A9C00503930794FBF79BF908B04B
:109A100010BDC046001002400A480B4B10B5036051
:109A2000E1235B02436000238360C36003618361C1
:109A30000C334361FAF752F9002801D0FDF73AFEE2
:109A400010BDC046B80800200038014000230121A5
:109A500010B586B00393114BA020DA6A04240A43A0
:109A6000DA62DB6AC0050B400093009B80239B00F9
:109A70000193FF3BFF3B02935B1801A904930594FC
:109A8000FBF760F98023A020DB0001A9C00501934A
:109A90000594FBF757F906B010BDC0460010024010
:109AA000022130B5104B8DB0DA6AA0200A43DA6289
:109AB000DB6A03250B400193019B802300249B005C
:109AC00002A9C005029303950494FBF73BF9802398
:109AD000A020DB0007A9C005079308950994FBF7B0
:109AE00031F90DB030BDC0460010024070B50368BA
:109AF000334A06008CB0934250D10125314C0021ED
:109B0000E36A04A82B43E362E36A2B400093009BC3
:109B1000E36A2B43E362E36A2B400193019B8023BA
:109B2000A26BDB021343A36320220AF08DFA042305
:109B30000393802303A81B010793FAF7D1FE236B3D
:109B40002B432363236B2B400293029BFFF736FFCB
:109B50001D4C1E4B802223601023A3600023200095
:109B6000E3606361A361E3612362053363602261A3
:109B7000FBF738FA2A0029000B203466A662FBF7AF
:109B8000A5F80B20FBF7CAF81D202A002900FBF7D7
:109B90009DF81D20FBF7C2F80CB070BD0C4A934233
:109BA000FAD18023074ADB01516B0B435363FFF764
:109BB00077FF1B2000220221FBF788F81B20E9E732
:109BC0000048004000100240380800208000024099
:109BD00000380140F0B5002485B00522019107004E
:109BE000274902A80AF076FA264B1C7006F007FEF9
:109BF000254E05000522300002A9F9F7D9FB3300F4
:109C000069331B78202B05D0280006F0FEFD1F4B82
:109C10009842F4D901221E4D30001E492A70F9F7EE
:109C2000F5FB0198FFF7DCFA00232B7018001D00EC
:109C30009C46194EF25C592C18D100281ED1A24224
:109C40001AD101306446F4540133322B01D105B0EE
:109C5000F0BD2900012806D1F45C2918C9B27C5551
:109C6000072900D1001814000D00E3E7592A01D19B
:109C70000028E7D02200E5E70200E3E75922E1E708
:109C8000A3580108B5080020B80800208713000079
:109C9000B7080020B30800208108002001230C2809
:109CA00001D8024B1B5C18007047C046B171010817
:109CB00030B5040087B0E579A378627821780495FF
:109CC000A579074803956579029525790195E57889
:109CD000009506F023FE0028EDD107B030BDC04648
:109CE000D158010830B504008FB0E57BA3786278C5
:109CF00021780C95A57B0F480B95657B0A95257BF4
:109D00000995E57A0895A57A0795657A0695257AE5
:109D10000595E5790495A5790395657902952579E9
:109D20000195E578009506F0F9FD0028DDD10FB02A
:109D300030BDC046A958010810B5040021000348F1
:109D400006F0ECFD0028F9D110BDC04618550108F9
:109D500010B504002100034806F0E0FD0028F9D109
:109D600010BDC0468F580108F0B5002497B004AB71
:109D700015009C8001900391F6F740FB6B00984220
:109D800027D1270026001CE0019805A9005D7B1C57
:109D9000C8550120184002900120DAB203420ED1CA
:109DA0003718FFB206A8B60031503E00039A7B1E5A
:109DB000D2189B000D4918580AF0E4F8029A1700CF
:109DC00001340198F6F71AFBA042DDD8280017B03D
:109DD000F0BD03236B43013B984201D10125F5E718
:109DE000034806F09BFD0028FAD1F7E769590108FE
:109DF000FB58010837B50C00042201A90500FFF744
:109E0000B3FF03000020012B07D00422280001A982
:109E1000FFF7AAFF019B1BBA23603EBD70B510225D
:109E200004000D00FFF7A0FF03000020012B04D069
:109E3000102229002000FFF797FF70BD0A0010B51F
:109E400014008EB00F340D94013C0C94013C0B9423
:109E5000013C0A94013C0994013C0894013C07949C
:109E6000013C0694D41D0594941D0494541D039440
:109E7000141D0294D41C0194941C4B1C00940249A0
:109E800002F0F2FB0EB010BD1E59010870B51400AF
:109E90000500044806F0EDFC034B1C60034B1D70ED
:109EA00070BDC046A00900209C0900209809002030
:109EB00001207047BFF34F8F034B044ADA60BFF3B2
:109EC0004F8FC046FDE7C04600ED00E00400FA05F4
:109ED000012310B5044C2370044806F01FFD002830
:109EE000FAD10123237010BDE70A00206E59010842
:109EF00010B50B48F6F704FBF6F71AFB094806F015
:109F00000DFD0028FAD13230FFF76AF9BFF34F8F09
:109F1000054B064ADA60BFF34F8FC046FDE7C046E7
:109F2000000008088159010800ED00E00400FA056E
:109F300010B501F01FFCFFF7BBFE002010BD0000B4
:109F400010B588B0082206A90400FFF70DFF01280C
:109F50001DD11F236B4405931E236B4404931D23C3
:109F60006B44039307AB02931B236B4401931A23A7
:109F70006B4400931923200009496B4406AA02F0A0
:109F800073FB06A801F0FAFB002008B010BD082200
:109F9000200006A9FFF7E8FE0828F2D0D9E7C0465E
:109FA0004659010810B501F031FCFFF781FE002091
:109FB00010BD000010B588B0082206A90400FFF704
:109FC000D3FE01281DD11F236B4405931E236B4430
:109FD00004931D236B44039307AB02931B236B4431
:109FE00001931A236B4400931923200009496B4401
:109FF00006AA02F039FB06A801F00CFC002008B00C
:10A0000010BD0822200006A9FFF7AEFE0828F2D0F6
:10A01000D9E7C0464659010830B585B003AD2900DF
:10A020000400FFF7E7FE04280BD00D236B440F223A
:10A0300000930E232000064901956B446A4402F008
:10A0400013FB039801F0A4FB002005B030BDC0460F
:10A050005A59010810B501F0A1FB002010BD10B540
:10A0600001F0E2FBFFF73EFE002010BD1FB5694680
:10A070000400FFF7D3FE102803D069462000FFF745
:10A08000DDFE684601F0D4FB002004B010BD10B521
:10A0900001F0AAFBFFF726FE002010BD1FB56946A0
:10A0A0000400FFF7BBFE102803D069462000FFF72D
:10A0B000C5FE684601F08EFB002004B010BD10B54F
:10A0C00001F0A0FBFFF70EFE002010BD1FB5694692
:10A0D0000400FFF7A3FE102803D069462000FFF715
:10A0E000ADFE684601F084FB002004B010BD0223E1
:10A0F00030B585B001AC2000237005F0D5FBFFF72B
:10A10000CDFD051E02D12079FFF716FE280005B00F
:10A1100030BD1FB50223027801A9303A18000B7038
:10A12000012A07D8531E9A4108000A7105F056FC0F
:10A13000FFF7B4FD05B000BD162330B585B001AC06
:10A140002000237005F0B0FBFFF7A8FD051E03D12A
:10A1500004202056FFF7F0FD280005B030BD0000B8
:10A160001FB516236A460B49137102AA02F07CFA46
:10A17000022401280BD101A805F030FCFFF78EFD69
:10A18000041E04D1044806F0C9FB0028FAD12000BF
:10A1900004B010BD865901088B590108152330B54C
:10A1A00085B001AC2000237005F07EFBFFF776FD43
:10A1B000051E03D104202056FFF7BEFD280005B080
:10A1C00030BD000013B56B46DC1D22000A4902F0C9
:10A1D0004BFA022301280CD1002020560133072816
:10A1E00007DC01F053FB054806F098FB0028FAD184
:10A1F0000300180016BDC046865901088B59010896
:10A2000010B50378302B04D00220312B05D101206A
:10A2100000E0002001F09CFA002010BD10B501F014
:10A22000A3FA012806D1064806F078FB0028FAD1E7
:10A23000002010BD034806F071FB0028FAD1F7E7B3
:10A240001F580108AE590108072330B585B001AC8D
:10A250002000237005F028FBFFF720FD051E02D12A
:10A260002079FFF769FD280005B030BD1FB5072331
:10A2700001AA137003780220303B012B07D8591E26
:10A280008B411000137105F0A9FBFFF707FD05B026
:10A2900000BD1FB50A236A4601A8137105F004FB2F
:10A2A000FFF7FCFC041E02D10298FFF745FD2000D9
:10A2B00004B010BD1FB50A236A46040001A813713B
:10A2C00005F0F2FAFFF7EAFC00280DD1200007495B
:10A2D00002AA02F0C9F903000220012B04D101A84F
:10A2E00005F07CFBFFF7DAFC04B010BD955B0108BC
:10A2F0000A2330B585B001AC2000237005F0D4FAF4
:10A30000FFF7CCFC051E02D1207AFFF715FD2800CF
:10A3100005B030BD1FB50A236A46040001A81371B9
:10A3200005F0C2FAFFF7BAFC00280FD12000084957
:10A3300003AA02F099F903000220012B06D1054A75
:10A3400001A8137005F04AFBFFF7A8FC04B010BD8C
:10A3500086590108BA0C00201FB510236A4601A8CF
:10A36000137105F0A1FAFFF799FC041E02D10298BF
:10A37000FFF7EEFC200004B010BD00001FB5102355
:10A380006A460849137102AA02F06EF9030002201E
:10A39000012B04D101A805F021FBFFF77FFC05B0DC
:10A3A00000BDC046955B01081FB511236A4601A890
:10A3B000137105F079FAFFF771FC041E02D10298BF
:10A3C000FFF7C6FC200004B010BD00001FB511232C
:10A3D0006A460849137102AA02F046F903000220F6
:10A3E000012B04D101A805F0F9FAFFF757FC05B0DD
:10A3F00000BDC046955B01081FB512236A4601A83F
:10A40000137105F051FAFFF749FC041E02D10298BE
:10A41000FFF79EFC200004B010BD00001FB5122302
:10A420006A460B49137102AA02F01EF902240128A0
:10A430000BD101A805F0D2FAFFF730FC041E04D1BD
:10A44000044806F06BFA0028FAD1200004B010BDD1
:10A45000955B0108B25901081FB513236A4601A88C
:10A46000137105F021FAFFF719FC041E02D10298BE
:10A47000FFF76EFC200004B010BD00001FB51323D1
:10A480006A460B49137102AA02F0EEF80224012871
:10A490000BD101A805F0A2FAFFF700FC041E04D1BD
:10A4A000044806F03BFA0028FAD1200004B010BDA1
:10A4B000955B0108B259010810B501F043F9013864
:10A4C00043425841FFF738FC002010BD10B5037817
:10A4D000302B0BD00220312B07D1013801F02CF9A1
:10A4E000034806F01BFA0028FAD110BD0020F5E75A
:10A4F000B25901080323F0B589B002AA05A8137365
:10A5000005F0D2F9FFF7CAFB071E10D1069C230EF7
:10A510002502260403932D0E360EE4B233002A00E2
:10A5200004480399009406F0F9F90028F6D13800A0
:10A5300009B0F0BDE558010830B587B003236A467D
:10A5400004AD290004001373FFF754FC04280BD05A
:10A5500011236B4413220093122320000649019516
:10A560006B446A4402F080F803A805F037FAFFF75D
:10A5700095FB07B030BDC0465A5901081FB51823D6
:10A580006A4601A8137105F08FF9FFF787FB041ED7
:10A5900002D10298FFF7DCFB200004B010BD0000E0
:10A5A0001FB518236A460849137102AA02F05CF825
:10A5B00003000220012B04D101A805F00FFAFFF7D8
:10A5C0006DFB05B000BDC046955B01081FB51923A2
:10A5D0006A4601A8137105F067F9FFF75FFB041ED7
:10A5E00002D10298FFF7B4FB200004B010BD0000B8
:10A5F0001FB519236A460849137102AA02F034F8FC
:10A6000003000220012B04D101A805F0E7F9FFF7B0
:10A6100045FB05B000BDC046955B0108002330B581
:10A6200085B001AC2000237005F03EF9FFF736FB42
:10A63000051E06D121790448413106F06FF9002842
:10A64000F8D1280005B030BDD45901081FB500234A
:10A65000022401AA13700378413BA3420CD81000D6
:10A66000137105F0BBF9FFF719FB041E04D1044870
:10A6700006F054F90028FAD1200004B010BDC046FD
:10A68000B259010810B500F077FF002010BD7FB56A
:10A69000012601AD28002E7005F006F9041E05D133
:10A6A0002879FFF749FB200004B070BD3400FAE7B9
:10A6B000F7B50400F5F7A2FE2149050001AA200024
:10A6C00001F0D2FF2300012805D01E4806F026F92C
:10A6D0000220FEBD01331A78110030390929F9D959
:10A6E0003A2AF2D16E460027013C6419E41AE4B21A
:10A6F000B7705D1C012C12D92B78300033706B7849
:10A7000011497370114B1A68D21901F0ADFF01287D
:10A71000DED1023C3F18E4B20235402FEAD1002CD2
:10A72000D6D10A4C019B2771637101F091F80100A9
:10A73000200000F087FF431E9841C0B2C9E7C04621
:10A74000D9590108DD590108695901086C00002038
:10A7500037B50400F5F752FE1849050001AA20009C
:10A7600001F082FF2100012805D0154806F0D6F837
:10A7700002203EBD01310B781A00303A092AF9D97E
:10A780003A2BF2D1013C6419641A251CE4B2402C26
:10A7900000D940250B4CEAB20131206806F069F877
:10A7A000019B2571637101F053F80100200000F056
:10A7B00049FF431E9841C0B2DBE7C046D9590108A2
:10A7C000DD5901086C00002070B50E4B0E48197859
:10A7D00006F0A4F80028F8D104000C4D2B68A34221
:10A7E00006D80B4806F09AF80028FAD1286070BD08
:10A7F000084B0948195D06F091F80028F8D101349A
:10A80000EBE7C04698090020505801089C09002039
:10A8100067650108A00900205458010810B50C4BC9
:10A820000C48197806F07AF80028F8D10A4C236809
:10A83000834206D009490A4806F070F80028F9D189
:10A840002060084806F06AF80028FAD110BDC0461A
:10A8500098090020505801089C090020A0090020F8
:10A86000025A01086765010837B56B4600249D1D33
:10A870002A0009492C8001F0F7FE012801D00220AE
:10A880003EBD2B88002B03D0044A20001380F7E73D
:10A89000034806F043F8F2E7955B010864000020E6
:10A8A000055A010810B5034B1888FFF745FA002038
:10A8B00010BDC0466400002037B56B460024DD1D86
:10A8C0002A0009492C7001F0CFFE012801D0022096
:10A8D0003EBD2B78052B03D8044A20001370F7E700
:10A8E000034806F01BF8F2E7585A010861060020F9
:10A8F000255A010810B5034B1878FFF71DFA002000
:10A9000010BDC0466106002010B5044806F006F8E8
:10A91000041EFAD100F00AFE200010BD4A5A0108B8
:10A92000F0B50E250D240F2687B002ABE418F618FB
:10A93000ED182B0022001B490096070001F094FE41
:10A94000032821D022003800174901F08DFE01288C
:10A9500003D00224200007B0F0BD07232B70002392
:10A960003370247833782343DBB2012BF1D80F4BBB
:10A970000F4F0393002C0BD1200000F063FF2B78C6
:10A980003B70039B1C70E5E72B78072BE9D9E0E7C8
:10A99000012000F057FF2B78039A3B703378002496
:10A9A0001370D7E7525A0108585A01085A06002076
:10A9B0005906002010B500F04BFF054B054A010079
:10A9C0001B781278044805F0A9FF0028F3D110BDC8
:10A9D0005A060020590600205B5A010810B500F005
:10A9E00061FF013843425841FFF7A6F9002010BD2E
:10A9F00010B500F033FFFFF7ABF9002010BD10B524
:10AA000000F03EFFFFF798F9002010BDF0B50126D9
:10AA100087B003AD28002E7004F046FF01902B791B
:10AA20000400002B03D0244B1B68334240D1234841
:10AA300005F074FF0028FAD1214805F06FFF061ECB
:10AA4000FAD1204805F09EFE1F4B1800009305F038
:10AA500099FE1E4805F096FE1D4805F093FE1D4820
:10AA600005F090FE1C4F380005F08CFE00F0BEFC97
:10AA7000FA204000FEF7B4FB019BB3421AD12B79B8
:10AA8000B3420AD0154805F049FF0028FAD1380032
:10AA900005F00CFE200007B0F0BD114B1B78002B19
:10AAA000F8D10E4805F03AFF0028FAD10098EFE7F8
:10AAB0000524EFE73400EDE7800E0020665A010818
:10AAC000676501086C0E0020340E0020C80D0020C0
:10AAD000200E00200C0E002040060020A55A010880
:10AAE000AE0C002013B50B4901AA01F0BDFD0128F1
:10AAF00001D0022016BD019B074A084C934205D89D
:10AB0000074805F00BFF074B2360F2E700202360A6
:10AB1000F0E7C046955B01086F1700006800002051
:10AB2000B95A01087017000010B5034B1868FFF7F9
:10AB30000FF9002010BDC0466800002013B56B4619
:10AB4000DC1D2200064901F08FFD0223012804D1FB
:10AB50000020205600F088FE0023180016BDC046D5
:10AB60008659010810B500F085FEFFF7E5F80020D2
:10AB700010BD000007B50A4901AA01F075FD0128C2
:10AB800001D002200EBD074B0198C218064B9A4215
:10AB900001D90028F5D100F0C3FC0020F2E7C0463F
:10ABA000955B0108FF1E0AFAFDE8A43510B500F018
:10ABB000B1FCFFF7CDF8002010BD000010B5034B2D
:10ABC0001878FFF7B9F8002010BDC046E50A00204C
:10ABD00007B5084901AA01F047FD012801D002206C
:10ABE0000EBD019BFF2BFAD8034A1070034A0020C8
:10ABF0001370F5E7585A0108E40A0020E50A00201E
:10AC000010B5034B1878FFF797F8002010BDC04629
:10AC1000E30A002007B5084901AA01F025FD012833
:10AC200001D002200EBD019BFF2BFAD8034A107001
:10AC3000034A00201370F5E7585A0108E20A002081
:10AC4000E30A002013B56B46DC1D2200064901F023
:10AC50000BFD012801D0022016BD23788342FAD8CB
:10AC6000024A00201370F7E7585A0108B40C00207C
:10AC700010B5044B0448197805F050FE0028F8D1AF
:10AC800010BDC046B40C00201855010813B56B4622
:10AC9000DC1D22000B4901F0E7FC012801D0022055
:10ACA00016BD2378032B05D0074805F037FE002892
:10ACB000FAD1F4E7054A1370054805F02FFE002885
:10ACC000FAD1EDE7585A0108DC5A0108B50C00200A
:10ACD000045B010810B5034B1878FFF72DF800202E
:10ACE00010BDC046B50C002013B56B46DC1D22001C
:10ACF000094901F0B9FC012801D0022016BD2378D2
:10AD0000032B03D8054A00201370F7E7044805F029
:10AD100005FE0028FAD1F0E7585A0108B30C0020CC
:10AD20002A5B010810B5034B1878FFF705F80020DF
:10AD300010BDC046B30C002013B56B46DC1D2200CD
:10AD40000A4901F091FC012801D0022016BD2078AB
:10AD5000032805D8064B1870F7F7AEF80020F5E782
:10AD6000044805F0DBFD0028FAD1EEE7585A010847
:10AD7000B20C0020485B010810B5034B1878FEF7B1
:10AD8000DBFF002010BDC046B20C002013B56B469F
:10AD9000DC1D22000A4901F067FC012801D00220D5
:10ADA00016BD2078032805D8064B1870F7F74CF825
:10ADB0000020F5E7044805F0B1FD0028FAD1EEE7E0
:10ADC000585A0108B10C0020665B010810B5034B0E
:10ADD0001878FEF7B1FF002010BDC046B10C00206E
:10ADE000F7B56B469E1D5C1D23003200124901F031
:10ADF0003BFC022801D00220FEBD2478092CFAD8A1
:10AE0000308808F02DFF060020000F0007F05CFBE3
:10AE100008F06EFF0022094B07F05EFE02000B00F7
:10AE20003000390007F08CFB08F0A4FF044D2860C7
:10AE3000F7F77AFF0020DFE7845B01080000244079
:10AE40001800002010B5064B186808F051FF0200EA
:10AE50000B00044805F062FD0028F4D110BDC04687
:10AE6000180000208A5B010813B56B469C1D220068
:10AE7000054901F0F9FB0223012803D1034B228885
:10AE80001A800023180016BD585A0108E00A002055
:10AE900010B5034B1888FEF74FFF002010BDC046C9
:10AEA000E00A002013B56B46DC1C220001AB0A4906
:10AEB00001F0DAFB0223984209D12378012B03D158
:10AEC000064B019A1A6001E0022B02D00023180001
:10AED00016BD034BF5E7C046925B010880060020D3
:10AEE0007C06002000B58FB00E4901AA01F0BCFB22
:10AEF0000100012802D002200FB000BD019B002BF1
:10AF000009D1094B05201B680B42F5D102A8FBF7BC
:10AF1000B3FF0020F0E7012BEDD1044A1370044A7F
:10AF20001370F6E7585A0108800E0020E60A002048
:10AF3000650600207FB50E240B26002303AD6C446C
:10AF40006E442B80238032002B001049009401F0C6
:10AF50008BFB032817D13378012B14D80C4A1370BC
:10AF60002A88002A0CD02388002B09D009490A809E
:10AF7000094A1380094805F0D1FC0028FAD103E002
:10AF8000074805F0CBFC022004B070BD995B0108B6
:10AF900060060020540600205E060020B259010819
:10AFA000A45B010810B5064B064A07491B881288A6
:10AFB0000978064805F0B2FC0028F4D110BDC0465F
:10AFC0005E06002054060020600600205B5A01083F
:10AFD00037B56B469D1DDC1D23002A00094901F091
:10AFE00043FB022801D002203EBD2A78531E0E2BBF
:10AFF000F9D82378012BF6D8034900200A70034AB8
:10B000001370F1E7555A0108570600205806002032
:10B0100010B5054B05481A78054B197805F07EFCEC
:10B020000028F6D110BDC046580600205E5A01081F
:10B030005706002013B56B46DC1D2200074901F0BE
:10B0400013FB012801D0022016BD23788342FAD8D1
:10B05000034A034013700020F6E7C046585A01081F
:10B06000B00C002010B5044B0448197805F056FCCC
:10B070000028F8D110BDC046B00C002018550108BA
:10B0800013B56B46DC1D2200074901F0EDFA0128DB
:10B0900001D0022016BD23788342FAD8034A034028
:10B0A00013700020F6E7C046585A0108AF0C002084
:10B0B00010B5044B0448197805F030FC0028F8D18D
:10B0C00010BDC046AF0C002018550108F0B58DB07A
:10B0D00006000025F5F792F901AFC4B2BD70012C4E
:10B0E0000CD8002C16D1022302A8437104AB0293A2
:10B0F0000D4B05711B681B6998470CE0337804AA57
:10B100003B7073783800094952197B7001F0ACFA32
:10B11000012803D0022420000DB0F0BD023C02360D
:10B120002D18E4B2DBE7C046700B00206959010816
:10B1300010B5002220210C48F9F742FFF7F72CFD4B
:10B14000F7F750FDF7F7E8FDFA204000FEF748F862
:10B15000F7F7E2FDF7F762FDF7F77EFD0122202108
:10B160000148F9F72DFF10BD0004005010B5FFF79E
:10B17000DFFF002010BD0000044A054B1268017873
:10B1800099540122034B1A707047C046EC0A002004
:10B19000F00A0020E80A002010B5031C092800D995
:10B1A0000923054ADBB29B009C58200005F0B6FB42
:10B1B0000028FAD110BDC0464877010810B50348F1
:10B1C000FEF76CFB0022024B1A7010BD79B100082B
:10B1D000E80A0020F7B5734B1E78012E0BD1002032
:10B1E000714A724918701368CC5CB44204D1106083
:10B1F0000830FFF7D1FFF7BD0D2C02D00A2C00D08C
:10B20000C8E0002BF7D00025CD540B781560412BFA
:10B2100002D14B78542B02D037003800E9E78F7801
:10B22000002FFAD03F2F11D1614805F077FB00289D
:10B23000FAD13B245F4D686905F070FB0028FAD114
:10B24000013C18358442F6D10027E6E75A4B594FA6
:10B2500001937B683C681A0021000198009308F074
:10B26000FBFE002800D08FE0009B019A00999A18FD
:10B27000019B5B5C3D2B17D03F2B0AD1273B6B43D7
:10B280004C4AD3185C69200005F048FB0028FAD12D
:10B29000DAE7002BC0D1100018336B434549CB18B7
:10B2A0001B6998470700B8E7182351786B43501C77
:10B2B0003F2906D19278002A03D13E4AD3189B68D1
:10B2C000EFE73C4AD318DB6898473C490500070084
:10B2D0002000F5F789F8002801D102261DE02000A2
:10B2E0003749F5F781F80028F7D020003549F5F700
:10B2F0007BF80028F1D020003349F5F775F80028D5
:10B30000EBD020003149F5F76FF80028E5D0200098
:10B310002F49F5F769F80028DFD020002D49F5F70F
:10B3200063F8002812D1002620002B49F5F75CF8BD
:10B33000002800D171E7002E00D16EE7002D00D06B
:10B340006BE7012E1DD100F0E5FB66E720002349E5
:10B35000F5F74AF80028E6D020002149F5F744F82F
:10B360000028E0D020001F49F5F73EF80028DAD089
:10B3700020001D49F5F738F8431E98414042064029
:10B38000D2E700F03DFB48E7013518373B2D00D0F0
:10B390005FE741E77F2B02D11060062029E70133E8
:10B3A000136028E7E80A0020EC0A0020F00A0020D9
:10B3B000C65B0108C0710108F20A00204B5C01085D
:10B3C000515C0108595C0108615C0108685C010876
:10B3D000715C01087A5C0108A95C0108815C0108C4
:10B3E000875C0108915C0108995C010870B5002533
:10B3F0000A4CA6680A4B9E4209D00A48216805F00B
:10B400008DFA0028F9D1B0473220FDF7E9FE013569
:10B4100018343B2DEDD1012070BDC046C07101082C
:10B42000B19E0008AE5C010870470000037810B5BB
:10B430000400002B02D0012B0CD010BD4378002B50
:10B4400004D10A4B1B685B699847F6E70122084B59
:10B450001A70F2E74378002BEFD104F08DFF00283B
:10B46000EBD0200004F096FFE7E7C046700B002009
:10B470006B060020002373B51E4A1F4E1F4D13702C
:10B4800033702B7043780400002B0FD104F074FF4D
:10B49000002801D004F076FF637B002B06D0E17812
:10B4A000E02904D12000164904F084FF73BD2378FD
:10B4B000002B15D1134B1B78012B00D1337068463C
:10B4C0004171237B0371A3680093E2890E4B1A80BC
:10B4D000227C0E4B1A700E4B1B681B699847E5E7E0
:10B4E000012BECD1FD20074A1278023A0242E6D144
:10B4F0002B70E4E7680600206A0600206906002039
:10B50000940B002061060020BC000020BE0000203B
:10B51000700B0020014B18687047C046A40B002038
:10B52000014B18607047C046A40B002010B50348BB
:10B5300005F0F4F90028FAD110BDC0467A6C010874
:10B5400030B587B00A4C0B48657A2379E278A17848
:10B550000495257A0395E5790295A5790195647995
:10B56000009405F0DBF90028ECD107B030BDC046EF
:10B5700074000020826C0108002370B5214A224D1E
:10B5800086B013702A78012A15D101A803701F4BC9
:10B590001F4A43601F4B83601F4BC3601F4B1B68D8
:10B5A000DB78037402AB70CB70C21B68136004F0CD
:10B5B00095FB06B070BD0322194C20002270636019
:10B5C00004F00CFA04232370EB682000636004F09D
:10B5D00005FA05232370134B2000636004F0FEF985
:10B5E00006232370104B2000636004F0F7F9012359
:10B5F00020002370237104F0F1F90C4B1B685B6988
:10B600009847D6E7700600207400002076000020DE
:10B61000940B0020840000208C000020900B002060
:10B62000740B00209C000020AC000020700B002058
:10B630001FB5012301AC2000237004F035F92079F7
:10B6400004B010BD0022F0B51D4B87B004000E0001
:10B650001A7004F091FE05000120002D13D101A9FC
:10B66000207904F0A7F80021164B174F595602AB6A
:10B67000A8420BD01D709D609D811800997304F045
:10B6800001FC431E9841404207B0F0BD6279257924
:10B690002068002E04D11E701A719D819860ECE71D
:10B6A000140001221C711A709D8198604C37387803
:10B6B000002802D0054A12780132DA73DDE7C0466D
:10B6C0005B060020C80000207400002059060020FE
:10B6D0007FB5002301AD060028002B7004F0E4F8CC
:10B6E0002C79B44203D0002E05D0022E12D00024B3
:10B6F000200004B070BDB442F9D1280004F06EF906
:10B70000002802D001246442F2E70A4B1B689B69BF
:10B710009847ECE728002E7104F060F90028F1D179
:10B72000631E9C41034B30001B6864429B69984731
:10B73000DEE7C046700B0020014B18707047C04612
:10B7400074000020014B18787047C0467400002038
:10B75000044B10B55870013843425841C0B204F050
:10B760003DFC10BD74000020014B58787047C04666
:10B7700074000020004870477600002010B50100DA
:10B780000822024805F075F810BDC046760000207A
:10B79000014BD8607047C0467400002013B50024E8
:10B7A000094BDB681BBA019301ABE15C074805F06C
:10B7B000B5F80028F8D10134042CF5D1044805F07F
:10B7C000ADF80028FAD113BD7400002054580108C8
:10B7D0006765010810B501001022024805F049F81C
:10B7E00010BDC0469C000020004870479C0000200F
:10B7F00010B501001022024805F03BF810BDC0460C
:10B80000AC00002000487047AC00002000487047A2
:10B810008400002010B501000822024805F029F834
:10B8200010BDC04684000020004870478C000020F6
:10B8300010B501001022024805F01BF810BDC046EB
:10B840008C000020014B18707047C046C0000020DB
:10B85000014B18787047C046C00000200020014B03
:10B8600018567047BE000020014B18707047C04644
:10B87000BF0000200020014B18567047BF00002079
:10B88000014B0020185E7047BC000020014B18706F
:10B890007047C046C80000200020014B1856704772
:10B8A000C8000020024B1B6D181E00D0187970478D
:10B8B0007400002030B508280BD010282BD00128A8
:10B8C00006D133490B781818087032499B005A503A
:10B8D00030BD4A780B7882401A438B782C4C1B047D
:10B8E0001343CA782B4812061A43237812BA9D00D4
:10B8F0002A504A790D7912022A438D792D04154375
:10B90000CA79991C12062A4312BA21700133DBB29C
:10B910009B001A50DCE74A780B7812021A438B78A6
:10B920001B4C83401343CA781A4812061A432378E3
:10B9300012BA9D002A504A790D7912022A438D7954
:10B940002D041543CA7912062A435D1CEDB212BAC2
:10B95000AD002A504A7A0D7A12022A438D7A2D04BC
:10B960001543CA7A12062A439D1CEDB212BAAD00E5
:10B970002A504A7B0D7B12022A438D7B2D041543EE
:10B98000CA7B191D12062A4312BA21700333BEE77F
:10B99000AC0C0020AC0B002030B5039D049C0828A3
:10B9A00002D010280FD030BD100E0870100C487057
:10B9B000CA70100A1A0E0A711A0C4A711A0A887093
:10B9C0008A71CB71EFE7100E0870100C4870CA70C6
:10B9D000100A1A0E0A711A0C4A71CB711A0A2B0E30
:10B9E0000B722B0C4B722B0A8B72230E0B73230CD6
:10B9F0004B73230A88708A71CD728B73CC73D2E734
:10BA000010B5002208201349FFF754FF124B002104
:10BA1000DA680120FFF74EFF002210200F49FFF7E0
:10BA200049FF002210200E49FFF744FF002210209A
:10BA30000C49FFF73FFF002208200B49FFF73AFFB0
:10BA40000A4C0B4922780B48F4F72EFD0023237093
:10BA500010BDC04676000020740000208C0000203D
:10BA60009C000020AC00002084000020AC0C0020D2
:10BA7000AC0B00200400080830B5002595B01E4B23
:10BA800003ACE818F4F734FD60510435442DF6D1C9
:10BA90000025019500956368039A08201749FFF770
:10BAA0007BFFA268164B1020DA60A3691549019349
:10BAB000636900932369E268FFF76EFFA36A1020B1
:10BAC0000193636A10490093236AE269FFF764FFF8
:10BAD000A36B10200193636B0C490093236BE26A04
:10BAE000FFF75AFF0195009508200949236CE26B86
:10BAF000FFF752FF15B030BD00910108760000201D
:10BB0000740000208C0000209C000020AC0000206D
:10BB1000840000200223F0B587B003AC200023701E
:10BB200003F0C2FE002802D0AE4804F0F7FE162350
:10BB3000257920002D06237003F0B6FE002802D0E0
:10BB4000A84804F0EBFE0423A74AE356009252787B
:10BB50001B042B431343009AA44E54321278A44D75
:10BB600052B21202134332782000511C92005351FA
:10BB700007233170237003F097FE002802D0994804
:10BB800004F0CCFE009B27791B7820001B04019356
:10BB900000233F06237003F087FE002802D091485F
:10BBA00004F0BCFE009B019A4C331B7817431F43E3
:10BBB000237920001B021F4333785A1C9B00EF504F
:10BBC0000A233270237003F06FFE002802D08548EC
:10BBD00004F0A4FE33785A1C327062689B00EA506D
:10BBE000844B1A78012A00D0F5E000221A700A234B
:10BBF0002000237003F058FE002802D0794804F09A
:10BC00008DFE3378227A591C9B003170EA50102344
:10BC10002000237003F048FE002802D0714804F091
:10BC20007DFE337820005A1C327062689B00EA5017
:10BC30001123237003F038FE002802D0694804F075
:10BC40006DFE337820005A1C327062689B00EA5007
:10BC50001223237003F028FE002802D0614804F06C
:10BC60005DFE337820005A1C327062689B00EA50F7
:10BC70001323237003F018FE002802D0594804F063
:10BC80004DFE337820005A1C327062689B00EA50E7
:10BC90000323237003F008FE002802D0514804F06B
:10BCA0003DFE37786268BB00EA50534A7B1C12683D
:10BCB000DBB29B00EA505149514B09781B780904CB
:10BCC0001B060B430099BA1C4B310978D2B20B43C7
:10BCD0004C49920009784C4809020B434B49AB5040
:10BCE000FB1C0A68DBB29B00EA50494B00781B88BA
:10BCF00009793A1D00021B040343D2B20B439200A0
:10BD0000AB504449444B09781B7809041B060B438C
:10BD100042497A1D0978D2B20B4341499200097811
:10BD2000FC1D09020B43AB503E4B3F491B78097881
:10BD30001B0609040B433D49BA1D0988D2B2920083
:10BD40000B43AB503A4B3B49186806F0E3F805F05B
:10BD5000B0FE3A00384B39491B7809781B040902B8
:10BD60000B43374908320978E4B2D2B20B43A4003E
:10BD700092002851AB503B00324A3349127809886F
:10BD80000933DBB212040A439B00EA503A002F4BFE
:10BD90002F491B7809781B0609040B432D490A32E9
:10BDA0000978D2B20B432C49920009782B4809023A
:10BDB0000B43AB503A002A4B0B371B880C32FFB2B7
:10BDC000D2B22900BF00EB513270F4F76DFB0023B3
:10BDD000337007B0F0BD0B232000237003F064FD27
:10BDE0000FE7C046B46C010874000020AD0C0020C1
:10BDF0002C0C0020BA0C002068000020B40C00209D
:10BE0000B00C0020DF0A002061060020A40B0020F7
:10BE100064000020E40A0020E50A0020E20A002075
:10BE2000E30A0020B50C0020B30C0020E00A00203B
:10BE30001800002000002041AF0C0020B10C0020B1
:10BE4000B20C0020600600205E060020590600208B
:10BE50005A060020580600205706002060000808F7
:10BE600054060020F0B50025ABB0894B05ACE818AE
:10BE7000F4F73EFB60510435442DF6D100250195C1
:10BE80000095636808208349059AFFF785FDA3683C
:10BE9000814F1020FB60A36980490193636900937F
:10BEA0002369E268FFF778FDA36A10200193636AB3
:10BEB0007B490093236AE269FFF76EFDA36B1020B4
:10BEC0000193636B77490093236BE26AFFF764FD8C
:10BED00001950095236CE26B08207349FFF75CFD28
:10BEE0002C00724B16ADE018F4F702FB2851043415
:10BEF000502CF6D10223169E02AC2370330E5A1E2C
:10BF000093412000237103F069FD16232000237064
:10BF1000330C237103F062FDFF203B003040320AF6
:10BF2000543301381A7043425841C0B2787004F05B
:10BF300055F807236E682370330E5A1E9341200074
:10BF4000237103F04BFDFF23594A1B0433409B1818
:10BF50005A4253413B70002320002370330A23715F
:10BF600003F03CFDFF231E40013E73425E413B0057
:10BF70004C331E700A26AB6820002670636003F005
:10BF80002DFDEB6820002670237203F027FD10239F
:10BF900023702B692000636003F020FD11232370C0
:10BFA0006B692000636003F019FD12232370AB69F5
:10BFB0002000636003F012FD13232370EB6920005F
:10BFC000636003F00BFD03222B6A20002270636084
:10BFD00003F004FD6A6A374B4B371A60AB6A364A86
:10BFE000190E481E81411170344A190C1170344ADF
:10BFF000190A11703B70EA6A324B33491A602A6B96
:10C00000100C08801A7131496B6B100A304A0870A5
:10C01000190E11702F4A190C11702F4A190A11703C
:10C0200003212E4A13702E4BAA6B19702D4B110C45
:10C0300019702D4B31001A80E86BF4F75FF806F0A9
:10C0400043FAFF232A6C294C1B0413402060581E1E
:10C05000834127490B70274B110A1970264B1A7020
:10C060006A6C264B110C1970254B1A80AB6C254A53
:10C07000190E1170244A190C1170244A190A1170F2
:10C08000234A1370234BEA6C1A802BB0F0BDC046D4
:10C090000400080876000020740000208C000020B6
:10C0A0009C000020AC0000208400002060000808F4
:10C0B0000000FFFF68000020B00C0020B40C00203E
:10C0C000DF0A0020A40B002064000020610600208D
:10C0D000E50A0020E40A0020E30A0020E20A00202A
:10C0E000B50C0020B30C0020E00A0020180000204E
:10C0F000AF0C0020B10C0020B20C00206006002024
:10C100005E060020590600205A060020570600202F
:10C110005806002054060020F8B500260225234BBF
:10C12000234C5E704B331D700B23224F2370200075
:10C13000083B6760A36003F051FC0A2320002370D2
:10C14000073B6760A36003F049FC01231A4A1B49BF
:10C1500013701B4A15701B4A15701B4A15701B4A39
:10C16000116014211A4A11801A4A1B491160FA21E0
:10C170001A4A49001180B421194AC9001370194A9A
:10C180001180B421184A090111800721174A117042
:10C19000174A1670174A1670174A1370174A137009
:10C1A000FFF7B8FCFFF75EFEF8BDC0467400002044
:10C1B000740B002008E6D333B50C0020E093040094
:10C1C000B30C0020B20C0020B10C0020680000204D
:10C1D00064000020180000200000C843E00A00208E
:10C1E00060060020540600205E060020590600204C
:10C1F0005A0600205806002057060020AE0C0020EA
:10C20000F8B50127334E344C31602060FFF72AFE29
:10C21000324804F083FB324804F080FB314804F0DC
:10C220007DFB314804F07AFBFFF780F9FFF788F9CE
:10C230002E482F4B2F4D03602F4B2F7043602F4BF9
:10C240002F498360236805221B6854350B6003F077
:10C2500069F902232B4C2370336820001B7823716B
:10C2600003F0BCFB07232370336820009B78237105
:10C2700003F0B4FB002320002370237103F0AEFB16
:10C280003368214C5B782B702368002B0AD1FFF7B1
:10C2900043FF20003A001D49F4F706F91C4804F05A
:10C2A0003DFBF8BD2368122B0FD1FFF735FF3A0095
:10C2B00020001649F4F7F8F8BFF34F8F154B164AD4
:10C2C000DA60BFF34F8FC046FDE7FFF7CBFDFFF706
:10C2D00053F9E6E7900B0020700B0020CB6C0108AF
:10C2E000DC6C0108F46C0108106D0108840B00205F
:10C2F00029B400087400002075B400082DB40008AB
:10C30000800B0020740B002000000808CC000020E7
:10C31000216D010800ED00E00400FA0537B50822A0
:10C320000021684607F090FE6C4607230022094969
:10C33000013B002B04D1200007F08AFD80B23EBDF6
:10C34000487801310500303D092DF1D8551CA05425
:10C35000EAB2EDE75D6D0108122337B51848009386
:10C36000F4F7C6F80623174D04002B80FFF7D6FF1D
:10C37000154B220C18802B88934202D1A4B2A04204
:10C380001DD01B04034301A901220D480193F4F7BA
:10C390008BF80E48F4F7B4F8F4F7CAF801226946AE
:10C3A0000A48F4F781F83220FCF71AFFBFF34F8FE9
:10C3B000074B084ADA60BFF34F8FC046FDE737BD31
:10C3C00058000808B60C0020B80C0020000008082F
:10C3D00000ED00E00400FA05F0B59F4C1700A544FD
:10C3E00002900491F4F70AF80023060003930593E2
:10C3F000049B1C78002C00D17EE0581C252C00D01A
:10C400007FE000252900431C04930378642B00D1AE
:10C410008EE053D8392B4AD82F2B00D981E0002B3E
:10C4200000D115E10498252B00D16AE0002E5ED0E2
:10C43000032BDDD1894B0139994200D91900A02382
:10C44000DB011D4315AB0A93029B01315B1813936B
:10C45000002300240B930023009301940A9B129362
:10C46000029B1C78392C68D82F2C00D9A5E02B2CE6
:10C4700000D1D1E02D2C00D1C7E080212800C901D6
:10C4800008400D4238D10A9B18700B9B002B06D038
:10C49000009A019B002150429941009001913B6814
:10C4A000391DE80700D4C2E0009A1A60C4E0442BAA
:10C4B0003CD0582B14D0002E9AD118E06C2B2ED0E3
:10C4C0000AD8682BF7D14378682B26D1831C0493B4
:10C4D00008231D43049896E7752B2BD0782BEAD1BF
:10C4E00080231B011D4310230393002EA2D1059B23
:10C4F000002B01D1013B0593059897239B009D4498
:10C50000F0BD002EF3D0029B1B78A342F4D1029B16
:10C51000013E0133029304906AE70423D9E7012323
:10C52000D7E70A20414330395918D3E701231D4387
:10C530000A23D9E780231B01F9E7462C1CD8402C9D
:10C540009BD9039B0A2B98DD4549009B0D40190F91
:10C55000019B0E941B01CB180793009B1B010693B4
:10C5600037225242D3170698079912184B410021DF
:10C570000F910E980F9933E021006139052900D9F8
:10C580007BE7039B0A2B00DC77E73549009B0D40D6
:10C59000190F019B10941B01CB180993009B1B01E1
:10C5A000089357225242D3170898099912184B4101
:10C5B000002111911098119912E02949039B0398C9
:10C5C0000D40D917009A019B05F054FA30225242CF
:10C5D000D31712184B4100210C940D910C980D9912
:10C5E00012184B41009201930A9B013E01330A93BA
:10C5F000129B1C70002E00D13FE7029B139A01335F
:10C600000293934200D029E737E70121A8040B9B4E
:10C61000C00F41400B430B9380235B011D4200D1AF
:10C620002BE7104B1D4080239B011D43DCE768076F
:10C6300007D56A4612881A80059B0F0001330593BF
:10C64000D6E62D0700D42FE76A4612781A70F3E772
:10C6500001235B424FE7C046A4FDFFFFFF0100003E
:10C66000FFAFFFFFFFEFFFFF0EB403B503AA02CA3F
:10C670000192FFF7B1FE02B008BC03B018470538BD
:10C6800043425841C0B27047002310B5052803D17A
:10C69000080000F01BFB0300180010BD10B50528B2
:10C6A00002D1080000F078FB10BD10B5052802D1BA
:10C6B000080000F085FB10BD10B500230400080041
:10C6C000052C03D1110000F0C3FB0300180010BDBE
:10C6D00010B5052802D1080000F0F0FF10BD0023BE
:10C6E00010B5052803D1080000F0DEFB0300180098
:10C6F00010BD10B50400080011001A000023052C1D
:10C7000003D1029B00F0E6FB0300180010BD10B53A
:10C710000400080011001A00052C02D1029B00F051
:10C720000FFC10BD10B5002304000800052C03D138
:10C73000110000F03DFC0300180010BD70B50500AD
:10C74000002408001100052D03D11A0000F0D8FCC8
:10C750000400200070BD13B50400080011001A0089
:10C760000023052C05D1059B0093049B00F08AFD56
:10C770000300180016BD002310B5052803D10800DA
:10C7800000F01AFE0300180010BD002310B50528A4
:10C7900003D1080000F0C7FF0300180010BD0023FC
:10C7A00010B5052803D1080000F026FE030018008C
:10C7B00010BD002310B5052803D1080000F020FEAD
:10C7C0000300180010BD002310B5052803D1080090
:10C7D00000F034FE0300180010BD10B5052802D18A
:10C7E000080000F03DFE10BD10B504000800110067
:10C7F0001A000023052C03D1029B00F04BFE03001E
:10C80000180010BD10B5052802D1080000F0A8FFDF
:10C8100010BD70B50500D4B208001100052D03D17C
:10C820001A0000F0C3FF0400200070BDF7B508AC8B
:10C830002478019164B29A4201DA0020FEBDA2423E
:10C84000FBDC0F2300249C461FE0019965004D5B33
:10C85000002600950C256B43099DEF18009B0125D0
:10C8600033412B420BD061463B7A1D072D170D40FB
:10C87000AA4204DB5BB21B110B409A420ADD01366F
:10C880000C37102EEAD10134E4B22301DBB2984216
:10C89000DBD8D2E70120D1E7030010B5C00FD417D1
:10C8A0009A4260410200CC0FD8178B426041104081
:10C8B000C0B210BD10B50B0914099C4201D2002072
:10C8C00010BD9142FBD25B00C3180F220120114022
:10C8D00002008A4011001A888A431A80F0E7F7B5EF
:10C8E000031E009205D048001B180020009A9142B8
:10C8F00000D3FEBD002635001F880124B44022006D
:10C900003A40A21A5442544101362D19102EF4D146
:10C9100040190131C0B2C9B20233E7E710B50028AF
:10C9200005D0002903D000235200934200D110BD4E
:10C93000CC5AC4520233F8E78A60002800D070470E
:10C940004A60FCE7F7B501260F0014001B01D3185D
:10C95000019000937642009BA34201D13000FEBDBE
:10C96000019B002B1CD1606803F04FFF0500002FD6
:10C9700032D0A06803F049FF85420CD9606803F00B
:10C9800044FF0500E368AB4207D95B1B9E4200D918
:10C990001E001034DFE7A068F1E70023E360F8E74A
:10C9A000002F16D0A068E56803F02FFF854201D85C
:10C9B0000023E360E568002DEBD0A06803F025FFBD
:10C9C0002D1AB542E5D2A068E66803F01EFF361ABC
:10C9D000DFE73E00E760DCE7B842D3D0CEE710B532
:10C9E000027803000020032A13D15A780F30140074
:10C9F000120904408C704A709A788A80DC7824028C
:10CA000022438A801B795A06520F0340CA700B706A
:10CA10000A3810BDF0B5042787B00391049205933E
:10CA2000437804000578C757002B2AD00223032639
:10CA3000C3560293A657002D19D010236269E356FE
:10CA4000207A01921122A2560092E168029AFFF721
:10CA5000EDFE002801D102239D431923E356B34282
:10CA60001CDC1823E356B34219DA04239D43280043
:10CA7000039B029A1A70049B1E70059B1F7007B0DF
:10CA8000F0BD0A4A0220215E914202D007271D0014
:10CA9000E7570523E35606260293CBE71E00072D32
:10CAA000E5D1002FE3D10727E757E0E70F0F00009C
:10CAB00001238340D0B518000C0007F0D1F8060020
:10CAC00020000F0007F0F4F802000B0030003900DE
:10CAD00006F002F80022024B06F09AFBD0BDC046D9
:10CAE00000408F4010B507F0E3F802000B00002073
:10CAF000014905F0F1FF10BD00002040F7B504002A
:10CB00000D00101F40001F00160007F0A9F82200BA
:10CB10002B0006F07DFB00900191780007F0C8F82B
:10CB200002000B000098019905F00AFD22002B007D
:10CB300005F0D2FF08F028FB04F0D2FF0700B04256
:10CB400000D23700099B00221F602000144B2900EF
:10CB500006F05EFB00900191380007F0A9F8220072
:10CB60002B0006F055FB00220E4B06F051FB020095
:10CB70000B000098019906F06DFD040008980D0067
:10CB800007F096F802000B002000290006F062FD75
:10CB900008F0FAFA07F030F80A9B1860F7BDC046B3
:10CBA000000010400000E03F0300283BDBB270B5FE
:10CBB0000D1C141C0A2B02D81E3840B270BD400058
:10CBC00005F082FC011C281C05F0A0FA211C05F0D0
:10CBD0009DFA07F08DF808F063FB07F00DF8ECE71D
:10CBE0000C22C17A10B54A4303689B185B7A4268ED
:10CBF0001B01D118D25A0023CB60447A837A002CCF
:10CC00000ED1A34202D1037AA34208D0131C642A96
:10CC100000D264239BB20269013B5343CB6010BD39
:10CC2000002BFCD00369013AF7E700001A4B70B5FE
:10CC30009B6A04000D009847002806D0174B184A3D
:10CC4000E318934202D802232B7070BD154B164A8D
:10CC5000E318934201D80023F6E7144B144AE31873
:10CC6000934201D80123EFE7124B134AE318934292
:10CC700001D80523E8E7114B114AE318934201D884
:10CC80000323E1E70F4BE4180F4B9C4201D8042328
:10CC9000DAE70020D9E7C0461071010840AA8FCC1E
:10CCA0007F841E00C02571CCC0C62D00FF5E43CC22
:10CCB000BF270900A0B038CC20A1070040022ECC2D
:10CCC00090D00300606E29CCE0930400030000784C
:10CCD00010B50D3817280DD8F3F7F2F9161B461DBD
:10CCE0001F222527292C0C350C37393B3D0C0C3FD6
:10CCF0004244440E002010BD0120185603005A1E65
:10CD00009341C01A40B2F6E7184A5B785BB2D05C38
:10CD1000F1E7174AF9E71748EDE7FA208000EAE75C
:10CD2000FA20C000E7E71448E5E71448E3E780206D
:10CD3000C001E0E7FA211248890003F08FFDFA23D1
:10CD4000DB00C018D7E70F48D5E70F48D3E70F48F7
:10CD5000D1E71020CFE70E48CDE78320C005CAE712
:10CD60000C48C8E71220C6E70120C4E7787701081D
:10CD700070770108B80B00008813000070170000DE
:10CD800018FCFFFF08E6D333BE0C0020BC0C0020CB
:10CD9000C00C00209A9909400C2102000078064B33
:10CDA000414310B55B18597A044B09015078C918F2
:10CDB0005268FFF7C1FD10BDC00C0020D00000205C
:10CDC000F7B50400FEF7A6FB0200002C02D0012CF0
:10CDD00022D0F7BD1A481B4B1B490190A24212D129
:10CDE0001A001A481833E0C8E0C2944602006046B0
:10CDF000E0CAE0C070CA70C3072301220B8001980B
:10CE0000FFF78CFDE5E71A60A82252001A81503A1C
:10CE1000FF3A5C600A80F2E7094B0B491A880988DF
:10CE20000A431A80074B094A1800110070C970C0E4
:10CE3000E0C9E0C01833183213CA13C3C9E7C046AB
:10CE4000BE0C0020C00C0020BC0C00208C5401083B
:10CE5000030010B50F290ED804290ED9481F0A283F
:10CE60000BD8F3F72DF9160C160A16160A0A0A0A39
:10CE70000600012010BD22290FD00020FAE7002073
:10CE8000052218560021FFF707FD431E9841C0B246
:10CE9000F0E7002007221856F4E7037811209842A3
:10CEA00080414042E6E7000010B50279002A03D035
:10CEB000012A08D0002010BD012201680348FFF7B5
:10CEC0002DFD0120F7E701680148F8E7BE0C0020BE
:10CED000BC0C0020F0B585B00192092608220F0095
:10CEE000416882568657196044780500002C03D0AB
:10CEF000002A07D11A6000242000019B3A701E709E
:10CF000005B0F0BD3F29F6D900265F29F4D91F23CB
:10CF100019400129F0D103A8053342700370FFF7CF
:10CF2000D5FE42B2B242E7D12C789442E4D0072336
:10CF300002491400088803430B80DDE7BE0C002083
:10CF4000F0B587B01E0017000591031C072800DD0F
:10CF500007235AB27370124B9100C958114BCB186A
:10CF60005C426341B370062815DD3220FFF7BAFD3D
:10CF70000D4B04005B6E0D009847330008360C33F0
:10CF8000029300903B0020002900059A0196FFF7CC
:10CF9000B5FD07B0F0BD054B985CFFF789FDE7E7ED
:10CFA00080770108702FFCFF10710108A07701083D
:10CFB000F0B5012643688FB0454F0D9186570B930E
:10CFC000FB680500984704000020844250D1EB7CA8
:10CFD00083420AD10C2329783E4A4B43D118496831
:10CFE0000B91814201D19B580B933B4B0B989B5764
:10CFF0000C937B69984729893F6AAB7C89B2072EDD
:10D0000038D1FA22099301230C9892004243002060
:10D01000059304330193314B02910093030030498F
:10D0200008900790069004900390B8476B7C002B03
:10D0300033D02C4B995D264B0D31DB6D2000C9B2EE
:10D040009847294B1B78002B29D003F0D8FB04000C
:10D050002100264803F062FC0028F9D13200244860
:10D060000B9903F05BFC0028F8D101200D9B1E708A
:10D070000FB0F0BDA8780124082209930023029183
:10D080000793010006930593049303930192009381
:10D09000200023000C9A0894C7E7164BCAE71649EC
:10D0A0000B98F3F72BF8144904000B98F3F762F888
:10D0B0000800FA218900F3F721F8050033002A005F
:10D0C00021000E4803F02AFC0028F7D1CDE7C04626
:10D0D00010710108C00C0020A077010885450100EF
:10D0E00050C3000070770108E70A0020E76E0108CE
:10D0F000646D01087877010840420F00806D0108D7
:10D10000F0B591B00E9101210F92040041560578BF
:10D110000C2068434E4A4F4B121802205B56527A3D
:10D120000A934D4B12019B189B7820565DB2A27852
:10D13000854200DA131C5BB20B93484B8900CB5835
:10D14000474A61689B185A425A410B980C92A26850
:10D15000FFF72AFD0C212278424D51433C4B6A696E
:10D160000D90C858904701226F6A0025A2563E4B89
:10D170000795089306950595072A3CD1012304934A
:10D1800004330293FA230A9A9B0053432800009326
:10D19000364A0C9B0D9903950195B8472E00344BE8
:10D1A0001B78002B35D003F02AFB050029003148FD
:10D1B00003F0B4FB0028F9D10C2501222178244B7F
:10D1C0006943A2562C48C95803F0A8FB0028F4D1A3
:10D1D000244D217B3000EB6DC9B29847217BEB6A6F
:10D1E0003000C9B298470F9B0B9A186001200E9B24
:10D1F0001A7011B0F0BD0823012602930A9B2A0081
:10D20000009330000C9B0D99049603950196B84746
:10D21000C5E70C2221780E4B4A43D5581749280000
:10D22000F2F76CFF154907002800F2F7A3FF08008A
:10D23000FA218900F2F762FF050001232A00390074
:10D24000E3560F4803F06AFB0028F6D1C0E7C0465A
:10D25000C00C0020A0770108D000002080770108D2
:10D26000702FFCFF10710108B80B0000A8610000CE
:10D27000E70A0020E76E0108A06D010840420F0098
:10D28000BC6D0108F0B500240500072691B0059398
:10D2900006AB039104925C802B79A34241D809A884
:10D2A0000670AB7907AE4370737806AA8370B378C3
:10D2B00006A9C370337806320371EB7905314371E7
:10D2C0002B7A83716B7AC3711023037206AB9D1C9A
:10D2D000E023DB000382344BC560436107230383F3
:10D2E0003300FFF797FB072802D1304B2A881A80BA
:10D2F0000123F356DAB2022A07D82D4A1278322ACD
:10D3000003D901222B4B1A700323039A1370B378AD
:10D31000049A13703378059A1370169B1C7011B021
:10D32000F0BD286807AF39000019FFF758FB002847
:10D33000B5D0BB8806AA53802418F878E4B2002838
:10D340001FD1834220D0184A072601920022029260
:10D3500006281ED101990F68002F05D0012797409C
:10D3600001213B439BB20291019901320C310191A1
:10D37000102AEDD1029A002A00D18DE706AA538027
:10D380008AE7421E042A01D8062685E70628FBD133
:10D39000D9E71F00012117410F42E5D00199096823
:10D3A0000029E1D10626DFE7C00C0020BE0C0020DA
:10D3B000730600206D1200200E4B70B59B6A0500AD
:10D3C000406898470630C4B2002007220021285642
:10D3D000FFF762FA002801D102239C4301200522B5
:10D3E00000212856FFF758FA002801D104239C4356
:10D3F000200070BD107101080120404270470000FC
:10D4000013B56B460400D91D4068FFF70FFC0C22D2
:10D410002178094B4A43D1580230C0B2002902D1C9
:10D420000223984316BD032803D19B1862685A60F3
:10D43000F8E70220F6E7C046C00C0020038805206C
:10D44000032B0CD90138062B09D90138092B06D931
:10D4500001380C2B03D900200F229A42404170471B
:10D460007FB50A4A01AB0192094A416802924278AB
:10D4700004911A7202785A72826840880592588123
:10D480001800FFF7ADFB07B000BDC046C00C002080
:10D49000D0000020F0B58BB004910592002110223D
:10D4A000060006A81D0006F0CFFD3B4C012200211E
:10D4B0002000FFF714FA002803D107232288134322
:10D4C00023807068346803F0A0F984424ED80024A9
:10D4D0002C600623B17A707A304AFFF733FA737AF8
:10D4E000050002930823F35626002D4F0393019461
:10D4F000294B01221B88234113420FD101340C37E1
:10D50000102CF5D1002E3BD00020711E03F0A6F99F
:10D5100006AB1B5C049A002513702CE03B68002BC3
:10D52000ECD0029B002B1BD00822397ABA5609078F
:10D53000039812110917FFF7AFF90028DED07B7AA4
:10D54000164A1B019B18DB68002B04D1731C06AA2A
:10D550009455DEB2D2E7019B0133DBB20193CDE7F4
:10D560000723012223411342DED1C7E770683568E3
:10D5700003F04BF92D1A0120059B1D600BB0F0BD87
:10D58000019B0120B342F7D10723034A019D118873
:10D5900028000B431380EFE7BE0C0020D0000020D2
:10D5A000C00C0020F0B5002585B002ABDD71037919
:10D5B0000600009303200F2B46D833680722187A01
:10D5C000290000070017FFF767F9040008203368F7
:10D5D0002900185607220011FFF75EF961424C41FD
:10D5E00041424841376801213B7A20431A075BB228
:10D5F00012171B119A4200DC291C08430099C4B27F
:10D60000022914D8D51705211800AD1A0722FFF7F3
:10D6100043F90C22ED0F25434442444100993768F9
:10D620004A43184B3968D3582C43994226D102AB50
:10D630003868D91DFFF7FAFA01256840C0B2002CFE
:10D6400004D004000534E0B205B0F0BDA04201D022
:10D650000420F9E70C22009F0A4B5743FF183800BB
:10D66000316806F037FD009A02AB9540DB79200067
:10D670007B72054B1A8815431D80E5E7002CE1D12C
:10D68000E6E7C046C00C0020BE0C002010B50478B0
:10D690000021022C0CD90C22130063430548C0184A
:10D6A00006F0D2FC210010220348FFF703F9010025
:10D6B000080010BDC00C0020BE0C00205023F0B5A7
:10D6C00087B003AC237203790700102B29D1002601
:10D6D0000325072D16D83B68995D9B1921605A7860
:10D6E00012020A4322609B781B04134364225343B3
:10D6F000002223606260934209D168460570FFF7FB
:10D70000C5FF09E00023236023726360F5E701A8E9
:10D7100001940571FFF746FF0135EDB20336102D78
:10D72000D7D107B0F0BD13B5026803791468684615
:10D73000002C06D10370FFF7A9FFA0420ED00334DE
:10D740000CE000920371FFF72DFF0224042805D09E
:10D75000013C052802D00024A042F0D0200016BDD4
:10D760000C2102780E4B514370B5CD585B185B7A93
:10D770000C4A1B01D2180400837890780222A2562A
:10D7800041B2914200DA181CA268616840B2FFF70A
:10D790000BFA054B0100A28928005B6C984770BD0D
:10D7A000C00C0020D000002010710108891A081C4C
:10D7B000090600D50020C0B2704700000023214AAE
:10D7C00070B51370204A21491360214A1360214A21
:10D7D0001360214A137001220A7020490A702049FF
:10D7E0000B7020490B7020490A8020490B7020499A
:10D7F0000B7020490A702049204A08888C1C108030
:10D80000E47F901CC47710000C002430243460CCDA
:10D8100060C0888D9085086B496B10635163184A0E
:10D820001370184A1370184A1370184A1268002AA5
:10D8300004D1174B1A70174B1A7070BD5362926A5D
:10D84000F5E7C046151000201C1000203101002013
:10D850001810002010100020970E0020300100202A
:10D86000C40D0020960E0020940E00200910002008
:10D870000810002032010020980E0020D00E002059
:10D880000C1000200B1000200A1000202412002091
:10D890008A0E0020890E002037B584180B4A01AB90
:10D8A000127859709A700A4A190012780D321A705B
:10D8B000084A1078FEF7E8FE031C80B2FF2800D962
:10D8C000FF2300209BB2A34240413EBDFC0E00203E
:10D8D000211200206012002010B50C4802F052FF07
:10D8E0000B4B1B78002B07D001220421094B1A7027
:10D8F000094A13688B431360084B1B78022B04D131
:10D90000074A0E3311780B43137010BDC80D002069
:10D910000C100020C40D0020800E002023120020D7
:10D92000800D002040230D4A10B511680B43136091
:10D9300000220B4B1A700B4B1B78934201D0FFF760
:10D94000CBFF1223084A094811780B4301211370B9
:10D9500002F044FF054802F0A9FE10BD800E002031
:10D96000091000200C100020800D00206C0E0020FB
:10D97000044B10B5DB6B002802D10800984710BD9E
:10D980000020FBE71071010870B5194802F0FAFE9B
:10D99000184B194C1B78194D23706B6A63602B0070
:10D9A0002D331B782374164B1B7863740123E374A7
:10D9B000144B1A78144B002A17D1A2681A70134B13
:10D9C00021001B78023B5A425341A374104B114A69
:10D9D0001878FEF7A7FE002806D0A07CE968FFF7BC
:10D9E000C7FF0D4BE27C1A7070BD1B78A360E6E7A1
:10D9F0000C0E00208A0E0020DC0D0020D00E00202E
:10DA000021120020E20A0020E30A00202312002055
:10DA100060120020A80D0020810D002010B50A4BD7
:10DA20001B78022B0DD0094B5B6B98470222084BE9
:10DA30005A70084B5A701023074A11780B43137021
:10DA400010BDFFF7A1FFF1E72312002010710108BC
:10DA5000900D0020840D0020800D0020F0B589B0CD
:10DA600002F0CDFE3A4E03903378022B4DD0394B65
:10DA70005B6B9847384B394A1B78394F394C0292C7
:10DA8000002B55D0384B3948196802F0A7FE3748AB
:10DA900002F00CFE3378364D022B39D1162304AA3E
:10DAA0001371029B05A91878FEF7EEFD296841184D
:10DAB000304802F093FE2F4802F0F8FD2278002350
:10DAC000120703D52C4B1B785A4253412B4A06A907
:10DAD00013702B4B2B4A1B7813700B702A4B1B783F
:10DAE0004B70039B4B60029B1878FEF7D7FD274BCA
:10DAF000039A1A603B78002B05D1254A5370254ABA
:10DB000013780133137009B0F0BDFFF73DFFB1E7A3
:10DB1000214B29681800019302F060FE019802F081
:10DB2000C5FD3378022BB9D03B78002BB6D1C5E7C1
:10DB3000174A53700422104B5A702378002B01D1DE
:10DB4000013323701023227813432370B6E7C046B5
:10DB50002312002010710108320100206012002001
:10DB60000C100020800D0020080E0020200E002048
:10DB7000040E0020C80D0020840D0020880E002017
:10DB80008A0E0020890E002015100020900E002023
:10DB9000900D0020970E00200C0E002070B5194843
:10DBA00002F0F0FD0022184B184C1A70184B194D5A
:10DBB0001B782370184BDB7FE3702B002D331B7811
:10DBC00062822374154B1B786374154B1A78154BBE
:10DBD000002A13D1A2681A70134B1B78022B02D1B2
:10DBE000124B9B6B9847124B2100124A1878FEF794
:10DBF00099FDE968A07CFFF7BBFE70BD1B78A360B0
:10DC0000EAE7C046200E0020810D0020F00D002024
:10DC10008A0E0020D00E0020D20E002021120020FB
:10DC2000E40A0020E50A00202312002010710108F8
:10DC300060120020A80D002010B5184C2378022B8C
:10DC40001ED0174B5B6B9847164A174B11781B7801
:10DC5000164A002917D18B4202D0154B0331597057
:10DC600003235370134B186802F0CFFD124B1B684F
:10DC7000984204D31023114A11780B43137010BD3E
:10DC8000FFF782FEE0E7002B02D00421084B597019
:10DC9000042353702378022BECD1F0E723120020E9
:10DCA00010710108810D00200C100020840D00204F
:10DCB000900D0020900E0020040E0020800D00200A
:10DCC00010B5184B1B78022B1ED0174B5B6B984777
:10DCD000164A174B11781B78164A002917D18B4228
:10DCE00002D0154B0531597005235370134B18683A
:10DCF00002F08BFD124B1B68984204D31023114A8B
:10DD000011780B43137010BDFFF73EFEE0E7002BC8
:10DD100002D00621084B597006235370094A0A3372
:10DD20001178EEE72312002010710108810D002008
:10DD30000C100020840D0020900D0020900E00207B
:10DD4000040E0020800D0020F0B58FB00793002353
:10DD500007000C0004920393049B9C4201D30FB074
:10DD6000F0BD385D651C0238EDB20828F7D8F2F72F
:10DD7000BBF909001900E200010149016F01E3014B
:10DD80000B023F020122D24B1A700022D14B5A7073
:10DD90007A5DE51C02341A72E4B23A5DEDB25A7251
:10DDA0002C00D9E700230B2606AA53729372B618EB
:10DDB00009AA33701370039B002B00D08DE06B1EFB
:10DDC000FB180B93049B0BA91C1BC34B0C711B78FA
:10DDD000C24C8B71C24B1B784B716378CB7123782B
:10DDE0000B72631CDB7F4B72BE4B1B7801929C460F
:10DDF0000A2306AA10009B180922009612186046F2
:10DE0000FEF7A9FCC34305905B0745D10122B04B47
:10DE10001A7006AB5B7AB44A637006AB9B7A1278D1
:10DE200023703378934201D913003270AF4AD3770D
:10DE3000AF4C200002F072FD0028F9D1AD4B1B78E9
:10DE400083425DD0AC4802F069FD0028FAD1AB4BAB
:10DE50001A78012A00D11870A94B1B78002B3FD1EA
:10DE6000092106AA5156A74802F058FD0028F7D10B
:10DE70000A2106AA5156A44802F050FD0028F7D105
:10DE800006AAD17AA14802F049FD0028F8D1200065
:10DE900002F044FD0028FAD109AB1C7805212000CE
:10DEA000F2F72CF99A4AC3B2117880225242521AE0
:10DEB00000219C46974BD2B2013A1B78964E0692AF
:10DEC0008C4528D1039A002A04D00121934A11706D
:10DED000904A1370013C2D19EDB2012303935FE7C3
:10DEE000092106AA51568E4802F018FD0028F7D1E4
:10DEF000200002F013FD0028FAD1814B1870CBE707
:10DF0000884802F00BFD0028FAD1200002F006FD3F
:10DF10000028FAD1C0E7069A934209DA0322581C76
:10DF2000F254059AC0B2325401220233DBB203929A
:10DF30000131C9B2C4E701221000654B02341A70E6
:10DF4000795D794B88401970784B1880704B714817
:10DF50001D7880235B425B1B0178DBB28B4201D8CA
:10DF6000E5B21DE74B1C037004206B4B58546B4B00
:10DF70001A70F5E707217B5D0BAE1A090A40727033
:10DF80000F2213403370221DE31CDBB2D2B2FB5CC4
:10DF9000BA5C651D023412041B02E4B213433A5DFD
:10DFA00031001343642253430C934E4BEDB2187867
:10DFB000FEF7E1FB07230340072B0BD10122444B63
:10DFC00031781A705A4A454B11700C9A5A6272781D
:10DFD0000233DA774E4A4F49147880225242121B9C
:10DFE000D2B20B78013A934200DBD9E605244A4AC3
:10DFF000D4549C1C0133DBB20C70D0540122474B2B
:10E000001A70CDE60122324B1A704A4B1B68002B66
:10E0100002D01B68002B19D1FE203D4A3D491478DF
:10E0200080225242121BD2B20B78023A934200DB9A
:10E03000B6E60624384AD4545C1CE4B21055D81C09
:10E04000087002330799DBB2D154D7E79847E4E769
:10E0500001221F4B211D1A70E21CD2B2C9B2BA5C58
:10E06000795C120209041143A21CD2B2BA5C7B5D36
:10E07000114364224A430B920022A51D0534E4B2E9
:10E080000C9209AE3A5D33710BAB1A720993FDF72E
:10E0900041FAEDB20321002805D1124B3100187866
:10E0A000FEF773FB01001A4A1A4814788022524284
:10E0B000121BD2B20378013A934200DB70E60724C8
:10E0C000154AD4549C1C01330470DBB2BCE7C04633
:10E0D00066060020840D002014100020D00E0020C1
:10E0E000FC0E00206012002057060020D10E0020F8
:10E0F00067650108E70A0020DC6D01083301002094
:10E100006D120020EB6D0108066E01081D6E0108FE
:10E110000810002009100020880F00200A1000209D
:10E12000326E01086E6E0108960E0020940E0020DB
:10E13000F80E0020640E00200121464B02341970B5
:10E140000F237A5D1A40131C002A00D10B1CDAB28F
:10E15000FA23FA219B0053433F4A890013615B185D
:10E1600053613E4B3E49187880235B421B1A0A7864
:10E17000DBB2934200D8F3E6531C0B700821394BF5
:10E1800099540122384BF3E6A31C05937B5D0BAD3C
:10E190009A06D20F6A70DA06D20F2A700F22134045
:10E1A000AB70324B29001878FEF7F9FA01301CD019
:10E1B0000126284B284C1E702B88A385AA782C4B4F
:10E1C000985C04F081F9254B20631878802324495A
:10E1D0005B421B1A0A78DBB2934206D993190B7083
:10E1E0000921204B9954204B1E706B461D7DD7E5AD
:10E1F0000126184B0BA91E707B5D221D0B70E31CC2
:10E20000DBB2D2B2FB5CBA5C651D02341B02E4B225
:10E2100012041A433B5DEDB21A43642353434B602F
:10E22000124B1878FEF7C5FA0C4A0D491478802273
:10E230005242121B0B78D2B29A4200D8B0E50A249F
:10E24000084AD4549C1C9B19DBB2D054064B0C706A
:10E250001E70A5E566060020D00E002008100020E4
:10E2600009100020880F00200A10002060120020F2
:10E27000A8770108F0B50F000021D34D95B0DBB2AF
:10E2800009932B74D14B04901B78D1486B74D14BFC
:10E2900001715B6B1191EA8169806971A960A98143
:10E2A000A974696129709847CB4802F06BFA049B06
:10E2B0001B78580901380893062800D970E2F1F755
:10E2C00013FF07006F02AE006F02AE006F025F0225
:10E2D000C24B05931B78002B08D001236B70FFF70E
:10E2E00021FB0122BE4B1A7015B0F0BDBD4D049844
:10E2F000BD4B791E2A6889B20130069301F072FF86
:10E30000BA4C089B391F2A68237089B211AB2000D0
:10E3100001F042FFE219D31E911E1B7809781B02FF
:10E3200009040B43111F013A097812780B431206B6
:10E330001343119AAE4E9A426ED1AE49AE4AAF4BDC
:10E34000128800912868069901F06CFF6379A17921
:10E3500020791B02AA4A090403430B431360237A62
:10E36000E2791B021343627AA64912041A43A37A84
:10E37000A54D1B0613430B60E37AA4495A06520FBE
:10E38000CA770F212A000B4028321370227B0A40E3
:10E39000131C002A00D10123DAB2FA239B00534355
:10E3A000FA2292002B619B186B61994B12AC113FC2
:10E3B00012932771FDF7AEF8002804D1954B210088
:10E3C0001878FEF785F90023059A737001331370EE
:10E3D000914B1B78002B1BD0904B5B786B70904B54
:10E3E0001B78002B00D0E2E18E4B1B78022B02D170
:10E3F0008D4802F0C7F910238C4A8D4811780B43E1
:10E400000121137002F0EAF9894802F04FF96BE735
:10E41000FDF742FA6870E2E707237370DFE7854B88
:10E4200010A91B788B702B794B70834B1B780D33A5
:10E430000B70784B1878FEF727F93B000D3B1A0458
:10E4400003D41BB2834200D947E7049A049B927815
:10E450005B7812021A43049BDB781B041343049A73
:10E46000127912061A43674B06921B68934264D0D6
:10E47000724B1C68002C01D10B232FE72368069AEE
:10E48000934258D1231D0A9310330D930123666ADA
:10E490000B93049B5B7907931B071B0F0C93049B47
:10E4A000DA19D31E911E1B7809781B0209040B434D
:10E4B000111F013A097812780B4312061A43049B84
:10E4C0000E929A79DB79391F1B0213439B1B9AB278
:10E4D0000F9218B289B211AA1B0438D401250F9BE0
:10E4E0000292F6180A9A069B04980196009501F08C
:10E4F00087FD119B0E9A0595934208D0504B1B78CF
:10E500000593002B03D000224E4B05921A604C4B12
:10E510001B78002B30D115330CAA13743D4B10A976
:10E520001878FEF7B1F80F9B834225D30A22264BB9
:10E530005A705E61D3E6A46A9CE7424B00241E68D1
:10E5400000230B932B4B0D932C4B0A93A1E78023B5
:10E550005B02F51801232D18029200930A9A069B7C
:10E560000498019501F04CFD119B0E9A9342C5D180
:10E5700001232E000593CAE7059A134B002A00D108
:10E58000FCE00125304A0B9915700022997007991B
:10E590005A70C906C90F59710D499A604A702B49C2
:10E5A0001A730A602A495E610A700B99A94200D069
:10E5B0008FE002321A70636AB3424BD1002E49D009
:10E5C0000822014B5A708AE6A40D0020810D00201C
:10E5D000900D0020107101080C0E00201510002075
:10E5E0006B12002054120020211000202010002067
:10E5F000840D002032120020301200204212002030
:10E600002C12002028120020D00E0020D20E002054
:10E610002D1000206012002014100020980E002001
:10E620000C10002023120020C80D0020800D0020B7
:10E630006C0E0020FD0E002021120020241200206C
:10E64000B00C0020181000205C06002010100020E4
:10E65000081000200023666208935B480C9A01783A
:10E660000832012955D1079B9B060AD50024574B38
:10E670001C70079B9B06DB0F037155488374554B39
:10E6800019700F23079C1C403B1F934270DD0C9BAD
:10E69000093307930799049B7D1A9B5C4C4F043DFB
:10E6A000EDB2FB70002B48D19C4235D101234A4F7B
:10E6B00004980A9A401800932900069B0297019635
:10E6C00001F05CFD2A0021003800099BFFF73CFBAC
:10E6D00027E01F20089C4149844320000968404CE2
:10E6E000A0280CD11D700B00711A5A1E93414A428A
:10E6F0005141194025700891384B1E60ADE72270DA
:10E700001A708E4202D1002E00D059E700230893E0
:10E71000F2E700212D4BB3E72B4ABB741371059B25
:10E720000893089B06209A00022313432D4A0340B6
:10E73000117881430B43137051E6002C04D008215B
:10E74000099B0498FFF700FB01960126079B04989C
:10E75000214CC0182900069B0D9A0294009601F0E6
:10E760000DFD089B002BDCD1BC603D737E73D8E7A8
:10E77000002CD6D00821099B0498A7E70C2221E79A
:10E78000154C04993A000131200002F072F803237D
:10E79000144A2B807B1E2B7311780223AC60C9E7CF
:10E7A00001246C70FFF7BEF80F4B1C7017E6064B88
:10E7B0001B79002B00D01BE60C4A0D4B12781B78FE
:10E7C0009A4200D817E613E6900D002009100020A9
:10E7D000A40D00206E120020201000201810002030
:10E7E0000B100020800D00206B1200203001002053
:10E7F00031010020174B70B51B78002B28D016482C
:10E8000002F08CF80028FAD1144802F087F80028AA
:10E81000FAD10725124C1348E17A0909294002F080
:10E820007DF80028F6D10F25E17A0F48294002F043
:10E8300075F80028F8D10D4C0D48216902F06EF8EA
:10E840000028F8D10B48616902F068F80028F9D176
:10E8500070BDC046E70A002067650108866E0108A2
:10E8600020100020956E0108A66E0108D00E002031
:10E87000B76E0108CE6E0108F0B58FB0059314ABEA
:10E8800006921A8800230C00BE4DBF490A930B70F4
:10E890002B80059BBD4E591E8B4101785B42317028
:10E8A0000078BB4F1A40D3B200063B70400F0728D8
:10E8B00000D964E1F1F718FC080063014900630125
:10E8C000460063016301540101232B80B14B0822F0
:10E8D0001968B14801F0D6FF2888B04B083080B2E3
:10E8E000196808222880301801F0CCFF2B880833E3
:10E8F0002B80AB4BDB699847AA4BAB4A18802B881F
:10E900001268F054991C01339BB2000AF05429801C
:10E910003000C9B20AAB01F03FFC2B880A9A591C9F
:10E92000100A89B2F2547054991C89B2100C7054B8
:10E93000191D03339BB2120E2980F25400231800D4
:10E940000FB0F0BD0122904B1A70984B1A78072334
:10E95000002AF4D02378964E1B060BA9DB0F4B70D0
:10E96000336801254B60934B0D701A88924852BA58
:10E970000A811A002C32127800788A728F4A009627
:10E98000FDF7B7FE402228408301207890431843CA
:10E990008B4B20701A78002A04D000221A70202392
:10E9A00003432370874B794F07931B68864E1A0ADF
:10E9B0007B70BA701A0C1B0EFA703B71237830789A
:10E9C0007B71824B824D08931B688249BB711B0A85
:10E9D000FB71814B40191A78099301F04AFF099B9A
:10E9E00032781B780599D218D2B27C4B327000294C
:10E9F00000D185E066490878002800D180E01B78C6
:10EA00000826002B13D00F2A75D80F20237819075A
:10EA1000090F5118014083430B4323707B7100237E
:10EA20006F4899B2914262D316000836F6B20023BD
:10EA30006A4967480B701900664D09908A4268D888
:10EA4000654A1370002B02D00122644B1A70059B9B
:10EA5000002B1AD04E4B1978002916D05B4A4B4D2B
:10EA6000584B1068741C069AE4B2AA551B686519C5
:10EA7000002A6FD1544A069E16705A4A0295019098
:10EA80000096059801F0FEFA2600574B404A1B7885
:10EA9000012B03D0554B1B78012B0AD1544B0699FF
:10EAA0001970544B11781970534B05991E70534BC4
:10EAB00019601178334C71180AAB21800293089BBE
:10EAC00038001B68474A019300230093079B1B688B
:10EAD00001F096FA0A9A2188100A7B187A54587025
:10EAE0000431100C120E9870DA70218026E7E95C70
:10EAF000C154013395E70A7000230595069396E704
:10EB00000826002A93D01B78002B90D0204B1A7037
:10EB1000F2E70998445CE01E07280FD8F1F7D0FA15
:10EB2000180E041618110E04EC540131284CC9B209
:10EB3000581C645CC0B20233DBB22C540131C9B240
:10EB40007CE70824581CEC54C3B2F7E70231F5E720
:10EB50000131F3E701900020294A0295009090E7E7
:10EB60000599002900D1E9E6002B00D1E7E60A4823
:10EB7000D2B201F07EFE3B7801332B80DEE6022329
:10EB8000DDE6C046201100200C10002022110020DC
:10EB90001F11002058120020231100205C120020B9
:10EBA00010710108301200205412002015100020AE
:10EBB00010100020D00E002060120020D10E002086
:10EBC0000B10002028120020091000201C1000202B
:10EBD000880F0020080F0020081000200A100020D5
:10EBE0002A11002042120020580600205A06002058
:10EBF0006A120020691200206812002064120020AE
:10EC000032120020F0B587B06B46DF1D002302AC46
:10EC1000334D3B7020706B7863702B78A3702B6B37
:10EC200063606B6BA3602F4B1B88A381F1F744FDDE
:10EC30002D4B1B78002B42D001F0E1FD0600310086
:10EC40002A4801F06BFE0028F9D1294B29481968A0
:10EC500001F064FE284E294B3A0021001878330059
:10EC6000FDF76CFD0121264A264B517059706978D9
:10EC7000254891703978D170316859609160FA21D6
:10EC8000890001F0ABFD204801F010FD1F4B1B78FF
:10EC9000002B03D11E4A13780133137000241D4B3F
:10ECA0001D481C700F4B19781C4B1B6B9847012398
:10ECB00020001B4A11680B43136007B0F0BD194ECA
:10ECC0003378002B06D1184801F028FE0028FAD12D
:10ECD00001233370154801F021FE0028FAD1B4E772
:10ECE000D00E002020110020E70A0020E56E010868
:10ECF0001C100020176F0108C00D002060120020BA
:10ED0000900D0020840D00206C0E002015100020B6
:10ED1000BD0D00205B0600202211002010710108AB
:10ED2000800E00206C120020ED6E0108676501085E
:10ED30000023F0B589B00493614B1A780923FF2AA8
:10ED400000D1A4E05F4E002A00D132605E4A5F4BE2
:10ED50005F4F1B780392127805AD2A70EB703A78FA
:10ED60005C4BAA70186801F050FD5B4C686023682A
:10ED70002900AB60594B1B786B70594B1878FDF725
:10ED80002CFD584B1A882368013A53433268564C7D
:10ED90009B180593336063782B723B78AB72039BAF
:10EDA0001B786B72514B1B686B60514B4C4F03933C
:10EDB00038782900039A009604ABFDF715FD00286A
:10EDC00036D021000122A31C3D78DB7F2D312800A5
:10EDD000A25609785BB2FDF71CFD464E227A0096DA
:10EDE00041B263682800FDF792FC2821424D387833
:10EDF000227A615600956368FDF789FC324F3B78B3
:10EE0000002B1CD1F168A3693C4A5B181360E968C8
:10EE1000E3693B4A5B1813603A4B04991B78002B5B
:10EE20004BD0002936D1324B1878FFF7EBFE2DE09E
:10EE3000354B2D4A5B785BB253702B72B5E70121DD
:10EE4000324B61561A78324B1878FEF725FD0823AD
:10EE500000281CD0F1682369284A5B181360E96810
:10EE60006369274A5B1813603B780499002BD3D061
:10EE7000039B0029D8D01023264A10680343264854
:10EE8000136001F0ABFC244801F010FC00231800D3
:10EE900009B0F0BD10231F4A1F4C106803431360D4
:10EEA0001E4B1A881E4B53438B4204D2200001F0A4
:10EEB00095FC2000E8E71900F8E79942B3D0DAE7BB
:10EEC000960E00208C0E002015100020890E0020C8
:10EED0008B0E0020840E0020C00D0020880E002024
:10EEE00060120020940E0020D00E0020900E002012
:10EEF0008A0E0020F00D0020DC0D0020080E0020FE
:10EF0000040E002067060020980E00200910002043
:10EF10001F110020800E0020340E0020640000200D
:10EF200060EA000030B50D000A4C85B0247803A9D2
:10EF3000E4010C70009313002A00FFF79DFC0028E9
:10EF400006D1054A054B12689880DA60FFF7F0FE9B
:10EF500005B030BD141000201C100020900D0020C2
:10EF600010B5174886B001F00DFC1021154A136842
:10EF70008B431360144B1B781B071CD5134B1C7859
:10EF8000002C18D1FEF71AFC114B05A91B78013390
:10EF90000B80104B1878FDF716FC0F4B04A9587026
:10EFA0000E4B03A81B780470DB010B7022002300BA
:10EFB0000094FFF761FCFFF7BBFE06B010BDC04632
:10EFC000340E0020800E0020800D0020840D0020D3
:10EFD000BD0D002060120020D00E00201410002073
:10EFE000F0B5934B8BB01800059301F0CBFB914C1F
:10EFF0002178CB0639D5904B1A68500602D54120AE
:10F0000082431A600922114200D06BE000228B4833
:10F010000078002807D1824205D1080700D577E0A3
:10F02000CA0700D592E02278834D854B920700D421
:10F030003AE1844A1178844A1079002804D183483F
:10F040000078884200D32FE1002018707B4B1870A5
:10F050007F4B1B78834203D17E48036801330360F2
:10F06000517101222B6893432B600221724A13686D
:10F070000B4201D08B431360002B00D0D2E101255D
:10F0800023781D4207D0744B6F481B681B68984754
:10F090002378AB432370082523781D4207D06E4B9D
:10F0A0006E481B689B6898472378AB4323701022F7
:10F0B00023789343237023789B0711D5684B1B78E3
:10F0C000022B01D1FEF760FC23785B0704D4624B6E
:10F0D00064481B685B689847062223789343237033
:10F0E0000BB0F0BD58484278022A04D05B4A5278EF
:10F0F000022A00D08AE701221D685B4E95431D60FD
:10F10000002535704F4E05713678856046717EE773
:10F1100052480578002D19D15449097881724078F8
:10F12000A84208D14B490A6051490A7001211A6866
:10F130008A431A6077E74F4A12788A42F6D910223A
:10F14000237893432370FFF70BFF6CE702224848B4
:10F150000A404949CD7F01788D424FD9002A55D1C7
:10F16000464B1B78012BEAD1394B1F78002FE6D193
:10F17000384E434A3568099701352B0AD371414B04
:10F1800095711868404B35601978404B1B680693A1
:10F190003F4B1B789C4613003E4A63440793137809
:10F1A0009C46BB423DD1304A1370079B3A4A0293BA
:10F1B000634601950093069B00F064FF374D09AF4D
:10F1C0002988029736682E48019600260096060088
:10F1D0002E4B0439304A1B6889B200F011FF288891
:10F1E000099B3018021F1370190AC21E1170821E6B
:10F1F000190C01381B0E11700370A0E7002A05D10D
:10F2000019490A7026490A6801320A600022027010
:10F210000F4A1278002A89D10E490A6801320A6021
:10F2200084E7079B1F4A029301950097C3E7C046F6
:10F230006C0E0020800D0020800E00200C1000209D
:10F24000C40D002030010020900D0020310100206D
:10F25000161000201C100020680E0020840D0020D5
:10F2600023120020A40D002009100020BD0D002055
:10F27000970E0020BC0D0020D10E00205806002063
:10F2800022110020641200206912002028120020A0
:10F29000681200206A120020421200202011002073
:10F2A00010100020321200201A78002A00D1DCE66B
:10F2B0002968102208001040114200D0D5E65E4EA9
:10F2C0005E4A1870127833789A4200D88FE0082B83
:10F2D00000D98CE001333370594B1B78012B47D197
:10F2E000584B1A78584B002A02D11A6801321A601A
:10F2F000002294461E680992544A554D330A1278EA
:10F30000EB71544B521918680692534B534A1978B3
:10F310001778534BAE711B68674544D1514A17703B
:10F32000514A01960792069A00970292079A00F0B6
:10F33000A9FE4E4E09A8318802904348484B006808
:10F340000439019000200090474A28001B6889B2C8
:10F3500000F056FE3288099BAD182A1F1370190A57
:10F36000EA1E1170AA1E190C013D1B0E11702B70A4
:10F37000314E3378DB070DD5242309A90B703C4BA4
:10F380003C4D1B788B706B784B703B4B1878FDF7BE
:10F390007BF96870FFF7CCFC00280BD11022237892
:10F3A0009343237061E601966646069F334A0297AF
:10F3B0000096BCE70922324B2A485A70002202709C
:10F3C0000120304D1A712968814329602E490A7045
:10F3D00032785A71274A52789A701A4B1B78002B50
:10F3E00000D042E6184A13681B1813603DE6224B12
:10F3F00001211878FDF759F901222B6893432B60FE
:10F400000023184A1370204A13701D4A1371337871
:10F4100053710C4B1B78002B00D026E60A4A136868
:10F420000133E2E7FA210598890001F0D7F9059840
:10F4300001F03CF93FE6C0463001002031010020D8
:10F440005A060020161000201C1000206812002010
:10F450002211002064120020691200206A1200208C
:10F460002812002009100020421200202011002044
:10F47000FC0E0020D00E002060120020321200206E
:10F48000900D0020800E00200C1000201FB5694652
:10F49000104B1B780B70104B5A7888814A701A7881
:10F4A0008A701A6B5B6B019202930C4B1878FDF714
:10F4B000A9F9FA210A48890001F090F9084801F0F9
:10F4C000F5F801230020074A11680B43136004B0CC
:10F4D00010BDC0468A0E0020D00E00206012002011
:10F4E0006C0E0020800E002010B504000A4B0800AE
:10F4F0005B6C51B222009847FA210848890001F05C
:10F500006DF9064801F0D2F80123054A0020116880
:10F510000B43136010BDC046107101086C0E002033
:10F52000800E0020F7B505000F001400002802D15E
:10F5300003263000FEBD0368002BF9D04368002B82
:10F54000F6D08368002BF3D01000FDF798F80A2658
:10F550000028EED00026764B6A461D60754B764D2E
:10F560001F600127754B01A91E70754B20001E708E
:10F57000744B2C701E60744B1E70744B1F70744B58
:10F580001E70744B1E60744B1E600F231371FDF7C9
:10F590007BF8421E9041714B0A2118706B46287807
:10F5A000197101A9FDF770F86D4C6B4620700620AB
:10F5B00001A918712878FDF767F810236070684674
:10F5C00001A903712878FDF75FF81123E060684610
:10F5D00001A903712878FDF757F8122320616846C6
:10F5E00001A903712878FDF74FF81323606168467D
:10F5F00001A903712878FDF747F81423A061684634
:10F6000001A903712878FDF73FF81723E0616846E8
:10F6100001A903712878FDF737F8A31CD8771823C0
:10F62000684601A903712878FDF72EF81923606256
:10F63000684601A903712878FDF726F823002833CE
:10F6400018701E23684601A903712878FDF71CF87D
:10F6500023002C3318701F23684601A903712878F2
:10F66000FDF712F823002D3318702023684601A9F6
:10F6700003712878FDF708F821232063684601A963
:10F6800003712878FDF700F8310060632878FDF7F2
:10F690000CF8E319DF7706230A222372314B6260EC
:10F6A0005A6006221A72E268DA6022691A61626997
:10F6B0005A61A2699A61E269DA61DB19DF77FEF7C4
:10F6C0007DF82949294800F0E9FFFA2127488900F7
:10F6D00001F084F82649274800F0E0FF2649274832
:10F6E00000F0DCFF2649274800F0D8FF26492748CC
:10F6F00000F0D4FF01F083F8254B264C1860264813
:10F70000264B0360264B8360264B0361264B4360E8
:10F71000264BC360A3689847E369984701F098F8BF
:10F72000234B38001F70236E9847636B984700E7A0
:10F73000680E0020640E002060120020800D002062
:10F7400023120020800E0020BD0D0020BC0D0020E3
:10F7500021120020900E00208C0E00208B0E002025
:10F76000980E0020D00E0020E1EF00086C0E002063
:10F7700061EF0008340E00209DDB0008200E002001
:10F7800089D900080C0E0020D9D80008C80D002027
:10F79000840E002010710108480E00205DDA000878
:10F7A00075E20008C1DC00081DDA000839DC000839
:10F7B00022120020F0B5334A8FB0079053780E0024
:10F7C00006A98B730F2312785B181A700322002E80
:10F7D0004DD02D4A002704922C4A0BA90592049A79
:10F7E0002B4D1478059A0F70127806A8A418294A90
:10F7F000E4B212784A70284A944612684A602A880D
:10F800002C3552BA0A812A788A72244A06921278D2
:10F810000392624600920E2212180398FCF769FFC9
:10F820002B780AA98B7006AB9B7B4B701C4B1B780B
:10F830000D330B70069B1878FCF726FFC0B2707072
:10F84000A04217D3001B30700E2106AA515607980C
:10F850002200FEF721F8002808D1124B08221B785D
:10F86000834204D0049B1870059B1870002210007E
:10F870000FB0F0BD049B3C001F70059B30701F70E3
:10F88000E2E7C046980E0020091000200810002072
:10F89000D00E002014100020101000206012002054
:10F8A00021120020AF0C002013B504000320002C0F
:10F8B00017D020781D2800D96AE0F0F701FC0F135B
:10F8C000181A1D1F2224262832373C3A3E4144474D
:10F8D0004A4D50535755595B5D5F62652D4B1B7800
:10F8E000237116BD2C4B1B7823710020F9E72B4B9D
:10F8F000F9E72B4B1B6802E02A4BFBE72A4B6360BE
:10F90000F3E72A4BFBE72A4BEDE72A4BEBE71D23F6
:10F910006A461371284B01A91878FCF7B5FE6060A0
:10F92000E3E7264B043406CB06C4DEE7244B04345D
:10F93000F9E71B23ECE71A23EAE7224BDB7FD3E747
:10F94000214BDB68DBE7204B1B69D8E71E4B5B696B
:10F95000D5E71D4B9B69D2E71B4BDB69CFE71B4B00
:10F960005B78C1E7184BFBE7184BBCE7164BBAE7CF
:10F97000174BBFE7174BBDE7174BBBE7124B5B6855
:10F98000BDE7114B1B7AAFE70F4B5B6B6360ACE7D6
:10F990000220A6E7231200201510002014100020DA
:10F9A0002C120020281200204212002032120020C7
:10F9B000221200202112002060120020F40E0020EC
:10F9C000BC0E0020D10E0020D00E0020980E00208A
:10F9D0001C1000201810002024120020F0B5040094
:10F9E000032685B0002836D0A44B1A6801231E00D8
:10F9F0001A4230D105781D2D00D93DE12800F0F7DD
:10FA000073FB1E003300370039003E004000460003
:10FA10004E0055003B0157009800BA00AA00C900EB
:10FA2000D100D500D900DD00E100E500F5001101AD
:10FA30000201250127013B0129012F01350126790A
:10FA40008F4B1E70002E03D0022E07D02E0002E036
:10FA50008C4B5B6B9847300005B0F0BD00228A4BA1
:10FA60001A70FDF791FFF1E7884B22791A7004E0D4
:10FA7000874BFAE7874B62681A600026EBE7864BF4
:10FA8000F9E761688548002905D10326E3E7616845
:10FA90000029FAD08248102200F0EBFEEDE7207931
:10FAA000804B1870774B1B6E9847E6E77E4BDCE780
:10FAB000237A02A97D4F0B703B787D4E0722307868
:10FAC0004B707C4DFCF7F8FD002800D1D2E02B00F4
:10FAD0000434243306CC06C3694B1B78022BCCD1EB
:10FAE0006A4B1B78002BC8D02821734C30782A7AB7
:10FAF000695600946B68FCF70AFE704B30781B78EF
:10FB0000210023706B6A6E4A63603B780C26237475
:10FB1000654B1B7863740223FF336382FCF702FE9C
:10FB2000002898D0A07CE968FDF722FF654BE27CB5
:10FB30009CE7237A02A90B705C4B07221B784B7061
:10FB40005B4B1878FCF7B8FD00289ED05E4B043460
:10FB500006CC06C391E763686A46029301231373D8
:10FB6000534B02A91878FCF7BAFD434258410326CB
:10FB7000404206406FE76368002402936B461C73A3
:10FB80004B4B02A91878FCF7AAFD0326A04200D02F
:10FB900073E760E723795A1E0E2A00D975E74B4AAE
:10FBA000D3776AE7434B6268DA6066E7414B626885
:10FBB0001A6162E73F4B62685A615EE73D4B6268DB
:10FBC0009A615AE73B4B6268DA6156E7237902ADE6
:10FBD0002B70374B062218782900FCF76DFD3C4B43
:10FBE000002800D151E72A785A7046E7237902AD00
:10FBF0002B702F4B052229001878FCF75DFD00289B
:10FC000038D02C4BEFE7237902AD2B70284B0A221A
:10FC100029001878FCF750FD002800D135E72C4B5F
:10FC20002A7823E7237902AD2B70214B0922290082
:10FC30001878FCF741FD0022AA56002804D11300D1
:10FC4000283BDBB20A2B15D81A4B0FE7214B12E7E2
:10FC5000214B10E763681E4A5360164A53600CE755
:10FC600023791B4A1372134A137206E7114B626819
:10FC70005A6302E70B26EEE60226ECE6800E002031
:10FC800023120020107101080C1000201510002014
:10FC9000141000202C1200202812002042120020F4
:10FCA000321200202212002021120020FD0E00201E
:10FCB00060120020D00E0020DC0D00208A0E0020F3
:10FCC000A80D0020810D0020BC0E0020D10E0020C8
:10FCD000980E00201C10002018100020F0B5040021
:10FCE00085B0002802D1032005B0F0BD554E012794
:10FCF0003368190039403B4201D00120F4E7524DEE
:10FD00000C22280000F0CAFD6F702078032800D96B
:10FD100096E0F0F7D5F902637D8832681023110070
:10FD200019401A42E9D1494B1A78002A04D01970B7
:10FD3000474B1878FCF7B9FC6368002BD3D0A36855
:10FD4000002BD0D0E368002BCDD0237C002BCAD071
:10FD50003F4E02A9222230780B70FCF7ADFC002840
:10FD600007D123236A46307803A91373FCF78CFC70
:10FD700020740823374A11780B4313702378626884
:10FD80002B70354B1A60A268344B1A60E268344B12
:10FD90001A60227C0024334B1A70334B1C706B4664
:10FDA0001C70FDF70BFD01236A4601A93078938092
:10FDB000FCF709FD2D4B22005870210023006846F6
:10FDC000FFF7B0F8A04200D18EE700220821284BAF
:10FDD0001A70204A13788B43137085E708231D4A55
:10FDE000244C11780B4301211370234B29701D788B
:10FDF00080235B425B1B2278DBB29342E5D9022071
:10FE0000531823701D4B98541D4B197000206BE73D
:10FE10000223104A2B70117806330B431370A0880D
:10FE2000FFF734FBF2E703230A4A2B7011780533FE
:10FE30000B431370227BA088A168FFF755FBE5E711
:10FE40000220C2E7800E0020840D002068060020FA
:10FE500060120020800D00205C120020581200204B
:10FE600054120020BC0D0020BD0D0020D00E00203B
:10FE70000C1000200910002008100020880F00201E
:10FE80000A1000200023F0B589B00500029300930A
:10FE9000984203D10324200009B0F0BD454B012452
:10FEA0001A6811231100194001911A42F3D100235D
:10FEB000414F19001422380005AE337000F0EEFCFB
:10FEC0003E4B7C701C702B78A34218D0032B60D063
:10FED00000270197BB4225D1394B32781C701F2374
:10FEE0001A402133134333702B790193AB6803938A
:10FEF000AB8902930E23EB562700009312E0E97BB7
:10FF00002F4A1F0011701F22317811409F3A0A4377
:10FF100032702A790192AA680392AA8902920E226B
:10FF2000AA560092022406A9264B0C701B78264E76
:10FF30008B70264B1878FCF7A7FB002FABD0244B17
:10FF40001B78002B14D1009B984200D2180033007C
:10FF500007AC20702C331B780522A3701B4B2100AB
:10FF60001878FCF7A9FB002800D193E72378737079
:10FF7000029B039A019905A8FEF7D4FF041E15D130
:10FF80002A780D4B1A700123124A11780B43137013
:10FF900081E70B4B32781C7020235B421343337094
:10FFA0006B6803932B8902930A23A4E700220A4B70
:10FFB0001A7070E7800E0020900D002030010020A4
:10FFC00031010020FC0E0020D00E00206012002025
:10FFD00014100020800D00200C10002013B5064BDB
:10FFE00001A9040008700F221878FCF765FB0028AF
:10FFF00001D0024B1C7013BD601200208B0E00203C
:020000040801F1
:10000000F7B50E000700019208AA1B4C1178099A57
:100010006171190AA371E171190C1B0E6372130A45
:10002000A272E3721548130C120E23736273E67307
:10003000217201F0CDF80199104801F0D9F82100A2
:1000400010220E4801F0DBF8F2B239000B4801F043
:10005000D6F80B4C0949200001F033F96378227877
:100060001B021343A27812041A43E3781B061343BE
:100070000A9A1360F7BDC0464401002070120020A8
:1000800089140020F0B585B01E000AAB1B7800244F
:100090000293364B0B9D1B78009001910392012B2C
:1000A00045D0334FF0223800210000F0F7FB3A0032
:1000B0001021039800F02AFE2E4B029A9E715A716D
:1000C000320ADA71320C1A722A0A9D72DA72360E0C
:1000D0002A0C2D0E5E721A735D73019B1F09BC42C0
:1000E0002AD110235B426343019AD518ADB2002D8B
:1000F00020D0214E1F48631C1D4A3100C3732401C8
:1001000000F086FE009BE4B218190C9B1A1900231C
:10011000C15CF45C6140D154013399B28D42F7D88F
:1001200008E0009B0C9A1B5D13550134E4B2019B5F
:100130009C42F6D305B0F0BD0F4E0E48631C310053
:100140000B4AC37300F064FE00230C9A2501EDB244
:100150005119009A5519EA5CF05C4240CA540133C7
:10016000102BF8D10134A4B2B9E7C046B40C00207A
:1001700088130020340100207914002030B585B0A8
:100180000A9D08AC24780295099D00940195FFF71B
:1001900079FF05B030BD0000F7B50D0007001E0067
:1001A0000E48019201F014F801990C4801F020F872
:1001B000EAB23900094801F022F8094C0749200049
:1001C00001F07FF8637822781B021343A2781204AF
:1001D0001A43E3781B0613433360F7BD7012002007
:1001E00089140020F7B51D0004000F000C48002101
:1001F0000192F02200F052FB1021094A019800F010
:1002000085FD29002000064A00F002FE0F2F06D9C6
:1002100029002000024A1031103000F0F9FDF7BD2E
:1002200088130020F0B587B000936B460700DA8092
:100230000E00F022002120489D1D00F02FFB102110
:1002400038001D4A00F062FD02A81022002100F0D3
:1002500025FB6A460123137208336B4431001800F2
:10026000062200F006FB0F236B441800290002222F
:1002700000F0FFFA0099104A02A800F0C9FD02A898
:100280001022002100F00AFB02276B461F7209238F
:100290006B4431001800062200F0EBFA0F236B4488
:1002A00018003A00290000F0E4FA034A0C9902A869
:1002B00000F0AEFD07B0F0BD8813002030B587B068
:1002C000274800F02BFB0028FAD1264B264D1A7840
:1002D000824222D018700323EB7002332B712B0063
:1002E000F9331B786B712B00FA331B78AB71012348
:1002F0006B70E87801A9FFF75DFA02AC00281AD00C
:1003000000232370A360A381A373184800F0CEF9E3
:100310002000FFF7B7FD07B030BD6B78012B02D08E
:10032000042BE6D1E3E70223EB702B00F6331B88A6
:100330005BBAAB80DDE70E4BE0201B78E9780D4A15
:10034000002B04D123702071A181A260DCE701237E
:10035000237080231B012071A181A260E381D4E777
:10036000376F0108941500209C1400209815002078
:100370009A140020A0140020014B18787047C04642
:100380009C140020024A1388013313807047C04632
:10039000921500200121054B054A11701A00017ABF
:1003A000F9321170427AFA331A7070479C140020A7
:1003B00094150020F0B56D4C050026780F008BB029
:1003C000002E4FD1037B042B3DD183681A78012A7C
:1003D00039D15A78012A36D19A78012A33D1DB787B
:1003E000019393422FD1624B05AF1E702300F63369
:1003F0001E802300F8331E802300FA331E70022370
:100400009218FF333A703800E2702380FFF74CFAFD
:100410003A79584B38001A7002233B70019B3B71AC
:10042000FFF7DCFA3000FFF7D9FD534800F0AAF9D6
:100430005249534800F032F95148524900F0CEF980
:100440004F4800F033F92378002B09D14C4800F0D5
:1004500099F9AB681B78002B02D1474800F026F9C8
:100460000BB0F0BD8368187860700728EBD8EFF701
:1004700027FE0415181D2331385422000023F632BC
:1004800005A813802370023303703A4B1B78037165
:10049000FFF7A4FA0120FFF7A1FDD4E70223E370E0
:1004A000D1E70122324B62701A70CCE70022304B48
:1004B0001A7001236370C6E70422287B2271002290
:1004C000314EE0700132D1B28842BCD9995C013121
:1004D000B154F7E7012302AA137305A8FFF7FEFB47
:1004E000B1E7274800F04EF9FA204000F8F778FE0F
:1004F00023000026F6331E80022302A803701D4B42
:1005000026701B780371FFF769FA02AB1E7306AB06
:1005100007CF07C33A681A60DFE72A7B032A0CD1AA
:10052000013A02A90A735A789B7805A81B02134363
:100530005BBA0B82FFF7D2FBBBE7072AB9D105A84C
:10054000043A02709A78597812020A4352BA8280A9
:10055000DA781979120409020A4359790A436421A5
:100560004A4382609B790373E4E7C0469C140020F1
:100570009A1400209914002040060020BD020108B2
:100580009815002070170000A014002010B5F7F790
:1005900077FA10BD10B5EFF3108472B6002908D0B9
:1005A000012903D1054A13680343136084F31088BB
:1005B00010BD024A13688343F7E7C046AC1500201C
:1005C00010B5EFF3108472B6002908D0012903D1C9
:1005D000054A13680343136084F3108810BD024A70
:1005E00013688343F7E7C046B0150020EFF310838C
:1005F00072B60020054A1268824204D1044A10688B
:1006000042425041013083F310887047B0150020FA
:10061000AC15002070477047704700000B4B10B5B9
:100620001B68002B04D0F9F747F8FFF7F3FF10BD64
:10063000074B1B68002B04D0F8F7F4FFF9F70EF80E
:10064000F5E7FFF7E8FFFFF7E7FFF0E7B015002059
:10065000AC15002070B50400F7F714F901232372DC
:1006600005002668F7F722F92818864203D2F7F723
:100670001DF92D1825602068F7F73EF970BD0000C0
:10068000054A10B51368002B01D0002119720361CF
:100690001060FFF7DFFF10BDB415002000230360DA
:1006A00043600372C16003617047000070B50400CD
:1006B000EFF3108572B600280ED0154E3268130085
:1006C000002B0CD1616823722160002A0BD1F7F74F
:1006D000EBF92000FFF7D4FF85F3108870BD9C4232
:1006E000FAD01B69ECE7F7F7E1F823683268C01825
:1006F000206013689842ECD31369002B02D1146177
:100700002361E9E719688842F9D91A001B69F4E7FF
:10071000B4150020F8B5F7F711FA0500F7F7C4F99A
:10072000174C2268002A1AD01300471B1B69002BA4
:1007300005D113692360D368002B0FD1FEE7196838
:100740000026B94201D949190E1A1E60EEE7236846
:100750001A69DB682260002B00D1FEE79847236806
:10076000002B04D01D68F7F7A1F88542EFD320686D
:10077000002804D0037A002B01D1FFF76BFFF8BDEE
:10078000B415002070B5EFF3108672B6124D2B68C9
:10079000002B01D0002802D186F3108870BD1A000A
:1007A000834213D11A7A1C69002A0AD0002C06D081
:1007B000002220001A722C60FFF74CFFECE7F7F7DD
:1007C00089F82C60E8E70A00002BE5D019001B69C6
:1007D0008842F8D11361DFE7B415002070B5050039
:1007E0000800F7F751F804002800FFF7CBFFF7F7F0
:1007F00049F8844200D204002C606C6070BD10B5D2
:10080000F7F760F8F7F748F810BD70B50500F7F78F
:1008100059F804002800F7F737F8201AF7F73CF8E2
:1008200070BD0000064B07481A6810B55043064AD1
:10083000064980181860EFF79DFC080010BDC046FF
:10084000540100206D4EC64139300000FFFFFF7F8C
:10085000014B18607047C0465401002070B5050078
:100860000C00FFF7DFFF611B0131EFF7D7FC4819E0
:1008700070BD002310B5934200D110BDCC5CC454B0
:100880000133F8E7531EC018002330B59A4200D157
:1008900030BDCD5C5C4205550133F7E7002A00D13D
:1008A0007047013A017092B20130F7E773B5EFF388
:1008B000108572B66B469E1D31000C4800F080F921
:1008C00031000A4800F0DCF9002805D085F31088D3
:1008D0003188F8F7CFFF73BD01002020FFF770FECD
:1008E0000122034B1A7085F31088F4E7B816002034
:1008F0005801002007B50648F8F79EFF0223802222
:100900000093044900230448520000F04BF807BD4F
:10091000AD080108B8150020B81600200FB48021DA
:10092000F0B5C5B04AAB04CB490004A8039303F06B
:100930007FFB02AB9D1C2880EFF3108672B601236B
:100940002A88164804A900F040F800281DD0144F4A
:100950003B780193012B1DD12900104800F090F93C
:1009600000230400019920203B70FFF729FE86F345
:100970001088200063425C412988F8F77BFF6042C1
:1009800045B0F0BC08BC04B0184786F310880120BD
:100990004042F5E786F310880020F1E7B816002002
:1009A0005801002010B50160002102AC2478C1601C
:1009B0000161416181614260038104770800A407FD
:1009C00002D55A1E9341584210BDF0B587B0059329
:1009D0000391078945697B427B415B0002930400D8
:1009E0000369002D11D00197002F11D106686768A7
:1009F000591CF05CB94200D3C91B715C023009027A
:100A0000081881B20191170002E00195AF42FAD0B7
:100A1000E26800209A4203D86068C01A019BC01A9D
:100A2000029B059EF9184E43864205D3EFF7A2FBC1
:100A3000029BC9B28B420AD30023002F04D0AD1908
:100A4000ED1863689D420BD9002007B0F0BD227FEE
:100A5000D307DB171940029B9207EED40B00ECE79B
:100A6000002604960499059823696268814207D19B
:100A700002992068CB18934200D39B1AC018E4E770
:100A80000199CB18934200D39B1A21892361002935
:100A900011D121685A1CCF546368934200D8D21AEE
:100AA0002168380A8854531C62689A4200D89B1AFD
:100AB000616902316161D21A1500BA4200D93D0064
:100AC000BA4202D2227F002A25D120682A00C0180B
:100AD000039903F0FFFA63692E005B196361029BBF
:100AE0007D1BDB199BB201930023002D09D02068E8
:100AF0002A00C018039BF11803F0ECFA63695B1934
:100B00006361A3690133A361049B01330493039BD5
:100B1000DB190393A6E7002DF3D001210A4222D06E
:100B20002289002A08D12268FE31D218023A1170B7
:100B30002268D318013B1970636926895B196361C8
:100B4000002E38D13D0023683A0A1F7023685A707E
:100B50006369023363610223029A521992B20192CD
:100B600000222261C1E702210A42F5D02289002A2F
:100B700000D069E72268290AD218023A1570226863
:100B80002E00D218013A117020682A000399C0186B
:100B900003F0A0FAA269636901325B19A2612268BD
:100BA00063617B1B13702268190A517062691D0012
:100BB00002326261CFE700263D003300CCE700003F
:100BC000F7B5020000910389002055690880281EAE
:100BD00031D05842434116895B001068D768546889
:100BE0000193002E08D17B1CC65DA34200D31B1BC2
:100BF000C35C1B02F618B6B2009B1E80137F9C4696
:100C0000032361460B40012B16D03300019ED168AF
:100C100071180E00A14200D30E1B8019019E9E196F
:100C2000AD1B556104D05B18A34200D31B1BD360DE
:100C30009369013B9361FEBD104B9E4202D1138923
:100C4000002B08D01369BB42DFD21389002BDCD004
:100C5000E11B9942D9D20026ED192D1B5561D660B2
:100C6000B34208D101360378B44200D86640865DAD
:100C700036029B199BB200990B80C7E7FFFF00006B
:100C8000F7B5002203890A8042690400101E39D09A
:100C90005A4253415B0001932389E66820686568E6
:100CA000002B08D1771C835DAF4200D37F1BC75D4B
:100CB0003F02DB199BB203220B80277F1740012FD5
:100CC0001AD1114A93420ED12389002B0BD13C003B
:100CD00003786C40BD4200D93C00045D24021B191E
:100CE00000260B8008E02369B34205D22389002B3C
:100CF00002D0AC1B9C42F3D3019B9A19AA4200D3A9
:100D0000521B8018FEBDC046FFFF00000B00F0B56F
:100D1000103BDBB20F0089B0102B04D83A49D94000
:100D20000023C90705D40023FF20F032137009B057
:100D3000F0BDC15CD1540133BB42FAD111001C3368
:100D40009B00DBB207931B09013BF0310B700123C1
:100D5000140004932D4B151FED19059706936B781E
:100D600039000193AB7805980293EB782E780393C2
:100D7000EFF700FAC9B2002935D1069B019A029912
:100D80009A5C049B5A40069B5B5C03990193069B0B
:100D90005B5C1B210293069B9B5DD6B20393049B75
:100DA000DB095B420B40049949004B40DBB20493E2
:100DB0002378019A5E402E71637804355A406A7038
:100DC000A378029A5A40AA70E378039A04345A40EE
:100DD000059BEA700433DBB20593059A079B9342A7
:100DE000BDD80020A3E7182FE2D91029E0D1074B86
:100DF000019A9E5D9A5C0192029A9A5C0292039A11
:100E00009B5C0393D4E7C04601010100B879010857
:100E10008C461100F0B5F0310978ADB003000B91AC
:100E2000FF20002900D1FAE0197810784140C9B2BA
:100E30005078019159784140C9B2907823919978BE
:100E40004140C9B2D0782191D9784140C9B21079D6
:100E5000249119794140C9B25079029159794140A0
:100E6000C9B29079039199794140C9B2D07925915D
:100E7000D9794140C9B2107A2691197A4140C9B254
:100E8000507A0491597A4140C9B2907A0591997A81
:100E90004140C9B20691D97AD07ACA4C4140CFB20A
:100EA000107B197B4140C9B2507B0791597B41406F
:100EB000C9B2907B0891997BDB7B4140C9B2099113
:100EC000D17BC1484B40DBB20A9313000B99090157
:100ED00051182A91BD491D7C10332295019D2995F9
:100EE000069D4D5D18950A9D4D5D1795019D4E5DC2
:100EF000039D4D5D1695029D2895099D4D5D1595A7
:100F0000249D14954D5D1395029D4D5D1295059D93
:100F10004D5D1195049D2795219D1C9710954D5D64
:100F20000F95269D0E954D5D0D95049D4D5D0C957F
:100F3000089D4D5D2095079D2B95239D1F95259D13
:100F40001E954D5D1D95CD5D1B95079D4D5D1A95BB
:100F50001F9D4D5D19952A9DAB4262D10B9B1032AE
:100F6000013BDBB21B019B18229A16995640624640
:100F700016705A78179D51400A0061464A709A7857
:100F80001899002051400A0061468A70DA7855406D
:100F9000CD701A79129951400A0061460A715A7946
:100FA000119951400A0061464A719A791599514048
:100FB0000A0061468A71DA79139951400A00614644
:100FC000CA711A7A0C9951400A0061460A725A7A1B
:100FD000209951400A0061464A729A7A0F9951400D
:100FE0000A0061468A72DA7A0D9951400A00614618
:100FF000CA721A7B1A9951400A0061460A735A7BD9
:10100000199951400A0061464A739A7B1D995140D3
:101010000A0061468A73DB7B1B9A5A40CA732DB063
:10102000F0BD179D189F6F40019D2197475D219D41
:101030006F40039D655D6F40229D7D40EDB2039F33
:101040000195179DC75D75406F40069D655D7D40AC
:101050005F787D40EDB22395169D6E40069D455DFF
:1010600075400A9EA65D6E409D786E40F5B2219552
:10107000189E169D6E40299D655D75400A9E865D91
:101080007540DE787540EDB22495139D159E754030
:10109000029E865D6E40059D655D75401E797540BA
:1010A000EDB2129E0295139D7540059E865D6E40C1
:1010B000099D655D75405E797540EDB2119E0395A1
:1010C000129D7540099E865D6E40149D655D75405C
:1010D0009E797540EDB2159E2595119D6E40289D17
:1010E000655D7540149E865D7540DE797540EDB294
:1010F00026950D9D0F9E7540049E865D6E40089D51
:10110000655D75401E7A7540EDB20C9E04950D9D8F
:101110007540089E865D6E40109D655D75405E7AE7
:101120007540EDB2209E05950C9D7540109E865D24
:101130006E400E9D655D75409E7A7540EDB20F9EC6
:101140000695209D6E40279D655D75400E9E865DCF
:101150007540DE7A7540EFB21B9D1D9E7540079E5F
:10116000865D6E401F9D655D75401E7B7540EDB2CE
:101170001A9E07951B9D75401F9E865D6E401E9DA5
:10118000655D75405E7B7540EDB2199E08951A9DB0
:1011900075401E9E865D6E401C9D655D75409E7B04
:1011A0007540EDB2199E09951D9D75402B9EA65D5B
:1011B0006E401C9D455D7540DE7B7540EDB20A9525
:1011C00089E6C046B8770108B8780108B8790108FF
:1011D00010B5040010220021F130FFF75FFB23005F
:1011E0000021FC33F02220009961FFF757FB10BD6E
:1011F00010B5020008001021FFF788FD10BDF0B502
:101200000700FC370400B86989B0029101920028F8
:101210002AD01026361A3500964200D91500023021
:10122000FF300299AAB22018FFF723FBBB69EB1825
:10123000BB610F2B43D9019B9E4240D22300F13367
:101240001800A11CFF311A781E7C72401A700133FD
:101250008B42F8D122000100FFF7DAFD029B5B19F7
:101260000293019B5B1B0193A31CFF33019E03931D
:1012700019E027000025F1377B5D4A5D53407B551F
:101280000135102DF8D12A00390004A8FFF7F1FA32
:1012900004A922000800FFF7BBFD2A00380004A9BA
:1012A000FFF7E7FA103E029B019A9918891B102E4E
:1012B000DFD80398B2B2FC34FFF7DBFAA66109B0BD
:1012C000F0BDF0B50D008BB002AC102200210190F2
:1012D0002000FFF7E3FA2A0021002000FFF798FD25
:1012E0002278230000217F2A3AD918785A784000C2
:1012F000D209024301311A7001330F29F5D1792344
:10130000E27B5B42520053402900FC31E3738B695E
:10131000102B32D10023A91CFF31CA5CE05C424093
:10132000CA540133102BF8D12B00F1331900A81C3B
:10133000FF301A781F7C7A401A7001339842F8D136
:1013400006A81022FFF795FA2A00019906A8FFF7D0
:101350005FFD102200212000FFF7A0FA0BB0F0BDC6
:1013600018785A784000D209024301311A700133CB
:101370000F29F5D1E37B5B00C6E720782200002728
:101380007F2829D916785078B4466646C009760079
:1013900030430137107001320F2FF3D17922E07BF7
:1013A00052424000424080200027E273EA18FF3298
:1013B0009070A81C5A1CFF300F2A1CD90133102B27
:1013C00000D210238B610023C25CE15C4A40C2540E
:1013D0000133102BF8D1A7E716785078B44666464B
:1013E000C009760030430137107001320F2FF3D15E
:1013F000E27B5200D7E787540132DDE74278037879
:1014000012021A438378C0781B0413430006184362
:101410007047002210B51100082000F0C5FA431EE5
:101420009841400010BD07B540236A46D3716B4612
:1014300001220820D91D00F0B7FA002800D00320AF
:101440000EBDF0B585B0050000F0FEFA01240600DF
:101450000E2700236F443B7000F0F6FA002C02D1F7
:10146000801B85421ED96B4641220F21DA7301236E
:1014700008200093403A3B00694400F0B7FA002886
:1014800013D13B78012B0ED000F0DEFA831BAB4268
:1014900008D27319181A322800D9322000F0D0FA75
:1014A0000024D5E7052005B0F0BD0420FBE70000CF
:1014B000F0B5040089B00620002C68D00026039601
:1014C0004C4B039A9D5C0223012D03D0DB18302D79
:1014D00000D104330F2102AA891806AF0D70012232
:1014E000009308203B0000F081FA00280BD1013660
:1014F000212D00D16CE053D8122D64D049D8012D94
:1015000059D0112D5AD0039B01330393082BD7D107
:10151000394B0C21625E9A4203D10423A27A134311
:10152000A37223002200283330321978FF2906D114
:1015300001339342F9D10823A27A1343A37222699B
:101540002E4B9A4202D0E2699A4203D11022A17A2C
:101550000A43A27262699A4202D0226A9A4203D175
:101560002022A17A0A43A272A2699A4202D0626A38
:101570009A4203D14023A27A1343A3720620002E7D
:1015800005D0083E731E9E4101307642304009B0BE
:10159000F0BD132DB7D13800FFF730FFA061B2E7DF
:1015A000232D1AD0302D1DD0222DACD13800FFF7BD
:1015B00025FF2062A7E73B88A381A4E73800FFF757
:1015C0001DFF20619FE73800FFF718FF60619AE771
:1015D0003800FFF713FFE06195E73800FFF70EFFD3
:1015E000606290E7200008223900283002F072FD86
:1015F00089E7C046B87A010864CEFFFF809698005C
:1016000070B504000D00FFF70EFF03000320002B50
:1016100007D12800FFF715FF002802D12000FFF7AF
:1016200047FF70BD0B0E03700B0C43700B0A8370E9
:10163000C170704770B504001500002801D100206A
:1016400070BD002AFBD02B29F9D9138864211A0A0E
:10165000027043706B881A0A8270C370AB881A0AD2
:1016600002714371AB7983712889EEF747FD01233D
:101670007F22E07120002372AB7A0C30134063723A
:101680000C22AB5E1A0AE372A2722969FFF7CAFF45
:10169000200069691030FFF7C5FF2000A9691430E8
:1016A000FFF7C0FF2000E9691830FFF7BBFF2000FB
:1016B000296A1C30FFF7B6FF2000696A2030FFF767
:1016C000B1FF002328352434EA5CE2540133082BAF
:1016D000FAD12C20B4E70000014B18887047C046AF
:1016E0007406002010B50800F7F77AFD10BD10B59C
:1016F000FFF785F810BD10B508001100FFF780FF57
:1017000010BD10B50800FFF79CFE10BD10B5FFF727
:1017100080FE10BD10B50248F4F720FF10BDC04692
:10172000D816002010B544220021074802F08CFC96
:101730000648074B0360074B43600123C360F4F77F
:10174000B7FE4342584110BDE0160020D8160020D5
:10175000005800402E11B10010B50022202102488F
:10176000F3F72EFC10BDC046000400507FB50221E7
:10177000124B03A8DA6A0A43DA62DB6A0B40009371
:10178000009B0F4B0F491A680A401A609A680A407A
:101790009A60DA680A40DA608022D2015A61002138
:1017A0000C2202F051FCC023DB0101930323064805
:1017B00001A90293F3F7C6FA07B000BD001002407A
:1017C00000040140FFBFFFFF000400507FB502216D
:1017D0000E4B0F48DA6A0A43DA62DB6A01220B40D9
:1017E00000931E31009BF3F7EBFB0822002104A8B5
:1017F00002F02AFC202301930F3B02930448103B84
:1018000001A90393F3F79EFA07B000BD0010024050
:1018100000040050014B18787047C0462417002080
:10182000034B072802D8034B8000C35818007047A9
:10183000516F0108C07A0108F0B5584B85B004001B
:101840000D0003920293002823D04368002B20D080
:101850008368002B1DD0C368002B1AD00369002BAE
:1018600017D04369002B14D08369002B11D0C369B2
:10187000002B0ED0036A002B0BD0436A002B08D03C
:10188000836A002B05D0C36A002B02D00027B9421F
:1018900006D100230126029A1370300005B0F0BD76
:1018A000029A7B1C002113702800302202F0CCFB2E
:1018B000636820689847A36820689847E3682068B1
:1018C00098471921A3692068984723692068984799
:1018D000031E20680DD1A368984763682068984765
:1018E0000126002F2CD1C821A36920689847013711
:1018F000D6E7E36998470123060001932068E3696E
:101900009847019B002B03D1254B801B98420BD895
:10191000236A20689847002833D0E36920689847F5
:101920001F4B821B9A421CD9022663692068984784
:10193000A36820689847636820689847002ED0D134
:10194000731EDBB2012B03D9B31FDBB2012B13D8FB
:101950000123AA7A1343AB72E36A2068984728816F
:101960009BE7104BF118091A322900D93221A369DB
:10197000206898470023C0E7002EEDD00223AA7A02
:10198000E8E7636A039920689847061ECDD12900CD
:10199000A36A039A206898470600C6E72417002028
:1019A000DB050000DC05000037B50D004100002A12
:1019B00011D1FA230C489B000132F4F7F9FF0028FB
:1019C00008D0032806D00848F5F78AF80438431EE3
:1019D000984101303EBD93B2FA2292000092024833
:1019E0002A00F4F7D5FDEAE7D81600207FB5012AD2
:1019F00002D0022004B070BD089C651E0E4CA542AA
:101A0000F7D80E784100FA208000029008980093E1
:101A100084B21300094832000194F4F707FF00284C
:101A2000E8D00328E6D00548F5F75AF80438431EF5
:101A300098410130DEE7C046FEFF0000D8160020C6
:101A400010B5F7F7CDFB10BD10B5FEF7D8FE10BDF1
:101A500010B50A0001000248FFF7EEFE10BDC046B7
:101A6000E07A010810B50020FFF7B0FE0020FFF774
:101A70007DFE10BDF7B5019393B21F0084B2050C33
:101A8000160C6B436743754366433C0CF618A41968
:101A9000A34202D980235B02ED18019B51434343CB
:101AA000260C75192404BFB259184919E01903B05E
:101AB000F0BD9E2110B5C905041CEEF729FC0028D5
:101AC0000AD09E21201CC90500F020FB00F09CFCE0
:101AD00080231B06C01810BD201C00F095FCFAE7FF
:101AE00070B500220B4B04000D00EEF7D7FB002869
:101AF0000BD0084B00222000290001F0ABFD02F0C2
:101B00007BF880231B06C01870BD2000290002F05E
:101B100073F8F9E70000E041F0B506000F0015008A
:101B20001C0085B08B4264D801D1824261D821006B
:101B30002800EEF74DFC390000903000EEF748FC2D
:101B4000009B21001B1A1A0028000393EEF716FCD5
:101B500000900191019BBB4245D802D1009BB3424A
:101B600041D8009B019C01200021039AF61AA7414D
:101B7000EEF704FC04000D00039B002B2BD0019B0F
:101B8000009ADB0750081818019B5908039B9C46D4
:101B9000B9422BD801D1B04228D832003B00121AEA
:101BA0008B41012692185B410027B6185F41012343
:101BB0005B429C446346002BEAD130003900039A13
:101BC000EEF7D0FB039AA4197D4106000F00EEF753
:101BD000D5FB241A8D410A9B002B00D0C0C32000E6
:101BE000290005B0F0BD00240025C5E7B6197F41E6
:101BF000DDE700240025EEE7F0B5470285B046009A
:101C000002917F0A360EC40F002E0AD0FF2E69D033
:101C100080220023FF00D2047F3E174301960093E9
:101C20000EE0012301970093B74209D03800EEF788
:101C3000B1FB431F9F4076235B421B1A0193009622
:101C4000029B5D025E00DB0F6D0A360E039350D0DF
:101C5000FF2E5BD08022ED00D204154332007F3A84
:101C60000021019B039E9B1A0193009B66409800F4
:101C70000296084307284FDC012831D0831E052B2C
:101C800066D97B016C01A34200D273E01A200121C6
:101C90001B1B01251F0049005B00002F01DB9C423C
:101CA00001D81B1B294301380028F3D1581E83415A
:101CB0000B431F00019C7F34002C00DC71E07B078C
:101CC00004D00F233B40042B00D004373B0104D544
:101CD000019A484B803214001F40FB08FE2C2EDD79
:101CE000002357E0032301960093002FA8D1013B66
:101CF00095E72A000121B542B3D02800EEF74AFB50
:101D00007622431F52429D40121AA9E73200032156
:101D1000002DA6D10139A4E70A380528E0D8EEF74E
:101D2000CFF9253B0303032F0294009B022BD7D04E
:101D3000032B57D00023009A1C00012ABAD15B0262
:101D4000E0055B0A1843029BDE07304305B0F0BD97
:101D50000123834054261A0000231C003242EED196
:101D600088331A4218D1052800D08AE7802700243A
:101D7000FF030BE0019A1B20013A0021019288E742
:101D80008023DB031F4201D01D4228D08023DB03C8
:101D90003B430294FF24D2E7039B2F000293009160
:101DA000C3E723001A331FDB019A01239E32390057
:101DB00097401B1BD9403A000B00511E8A41134328
:101DC0005A0704D00F221A40042A00D0043380227C
:101DD0001C00D2041440134209D1DB08AFE72F00E6
:101DE000039CD3E7029CD1E700231C00A7E7002354
:101DF0000124A4E7FFFFFFF730B5420244004D0283
:101E0000C30F4800520A240E6D0A000EC90FFF2CA2
:101E100003D1002A10D0012030BDFF28FBD084421E
:101E2000F9D19542F7D100208B42F5D08442F2D10E
:101E3000531E9A411000EFE7FF28ECD1F1E770B58F
:101E40004A0244024500640A2D0EC30F520ACE0F07
:101E5000FF2D12D04900090EFF2901D1002A0ED111
:101E60002000284300290DD000280FD0B34212D102
:101E70008D4210DC13DA580009E0002CEAD0022071
:101E8000404270BD884204D18242FAD070000138CD
:101E9000F7E7002AEAD101205B421843F1E79442B8
:101EA000F9D800209442ECD2E5E770B54A0244022A
:101EB0004500640A2D0EC30F520ACE0FFF2D12D01B
:101EC0004900090EFF2901D1002A0ED12000284324
:101ED00000290CD000280ED0B34211D18D420FDC66
:101EE00012DA580008E0002CEAD0022070BD8842C7
:101EF00004D18242FAD070000138F7E7002AEBD112
:101F000001205B421843F1E79442F9D80020944243
:101F1000ECD2E6E7F0B5C30F85B047024400039169
:101F20007F0A240E01932ED0FF2C3AD08022FF008E
:101F3000D2047F3C174302940025039B5C025B00A4
:101F40001E0E039B640ADB0F0393002E2FD0FF2E7F
:101F500039D080233000E400DB041C437F380023A9
:101F6000029A8218A8009446184301320B2843DCD9
:101F70000199039E7140019102282ADC0138012851
:101F80004FD81D003BE001250297A742D5D038006D
:101F9000EEF700FA7626431F76429F40331A0293EB
:101FA000CAE703250294002FC7D1013DC5E72000F1
:101FB0000123B442D4D0EEF7EDF9431F9C407623C1
:101FC0005B42181ACBE730000323002CC8D1013B39
:101FD000C6E701218140A620C00001420ED10D00BC
:101FE00048480540014261D190239B00194218D016
:101FF00080270195FF0354E00F284CD03C00022DB0
:1020000047D0032D00D174E000231800012D2CD1FE
:102010005B025B0AC0051843019BDB07184305B050
:10202000F0BD200CA4B225003B0CB9B24D435C437B
:102030004143434309191F002B0C5B189C4202D9F2
:10204000802149027F181904ADB24D19AC01611EFF
:102050008C411B0CAD0EDB192C439B011C431B0157
:1020600027D5012361081C400C4310007F30002855
:1020700021DD630704D00F232340042B00D0043458
:10208000230103D5803210001F4B1C40E308FE28BB
:10209000BEDD002308E08023DB031F4201D01C4289
:1020A00025D08023DB033B43FF20B1E70399019157
:1020B00067E76246D9E703001A331CDB01232100DE
:1020C0001B1A9E32D94094400B00621E9441234358
:1020D0005A0704D00F221A40042A00D00433802269
:1020E0001800D2041040134208D1DB0890E7039B8C
:1020F00001932700D5E70023180089E7002301207A
:1021000086E7C04688080000FFFFFFF7F7B54702E3
:102110007B0A9C464B0245005B0A4C00C60F2D0E05
:10212000BF090193240EC80FDA00FF2C20D1002A2A
:102130001ED000900099281BB14200D098E00028E2
:1021400031DD002C1CD1A24218D0411E012813D130
:102150000500BB185A0100D42DE1681CFE2D00D1EA
:10216000E6E0A54A59081140012213400B437DE0E7
:10217000012141400091DDE7FF2807D105001BE068
:10218000FF2D19D080230100DB041A4301231B29F2
:1021900007DC13002020CB40411A8A40511E8A419F
:1021A0001343DB19D6E700282AD0631B002D1FD16B
:1021B000AF4207D117001D00FB08FF2D30D1002BC7
:1021C0004AD12DE0591E012B02D10125BB18C1E7D0
:1021D000FF2BEFD001231B2907DC3B002020CB4045
:1021E000411A8F40791E8F413B4325009B18B1E770
:1021F000FF2C00D1F5E08021C9040F431900E9E765
:10220000FE21681C08422CD1002D18D1AF4200D10C
:10221000E5E0AA4200D1D6E0BA18D308520101D4B1
:10222000280002E00120754A1340FF22D205C005B4
:102230005B0210405B0AF60718433043FEBD002FD7
:1022400000D1CEE0002A00D1CCE06D4A944502D9FD
:102250000199914200D963468022D203FF201343A3
:10226000E3E70023FF28E0D0BB185B080500A2E0ED
:10227000002827DD002C1DD1A24200D17EE7411E9F
:10228000012807D10500BB1A5A0100D493E09B0135
:102290009C0975E0FF2800D170E701231B2907DCAA
:1022A00013002020CB40411A8A40511E8A4113431B
:1022B000FB1AE9E7FF2D00D17EE78023DB04010054
:1022C0001A43EAE7002826D0631B002D1CD1AF4239
:1022D00002D11700009E6EE7581E012B03D1012585
:1022E000009ED31BD0E7FF2BF3D001231B2807DC74
:1022F0003B002025C340281A8740781E87413B4376
:102300002500009ED31ABFE7FF2C6DD08020C004AB
:1023100007431800E9E7FE216C1C0C422BD18542D3
:1023200019D1874206D1009E824200D07DE72E005F
:1023300000237AE7002A46D0BB1A5C0106D5009E2E
:10234000D31B0020834200D16FE78FE71F1E00D010
:1023500032E71E0069E7002F03D1BA4247D0009E42
:102360007AE7002A3ED0264A944500D873E70199BF
:102370009142F4D96FE7BC1A630114D5009ED41BB7
:102380002000EEF707F823000538834085420FDC74
:102390002022401B0130121A19009340C1405A1EDE
:1023A00093410B43CDE7002CEAD1060003003CE744
:1023B000144A2D1A13405A0704D00F221F1D1A4029
:1023C000042A00D11F007B0100D4F5E60023681C1D
:1023D000FE2D00D129E7094AFB08134025E7130029
:1023E000AFE71700FF25E7E61700009EFAE7802316
:1023F0001600DB0330E7C046FFFFFF7DFFFF7F1FB6
:10240000FFFF3F00FFFFFFFB41024300C20F490AED
:1024100000201B0E7E2B03DD9D2B02DD084BD01808
:102420007047802000040843952B05DD963B9840BB
:10243000002AF5D04042F3E79621CB1AD840F7E7BF
:10244000FFFFFF7F70B503000400051E0ED0C2170A
:1024500085185540C40F2800EDF79CFF9E231B1ADA
:1024600007280ADD08282AD0083885406A02D805DE
:10247000520A1043E407204370BD1249042819DCB6
:1024800002002E001B329640721E96410522121A3F
:10249000D54035432A000A406E0709D00F26354043
:1024A000042D05D00432550102D59F230A401B1A82
:1024B000D508DBE70528EDD0421F9540EAE79623D3
:1024C000D4E7C046FFFFFFFB002370B5040098422D
:1024D00009D0EDF75FFF9E231B1A072808DD0828A7
:1024E00029D0083884406402D805640A204370BDAE
:1024F000124904281ADC020025001B3295402A00EC
:10250000551EAA4105252D1AEC40144322000A400D
:10251000650709D00F252C40042C05D00432540146
:1025200002D59F230A401B1AD408DCE70528EDD00A
:10253000421F9440EAE79623D5E7C046FFFFFFFB22
:10254000F0B585B002920393CB0F0D030193039B6B
:102550004C006D0A410F5E0029431D03DB0F9C46B2
:10256000029B029A019F6D0A640D760D5B0F2B434F
:10257000C000D200A51B674500D023E1002D5FDD20
:10258000002E13D11E0016430DD06E1E012D07D153
:10259000821882428041CB181B1A10002C0027E0C1
:1025A000BA4FBD420AD10B00020051E0B74EB4420F
:1025B00000D141E18026360433432E00382E3ADC28
:1025C0001F2E27DC20251F00AD1BAF4002953D00CC
:1025D0001700F7402F43029DF340AA4015006A1EE2
:1025E00095413D432D18854280415B181B1A2800F8
:1025F0001A0200D4D4E0A54A0134944200D159E231
:102600000122A3490240194043081343C807184355
:102610004B08C5E035001F00203DEF400025202E6F
:1026200003D04035AD1BAB401D0015436B1E9D41D3
:102630003D430023D6E713431D006B1E9D41F8E781
:10264000002D4DD0351B002C2BD10C00044301D1A3
:102650002C005FE06C1E012D05D180189042924144
:10266000CB189B1A9AE7894FBD42F1D0382C32DC47
:102670001F2C1FDC20250F002D1BAF4002953D00B5
:102680000700E7402F43029DE140A8400500681E77
:1026900085413D43A81890429241CB1834009B1AC3
:1026A000A6E77A4F3400BE4234D08024240421436C
:1026B0002C00DBE725000F00203DEF400025202CFB
:1026C00003D040352D1BA9400D000543691E8D41E7
:1026D0003D430021DEE701430D00691E8D41F8E70F
:1026E0006C4F661C3E424DD10D000543002C2CD191
:1026F000A54200D1D4E11C00144300D1D2E112184C
:1027000082428041CB181B1A190200D4C8E101246F
:102710005F490B405907D2080A435C49DB088C42E9
:1027200006D11100194300D1CDE1802109030B43EB
:102730001000594A24051B0314401B0B1C43019B2A
:10274000DB071C43210005B0F0BD504C002DE1D04B
:102750001C00144300D12EE14C07C0082043802404
:10276000C9082403214202D0DD08254206D00D000D
:10277000ED00430F2B43C200444CCBE7D0085B076E
:102780001843F5E7414CA64200D192E182188242FB
:1027900080413400CB181B1AD807520810435B083D
:1027A000420704D00F220240042A00D07CE102003C
:1027B0001902AFD5354901348C4200D17AE1344950
:1027C0000B40A7E7002D55DD002E32D11E00164329
:1027D00000D1E8E66E1E012D07D1821A9042804199
:1027E000CB1A1B1810002C001DE0284FBD4200D151
:1027F000D9E6382E39DC1F2E26DC20251F00AD1B24
:10280000AF4002953D001700F7402F43029DF34073
:10281000AA4015006A1E95413D43451BA8428041D0
:10282000CB1A1B1828001A02BAD55B0206005D0AF3
:10283000ECE0164EB44202D10B0002006AE780269B
:10284000360433432E00D4E735001F00203DEF400F
:102850000025202E03D04035AD1BAB401D00154395
:102860006B1E9D413D430023D7E713431D006B1EA4
:102870009D41F8E7002D5DD0351B002C39D10C00AF
:1028800004430BD161460191E2E6C046FF07000018
:10289000FFFF7FFFFE0700000000F07F6C1E012D90
:1028A00007D1101A824292415B1A9B18624601922C
:1028B00099E7864FBD42E5D0382C36DC1F2C23DC4F
:1028C00020250F002D1BAF4001953D000700E7407C
:1028D0002F43019DE140A8400500681E85413D430E
:1028E000501B824292415B1A9B186246340001924F
:1028F00099E764460194754CA64200D10AE780240A
:10290000240421432C00D7E725000F00203DEF4091
:102910000025202C03D040352D1BA9400D00054378
:10292000691E8D413D430021DAE701430D00691E18
:102930008D41F8E7664E651C354258D10E001D00EA
:1029400006431543002C27D1A64206D11000A5420C
:1029500013D1230022000194DCE6002D00D1A1E078
:10296000861AB042BF41CD1A7F42ED1B2F020CD513
:10297000101A824292415B1A9B1862460192020031
:102980001A4300D19CE000240AE732002A4300D118
:1029900093E02B003000F2E7002E0AD161464B4C49
:1029A0000191B54200D0B5E680232A000195DB03F2
:1029B000B0E6002D02D10B000200DDE680254C07B9
:1029C000C008C9082D032043294202D0DC082C424C
:1029D00009D0019B0C009C466146E400430F234351
:1029E000C2000191C8E6D0085B071843F4E7861AD5
:1029F000B042BF41CD1A7F42ED1B2F0229D5161AD6
:102A0000B24292415B1A9D1863460193002D27D074
:102A10002800EDF7BFFC0200083A202331009B1A82
:102A2000D94095400B002B4335009540A24232DB44
:102A3000121B511C1F291EDC20221800521A2C00C8
:102A400095409040CC406A1E95412043CB4028439E
:102A500095E732002A43D9D113001400019259E6B8
:102A60003000EDF797FC020018321F2AD5DD330045
:102A700008388340DAE718001F3AD04000222029A6
:102A800003D04032521A93401A002A43531E9A41EF
:102A90000023104373E7A41A0E4A280013407FE670
:102AA00010006CE70B006AE7021D824280411B1A8E
:102AB0007EE6064C00231A002CE61300019229E65C
:102AC0001300140026E60B0032E6C046FF070000A4
:102AD000FE070000FFFF7FFFF0B58BB00090019173
:102AE00002920393019B019A1D03D20F5B00009C8D
:102AF0002D0B5B0D059200D14CE1C24A934200D1EF
:102B000070E18027620FED001543BF4A3F049B1818
:102B10002F43E40000930026029B0493039B1D03B4
:102B20005800DB0F2D0B400D089300D176E1B54B1B
:102B3000984200D19AE1029BED005B0F1D43802378
:102B4000029A1B04D2000492AF4A2B438018002241
:102B50000599089D694007910099091AB0000691EE
:102B60001043072800DD8EE1012800D13FE2811EDD
:102B7000052900D89FE1BB4205D300D0ABE1049A00
:102B8000A24200D9A7E1F90762081143E0070C004F
:102B900000907F08049A1B02160E1E431B0C09931B
:102BA0003800B3B21202099905930292EDF7E2FAE6
:102BB000B3B2434307000904200C0843834207D9FA
:102BC00080197A1E864202D8834200D989E1170013
:102BD000C01A0999EDF7CEFAB3B243430904A4B27F
:102BE0000C43A34207D9A419421EA64202D8A3420D
:102BF00000D979E110000299E41A0904090C0D00CA
:102C0000029B3F041B0C0593074305983A0CBBB28B
:102C10005D4308914343514342435B18280CC3185A
:102C2000994202D9802149025218190C2D041B0423
:102C30002D0C8A185D19944203D311D1009BAB422D
:102C40000ED2009B0298791E1B18009383429B4171
:102C5000F31AE418A64200D24EE100D147E10F007A
:102C6000009BA41A5D1BAB429B41E018864200D139
:102C70006DE10999EDF77EFAB3B24343040009040C
:102C8000280C0843834207D98019621E864202D865
:102C9000834200D942E11400C01A0999EDF76AFA9B
:102CA000B2B242430904ADB203000D43AA4207D9B0
:102CB000AD19591EAE4202D8AA4200D931E10B002B
:102CC00020041843AD1A089A83B25A430899009217
:102CD000059A040C614353435443009A5B18120C49
:102CE0009B18994202D980225202A418009A190C0A
:102CF00012041B04120C09199A188D4204D3040003
:102D00008D4219D1002A19D07519441EB5420ED32F
:102D10008D4203D310D1029B93420AD2049B841E9E
:102D20005802029B029098429B41F31AED188D4283
:102D300002D1029B9A4201D001231C43069B334AD5
:102D40009A18002A00DC05E1630708D00F2323400E
:102D5000042B04D0231DA342A4413F1B1C00FB01F4
:102D600005D52B4B069A1F408023DB00D218294B38
:102D70009A4200DD3BE1E4087B071C43FB081B0390
:102D80001B0B12051A43079B2000DB071A43110097
:102D90000BB0F0BD009F2F439F422AD09D4214D01C
:102DA0002800EDF7F7FA010003000B3918001D2287
:102DB000009F0838521A8540D7402F43009D854018
:102DC000154A2C00D31A0093A5E62000EDF7E2FA8D
:102DD00001000300153120331C29E7DD009F08386E
:102DE0008740EDE7009F2F4307D13C000226009368
:102DF00092E63C00012600978EE62F000326009302
:102E00008AE6C046FF07000001FCFFFFFF03000049
:102E1000FFFFFFFEFE0700000DFCFFFF029B2B43A0
:102E2000834229D0854214D02800EDF7B3FA02007E
:102E300001000B3A1D239B1A029A0800DA40083859
:102E4000854013002B43029D85406C480495401A31
:102E50007DE60498EDF79EFA02000100153220315C
:102E60001C2AE7DD029B08388340EEE7029B2B43D8
:102E700006D1022204936BE618000122049367E650
:102E80002B00032264E60A38052800D9AFE0EDF7ED
:102E900017F9A0580303034B059B0793022E00D19B
:102EA000A5E0032E00D19FE0012E00D046E70024CC
:102EB0002300220063E70121542581402942F6D1F5
:102EC0000E0034352E4029423BD1052800D052E671
:102ED0003400059680E0069A013A0692002200929C
:102EE00058E6023F801973E60238A41983E6029B74
:102EF0000098834200D9B2E6A24205D800D0AEE6DF
:102F0000009B9D4200D8AAE6009B0299023F5B18F5
:102F100000938B429B41F31AE418A1E6023C80190E
:102F2000BAE6023BAD19CBE680221203174201D06C
:102F3000134254D08023059A1B033B430792304A27
:102F40001DE708991F001600049C0791A6E70124BD
:102F50006442F3E613003733A9DB13001E3325DB8D
:102F60000121069B891A274A20009B189C403A00A1
:102F7000C8409A4023000243581E83411A4314005C
:102F8000CF40620708D00F222240042A04D0221D1D
:102F9000A242A4413F1B140080213A0009040A40C8
:102FA0000F4227D1E1087C070C43E7E61F233900D5
:102FB0005B429B1AD94000231F3204D0069B124A61
:102FC0009B189F403B001C43631E9C4100270C4301
:102FD000D7E700231C00059380273F03AAE7089A40
:102FE0001F00049C0592A5E7079B0593A2E7002418
:102FF0002300A4E7002301221C00C0E60DFCFFFF14
:10300000FF0700001E0400003E040000F0B50D00A4
:103010001900040087B0EE0F01960E03360B0296DE
:103020004E00760D154F10002B036A000396CE0F4D
:1030300005941B0B520D0496BA4205D11E0026437F
:1030400002D0012007B0F0BD039E8446BE4202D1EB
:10305000029E0643F5D1080068404000F1D1059971
:103060006145EED10199049E4008B142EAD0002AA0
:10307000E7D123431800431E9841E3E7FF07000010
:10308000F0B589B0009201930E03019A330B4F0003
:1030900005931203CB0F0199120BC90F0392019AEA
:1030A00004912849520004008C4607907F0D520D70
:1030B0008F4218D0009910000691624503D1039900
:1030C000009E314312D1002F14D00024002A2DD1AC
:1030D000009D03990D43944211D0954208D0049B62
:1030E0005800013804E005982043E3D00220404214
:1030F00009B0F0BD05990C4365426C41E6E7002D2F
:1031000016D101205B421843F2E79742E7DB039AAE
:1031100005999142F5D8E3D1069A07998A42F0D3EE
:10312000069A079900208A42E2D9D9E7002CD6D125
:1031300004999942E5D19742E7DD0120049B594269
:103140000843D5E7FF070000F0B589B0009201936E
:103150000E03019A330B4F0005931203CB0F019915
:10316000120BC90F0392019A0491284952000400DE
:103170008C4607907F0D520D8F4218D00099100099
:103180000691624503D10399009E314312D1002F6D
:1031900013D00024002A2CD1009D03990D439442A2
:1031A00010D0954207D0049B5800013803E00598E1
:1031B0002043E3D0022009B0F0BD05990C436542DD
:1031C0006C41E7E7002D16D101205B421843F2E77E
:1031D0009742E8DB039A05999142F5D8E4D1069A23
:1031E00007998A42F0D3069A079900208A42E2D9C9
:1031F000DAE7002CD7D104999942E5D19742E7DD6F
:103200000120049B59420843D5E7C046FF07000050
:10321000F0B58BB0009201930D034B00CA0F06006E
:103220002D0B5B0D02923DD0694A934263D0EA00B8
:103230008025410F0A432D041543664AC4009B189C
:1032400003930027019B00981E035A00DB0F360BE7
:10325000520D04935ED05E4B9A4200D181E0F300A0
:103260008026410F0B435B4936041E43C3005018B0
:10327000002203994118B800069110430131844699
:1032800000910B2800DD91E00299049841400291E1
:103290006146022974DC60460138012800D99FE0AC
:1032A000170088E02C0004439C422BD09D4216D08E
:1032B0002800EDF76FF8040002000B3C1D233000DE
:1032C0001B1B1100D84008398D4003002B433500EB
:1032D0008D4041492C008A1A1D000392B1E7EDF799
:1032E00059F804000200153420321C2CE6DD3300AE
:1032F00008388340EDE704002C4307D1250002275E
:1033000003939FE72500012703949BE7040003270D
:10331000039397E7009B3343934229D0964214D0FE
:103320003000EDF737F8010003000B391D221800BB
:10333000521A009908388640D1403143009E864099
:103340002548C01A33000E0092E7EDF723F801007C
:103350000300153120331C29E8DD0099083881402D
:10336000EEE7009B334307D110001E00022280E7E6
:103370001E00180001227CE703001000032278E7FA
:10338000604601218140A620C000014211D10F00FA
:1033900012480740014200D0FBE090229200114207
:1033A0001ED080253C0002972D03EDE00F2800D1B0
:1033B000E4E02E002300022F00D137E1032F00D1DB
:1033C00031E1012F00D0AFE0002634003200CAE026
:1033D000FF07000001FCFFFF0DFCFFFF8808000055
:1033E000190C9BB203911900220C514318008C4612
:1033F000039F0399A4B26043514367430591674417
:10340000010CC91904908C4504D98020059F400205
:103410003F180597080C84466846008A0904091875
:103420000991310CB6B2049130003100049F614320
:1034300050437C437A4324180F0C3C19A04202D914
:10344000802040021218200C8218240489B20792AE
:103450006218089262460899039F5218290CADB26F
:1034600028006F4358434B439446039CFF18020CBB
:10347000D2194C43934202D980235B02E418130C07
:103480001B1903932B0080B2120412180498734383
:1034900045434E434143A8191D0C2D18AE4202D995
:1034A000802040020918059F089867448742B6416A
:1034B000BF189742924128049BB2C018079B7642DE
:1034C000C01853420493039B84199C46A44463464A
:1034D000049AB442A4419B18079A644290428041E6
:1034E000039A4042044394458041049A2D0C934230
:1034F00092414042524210436419099A24186418B8
:10350000790211434A1E9141FF0DDE0D64023943D9
:103510005B0226430B43E4013ED501215A080B40D0
:103520001A43F307CE401343009A44495218002A25
:1035300035DD590708D00F211940042904D0191D81
:1035400099429B41F61A0B00F10105D580213C4AB6
:10355000C9001640009A52183A498A4266DC74073C
:10356000DB081C43F60813053603029A360B334377
:10357000D2071343200019000BB0F0BD80221203C4
:10358000154201D016424CD0802636032E432E4AD7
:10359000E9E70499029183E6069A0092C4E71100D4
:1035A000373100DA10E711001E3127DB01202749EF
:1035B000801A009A1C005218310093409140C44078
:1035C0001A002143531E9A410B00C64013435A0769
:1035D00008D00F221A40042A04D01A1D9A429B4197
:1035E000F61A130080213000090408400E4220D151
:1035F0007407DB0802001C43F608B4E71F21300003
:103600004942891AC84000211F3204D01049009A4B
:103610005218310091400B435A1E93410026034338
:10362000D5E7049A029235001C00ADE7002634006D
:10363000ADE700260122340095E7C046FF030000F5
:10364000FFFFFFFEFE070000FF0700001E04000052
:103650003E040000F0B585B002920393CB0F0D033A
:103660000193039B4C006D0A410F1F032943DE0F9A
:103670005D00029B7F0A5B0F029A3B43BB4F640DC8
:10368000C0006D0DD200BD4203D11F00B4461743E8
:1036900002D101277740BC46019F661BBC4500D084
:1036A00023E1002E5FDD002D13D11D0015430DD049
:1036B000751E012E07D1821882428041CB181B1A39
:1036C0001000340027E0A94FBE420AD10B000200CF
:1036D00051E0A64DAC4200D17AE280252D042B4367
:1036E0003500382D3ADC1F2D27DC20261F00761BE5
:1036F000B74002963E001700EF403743029EEB4072
:10370000B2401600721E96413E43361886428041F2
:103710005B181B1A30001A0200D4D4E0934A01341B
:10372000944200D151E201229149024019404308DC
:103730001343C80718434B08C5E02E001F00203E66
:10374000F7400026202D03D04036761BB3401E00E4
:103750001643731E9E413E430023D6E713431E00CB
:10376000731E9E41F8E7002E4DD02E1B002C2BD14E
:103770000C00044301D1340060E0741E012E05D119
:10378000801890429241CB189B1A9AE7774FBE421D
:10379000F1D0382C32DC1F2C1FDC20260F00361B0A
:1037A000B74002963E000700E7403743029EE140E3
:1037B000B0400600701E86413E43B01890429241D0
:1037C000CB182C009B1AA6E7684F2C00BD4235D0C1
:1037D0008024240421433400DBE726000F00203E30
:1037E000F7400026202C03D04036361BB1400E0097
:1037F0000643711E8E413E430021DEE701430E0069
:10380000711E8E41F8E75B4F651C3D424DD10D00A6
:103810000543B4422DD1A54200D1CCE11C00144394
:10382000B44200D1C9E1121882428041CB181B1A60
:10383000190200D4BFE101244D490B405907D208B9
:103840000A434A49DB088C4206D11100194300D1D2
:10385000CAE1802109030B431000474A24051B03DA
:1038600014401B0B1C43019BDB071C43210005B0CC
:10387000F0BD002D13D01C00144300D1AEE14C0765
:10388000C00820438024C9082403214202D0DD0857
:10389000254206D00D00ED00430F2B43C200334CF0
:1038A000CCE7D0085B071843F5E7304CA54200D1C0
:1038B0008AE18218824280412C00CB181B1AD8075B
:1038C000520810435B08420704D00F220240042A2A
:1038D00000D074E102001902B0D5244901348C42B1
:1038E00000D172E122490B40A8E7002E5CDD002DDB
:1038F00032D11D00154300D1E8E6751E012E07D117
:10390000821A90428041CB1A1B18100034001DE02F
:10391000164FBE4200D1D9E6382D40DC1F2D2DDCDC
:1039200020261F00761BB74002963E001700EF408E
:103930003743029EEB40B2401600721E96413E4352
:10394000861BB0428041CB1A1B1830001A02BAD530
:103950005B0206005D0AE4E0044DAC4200D137E1B1
:1039600080252D042B433500D6E7C046FF07000015
:10397000FFFF7FFFFE0700000000F07F2E001F000A
:10398000203EF7400026202D03D04036761BB34062
:103990001E001643731E9E413E430023D0E713438F
:1039A0001E00731E9E41F8E7002E54D02E1B002CE3
:1039B00030D10C00044302D161460191DBE6741E54
:1039C000012E07D1101A824292415B1A9B1862465F
:1039D00001929BE7854FBE42EED0382C36DC1F2C7F
:1039E00023DC20260F00361BB74001963E0007005F
:1039F000E7403743019EE140B0400600701E86411B
:103A00003E43901B824292415B1A9B1862462C00F7
:103A100001929BE764460194744CA54200D10DE7E6
:103A20008024240421433400D7E726000F00203EE1
:103A3000F7400026202C03D04036361BB1400E0044
:103A40000643711E8E413E430021DAE701430E001A
:103A5000711E8E41F8E7664E651C354252D11D003D
:103A60000E0015430643002C27D1A64206D11000B4
:103A7000A54213D1230022000194DFE6002D00D1DE
:103A80009BE0861AB042BF41CD1A7F42ED1B2F0248
:103A90000CD5101A824292415B1A9B186246019221
:103AA00002001A4300D19CE000240CE732002A43B4
:103AB00000D190E02B003000F2E7002E06D1B54295
:103AC00019D180232A000195DB03E8E6002D00D1FF
:103AD00084E080254C07C008C9082D0320432942F3
:103AE00002D0DC082C4209D0019B0C009C46E4006B
:103AF000430F2343C20061460191D0E6D0085B0723
:103B00001843F4E7861AB042BF41CD1A7F42ED1B3D
:103B10002F0229D5161AB24292415B1A9D186346AC
:103B20000193002D27D02800ECF734FC0200083A5E
:103B3000202331009B1AD94095400B002B433500C0
:103B40009540A24232DB121B511C1F291EDC202291
:103B50001800521A2C0095409040CC406A1E9541A6
:103B60002043CB4028439BE732002A43D9D113009E
:103B70001400019262E63000ECF70CFC02001832EF
:103B80001F2AD5DD330008388340DAE718001F3AD2
:103B9000D0400022202903D04032521A93401A000C
:103BA0002A43531E9A410023104379E7A41A114A6D
:103BB0002800134087E6100072E70B0070E7021D33
:103BC000824280411B1A86E6084C00231A0035E623
:103BD0000B00020032E6130001922FE60B000200F8
:103BE0005DE61300140029E60B0035E6FF07000030
:103BF000FE070000FFFF7FFF73B500900191019B5E
:103C0000114E1D03590000202D0B490DDC0FB14250
:103C100004DD0E48814202DD0D4BE01876BD8020A8
:103C2000400328430B4DA9420BDD0B4B009ACB18E8
:103C300098400A4B5B1ADA401043002CEED0404209
:103C4000ECE76D1AE840F8E7FE0300001D040000F1
:103C5000FFFFFF7F13040000EDFBFFFF33040000B4
:103C600070B5030004000200051E11D0C2178518AC
:103C70005540C40F2800ECF78DFB0C4B1B1A0A288B
:103C80000FDC0B222900121AD14015300A008540A2
:103C90001203120B1B051343E407234328001900EA
:103CA00070BD2A000B3882400025F1E71E04000099
:103CB00010B503000400021E0CD0ECF76BFB0B4A9E
:103CC000121A0A280DDC0B2321001B1AD9401530CB
:103CD0000B0084401B031B0B12051A43200011002C
:103CE00010BD23000B3883400024F3E71E040000BE
:103CF000FE2270B54400240E4302611C5D0AC60F0B
:103D000011420DD0E0229200A4181B0B6D071B037B
:103D10001B0B2405F6071C4334432800210070BD0B
:103D2000002C18D12300A542F1D02800ECF732FB7B
:103D30000A280ADC0B232A001B1ADA4013000200AF
:103D400015329540094C241AE1E703000B3B9D40D6
:103D50002B002500F6E7002D06D01A0B80231B034D
:103D60006D071343024CD2E72B00FBE789030000E9
:103D7000FF0700004A00F0B50B03520D304D5B0AFF
:103D8000460F571C1E43CC0FC3002F4240D02D4D71
:103D90005519FE2D52DC002D31DC2900173149DB8D
:103DA000802109043143681C18DB27481E2612189D
:103DB00018009340751BE84091405D1EAB410B43DA
:103DC00000220343590737D00F211940042933D06B
:103DD0000433590130D50132002326E002200E00C1
:103DE0004042401BC6400020023503D0174812183D
:103DF000914008001843431E98413300E0E75A0FF2
:103E00008301591E8B41F600334313432A00D9E73F
:103E10003343002A03D193420ED00123D8E7FF2277
:103E2000002B02D08023DB033343D0051843E40783
:103E30002043F0BD0022F0E7DB08F6E7FF22CBE7E6
:103E4000FE07000080FCFFFF82FCFFFFA2FCFFFFDB
:103E500010B50A22002100F089F810BDF0B585B038
:103E600017001E0003900191242B23D80C00012B76
:103E700020D03A4B08209C462300624601001D7862
:103E80000134525D11401042F6D12D2D19D1257803
:103E90009C1C012300931022330093431DD1302D2D
:103EA00015D1DF2123780B40582B10D165780234CF
:103EB000102612E000F0E2F816230360002005B09F
:103EC000F0BD00912B2DE6D125789C1CE3E7002E58
:103ED000EED10A36302D00D1023E214A009B31003E
:103EE0009B1818000293ECF745F98C4600210B0053
:103EF0002A00303A092A03D9113A192A0BD80A3272
:103F000096420CDD4D1C03D0984212D20121494249
:103F100025780134ECE72A00613A192AEFD94A1CC6
:103F20000FD12223039A1360029B002F11D1180096
:103F3000C5E7984201D19445E8DB73430121D318CA
:103F4000E6E7009A002A00D05B42002FEFD000295C
:103F500001D0621E0192019A3A60E8E7117B0108E4
:103F6000FFFFFF7F10B5FFF779FF10BD10B5044CC0
:103F700013000A0001002068FFF770FF10BDC04663
:103F80005C0100200EB470B581239DB06A46002507
:103F900021AC9B0040CC93821B9502900690ECF7DD
:103FA0002DFA0B4B6A460B930123039007900948A7
:103FB0005B42D38202A92300320000680F9514955A
:103FC000019400F03FFB1DB070BC08BC03B0184763
:103FD000D93F01085C0100200020704730B5140073
:103FE00005001A009BB0002C05DA8B23036001202A
:103FF00040421BB030BD002319932300009104916F
:10400000591E8B41E31A02930593084B69460393AB
:104010001E9B00F0C7F9431C01DA8B232B60002C98
:10402000E7D00022009B1A70E3E7C0460802FFFFBA
:1040300013B5044C009313000A0001002068FFF739
:10404000CDFF16BD5C01002003008218934200D111
:10405000704719700133F9E7130030B5002A0BD00F
:104060000024013A035D0D5DAB4204D1A24202D0AF
:104070000134002BF6D15B1B180030BD014B1868D2
:104080007047C0465C01002070B500260C4C0D4DF9
:10409000641BA410A64209D1002601F0E3F90A4CE2
:1040A0000A4D641BA410A64205D170BDB300EB58A5
:1040B00098470136EEE7B300EB5898470136F2E730
:1040C0001C7C01081C7C0108207C01081C7C010868
:1040D00070477047002310B59A4200D110BDCC5CE8
:1040E000C4540133F8E7000070B50500002910D072
:1040F0000C1F2368002B00DAE418280000F0E0F819
:104100001D4A1368002B05D163601460280000F07D
:10411000DFF870BDA34208D9206821188B42F3D183
:1041200019685B6809182160EEE71A005B68002BCC
:1041300001D0A342F9D911685018A0420BD12068D0
:104140000918501811608342E0D118685B68411863
:1041500011605360DAE7A04202D90C232B60D5E747
:10416000206821188B4203D119685B680918216007
:1041700063605460CAE7C0466C18002070B50F4CED
:104180000E0021680500002902D100F017FF206011
:104190003100280000F012FF0400431C0BD0032361
:1041A000C41C9C43A04206D0211A280000F006FF40
:1041B000431C00D10400200070BDC04668180020D8
:1041C000F7B50322CB1C934308331F0000900C2B40
:1041D00032D20C27B94231D8009800F071F8374E2E
:1041E00033681C00002C2FD139000098FFF7C6FF60
:1041F0000400431C5FD134682500002D4BD1AC4234
:1042000052D023682900E3180098019300F0D6FEED
:10421000019B834248D123680098FF1A3900FFF7B9
:10422000ADFF013040D02368DB19236033685A6842
:10423000AA4233D1356014E0002BCBDA0C230025E1
:10424000009A13602800FEBD2168C91B20D40B29E9
:1042500017D9E2192760A34211D132606368116057
:1042600053602500009800F033F807220B35231D1A
:104270009543EA1A9D42E5D05B1BA350E2E75A60E2
:10428000ECE76268A34201D13260EAE75A60E8E7EE
:1042900023006468A6E72C006D68AEE71A005B682F
:1042A000A342FBD10023DBE70C23009A100013602C
:1042B00000F00EF8C6E70760D3E7C0466C18002090
:1042C00010B50248FFF704FF10BDC0466418002077
:1042D00010B50248FFF7FDFE10BDC046641800206F
:1042E000F0B58D6885B00C001E00029003929D42CF
:1042F00054D80C23C85E9023DB0018424CD0032214
:10430000096923685B1A019363695343DA0FD31871
:10431000019A5F10731C9B183A00BB4201D91F0021
:104320001A00400525D511000298FFF749FF051E28
:1043300028D0019A2169FFF7CDFEA289184B1A40B7
:1043400080231343A381019B2561ED18256035006F
:10435000FB1A6761A36032000399206800F01AFE1F
:104360000020A3685B1BA36023689B19236005B032
:10437000F0BD029800F03FFE051EE4D121690298CD
:10438000FFF7B2FE0C230120029A40421360A2897B
:1043900034331343A381EAE72E00DCE71D00DAE79C
:1043A0007FFBFFFFF0B59FB002901C008B890F00D0
:1043B00016001B0612D50B69002B0FD14021FFF709
:1043C000FFFE38603861002806D10C23029A136082
:1043D000012040421FB0F0BD40237B61002306ADA9
:1043E0006B6120336B761033AB7605943400237801
:1043F000002B01D0252B43D1A31B0393B4420BD038
:10440000320039000298FFF76BFF013000D1A4E0C1
:104410006B69039A9B186B612378002B00D19CE099
:104420000122002352426A6002AA533201342B60F7
:10443000EB60AB601370AB654F4E05222178300006
:1044400000F0CEFD2A68611C00281BD1D30603D5DD
:10445000202302A853300370130703D52B2302A88F
:104460005330037023782A2B13D000200A21EB68E5
:104470002278303A092A29D9002812D0EB6010E0BE
:104480000134B4E70123801B834013430C002B60ED
:10449000D2E7059B181D1B680590002B10DBEB6015
:1044A0000C0023782E2B24D163782A2B16D1059B60
:1044B00002341A1D1B680592002B0CDB6B6018E0A0
:1044C0005B42EB60022313432B60E9E74B4301207F
:1044D00001349B18CCE701235B42EFE700220A205E
:1044E0001300013421783039092927D9002AE5D170
:1044F0006A60224E03223000217800F071FD00280E
:1045000006D04023801B83402A68013413432B606C
:10451000217806221A48297600F062FD002822D070
:10452000184800280FD10722059B0733934308330F
:1045300005936B69661C1B186B6157E743430122A7
:1045400001345B18CEE705AA009229003A000E4B11
:10455000029800E000BF431CEBD1BB895B0600D58D
:1045600036E7686936E705AA009229003A00064B4B
:10457000029800F02DFAEEE7C56F0108CB6F010835
:10458000CF6F010800000000E142010870B50D0086
:1045900014004B1C18D0938920229343626BA38193
:1045A0000E006368CDB2002A10D0A26B9A4204DCE0
:1045B000210000F0B1FC002821D12368013B2360D9
:1045C0001E70636801336360280070BD2169226832
:1045D000002907D0914205D2511E0878A84201D186
:1045E0002160EFE723642300443363630323A36361
:1045F00023004633E2631E7023600123E3E70125B5
:104600006D42E1E710B50C00496B00290ED0230084
:104610004433994201D0FFF767FD0020236C6063AB
:104620006360834202D0E36B236010BD23690120E5
:1046300023600023A289636020331343A381404297
:10464000F3E70000F0B5A54C0600A5440C000021DE
:10465000BE204691479103A94891A149400043AD2E
:104660002950A049043043AD295002931378009398
:10467000002B00D12FE19C4F0820F95C0823551C2A
:104680000B4008421CD06368002B08DCC02243ABFF
:104690005200210030009B589847002805D108217E
:1046A00023681A78BA5C114201D12A00DEE7479AE2
:1046B00001330132479262682360013A6260E2E7A7
:1046C0000099252954D14593439353782A2B02D13D
:1046D0001A3B4393951C2F000A2205E02F00459BAF
:1046E0005343303B5B18459339787D1C0B00303BBE
:1046F000092BF3D97D4B03221800019300F070FCC5
:10470000002807D0019B2F00C01A01238340439A41
:10471000134343933B787D1C782B24D8572B07D821
:10472000252B25D01BD8002B1DD101204042BAE0FB
:1047300018005838202816D8EBF7C2FC3A15157720
:10474000151515151515158275999999154615158F
:1047500015158A4A36151588157515153A00453B05
:10476000022B00D883E0032349930733449333E0BB
:104770006368002B09DCC02343AA5B0021003000E2
:10478000D3589847002800D085E0236800991A780C
:104790008A4200D09FE0013362682360479B013A60
:1047A00001336260479380E7202243990A43439292
:1047B0008022439992000A434392102244926E222F
:1047C0009A429B415B4201E000234493033302E0A1
:1047D00008234493043B49936368002B08DCC023FF
:1047E00043AA5B0021003000D3589847002852D1DB
:1047F000439B5B0608D4C0277F0023683A491A7898
:104800008A5C0821114234D1499B022B4FDC2200E3
:10481000300002AB43A900F0E9F901285BD002287F
:1048200000D042E737E00A22C8E7290003A800F0D9
:1048300035FB4023439A0500134343930123CAE702
:104840004023439A134343930023C4E70223C2E760
:10485000439AD30600D528E7029B4799181D02907A
:104860001B68D70701D519801FE719601DE70523CD
:10487000B1E7479A013247926268013A6260002AC2
:1048800002DD01332360B8E743AB21003000DB5980
:1048900098470028B1D04698002800D145E7A38961
:1048A0005B0600D541E7A5239B009D44F0BD042B8A
:1048B00006DC2200300002AB43A900F0F7F9ACE7B8
:1048C0000B4B002B00D1F0E62200300002AB43A9D5
:1048D00000E000BFA1E74698E5E7C0466CFDFFFF9A
:1048E0008D45010805460108117B0108CB6F0108C1
:1048F00000000000F7B5160001938A680B690C00F0
:104900000090934200DA13002200336043321278A1
:10491000002A01D00133336023689B0602D5336837
:10492000023333602268062315001D401A4230D03E
:10493000230043331B785A1E9341226892062ED4DB
:10494000220001990098089D4332A847431C15D0C6
:104950000622236800251340042B05D13368E5683F
:10496000ED1AEB43DB171D40A3682269934201DD7A
:104970009B1AED180026B5421ED10020FEBD220074
:10498000012301990098089F1932B847431CF5D0BC
:104990000135E36832689B1AAB42F0DCC8E730208F
:1049A000E1184331087021005A1C45310978A218DA
:1049B000433202331170C3E72200012301990098AA
:1049C000089F1A32B847431CD8D00136D3E70000FD
:1049D000F0B58BB00793059006920A7E0C00433128
:1049E000109B0491782A09D8622A0BD8002A00D19A
:1049F000CEE07C490391582A00D19FE02600423640
:104A0000327022E0100063381528F7D8EBF762FB0C
:104A100016001F00F6FFF6FFF6FFF6FF1F00F6FF79
:104A2000F6FFF6FFF6FFB30035008F00F6FFF6FF46
:104A3000C400F6FF3500F6FFF6FF940026001A6862
:104A40004236111D1960136833700123B2E01A68F1
:104A50002068111D1960050601D5156803E04006A0
:104A6000FBD50023D55E002D03DA2D23049A6D4279
:104A700013705C4B0A27039311E01A682068111D1C
:104A8000196005064ED51568237E564A0A270392FB
:104A90006F2B00D1023F2300002243331A7063685A
:104AA000A360002B06DB04212268049E8A43226057
:104AB0002B430CD0049E28003900EBF75BFB039BD3
:104AC000013E5B5C33702B0005009F42F3D9082F39
:104AD00009D12368DB0706D5626823699A4202DCA4
:104AE0003023013E3370049B9B1B2361079B2100F5
:104AF00000930598069B09AAFFF7FCFE431C0FD004
:104B00002369320006990598079DA847431C07D0E2
:104B100023689B0763D4099BE068984200DA180079
:104B20000BB0F0BD15684006AED5ADB2ACE72022A3
:104B300021680A43226078222B49039121004531E4
:104B40000A7019682268081D1860150601D50D68DD
:104B500003E05506FBD50D68ADB2D30702D520237F
:104B600013432360002D01D0102794E720222368EF
:104B700093432360F8E71A682568101D616918607F
:104B800013682E0601D5196002E06D06FBD5198069
:104B90000023049E2361A9E71A68111D1960166895
:104BA00000213000626800F01BFA002801D0801B51
:104BB0006060636823610023049A137096E7220003
:104BC000012306990598079E1932B047431CA7D0C8
:104BD0000135E368099A9B1AAB42F0DC9BE700259C
:104BE000F7E7C046D66F0108E76F0108F7B5150073
:104BF0008A680C000190002A06D18A69511E8A41F8
:104C0000012152421143A1602268D20603D41A68DE
:104C1000111D196017680026A069002813D001280B
:104C200008D12B6862691B78D35C002B0BD1002E56
:104C300039D027E0022825D12B681B4A1B78D35C8A
:104C400008221A421ED1102223680136134203D1D2
:104C50002B681B783B7001376B68013B6B602B68DE
:104C600001332B60A368013BA360002B0AD06B6863
:104C7000002BD1DCC0235B002900E3580198984742
:104C80000028C9D022681023110019401A4206D109
:104C9000E3680133E360A369002B00D03970002082
:104CA00023699B192361FEBD117B0108F0B58BB010
:104CB0000193744B1600049007AAA1CBA1C2724ABB
:104CC0008B690C000592032B01D1704B0593AE222A
:104CD0000020A3685200591E0390914205D95E3B03
:104CE000FF3B03935E23FF33A36023001C33009339
:104CF000D023002722681B0113432360009B0293EB
:104D0000336807A81978BB000222185800F068F928
:104D1000002821D0012F52D16368002B06D108331F
:104D200022686360F933FF33134323602368584AD2
:104D300013402360A3685A1EA260002B0CD0336876
:104D40005A1C32601B78029A13707368551C013B21
:104D50007360002B42DD02950137032FD0D16368C9
:104D6000002B01D10A33636000274A496069C91AE0
:104D700000F094F8029DA368002B48D03168626966
:104D80000878125C002A42D02268302830D1802076
:104D9000000102422CD0039A0137002A03D0013AC5
:104DA00001330392A3607368013B7360002B26DD1F
:104DB000336801333360A368013BA360DBE7022F54
:104DC000B8D1C02380212268DB00134089008B42C8
:104DD000C5D110236360F0331343AAE7C0235B00FF
:104DE0003100E358049898470028B4D000270EE01B
:104DF000294B1A4022600B782B700135D3E7C02372
:104E00005B003100E358049898470028D3D023680A
:104E1000DB050ED5009B9D4207D9BE23013D5B00FB
:104E200032002978E35804989847009B01209D425E
:104E300026D0216810230A001A40194219D12A707D
:104E4000636800990498059EB047019B21681B6820
:104E50001A1D8E0604D501990A601B68186005E0CA
:104E6000CE07F8D501990A601B681880E368013302
:104E7000E3600020009BED1A2369ED195B192361A3
:104E80000BB0F0BDB054010855510108653F010851
:104E9000FFFAFFFF08700108FFF6FFFF70B50B78FF
:104EA0005E2B0ED04C1C00210E000200451CFF356D
:104EB00016700132AA42FBD1002B06D1611E0800F8
:104EC00070BD4B788C1C0121EEE701254D4021007F
:104ED000C5540A784C1C2D2A05D05D2A19D0002A09
:104EE000EDD01300F3E74A785D2A01D12D23EEE7D8
:104EF0009342FBDC1C00023101340555A242FBDC6D
:104F0000934203DB00220133D318E2E7D21A013ABD
:104F1000F9E72100D3E700000B00F7B54D6B4433F0
:104F20000C009D421CD18026F6003100FFF748F9A5
:104F3000002802D101204042FEBD23006063A66329
:104F400046331A78104BC254230045331A780F4B5E
:104F5000C2542A780E4BC254C01820600020EBE7E0
:104F60008E6B290073001A00019300F044F8051EAF
:104F7000E0D08719010032003800FFF7ABF8019B41
:104F800027606563A363E9E7FF030000FE030000F9
:104F9000FD03000010B5884206D800239A4208D0CD
:104FA000CC5CC4540133F9E78B189842F5D2002A3F
:104FB00000D110BD013A8B5C8354F8E7002370B533
:104FC000064C05000800236000F0D0F8431C03D114
:104FD0002368002B00D02B6070BDC04660180020F5
:104FE000C9B28218904201D10020704703788B42E9
:104FF000FBD00130F6E7F7B506000C0015000029DC
:1050000005D11100FFF7DCF804002000FEBD002AE6
:1050100003D1FFF769F82C00F7E700F09FF80700CD
:10502000854202D84308AB42EFD329003000FFF796
:10503000C7F8019000280BD02A00BD4200D93A00E1
:1050400021000198FFF746F821003000FFF74CF8E7
:10505000019CDAE7F0B51E003D4B85B003901700C8
:105060000C009C46082000912300624601001D7838
:105070000134525D11401042F6D12D2D12D1257808
:105080009C1C0123019310223300934316D1302D31
:105090000ED1DF2123780B40582B09D165780234DB
:1050A00010260BE001912B2DEDD125789C1CEAE711
:1050B000002EF5D10A36302D00D1023E01203100FC
:1050C0004042EBF71BF80290012031004042EBF721
:1050D00051F8002318002A00303A092A0CD815008C
:1050E000AE421EDD5A1C04D0029B834210D2012323
:1050F0005B4225780134EEE72A00413A192A01D8AB
:10510000373DEDE72A00613A192A0AD8573DE7E70B
:10511000029B834201D1A942E9DB70430123281895
:10512000E7E75A1C07D12222039918000A60002FD2
:1051300009D105B0F0BD019A002A00D04042002FED
:10514000F7D0002B01D0631E0093009B3B60F0E77B
:10515000117B010810B5FFF77DFF10BD0B1F1B6809
:10516000181F002B01DA0B58C0187047044A136847
:10517000002B03D01818106018007047014BF9E796
:105180007018002078180020F0B54746CE4680B54C
:105190003D4A4B005B0D83B09F1804000D000E00CC
:1051A00088460190132F20DC002F50DB374B3B410A
:1051B00099460B4003431ED0354A364BFDF7C0F9E4
:1051C00000220023EBF760F800280BD0002D04DD4F
:1051D00080235B033B415B1998464B4646469E4302
:1051E000002301933100019807E0332F0ADD80236B
:1051F000DB009F423ED02000290003B0C0BCB9466E
:10520000B046F0BD244A9B1801225242DA40019B6D
:1052100090461A42EFD01E4A1E4BFDF791F900222C
:105220000023EBF731F80028DCD0019B002D0ADDCC
:10523000142F07D034210122C91B8A409B18019AE0
:105240009A4200D96E1C424693430193CAE7104A22
:10525000104BFDF775F900220023EBF715F8002835
:10526000C0D0002D0BDB260000232E430193B9D0C4
:105270000A4EB7E702000B00FDF762F9BDE7002315
:10528000802601933606ADE701FCFFFFFFFF0F000C
:105290009C7500883CE4377EEDFBFFFF0000F03F8B
:1052A000F0B54746CE4680B5404A4B005B0D83B013
:1052B0009F1804000D000E0088460190132F20DC7B
:1052C000002F45DB3A4B3B4199460B4003431ED030
:1052D000384A394BFDF734F900220023EAF7D4FFAE
:1052E00000280BD0002D04DA80235B033B415B19BF
:1052F00098464B4646469E43002301933100019851
:1053000007E0332F0ADD8023DB009F4230D02000EE
:10531000290003B0C0BCB946B046F0BD274A9B186F
:1053200001225242DA40019B90461A42EFD0214AB4
:10533000214BFDF705F900220023EAF7A5FF00281D
:10534000DCD0019B002D20DB424693430193D5E73F
:10535000184A194BFDF7F4F800220023EAF794FFEE
:105360000028CBD0002D08DB002300260193C5E7E1
:1053700002000B00FDF7E4F8CBE76F007F0827433E
:1053800001970ED180263606B8E7142F07D03421B6
:105390000122C91B8A409B18019A9A42D4D96E1CDB
:1053A000D2E70023064E0193A8E7C04601FCFFFFA9
:1053B000FFFF0F009C7500883CE4377EEDFBFFFF8C
:1053C0000000F0BF30B5C646224A4B005B0D9A186C
:1053D0008C4600B5132A14DC002A2FDB1E4B134128
:1053E0009C460B40034309D080231B0313416246B4
:1053F0005B1893439C4600236146180020BCA846D6
:1054000030BD332A08DD8023DB009A42F6D102004A
:105410000B00FDF795F8F1E7104C1B1901246442CD
:10542000DC400442EAD033239A1A323B93401B18E3
:10543000834201D24A1C9446A343DDE7CB0FDB072E
:105440009C4600230132D7D16146054A11438C4660
:10545000D2E7C04601FCFFFFFFFF0F00EDFBFFFF9F
:105460000000F03FF8B5C046F8BC08BC9E46704747
:0C547000F8B5C046F8BC08BC9E4670476A
:105480005A050700665A060301006400A027BE33D0
:105490000000000050010000E034C13300000000B3
:1054A000500100002042C433000000005001000001
:1054B0000A7001080D700108107001086572726FA2
:1054C0007220696E20454550524F4D2057726974C5
:1054D00065206572726F720D006572726F7220695D
:1054E0006E20454550524F4D204572617365206FC7
:1054F0007065726174696F6E0A0D007278446F6E28
:10550000652841434B290D0A007278446F6E650D82
:105510000A00527373693D2025640D0A00747844B3
:105520006F6E650D0A00727854696D654F75740D64
:105530000A00010080000800050004004261743A7E
:10554000252E336620560D0A00504231345F636FBA
:10555000756E74313A25750D0A00504231345F730F
:1055600074617475733A25640D0A00504231355FD9
:105570007374617475733A25640D0A005041345F89
:105580007374617475733A25640D0A0050423135A5
:105590005F636F756E74323A25750D0A00504231A3
:1055A000345F7374617475733A493243325F5344A4
:1055B000410D0A00445331384232305F74656D70DA
:1055C000313A252E31660D0A0044533138423230CB
:1055D0005F74656D70313A6E756C6C0D0A004453E2
:1055E00031384232305F74656D70323A252E316643
:1055F0000D0A00445331384232305F74656D7032A9
:105600003A6E756C6C0D0A00445331384232305F8B
:1056100074656D70333A252E31660D0A004453319E
:10562000384232305F74656D70333A6E756C6C0D54
:105630000A004144435F5041303A252E33662056DC
:105640000D0A006C696461725F6C6974655F6469FE
:105650007374616E63653A256420636D0D0A0055AD
:105660004C545F64697374616E63653A252E3166CC
:1056700020636D0D0A0054465F64697374616E6344
:10568000653A256420636D2C54465F737472656EB1
:105690006774683A25640D0A004368616D656C653E
:1056A0006F6E20726573756C743A25732061747423
:1056B000656D7074733A257520666C6167733A3056
:1056C00078253032782074656D703A256420636FD8
:1056D0006D703A256C752F256C752F256C752072B1
:1056E00061773A256C752F256C752F256C750D0A21
:1056F000004144435F5041313A252E336620560D18
:105700000A004144435F5041343A252E3366205607
:105710000D0A0048583731315F5765696768743A38
:10572000256420670D0A00504131325F7374617443
:1057300075733A25640D0A000D0A4368616D656C46
:10574000656F6E20493243322061637175697369F8
:1057500074696F6E20656E61626C6564205B35767E
:105760002D7265675D0D0A000A0D5573652053653E
:105770006E736F72206973204C494441525F4C69CB
:1057800074655F763348500D0A000A0D5573652025
:1057900053656E736F7220697320756C74726173D8
:1057A0006F6E69632064697374616E6365206D65F3
:1057B00061737572656D656E740D0A000A0D55731F
:1057C000652053656E736F722069732054462D7384
:1057D00065726965732073656E736F720D0A000AD6
:1057E0000D4E6F2064697374616E6365206D656131
:1057F000737572656D656E74206465766963652086
:1058000064657465637465640D0A000A0D557365FB
:105810002053656E736F7220697320485837313199
:105820000D0A0073776974636820746F20636C617C
:10583000737320256320646F6E650A0D0041424337
:10584000005265636569766520646174610A0D00C4
:1058500025643A0025303278200042756666536927
:105860007A653A25642C52756E2041542B5245437B
:1058700056423D3F20746F207365652064657461F6
:10588000696C0D0A00434F554E5431206973202531
:10589000750D0A00434F554E54322069732025750B
:1058A0000D0A005A0507016700253032782025309F
:1058B0003278202530327820253032782025303259
:1058C0007820253032782025303278202530327803
:1058D000202530327820253032782025303278204B
:1058E0002530327820253032782025303278202536
:1058F00030327820253032780D0A0041545F504113
:1059000052414D5F4552524F5228496E636F727239
:10591000656374204C656E677468290D0A002568FC
:105920006878202568687820256868782025686868
:105930007820256868782025686878202568687848
:105940002025686878202568687820256868782090
:10595000256868782025686878202568687820257B
:105960006868782025686878202568687800456E22
:10597000746572204465627567206D6F64650D0AF9
:10598000004F4B0A0D002568687500417474656E00
:1059900074696F6E3A54616B652065666665637401
:1059A0002061667465722041542B4144523D300D94
:1059B0000A00417474656E74696F6E3A54616B6568
:1059C0002065666665637420616674657220415463
:1059D0005A0D0A0025630D0A0025753A0041542B23
:1059E00053454E4420776974686F757420746865F8
:1059F000206170706C69636174696F6E20706F7282
:105A0000740025730054686520524A544443207240
:105A1000616E6765206973203120746F20363535DB
:105A200033350A0D0054686520726573706F6E73AC
:105A300065206C6576656C2072616E6765206973A0
:105A4000203020746F20350A0D0076312E382E302C
:105A5000200025642C25642C25640025642C2564F5
:105A60002C25640D0A000A0D53746F7020547820A1
:105A70006576656E74732C506C6561736520776113
:105A8000697420666F7220616C6C20636F6E66694A
:105A90006775726174696F6E7320746F20707269BC
:105AA0006E740D0A000A0D537461727420547820CC
:105AB0006576656E74730D0A0054444320736574F3
:105AC00074696E67206D757374206265206D6F72E6
:105AD00065207468616E2036530A0D004368616D5D
:105AE000656C656F6E206669726D77617265207393
:105AF0007570706F727473204D4F4433206F6E6CED
:105B0000790D0A004368616D656C656F6E2066698A
:105B1000726D7761726520697320666978656420AB
:105B2000746F204D4F44330D0A00494E544D6F643D
:105B30006531206F662072616E6765206973203061
:105B400020746F20330D0A00494E544D6F64653246
:105B5000206F662072616E67652069732030207443
:105B60006F20330D0A00494E544D6F646533206F2A
:105B7000662072616E6765206973203020746F2023
:105B8000330D0A0025642E25640025302E31660D64
:105B90000A0025642C256C750025642C256C752C59
:105BA000256C75005468652074696D656F75742087
:105BB00072616E6765206973203120746F203635FD
:105BC0003533350A0D0041542B3C434D443E3F20B4
:105BD000202020202020203A2048656C70206F6E05
:105BE000203C434D443E0D0A41542B3C434D443E22
:105BF0002020202020202020203A2052756E203C9A
:105C0000434D443E0D0A41542B3C434D443E3D3CE4
:105C100076616C75653E203A205365742074686522
:105C20002076616C75650D0A41542B3C434D443E12
:105C30003D3F202020202020203A204765742074FA
:105C400068652076616C75650D0A002B44455549E1
:105C5000002B415050455549002B4150504B455960
:105C6000002B4441444452002B4E574B534B455953
:105C7000002B415050534B4559002B53454E444245
:105C8000002B53454E44002B525844415445535425
:105C9000002B534554434E54002B47455453454E17
:105CA000534F5256414C5545002B4D4F44004154E3
:105CB00025733D002B44454255470041542B444534
:105CC0004255473A536574206D6F726520696E6660
:105CD0006F20696E7075740D0A005A0041545A3A6B
:105CE00020547269672061207265736574206F6645
:105CF00020746865204D43550D0A002B4644520020
:105D000041542B4644523A205265736574205061C9
:105D100072616D657465727320746F20466163747F
:105D20006F72792044656661756C742C204B6579BF
:105D30007320526573657276650D0A0041542B44D9
:105D40004555493A20476574206F72205365742089
:105D500074686520446576696365204555490D0A78
:105D60000041542B4150504555493A204765742015
:105D70006F722053657420746865204170706C697F
:105D8000636174696F6E204555490D0A0041542BBB
:105D90004150504B45593A20476574206F7220534B
:105DA000657420746865204170706C696361746902
:105DB0006F6E204B65790D0A0041542B44414444D9
:105DC000523A20476574206F7220536574207468BE
:105DD0006520446576696365204164647265737308
:105DE0000D0A0041542B4E574B534B45593A20470F
:105DF0006574206F722053657420746865204E6549
:105E000074776F726B2053657373696F6E204B6587
:105E1000790D0A0041542B415050534B45593A20BB
:105E2000476574206F722053657420746865204143
:105E300070706C69636174696F6E20536573736908
:105E40006F6E204B65790D0A002B4144520041547E
:105E50002B4144523A20476574206F722053657479
:105E600020746865204164617074697665204461BE
:105E7000746120526174652073657474696E672E55
:105E80002028303A206F66662C20313A206F6E2928
:105E90000D0A002B5458500041542B5458503A20AE
:105EA000476574206F7220536574207468652054B0
:105EB00072616E736D697420506F7765722028303F
:105EC0002D352C204D41583A302C204D494E3A3535
:105ED0002C206163636F7264696E6720746F204C5D
:105EE0006F526157414E2053706563290D0A002B94
:105EF00044520041542B44523A20476574206F723B
:105F00002053657420746865204461746120526177
:105F100074652E2028302D3720636F727265737080
:105F20006F6E64696E6720746F2044525F58290D4C
:105F30000A002B4443530041542B4443533A204717
:105F40006574206F72205365742074686520455411
:105F500053492044757479204379636C65207365D7
:105F60007474696E67202D20303D64697361626CC2
:105F7000652C20313D656E61626C65202D204F6E71
:105F80006C7920666F722074657374696E670D0A90
:105F9000002B504E4D0041542B504E4D3A2047653A
:105FA00074206F7220536574207468652070756268
:105FB0006C6963206E6574776F726B206D6F6465BA
:105FC0002E2028303A206F66662C20313A206F6EE2
:105FD000290D0A002B52583246510041542B525879
:105FE0003246513A20476574206F72205365742001
:105FF000746865205278322077696E646F77206606
:1060000072657175656E63790D0A002B52583244C2
:10601000520041542B52583244523A204765742062
:106020006F7220536574207468652052783220772F
:10603000696E646F77206461746120726174652099
:1060400028302D3720636F72726573706F6E6469CC
:106050006E6720746F2044525F58290D0A002B523E
:106060005831444C0041542B525831444C3A20474B
:106070006574206F722053657420746865206465B0
:106080006C6179206265747765656E20746865203F
:10609000656E64206F662074686520547820616E98
:1060A00064207468652052782057696E646F772089
:1060B0003120696E206D730D0A002B525832444C0A
:1060C0000041542B525832444C3A20476574206F9B
:1060D0007220536574207468652064656C61792052
:1060E0006265747765656E2074686520656E6420EE
:1060F0006F662074686520547820616E642074682F
:10610000652052782057696E646F77203220696E5F
:10611000206D730D0A002B4A4E31444C0041542B24
:106120004A4E31444C3A20476574206F72205365C3
:106130007420746865204A6F696E204163636570DE
:10614000742044656C6179206265747765656E20A2
:1061500074686520656E64206F66207468652054DD
:106160007820616E6420746865204A6F696E2052E1
:10617000782057696E646F77203120696E206D73C7
:106180000D0A002B4A4E32444C0041542B4A4E32E9
:10619000444C3A20476574206F7220536574207414
:1061A0006865204A6F696E2041636365707420449E
:1061B000656C6179206265747765656E20746865C9
:1061C00020656E64206F66207468652054782061B5
:1061D0006E6420746865204A6F696E20527820577B
:1061E000696E646F77203220696E206D730D0A002E
:1061F0002B4E4A4D0041542B4E4A4D3A2047657470
:10620000206F722053657420746865204E65747722
:106210006F726B204A6F696E204D6F64652E202867
:10622000303A204142502C20313A204F54414129EC
:106230000D0A002B4E574B49440041542B4E574BEF
:1062400049443A20476574206F7220536574207466
:106250006865204E6574776F726B2049440D0A00A3
:106260002B4643550041542B4643553A204765740D
:10627000206F722053657420746865204672616DCA
:106280006520436F756E7465722055706C696E6B16
:106290000D0A002B4643440041542B4643443A2008
:1062A000476574206F7220536574207468652046BA
:1062B00072616D6520436F756E74657220446F77EF
:1062C0006E6C696E6B0D0A002B434C4153530041B9
:1062D000542B434C4153533A20476574206F72202E
:1062E000536574207468652044657669636520434E
:1062F0006C6173730D0A002B4A4F494E0041542BB9
:106300004A4F494E3A204A6F696E206E6574776F26
:10631000726B0D0A002B4E4A530041542B4E4A53C8
:106320003A2047657420746865206A6F696E20732F
:1063300074617475730D0A0041542B53454E4442E9
:106340003A2053656E642068657861646563696DA1
:10635000616C206461746120616C6F6E6720776985
:10636000746820746865206170706C696361746919
:106370006F6E20706F72740D0A0041542B53454E9E
:10638000443A2053656E64207465787420646174A7
:106390006120616C6F6E672077697468207468652E
:1063A000206170706C69636174696F6E20706F72C8
:1063B000740D0A002B52454356420041542B52455E
:1063C0004356423A205072696E74206C6173742097
:1063D0007265636569766564206461746120696EC5
:1063E0002062696E61727920666F726D6174202817
:1063F000776974682068657861646563696D616C4C
:106400002076616C756573290D0A002B5245435641
:106410000041542B524543563A205072696E742005
:106420006C6173742072656365697665642064616C
:10643000746120696E2072617720666F726D61747D
:106440000D0A002B524A5444430041542B524A54E3
:1064500044433A20476574206F722073657420743A
:1064600068652052654A6F696E20646174612074AA
:1064700072616E736D697373696F6E20696E746596
:106480007276616C20696E206D696E0D0A002B5268
:10649000504C0041542B52504C3A20476574206FA9
:1064A000722073657420726573706F6E7365206CF3
:1064B0006576656C0D0A002B5645520041542B56EB
:1064C00045523A204765742063757272656E742078
:1064D000696D6167652076657273696F6E20616EA4
:1064E00064204672657175656E63792042616E64E1
:1064F0000D0A002B43464D0041542B43464D3A2094
:10650000476574206F72205365742074686520633A
:106510006F6E6669726D6174696F6E206D6F646510
:106520002028302D31290D0A002B434653004154B9
:106530002B4346533A2047657420636F6E66697239
:106540006D6174696F6E20737461747573206F660A
:1065500020746865206C6173742041542B53454E40
:10656000442028302D31290D0A002B534E52004172
:10657000542B534E523A204765742074686520535B
:106580004E52206F6620746865206C6173742072AF
:1065900065636569766564207061636B65740D0A77
:1065A000002B525353490041542B525353493A2024
:1065B000476574207468652052535349206F6620E4
:1065C000746865206C6173742072656365697665B3
:1065D00064207061636B65740D0A002B54444300A2
:1065E00041542B5444433A20476574206F72207302
:1065F000657420746865206170706C69636174698A
:106600006F6E2064617461207472616E736D697362
:1066100073696F6E20696E74657276616C20696E45
:10662000206D730D0A002B504F52540041542B50D3
:106630004F52543A20476574206F7220736574205E
:10664000746865206170706C69636174696F6E2035
:10665000706F72740D0A002B52583157544F00411D
:10666000542B52583157544F3A20476574206F725B
:106670002053657420746865206E756D62657220A4
:106680006F662073796D626F6C7320746F20646520
:106690007465637420616E642074696D656F7574D0
:1066A0002066726F6D20525877696E646F7731285B
:1066B0003020746F20323535290D0A002B525832A4
:1066C00057544F0041542B52583257544F3A204799
:1066D0006574206F722053657420746865206E7530
:1066E0006D626572206F662073796D626F6C7320C6
:1066F000746F2064657465637420616E64207469CE
:106700006D656F75742066726F6D20525877696E73
:10671000646F7732283020746F20323535290D0AA6
:10672000002B444543525950540041542B44454397
:10673000525950543A20476574206F722053657443
:10674000207468652044656372797074207468658C
:106750002075706C696E6B207061796C6F61642854
:10676000303A44697361626C652C313A456E6162FE
:106770006C65290D0A0041542B4D4F443A4765740E
:10678000206F72205365742074686520776F726B78
:10679000206D6F64650D0A002B494E544D4F4431F6
:1067A0000041542B494E544D4F44313A47657420B3
:1067B0006F7220536574207468652074726967670E
:1067C000657220696E74657272757074206D6F6485
:1067D0006520666F72205042313428303A44697324
:1067E00061626C652C313A66616C6C696E67206F12
:1067F0007220726973696E672C323A66616C6C69DB
:106800006E672C333A726973696E67290D0A002B23
:10681000494E544D4F44320041542B494E544D4F34
:1068200044323A476574206F72205365742074684F
:1068300065207472696767657220696E746572722B
:10684000757074206D6F646520666F7220504231E0
:106850003528303A44697361626C652C313A66615F
:106860006C6C696E67206F7220726973696E672C39
:10687000323A66616C6C696E672C333A726973697F
:106880006E67290D0A002B494E544D4F4433004189
:10689000542B494E544D4F44333A476574206F7220
:1068A0002053657420746865207472696767657227
:1068B00020696E74657272757074206D6F646520E6
:1068C000666F722050413428303A44697361626CBB
:1068D000652C313A66616C6C696E67206F7220724C
:1068E0006973696E672C323A66616C6C696E672CED
:1068F000333A726973696E67290D0A002B5745494F
:106900004752450041542B5745494752453A536534
:1069100074207468652077656967687420746F20D7
:1069200030670D0A002B5745494741500041542B11
:106930005745494741503A476574206F7220536567
:1069400074207468652047617056616C7565206FAE
:1069500066207765696768740D0A002B3556540008
:1069600041542B3556543A476574206F7220536555
:106970007420657874656E64207468652074696D30
:1069800065206F6620355620706F7765720D0A009E
:1069900041542B534554434E543A20476574206F5D
:1069A00072207365742074686520636F756E74203F
:1069B00061742070726573656E740D0A002B434814
:1069C000530041542B4348533A20476574206F725B
:1069D00020536574204672657175656E6379202851
:1069E000556E69743A20487A2920666F722053697F
:1069F0006E676C65204368616E6E656C204D6F64D8
:106A0000650D0A0041542B47455453454E534F5290
:106A100056414C55453A2052657475726E73207418
:106A200068652063757272656E742073656E736F2E
:106A3000722076616C75650D0A002B4444455445FF
:106A400043540041542B444445544543543A204751
:106A50006574206F72207365742074686520646F9C
:106A6000776E6C696E6B20646574656374696F6EB4
:106A70000D0A002B5345544D41584E425452414E3D
:106A8000530041542B5345544D41584E42545241AA
:106A90004E533A20476574206F72207365742074DA
:106AA0006865206D6178206E627472616E73206912
:106AB0006E204C696E6B4144520D0A002B444953C1
:106AC00046434E54434845434B0041542B4449539D
:106AD00046434E54434845434B3A20476574206F24
:106AE00072207365742074686520446F776E6C69DA
:106AF0006E6B204672616D6520436865636B28305C
:106B00003A456E61626C652C313A44697361626C1E
:106B100065290D0A002B4449534D4143414E530012
:106B200041542B4449534D4143414E533A2047650C
:106B300074206F722073657420746865204D414322
:106B400020414E532073776974636828303A456E4C
:106B500061626C652C313A44697361626C65290D20
:106B60000A0041542B52584441544553543A20533F
:106B700065742074686520646F776E6C696E6B2035
:106B80006461746120646574656374696F6E0D0A75
:106B9000002B4346470041542B4346473A2050724E
:106BA000696E7420616C6C20636F6E6669677572C4
:106BB0006174696F6E730D0A000D0A4F4B0D0A0068
:106BC0000D0A41545F4552524F520D0A000D0A41C1
:106BD000545F504152414D5F4552524F520D0A0091
:106BE0000D0A4552524F523A4E6F7420696E205230
:106BF000616E67650D0A000D0A4552524F523A52B6
:106C0000756E2041542B4644522066697273740D90
:106C10000A000D0A41545F425553595F4552524F85
:106C2000520D0A000D0A41545F544553545F5041C0
:106C300052414D5F4F564552464C4F570D0A000D7D
:106C40000A41545F4E4F5F4E4554574F524B5F4A77
:106C50004F494E45440D0A000D0A41545F52585F9A
:106C60004552524F520D0A000D0A6572726F722022
:106C7000756E6B6E6F776E0D0A0045553836380AA3
:106C80000D004465764575693D2025303258202534
:106C900030325820253032582025303258202530C7
:106CA00032582025303258202530325820253032B5
:106CB000580A0D004C4F52414D414320535441540A
:106CC0005553204552524F520A0D000A0D4C534E57
:106CD0003530204465766963650A0D00496D61674A
:106CE000652056657273696F6E3A2076312E382EA4
:106CF000300A0D004C6F526157616E20537461630E
:106D00006B3A2044522D4C57532D3030370A0D002A
:106D10004672657175656E63792042616E643A20D2
:106D200000506C656173652073657420746865201C
:106D3000706172616D6574657273206F7220726527
:106D40007365742044657669636520746F20617093
:106D5000706C79206368616E67650A0D0076312E6C
:106D6000382E30005258206F6E20667265712025D3
:106D70006420487A2061742044522025640D0A0062
:106D80005258206F6E20667265712025642E25642E
:106D9000204D487A2061742044522025640D0A0059
:106DA0005458206F6E206672657120256420487AE1
:106DB0002061742044522025640D0A005458206F2D
:106DC0006E20667265712025642E2564204D487AF8
:106DD0002061742044522025640D0A004144522051
:106DE0004D6573736167653A0D0A0054582044611C
:106DF000746172617465206368616E676520746F89
:106E00002025640D0A005478506F776572206368FE
:106E1000616E676520746F2025640D0A004E625212
:106E20006570206368616E676520746F2025640D4E
:106E30000A00545820446174617261746520746F53
:106E40006F20736D616C6C20666F7220746869735B
:106E5000207061796C6F61642073697A652C20639E
:106E600068616E676520746F2025640D0A005265A5
:106E70006365697665643A20414452204D657373B9
:106E80006167650D0A004A6F696E20416363657032
:106E9000743A0D0A0052783144724F666673657415
:106EA0003A25640D0A00527832446174617261744B
:106EB000653A25640D0A0052656365697665446527
:106EC0006C6179313A256C75206D730D0A0052653D
:106ED000636569766544656C6179323A256C752025
:106EE0006D730D0A000A0D5B256C755D000A0D506F
:106EF0006C65617365207573652041542B44454270
:106F0000554720746F20736565206465627567203E
:106F1000696E666F0D0A002A2A2A2A2A2055704CAB
:106F2000696E6B436F756E7465723D202575202AFE
:106F30002A2A2A2A0A0D004F6E2043657274696658
:106F4000207478206E657874207061636B65740DB1
:106F500000756E6B6E6F776E006F6B006932635FEA
:106F6000696E69745F6661696C6564006E6F5F6409
:106F7000657669636500747269676765725F6661EB
:106F8000696C6564007374617475735F696F5F66C3
:106F900061696C6564006D6561737572656D656EC0
:106FA000745F74696D656F757400726561645F66A6
:106FB00061696C6564007061727469616C5F7361B2
:106FC0006D706C6500232D302B2000686C4C0065C3
:106FD0006667454647003031323334353637383905
:106FE0004142434445460030313233343536373838
:106FF0003961626364656600412D46612D663839EA
:1070000030313233343536375D002B2D00303000CF
:107010007858000000000000000000008084FE405E
:107020000000000080840E410000000080841E41AA
:10703000280A0000170000001C0C00000F000000D0
:107040003C0F000007000000501400001600000074
:107050009C1800000E000000781E000006000000D2
:10706000A028000015000000D43000000D00000032
:10707000F03C00000500000040510000140000003A
:10708000A86100000C000000447A00000400000029
:10709000E4A200001300000050C300000B00000039
:1070A00024F40000030000008545010012000000E8
:1070B000A08601000A00000048E80100020000006C
:1070C0002C8B020011000000400D0300090000009D
:1070D00090D0030001000000E093040000000000D5
:1070E000000C23000D1E000ED2001A01001FAA0082
:1070F00024070027120028C1002994002AC100306B
:10710000D800358F003B0200400000413001234091
:10711000BD2D0008212E0008490F00082507000892
:10712000DD0E0008C9070008DD0F00082510000863
:10713000611000087D130008672D0008050900088C
:1071400091170008BD0B0008610B0008F50B000843
:10715000A90E0008F1150008E50A0008B9070008A3
:107160005B0800087D0700081D080008991C00083E
:10717000C91C0008B11D0008030406080C101820E3
:1071800030000000000102030400000000000000C5
:107190000001020304060708091F1D1F1E1F1E1FF2
:1071A0001F1E1F1E1F1F1C1F1E1F1E1F1F1E1F1EF8
:1071B0001F00050102010101070101010304000094
:1071C000B45C010806000000B19E0008B19E0008F2
:1071D000D19E0008BB5C0108DA5C010801000000D8
:1071E000B19E0008B19E0008B59E0008DC5C010855
:1071F000FB5C010804000000B19E0008B19E00087D
:10720000F19E0008005D01084B5C010805000000CC
:10721000319F0008419F0008B19E00083C5D0108B5
:10722000515C010807000000A59F0008B59F0008F9
:10723000B19E0008615D0108595C0108070000006B
:107240005FA000086DA00008B19E00088D5D0108D8
:10725000615C01080600000055A0000819A00008A4
:10726000B19E0008B95D0108685C010808000000D3
:107270008FA000089DA00008B19E0008E35D0108F2
:10728000715C010808000000BFA00008CDA0000844
:10729000B19E0008145E0108495E01080400000068
:1072A000EFA0000813A10008B19E00084E5E01087F
:1072B000935E01080400000039A1000861A10008E4
:1072C000B19E0008985E0108EF5E0108030000000F
:1072D0009DA10008C5A10008B19E0008F35E010849
:1072E000325F0108040000001DA2000801A200088E
:1072F000B19E0008375F0108915F0108040000009B
:1073000049A200086DA20008B19E0008965F01081E
:10731000D45F01080600000093A20008B5A200088F
:10732000B19E0008DB5F01080B6001080600000049
:10733000F1A2000815A30008B19E00081260010820
:107340005E6001080600000059A300087DA3000844
:10735000B19E000865600108BA60010806000000DF
:10736000A9A30008CDA30008B19E0008C1600108D0
:107370001661010806000000F9A300081DA400081A
:10738000B19E00081D61010883610108060000002C
:1073900059A400087DA40008B19E00088A61010874
:1073A000F061010804000000B9A40008CDA40008A1
:1073B000B19E0008F5610108336201080600000073
:1073C000F5A4000839A50008B19E00083A6201083A
:1073D00060620108040000007DA50008A1A5000866
:1073E000B19E000865620108936201080400000074
:1073F000CDA50008F1A50008B19E0008986201081B
:10740000C8620108060000001DA600084DA600087D
:10741000B19E0008CF620108F76201080500000074
:10742000B19E0008B19E000885A60008FD62010813
:1074300015630108040000008FA60008B19E000833
:10744000B19E00081A6301087A5C0108060000007A
:10745000B19E0008B1A60008B19E0008386301087B
:10746000815C010805000000B19E000851A70008DA
:10747000B19E00087A630108B463010806000000A9
:10748000C9A70008B19E0008C9A70008BB6301088E
:107490000B640108050000001DA80008B19E00084B
:1074A0001DA80008116401084364010806000000DB
:1074B000A5A8000869A80008B19E00084A64010850
:1074C0008E64010804000000F5A80008B9A80008AF
:1074D000B19E000893640108B7640108040000002D
:1074E00009A90008B19E0008B19E0008BC6401080B
:1074F000F364010804000000B5A9000821A90008F0
:10750000B19E0008F8640108296501080400000024
:10751000DDA90008B19E0008B19E00082E65010893
:107520006A65010804000000F1A90008B19E000886
:10753000B19E00086F650108A16501080500000003
:10754000FFA90008B19E0008B19E0008A7650108C8
:10755000DB6501080400000029AB0008E5AA00086B
:10756000B19E0008E06501082666010805000000DC
:1075700065AB00083DAB0008B19E00082C66010811
:107580005766010807000000BDAB0008D1AB00083A
:10759000B19E00085F660108BC6601080700000094
:1075A00001AC000815AC0008B19E0008C4660108D3
:1075B000216701080800000071AC000845AC000814
:1075C000B19E00082A670108A95C010804000000B8
:1075D000D5AC00088DAC0008B19E000876670108A4
:1075E000986701080800000025AD0008E9AC000814
:1075F000B19E0008A16701080F680108080000009B
:1076000079AD000839AD0008B19E0008186801087E
:107610008668010808000000CDAD00088DAD0008A7
:10762000B19E00088F680108FC680108070000008F
:10763000B19E0008B19E00086DB100080469010800
:10764000256901080700000045AE0008E1AD00080B
:10765000B19E00082D6901085B6901080400000063
:1076600091AE000869AE0008B19E0008606901088B
:10767000915C010807000000B19E0008A5AE00085B
:10768000B19E000890690108BD690108040000006E
:10769000ADAB000875AB0008B19E0008C2690108D7
:1076A000995C01080F000000B19E0008E5AE0008DB
:1076B000B19E0008046A01083A6A01080800000047
:1076C000A5AF000835AF0008B19E0008436A010865
:1076D000736A01080E00000011B00008D1AF000865
:1076E000B19E0008826A0108BC6A01080D00000012
:1076F00065B0000835B00008B19E0008CA6A0108EC
:10770000156B01080A000000B1B0000881B0000844
:10771000B19E0008206B0108875C01080900000089
:10772000B19E0008CDB00008B19E0008626B010850
:10773000916B010804000000B19E0008B19E000892
:107740000DAA0008966B0108B96B0108C06B01080F
:10775000CD6B0108E06B0108F76B0108126C0108A2
:10776000246C01083F6C0108586C0108686C010822
:1077700033333373DEDEDEDE33333373F2F2F2F2B1
:1077800048E8010048E8010048E8010048E8010035
:1077900048E8010048E8010090D003000000000024
:1077A0000C0B0A0908070732080A0C0D0E101214F8
:1077B00015181A1B1D1E2124A584998D0DBDB154C9
:1077C0005003A97D1962E69A459D408715EBC90BC8
:1077D000EC67FDEABFF7965BC21CAE6A5A41024FE6
:1077E0005CF434089373533F0C52655E28A10FB5C7
:1077F00009369B3D2669CD9F1B9E742E2DB2EEFB54
:10780000F64D61CE7B3E7197F568002C601FC8ED88
:10781000BE46D94BDED4E84A6B2AE516C5D7559447
:10782000CF100681F044BAE3F3FEC08AADBC480431
:10783000DFC17563301A0E6D4C14352FE1A2CC39BF
:1078400057F28247ACE72B95A098D17F667EAB8339
:10785000CA29D33C79E21D763B564E1EDB0A6CE406
:107860005D6EEFA6A8A4378B324359B78C64D2E083
:10787000B4FA0725AF8EE918D5886F7224F1C75185
:10788000237C9C21DDDC86859042C4AAD8050112A8
:10789000A35FF9D0915827B93813B333BB7089A7C8
:1078A000B622922049FF787A8FF88017DA31C6B86D
:1078B000C3B07711CBFCD63AC6F8EEF6FFD6DE9110
:1078C0006002CE56E7B54DEC8F1F89FAEFB28EFB02
:1078D00041B35F452353E49B75E13D4C6C7EF583DA
:1078E0006851D1F9E2AB622A0895469D30370A2FDC
:1078F0000E241BDFCD4E7FEA121D583436DCB45BFC
:10790000A476B77D52DD5E13A6B900C140E379B617
:10791000D48D67729498B085BBC54FED869A661179
:107920008AE904FEA078254BA25D80053F2170F115
:107930006377AF4220E5FDBF811826C3BE35882E90
:107940009355FC7AC8BA32E6C0199EA344543B0B47
:107950008CC76B28A7BC16ADDB647414920C48B8B6
:107960009FBD43C43931D3F2D58B6EDA01B19C4946
:10797000D8ACF3CFCAF447106FF04A5C385773970E
:10798000CBA1E83E96610D0FE07C71CC9006F71C10
:10799000C26AAE6917993A27D9EB2B22D2A90733CD
:1079A0002D3C15C987AA50A50359091A65D784D05B
:1079B00082295A1E7BA86D2C637C777BF26B6FC586
:1079C0003001672BFED7AB76CA82C97DFA5947F0E2
:1079D000ADD4A2AF9CA472C0B7FD9326363FF7CCBE
:1079E00034A5E5F171D8311504C723C31896059A5B
:1079F000071280E2EB27B27509832C1A1B6E5AA07E
:107A0000523BD6B329E32F8453D100ED20FCB15B68
:107A10006ACBBE394A4C58CFD0EFAAFB434D3385D1
:107A200045F9027F503C9FA851A3408F929D38F5A5
:107A3000BCB6DA2110FFF3D2CD0C13EC5F974417DC
:107A4000C4A77E3D645D197360814FDC222A908853
:107A500046EEB814DE5E0BDBE0323A0A4906245CDF
:107A6000C2D3AC629195E479E7C8376D8DD54EA944
:107A70006C56F4EA657AAE08BA78252E1CA6B4C610
:107A8000E8DD741F4BBD8B8A703EB5664803F60E69
:107A9000613557B986C11D9EE1F8981169D98E9458
:107AA0009B1E87E9CE5528DF8CA1890DBFE6426871
:107AB00041992D0FB054BB1601111213212223300E
:107AC000596F01085C6F01086C6F0108766F01083F
:107AD000856F0108966F0108AA6F0108B66F01084B
:107AE00000000000CD1701086D17010859170108A3
:107AF0002517010815170108E5160108EF160108FA
:107B00000D17010803170108F7160108D916010817
:107B1000002020202020202020202828282828205D
:107B20002020202020202020202020202020202055
:107B300020881010101010101010101010101010BD
:107B400010040404040404040404041010101010AD
:107B50001010414141414141010101010101010177
:107B600001010101010101010101010110101010C9
:107B70001010424242424242020202020202020249
:107B8000020202020202020202020202101010109D
:107B900020000000000000000000000000000000C5
:107BA00000000000000000000000000000000000D5
:107BB00000000000000000000000000000000000C5
:107BC00000000000000000000000000000000000B5
:107BD00000000000000000000000000000000000A5
:107BE0000000000000000000000000000000000095
:107BF0000000000000000000000000000000000085
:107C00000000000000000000000000000000000074
:047C10000000000070
:087C1400049FFF7F0100000046
:047C1C003504000823
:047C20000D04000847
:107C24008D180008891B00086D1600082D17000820
:107C3400FD060008000000000000C843652D000890
:107C4400612D0008752E00086B2D0008F12E000828
:107C5400312F000880841E00010001C8C19500086E
:107C64005D950008AD9300088D930008DD7D000844
:107C7400E1840008957D0008D00600200000000083
:107C84001200000014000000307500009F0A00205C
:107C940000000000010101010101010101010000D6
:107CA40001010101010101010101010101010101C0
:107CB40001010101010101010101010101010101B0
:107CC40001010101010101010101010101010101A0
:107CD4000101010101010101010101010000000094
:107CE400000000000000000000000000110000007F
:107CF400640000000000000000000000000000001C
:107D0400640000000000000000000000000000000B
:107D1400E803000000000000000000000000000074
:107D24000A00000000000000000000000000000045
:107D340064000000000000000000000000000000DB
:107D4400E803000000000000000000000000000044
:107D5400010101010100000000000000000000001A
:107D640000000000490000000000000000000000C6
:107D7400000000000100000001000000600100207C
:107D8400000000002817002090170020F81700209A
:107D940000000000000000000000000000000000DF
:107DA40000000000000000000000000000000000CF
:107DB40000000000000000000000000000000000BF
:0C7DC400000000000000000000000000B3
:040000050800045596
:00000001FF
