:020000040800F2
:1000000000500020550400089596000897960008B7
:1000100000000000000000000000000000000000E0
:100020000000000000000000000000009B96000897
:1000300000000000000000009D9600089F96000848
:10004000A5040008A5040008BF960008A504000840
:10005000A5040008C7960008D7960008E99600088E
:10006000A5040008A5040008A5040008B796000828
:10007000A5040008A5040008A5040008A5040008BC
:1000800061980008A5040008A5040008000000000D
:1000900059980008A5040008A5040008A504000854
:1000A000A5040008A5040008A5040008A7960008F8
:1000B000A5040008AF96000800000000A504000891
:1000C00002B4714649084900095C49008E4402BCEB
:1000D0007047C04603B47146490840004900095EB4
:1000E00049008E4403BC704703B471464908400080
:1000F0004900095A49008E4403BC7047002934D096
:100100000123002210B488422CD301242407A142E9
:1001100004D2814202D209011B01F8E7E400A142A6
:1001200004D2814202D249005B00F8E7884201D341
:10013000401A1A434C08A04202D3001B5C08224319
:100140008C08A04202D3001B9C082243CC08A0428A
:1001500002D3001BDC082243002803D01B0901D076
:100160000909E3E7100010BC704701B5002000F05A
:100170005FF802BD0029F8D003B5FFF7C1FF0EBC40
:100180004243891A1847C046002941D010B40400E0
:100190004C40A44601230022002900D549420028F2
:1001A00000D5404288422CD301242407A14204D226
:1001B000814202D209011B01F8E7E400A14204D206
:1001C000814202D249005B00F8E7884201D3401A1D
:1001D0001A434C08A04202D3001B5C0822438C083F
:1001E000A04202D3001B9C082243CC08A04202D3A9
:1001F000001BDC082243002803D01B0901D0090999
:10020000E3E710006446002C00D5404210BC704764
:1002100001B5002000F00CF802BDC0460029F7D05F
:1002200003B5FFF7B3FF0EBC4243891A1847C04617
:100230007047C0468446100062468C4619006346EB
:1002400000E0C0461FB512F0C3FD002801D4002114
:10025000C8421FBD10B512F015FD4042013010BD5F
:1002600010B512F0B5FD002801DB002010BD012003
:1002700010BDC04610B512F0ABFD002801DD002016
:1002800010BD012010BDC04610B512F03DFD002884
:1002900001DC002010BD012010BDC04610B512F0D9
:1002A00033FD002801DA002010BD012010BDC0463A
:1002B000844608006146FFE71FB511F03CFC0028AA
:1002C00001D40021C8421FBD10B511F0D1FB40423E
:1002D000013010BD10B511F02EFC002801DB00200C
:1002E00010BD012010BDC04610B511F024FC00283F
:1002F00001DD002010BD012010BDC04610B511F079
:10030000DCFB002801DC002010BD012010BDC04630
:1003100010B511F0D2FB002801DA002010BD012039
:1003200010BDC046002B11D1002A0FD1002900D1E9
:10033000002802D00021C943080007B4024802A1E6
:100340004018029003BDC046E9FEFFFF03B46846B3
:1003500001B5029811F034FA019B9E4602B00CBC24
:100360007047C046D0400B00D1409C46203AD34055
:10037000184352426346934018437047914003002C
:1003800090409C46203A9340194352426346D340E2
:10039000194370471C2101231B04984201D3000C10
:1003A00010391B0A984201D3000A08391B099842E8
:1003B00001D30009043902A2105C40187047C046FE
:1003C000040302020101010100000000000000001E
:1003D00010B5002903D1FFF7DDFF203002E008004F
:1003E000FFF7D8FF10BDC04602780B78002A03D073
:1003F000013001319A42F7D0D01A70470023C25C15
:100400000133002AFBD1581E7047000010B5064C7E
:100410002378002B07D1054B002B02D0044800E0C5
:1004200000BF0123237010BDAC01002000000000BC
:1004300028510108044B10B5002B03D00349044890
:1004400000E000BF10BDC04600000000B001002069
:10045000285101080D488546002103E00C4B5B58EC
:10046000435004310B480C4B42189A42F6D30B4AC6
:1004700002E0002313600432094B9A42F9D302F0E0
:10048000B1FD13F051FC08F03DF8FEE700500020EC
:100490002878010800000020AC010020AC010020F9
:1004A00074180020FEE70000F7B505000E00019269
:1004B000EFF3108772B606F0C5FA0024019AA30084
:1004C000E918A2420CDD0220F25806F0E9FA0028F1
:1004D00001D10134F2E787F31088044810F046FA9E
:1004E00006F0C2FA87F31088F7BDC04684510108B0
:1004F0000268024B1A6018687047C046C8010020A5
:1005000070B50400EFF3108572B606F09BFA200078
:1005100006F0B4FA002804D085F31088034810F0E0
:1005200025FA06F0A1FA85F3108870BDA1510108E3
:1005300070B5EFF3108572B606F084FA094C20000E
:1005400006F09CFA002804D085F31088064810F0C5
:100550000DFA064B04349C42F1D106F085FA85F37E
:10056000108870BD60000808A1510108D800080873
:10057000304B10B51A6D8022196D120492B00A43E7
:100580001A650021342205A813F0AEFB082304A845
:100590000493073B099303F071FE002801D007F094
:1005A00049F8254C254B264A236000232000636030
:1005B000A360E260236105F0A7FB002801D007F0EB
:1005C00039F81421200005F027FD012300220193B2
:1005D00069460B33200000920293039205F0D4FB8E
:1005E000002801D007F026F80021200005F0C2FB0A
:1005F000002801D007F01EF8124A1368022BFCD124
:100600000021200005F0BBFB200005F099FB0E4BFC
:100610000E481A681A600E4B0360062343600D4BA8
:100620008360C36006F0F6FA002801D007F002F8F4
:1006300012B010BD00100240D80100200008014097
:10064000FFFF0000CC010020D0010020100200209C
:1006500000300040FF0F0000002110B50D4805F0EC
:100660002FFC0D490B685A1C0A600C4A5B00D052E3
:100670000B68012B0CD951881288094B891A18680C
:1006800089B2FFF73BFD074B18601A68D2001A6069
:1006900010BDC046D8010020CC010020D4010020AC
:1006A00034000020D001002010B5024805F02CFCD9
:1006B00010BDC046D801002010B5044806F0D6FA97
:1006C000002801D006F0B6FF10BDC0461002002081
:1006D000094A0023110010B51468844202D89468B6
:1006E000844204D801330832152BF5D1FEE7DB0034
:1006F000C918087910BDC046886C0108054B5A79A5
:10070000002A05D130331A78002A01D101321A703B
:100710007047C0465C020020014B18607047C0461D
:10072000C4020020014B18797047C0465C020020CB
:1007300010B586B001241422002101A813F0D4FAC8
:100740000323210001AA0C480493029406F090FFB1
:1007500021000022084806F0FDFF20000FF036FFC0
:100760000023210001AA0448029306F081FF06201D
:100770000FF02CFF06B010BD0004005070B505004E
:100780000C00A0208021160009020022C00506F0FE
:10079000E1FF8020284307F04DFAA619B44207D1A3
:1007A0008021A02001220902C00506F0D3FF70BD00
:1007B000207807F03FFA0134F0E707B56B46D971AE
:1007C000073301221900FFF7D9FF07BD114B70B5A0
:1007D000114998600500FFF7CDFC104B0802C018C6
:1007E0000D49FFF78BFC0C4904002800FFF786FC3D
:1007F00000022418210C0620C9B2FFF7DEFF210AEF
:100800000720C9B2FFF7D9FF0820E1B2FFF7D5FFF3
:1008100070BDC0465C020020093D0000841E00003F
:1008200070B505000C00A0208021160009020022EE
:10083000C00506F08FFF7F20284007F0FBF9A619BE
:10084000B44207D18021A02001220902C00506F090
:1008500081FF70BD002007F0EDF920700134EFE753
:1008600013B56B46DC1D01222100FFF7D9FF20786C
:1008700016BD000070B50920FFF7F2FF0500062045
:10088000FFF7EEFF04000720FFF7EAFF2404000251
:1008900004430820FFF7E4FF1A4B0443C0B2584357
:1008A000240A5C438030000A002104190920FFF764
:1008B00084FF3B20FFF7D4FF40210143C9B23B2016
:1008C000FFF77BFF20263B20FFF7CAFF3042FAD11B
:1008D0000D48FFF77BFF3B20FFF7C2FF402101439C
:1008E000C9B23B20FFF769FF20263B20FFF7B8FF86
:1008F0003042FAD129000920FFF75FFF2000FFF7FF
:1009000065FF70BD093D000000A1BC33F0B587B0A4
:100910000391002804D0012855D0002007B0F0BD75
:100920006A4C2720258CFFF79BFFF8239843013062
:10093000401912F0DBFFE31CDB7F0022002B3ED0CE
:10094000002311F051FC060030200F00FFF788FF54
:10095000F923002298430023002800D05C4B30008C
:10096000390011F041FC060003980F0012F0BEFFA1
:1009700002000B003000390011F036FC631DDB7FF4
:100980000022002B1DD08023DB0511F02DFC00225E
:10099000504B12F081FA0600E0690F0012F0CEFF12
:1009A00002000B003000390011F0E6FE00224A4B35
:1009B00012F072FA14F06AFB10F0E6FEAEE7444B58
:1009C000BFE70023E1E7414D6B6C073B022B79D871
:1009D000424ADB00D218166857680120AC6CA04070
:1009E00012F084FF02000B003000390011F0C4FE49
:1009F00002000B000020364911F0BEFE2B000090D3
:100A000001914E33188812F071FF0022344B11F01F
:100A1000EBFB009A019B12F03FFA039B04900591B7
:100A2000DA002B0052331B78A1001B015B1A002156
:100A3000503528781C33884200D01431D018401A21
:100A400012F07CFF274B06001B780F005B00E01ABA
:100A5000800012F073FF02000B003000390011F02B
:100A60008BFE14F0FDF906000F00184D4D35287867
:100A7000043012F03BFF32003B0012F00DFA00226E
:100A8000002304000D00FFF7FFFB002801D1002424
:100A900000250022200029000E4B11F0A5FB009A32
:100AA000019B12F0F9F9049A059B11F09DFB0022BD
:100AB000094B12F0F1F90C4A0C4B11F095FB14F0B4
:100AC00057FA79E70026002787E7C0465C02002036
:100AD0000000F03F0000204000408F40706C010893
:100AE00000001140A80200202B8716D9CEF7EF3F57
:100AF00010B5002804D001280AD00120404210BDC2
:100B00001120FFF7ADFE4008C0B2404200B2F6E748
:100B1000064B074A9B681B20934203D9FFF7A0FEB0
:100B20009D38F3E7FFF79CFEA438EFE75C02002056
:100B300040DD4A1F70B504000B4D01202B681B6877
:100B400098472B6800201B6998472B6820005B6939
:100B500098470120FFF784FE072398430443E1B23E
:100B60000120FFF72AFE70BDC402002010B5064820
:100B70000FF02AFE05480FF027FE0120FFF7DAFFED
:100B80000022034B1A7110BD3402002048020020DD
:100B90005C02002070B5041E11D10120FFF760FE39
:100BA000F82101400120FFF708FE064D01202B68C7
:100BB0001B6998472B6820001B68984770BDFFF79A
:100BC000B9FFFBE7C402002010B509480FF0FCFD97
:100BD00008480FF0F9FD0020FFF7DCFF064B00206E
:100BE0001B681B6898470022044B1A7110BDC04651
:100BF0003402002048020020C40200205C020020D1
:100C0000F8B5060077480FF0DFFD774C6579002DC9
:100C10002FD00027012D51D1230055331B784127B8
:100C20003320002B00D16CE0FFF71AFE3843C1B22D
:100C30003320FFF7C2FD19213B20FFF7BEFD636C97
:100C40003120082B00D9B4E0FFF70AFE7F210140D4
:100C50003120FFF7B2FD30200021FFF7AEFD606CC0
:100C6000082861D8FFF72CFA577D848B9299A0A0B1
:100C7000A000E31D4020DF7FFFF7F2FD03230C21DE
:100C8000184001434020FFF798FD4120FFF7E8FDA1
:100C90003F2149420143C9B24120FFF78EFD352073
:100CA000FFF7DEFD3F23184023003E3318701E215E
:100CB0000D20FFF782FD2586A5876587802200210C
:100CC0004A48520013F010F801232371002E07D078
:100CD000474D310028000FF0A3FD28000FF006FD5E
:100CE0006379002B00D075E00520FFF723FF414B0F
:100CF000E16A1C0018000FF093FD20000FF0F6FCD5
:100D0000F8BDFFF7ADFDB8430543E9B23320FFF767
:100D100054FD1D2190E72F204821FFF74EFDA068CC
:100D2000354BC018FFF752FD230056331F782300C0
:100D300053331B78002B44D01D211120FFF73DFDBC
:100D40004020FFF78DFD332101404020FFF735FDA6
:100D500000210F20FFF731FD00210D20FFF72DFDB1
:100D6000ACE72F204421FFF728FDA068234BD8E7EC
:100D70002F204421FFF721FDA068214BD1E72F2030
:100D80004421FFF71AFDA0681E4BCAE72F2044211B
:100D9000FFF713FDA0681C4BC3E72F204421FFF78A
:100DA0000CFDA068194BBCE740212F20FFF705FD83
:100DB000BAE7FFF755FD802149420143C9B231200E
:100DC000F4E71F211120FFF7F8FC4020FFF748FD52
:100DD0003F21B9E70520002F00D10620FFF7AAFE2A
:100DE0008EE7C046480200205C020020C8020020B6
:100DF0003402002020020020821E0000B4280000DF
:100E0000043D00005E510000127A0000C6A20000FE
:100E100070B5040027480FF0D7FC274D21002800AB
:100E20000FF0FEFC254C6379002B0AD0012B23D058
:100E30000223280023710FF059FC0320FFF77AFEEC
:100E400070BD4020FFF70CFD032310211840014323
:100E50004020FFF7B2FC4120FFF702FD3E21014098
:100E60004120FFF7AAFC3520FFF7FAFC3F2318408A
:100E700023003E331870DBE7230053331B78002B2D
:100E80000ED0F5211120FFF798FC4020FFF7E8FC79
:100E900033230100402019400143FFF78EFCC7E7D0
:100EA000F7211120FFF789FC4020FFF7D9FC3F23F1
:100EB000EFE7C04634020020480200205C02002018
:100EC00070B50B4C6379012B10D1FA211120FFF77B
:100ED00074FC4020FFF7C4FC0325A843C1B24020A6
:100EE000FFF76BFC07202571FFF724FE70BDC0469D
:100EF0005C02002010B504000120FFF7B1FCC0091E
:100F0000C0B2164BA04201D1587110BD5C71012CCA
:100F100012D0FFF759FE0120FFF7A2FC7F2101400C
:100F20000120FFF74AFC00214020FFF746FC30215A
:100F30004120FFF742FCE8E7FFF746FE2000FFF7FD
:100F40008FFC802149420143C9B22000FFF735FCE4
:100F500000214020FFF731FC0021E9E75C0200207E
:100F600070B51B4B1B4C186021001B480FF0B6FBE3
:100F700021001A480FF0B2FB210019480FF0AEFB18
:100F8000184D01202B681B689847FFF7D1FBFFF72E
:100F900071FC0020FFF7FEFD2B6813489B68984703
:100FA000124C134E2078FFF7A5FFA1786078033428
:100FB000FFF703FCB442F5D10020FFF79BFF0022AE
:100FC0000C4B1A712B685B689847023070BDC046A5
:100FD000C8030020211D0008480200203402002020
:100FE00020020020C402002000000020386D01080B
:100FF000686D01085C020020F8B50E0017001D00A6
:101000000400FFF777FF3000FFF7E0FB0520FFF754
:1010100091FD01200FF0DAFA0FF013FC060030000A
:101020000FF015FCA84204D30124FFF7CDFD2000EA
:10103000F8BD2000FFF75CFDB842F0DD0024F4E7C6
:1010400070B500240120FFF755FFFF211120FFF7A5
:10105000B4FB0520FFF76EFD2500012630000FF0E0
:10106000B5FA2C20FFF7FCFB3040A04001340543CB
:10107000202CF3D1FFF7A8FD280070BDF0B58DB08E
:10108000069312AB160004CB04001B880892019350
:1010900014AB1B880CAA059315AB1B780D000293AB
:1010A00016AB1B78039317AB1B78049318AB1B7814
:1010B0000A9319AB1B780B9319239B18DF7F1D2311
:1010C0009B18DB7F0993FFF715FF002C04D0012C40
:1010D00000D183E00DB0F0BDA94C089B029AA3613A
:1010E000E31CDA77039A231DDA77049A631DDA7713
:1010F000099AA31DDF77E31DDA77019BE66123845C
:101100003000656112F01AFC02000B0006000F00AF
:1011100000209C4911F030FB00229B4B11F0BCFEDB
:1011200006900791059812F0E1FB02000B0006986B
:10113000079911F0B1FE0022944B11F0ADFE10F0B2
:1011400023FB32003B00E0629149002011F014FBC8
:1011500010F01AFB84B2210A0220FFF72EFBE1B245
:101160000320FFF72AFB2800FFF7B2FA0100122044
:10117000FFF723FB0898FFF7ABFA01001320FFF7F6
:101180001CFB019B2520190AFFF717FB6B46262045
:101190001979FFF712FB029B0399002B00D1FF2165
:1011A0003220FFF70AFB3020FFF75AFB0121029B98
:1011B0005940049BC9011B0119436F231840014387
:1011C000C9B23020FFF7F9FA3120FFF749FB40217F
:1011D00001433120C9B2FFF7F0FA7BE7022D00D9B5
:1011E000FEE7674B06991A004D3211701A000199FB
:1011F0004E3211801A000299503211701A00039970
:10120000513211701A000499523211701A000A9961
:10121000533211701A000B99543211701A00553262
:1012200007351770099A5D649E64563334001A704E
:10123000062E00D382E00624072D00D083E0220092
:10124000002301210B3A91425B41DBB24C4A514FE2
:101250001D2008923B70FFF703FB069B1D205900E1
:10126000029B240119432B011943C9B2FFF7A5FAC8
:101270001E20FFF7F5FA059B9905049B890F9B003B
:1012800019432143082420400143C9B21E20FFF71F
:1012900094FA2620FFF7E4FA3978A043C900014305
:1012A000C9B22620FFF789FA6B461F20197DFFF788
:1012B00084FA019B2020190AFFF77FFA6B46212050
:1012C0001979FFF77AFA029B002B03D022200399A9
:1012D000FFF773FA089B53331B78002B0FD0442081
:1012E000FFF7BEFA802149420143C9B24420FFF70B
:1012F00064FA089B242054331978FFF75EFA092D0D
:101300002FD1089A244B9268022136209A4224D980
:10131000FFF753FA64213A20FFF74FFA07243120F0
:10132000062E21D8FFF79CFA0521A0430143C9B23C
:101330003120FFF742FA0C2137204CE70C2E00D861
:101340007AE70C2478E72A00083A53425A410B23E3
:10135000B3429B415B42134078E7FFF72EFA7F21AF
:10136000D9E703213620D7E7FFF77AFA0321A04314
:101370000143C9B23120FFF720FA0A21DCE7C04659
:101380005C0200200000F03F0000204000408F4041
:1013900080847E41A802002040DD4A1FF0B50D0088
:1013A00089B01F000EAB10CB06001B78039204938C
:1013B00010AB1B88009311AB1B78019312AB1B7809
:1013C000029313AB1B78059314AB1B78079315ABF3
:1013D0001B780693FFF78EFD874B28001B68DB68A0
:1013E0009847002E03D0012E5FD009B0F0BD834B8B
:1013F000039A01991A61009A1D731A84DA1CD17735
:1014000002995A1DD17706999A1DD177169ADC61F7
:101410009A6203985F6112F091FA0022784B11F002
:10142000ABF910F0B1F985B2290A0420FFF7C5F92C
:101430000520E9B2FFF7C1F9200012F07FFA02009F
:101440000B0000206F4911F097F910F09DF984B25C
:10145000210A0220FFF7B1F90320E1B2FFF7ADF94D
:10146000009B2520190AFFF7A8F96B46262019785A
:10147000FFF7A3F93020FFF7F3F90121019B594051
:10148000029BC9011B0119436F2318400143C9B2D4
:101490003020FFF792F93120FFF7E2F940210143B4
:1014A0003120C9B2FFF789F99FE7574A534B1570AE
:1014B000022F00D9FEE71A0004994D3211701A006C
:1014C00000994E3211801A000199503211701A00A1
:1014D0000599533211701A000799543211701A008D
:1014E0000299523211701A00069955321170169AEB
:1014F000FE1D25005E649C649A65062C62D206255A
:10150000072E63D12A00002301210B3A91425B414F
:10151000DBB23E4A394F1370059B002B0FD044209D
:10152000FFF79EF9802149420143C9B24420FFF7E9
:1015300044F93B00543324201978FFF73EF91D206D
:10154000FFF78EF9049B36015900019B1D200B43C8
:1015500019003143C9B2FFF730F91E20FFF780F9B7
:10156000029B2D019B001D430B2318400543E9B24C
:101570001E20FFF722F92620FFF772F908234C37C7
:1015800039789843C9000143C9B22620FFF715F9FD
:10159000009B2020190AFFF710F96B4621201978CB
:1015A000FFF70BF907253120062C19D8FFF758F95A
:1015B0000521A8430143C9B23120FFF7FEF80C21F1
:1015C00037206FE70C2C9BD90C2599E73200083A9D
:1015D00053425A410B23A3429B415B42134098E77D
:1015E000FFF73EF90321A8430143C9B23120FFF7B9
:1015F000E4F80A21E4E7C046C40200205C020020AF
:1016000080844E4080847E419C020020A8020020FD
:1016100030B5FA248BB0A40054430D00FFF7D6F880
:1016200005230293962300205B0102002900089401
:10163000079006900590049003900190009303009A
:10164000FFF7ACFE3120FFF70BF94025A843C1B2EC
:101650003120FFF7B2F82800F021FFF7AEF8A02103
:101660004120FFF7AAF8084B210018001C000FF0DA
:10167000D7F80222054B20001A710FF037F803202B
:10168000FFF758FA0BB030BD480200205C02002082
:1016900070B52B4C2179012902D0022948D070BDA8
:1016A0006379002B17D0012BF9D153342378022111
:1016B000002BF4D01220FFF780F8224B1B68002B80
:1016C000EDD05C69002CEAD01C20FFF7C9F83F235D
:1016D0001840A047E3E7230030331970258E012D11
:1016E000DDD119480FF070F82300112031331D703F
:1016F000FFF7B6F8230040083233404218701B2031
:10170000FFF7AEF805001C20FFF7AAF82D020F4BDB
:101710000543C0B258432D0A6B438030000AC018FD
:1017200060630C20FFF79CF8383440092070B6E75E
:101730006379012BB3D153342378002BAFD0B9E7B1
:101740005C020020C803002020020020093D0000A8
:1017500070B5124B5C79012C12D11220FFF780F882
:1017600005000F4E254020420BD005211220FFF727
:1017700024F83368002B03D09B692000002B0BD189
:1017800070BD04211220FFF718F83368002BF7D042
:101790009B69002BF4D028009847F1E75C020020F9
:1017A000C803002010B50A0001000020FEF7E6FF84
:1017B00010BD0000F7B56B46374CD9716579DF1D58
:1017C0000600002D35D00020012D52D123005533C5
:1017D0001B783320002B54D0FFF742F84123984365
:1017E000C1B23320FEF7E9FF19213B20FEF7E5FFE8
:1017F00023003D786433290022201D70FEF7DDFFB1
:1018000000210E20FEF7D9FF00210D20FEF7D5FFA5
:101810000120FFF725F8F823984304D1FFF7A6F934
:1018200001200EF0D3FE30002900FFF7BBFFA06DB2
:101830001FE0A5873D78E31C6587DB7F002B1BD16C
:1018400001213800FFF7AEFF6B1E3F2B05D92A00A0
:10185000310012480FF02FF82025270030003F37C5
:1018600029003D70FFF79EFF3B78A28FA06A9B186E
:10187000A387FFF7CDFAF7BD29003220FEF79DFFC1
:10188000E2E7FEF7EDFF412398430543E9B2332039
:10189000FEF793FF1D21A8E75C020020C80200208C
:1018A00010B50A0001000020FEF7BAFF10BD0000CD
:1018B000F0B585B002ABDD1D0023B14C2B70237950
:1018C000012B04D0022B00D130E105B0F0BD6379CB
:1018D000002B24D0012BF8D140211220FEF76DFF00
:1018E0001220FEF7BDFF202128702B78A54EA64DB3
:1018F0000B4200D18FE01220FEF75FFF230056332A
:101900001B78002B00D1237130000EF05DFF2B6897
:10191000002BDAD01B69002BD7D09847D5E7631D81
:10192000DB7F984A994E984F0192002B32D03F208E
:10193000FEF796FF28702B789B072BD40B213E20B7
:10194000FEF73BFF10213F20FEF737FF01980EF016
:101950003BFFE31DDD7F002D0FD130000EF034FF83
:1019600025713B68002B03D01B69002B00D09847E2
:1019700000232386A3876387A7E70D20FEF770FF68
:1019800040210143C9B20D20FEF717FF30000EF0D1
:10199000ADFEE6E7618FA08F0B007D4D034309D1BB
:1019A000E31CDB7F002B24D101217A48FFF778FF6D
:1019B000A08F618F091AC9B22818FFF771FF638FD2
:1019C0000198A3870EF000FFE31DDB7F002B15D1EC
:1019D000300023710EF0F8FE3B68002BC8D09E68E3
:1019E000002EC5D0322200232800A256618FB047B6
:1019F000BEE73220FEF734FF6087D9E70D20FEF7FF
:101A00002FFF40210143C9B20D20FEF7D6FE300062
:101A10000EF06CFEE0E71920FEF722FF270040B22F
:101A200002306037801038701A20FEF719FF00234B
:101A30000100FB560AB21211A068574F92B2002B58
:101A400042DA9BB2B8423DD99D3BC818101800B28B
:101A500023006233188027001320FEF701FF64374C
:101A600038701020FEF7FCFE01000D20FEF7A5FEE9
:101A70003978474F3800FFF713FF230056331B78A0
:101A8000002B00D1237130000EF09EFE2B68002B3E
:101A900000D11AE79D68002D00D116E7220023002F
:101AA00062320021525E210060331B7864315BB2E8
:101AB00038000978A847394D2B78002B0ED0002329
:101AC0002B7002E7A43BC0E7B84203D99D395118F7
:101AD00008B2BDE7A439521810B2B9E7304B1B78F1
:101AE000002B09D12F4E3378002B0FD12E480EF04A
:101AF0003DFF0028FAD10FE00EF0A3FE06003100F2
:101B00002A480EF033FF0028F9D1EBE728480EF001
:101B10002DFF0028FAD13070230062330021595E76
:101B200024480EF023FF0028F6D1C8E722480EF023
:101B30004BFE6379012B03D108211220FEF73DFEF5
:101B400000232371104B1B68002B00D1BDE61B68DE
:101B5000002B00D1B9E69847114B1B78002B08D019
:101B60000EF06FFE0400210010480EF0FFFE00286A
:101B7000F9D112480EF0FAFE0028FAD1A5E6C046C7
:101B80005C02002034020020C80300202002002054
:101B9000C80200209602002040DD4A1FBB12002030
:101BA000370B0020BE120020D1510108B76B01088D
:101BB000C3510108DA51010848020020E55101082B
:101BC00070B5394C2579012D02D0022D56D070BD4B
:101BD0006379002B25D0012BF9D134480EF0F4FDA8
:101BE00080211220FEF7E9FD00232371304B1B6892
:101BF000002BECD0DB68002BE9D098472D4B1B78ED
:101C0000002B08D00EF01DFE040021002A480EF023
:101C1000ADFE0028F9D129480EF0A8FE0028FAD11F
:101C2000D5E727480EF0D0FD638FA28F134307D16D
:101C3000E31CDB7F002B17D129002248FFF730FE81
:101C400025003E35A28F638F1F48297810189B1AF4
:101C50008B420EDB0139C9B2FFF722FEA28F2B782F
:101C6000013A9B18A387B2E73220FEF7F9FD60879F
:101C7000E6E7D9B2FFF714FE638FF3E76379002B31
:101C8000A5D125003F35A28F638F0F482978101802
:101C90009B1A8B4204DDFFF785FD2B78A28FE0E7CE
:101CA000D9B2FFF77FFDE7E75C0200203402002095
:101CB000C8030020370B0020B76B0108EE51010864
:101CC0002002002096020020C802002070B5040007
:101CD0000D00FFF70FF9002C02D0012C09D070BDC8
:101CE000054BDB7F002BFAD129003220FEF765FD82
:101CF000F5E729002320F9E75F02002010B5040072
:101D00000120FFF7F7F8054B34211C70002C00D19F
:101D100012213920FEF751FD10BDC046B802002047
:101D200070B52B4C2379012B02D0022B2DD070BD26
:101D30006379002B1BD10B213E202386A387638769
:101D4000FEF73BFD10213F20FEF737FDE31DDB7F53
:101D5000204D002B14D00D20FEF782FD40210143C1
:101D6000C9B20D20FEF729FD28000EF0BFFC1A4B6A
:101D70001B68002BDBD0DB68002BD8D09847D6E758
:101D8000280023710EF020FDF1E7FEF7D1FCFEF7ED
:101D900071FD0020FEF7FEFE104D114E2878FFF772
:101DA000A9F8A97868780335FEF707FDB542F5D1A3
:101DB0000020FFF79FF823005C331878FFF79EFFA1
:101DC00000232371044B1B68002BB0D05B68D3E762
:101DD0005C02002020020020C8030020386D0108AA
:101DE000686D0108034B10B51B685B6898470230AB
:101DF00010BDC046C40200200023022130B587B0C8
:101E000005930D4B2024DA6A01250A43DA62DB6A66
:101E10000A480B400093009B112301A902930E3B3B
:101E200004930194039503F001F82A00210003486C
:101E300003F038F907B030BD001002400004005034
:101E40007FB50C22002103A811F04EFF0221094B9F
:101E50000948DA6A0A43DA62DB6A0B400093009BA6
:101E6000202301A901931D3B029302F0DFFF07B07D
:101E700000BDC046001002400004005030B51025DF
:101E800087B02A000021040002A811F02DFF0121D3
:101E9000124BDA6A0A43DA62DB6A01950B4000935F
:101EA000009B022C16D0032C16D08C4201D10C4B77
:101EB0000293A02001A9C00502F0B8FF002C07D0B2
:101EC00007200022022102F075FF072002F09AFF8E
:101ED00007B030BD034BEBE7034BE9E700100240CE
:101EE00000003110000021100000111010B586B064
:101EF00010220021040002A811F0F6FE0221134B6B
:101F0000DA6A0A43DA62DB6A0B400093009B8023A3
:101F1000DB0101938C4215D0032C15D0012C01D18B
:101F20000B4B02930B4801A902F080FF002C07D055
:101F300007200022022102F03DFF072002F062FF8D
:101F400006B010BD044BECE7044BEAE7001002407A
:101F5000000031100004005000002110000011109A
:101F600010B586B010220021040002A811F0BCFEBA
:101F70000221134BDA6A0A43DA62DB6A0B400093F0
:101F8000009B80231B0201938C4215D0032C15D09B
:101F9000012C01D10B4B02930B4801A902F046FF23
:101FA000002C07D007200022022102F003FF0720A7
:101FB00002F028FF06B010BD044BECE7044BEAE743
:101FC00000100240000031100004005000002110F9
:101FD000000011107FB51022002102A811F084FE2C
:101FE00001210A4BA020DA6AC0050A43DA62DB6AE3
:101FF00001AA0B4000938021009B0223490101911B
:10200000039305F035FB07B000BDC0460010024049
:102010007FB50C22002103A811F066FE01210A4BB6
:10202000A020DA6AC0050A43DA62DB6A01AA0B4023
:1020300000938021009B032349010191029305F045
:1020400017FB07B000BDC0460010024010B586B0B7
:102050000C22002103A811F047FE02210C4B102492
:10206000DA6A0C480A43DA62DB6A01940B40009397
:10207000009B012302935B1801A9049302F0D6FE92
:1020800000222100034803F00DF806B010BDC04641
:1020900000100240000400507FB50C22002103A86C
:1020A00011F022FE0221094B0948DA6A0A43DA627A
:1020B000DB6A0B400093009B102301A901930D3BA9
:1020C000029302F0B3FE07B000BDC046001002400C
:1020D0000004005000B589B0012813D102211B4B28
:1020E0001B48DA6A0A43DA62DB6A0B400093009B02
:1020F00008230393002303A90493059302F096FE9B
:1021000009B000BD022812D10121104BDA6A0A433E
:10211000DA62DB6A0B400193019B80239B00A020C5
:102120000393002303A904930593C005E6E703285E
:10213000E6D10121054BDA6A0A43DA62DB6A0B4019
:102140000293029B8023DB00E9E7C04600100240B7
:102150000004005000B589B0012812D102231C4AA6
:10216000D16A1943D162D26A04901A400092009A4F
:102170000822184803A90392CB6002F057FE09B069
:1021800000BD022811D10123114AD16A1943D1623D
:10219000D26A03A91A400192019A80229200039206
:1021A0004B60C860A020C005E7E70328E7D1012302
:1021B000074AD16A1943D162D26A04931A40029243
:1021C000029A8022DB18D2000392069303A9E9E762
:1021D000001002400004005010B5040001280CD18A
:1021E000FFF7B8FF00220821144802F05BFF22002D
:1021F0000821124802F056FF10BD02280ED1FFF749
:10220000A9FF8021A02000228900C00502F04AFF1A
:10221000802101228900A020C005EBE70328EBD133
:10222000FFF798FF8021A0200022C900C00502F01E
:1022300039FF80210122C900EDE7C04600040050AB
:1022400070B5012822D1FFF745FF0025082133484A
:1022500002F022FF041E07D0C82D02D10124200065
:1022600070BD0135EDB2F1E7C82DF7D008212B483C
:1022700002F012FF002801D1F02C04D1F03C63429F
:102280005C41E4B2EBE70134E4B2EFE702281ED18F
:10229000FFF720FF00258021A0208900C00502F063
:1022A000FBFE041E04D0C82DD8D00135EDB2F2E7F4
:1022B000C82DD3D08021A0208900C00502F0ECFEFB
:1022C0000028DBD1F02CD9D00134E4B2F2E70024AD
:1022D0000328C4D1FFF7FEFE8021A020C900C0055D
:1022E00002F0DAFE051E04D0C82CB7D00134E4B2E7
:1022F000F2E7C82CB2D08021A020C900C00502F0AE
:10230000CBFE002801D1F02D04D1F03D6B425D41A0
:10231000ECB2A4E70135EDB2EDE7C0460004005091
:1023200010B50400012813D1FFF714FF0821002283
:10233000194802F0B7FE2000FFF7CCFE082116482E
:1023400002F0AAFE013843425841C3B2180010BD42
:10235000022810D1FFF7FEFE8021A0208900002274
:10236000C00502F09FFE2000FFF7B4FE8021890027
:10237000A020C005E4E70328E8D1FFF7EBFE8021A9
:10238000A020C9000022C00502F08CFE2000FFF74B
:10239000A1FE8021C900EBE70004005070B50024C5
:1023A000050026002800FFF7BBFFA04001340643CC
:1023B000F6B2082CF6D1300070BD0000080010B550
:1023C000012911D1FFF7C6FE0824002208211E486A
:1023D000013C02F067FEE4B2012208211A4802F033
:1023E00061FE002CF1D110BD022915D1FFF7B2FE1C
:1023F00008248021A02000228900C00502F052FE9E
:102400008021A020013C01228900C005E4B202F035
:1024100049FE002CEDD1E6E70329E4D1FFF79AFE4F
:1024200008248021A0200022C900C00502F03AFE45
:102430008021A020013C0122C900C005E4B202F0C5
:1024400031FE002CEDD1CEE70004005010B50400A1
:10245000FFF7C2FE2000FFF7F3FE2100CC20FFF7BC
:10246000ADFF10BD10B50400012803D12000FFF717
:10247000B3FE03E00228F9D00328F7D02000FFF7CD
:10248000DFFE10BD00B589B0012814D102211F4B19
:102490001F48DA6A0A43DA62DB6A0B400093009B4A
:1024A00008230393053B0493002303A9059302F03B
:1024B000BDFC09B000BD022814D10121134BDA6A1A
:1024C0000A43DA62DB6A0B400193019B80239B0085
:1024D0000393FE3BFF3B0493002303A90593A02035
:1024E000C005E4E70328E4D10121084BDA6A0A4376
:1024F000DA62DB6A0B400293029B8023DB000393CA
:10250000002303A948608B60E9E7C0460010024041
:1025100000040050F0B50200411801260020732786
:102520008A4200D1F0BD0824157803006B40334087
:102530005B42BB4340085840013CC0B26D08002CD0
:10254000F3D10132ECE70000F0B5032300260400CC
:1025500087B0019300962000FFF784FF051E50D13D
:102560002000FFF773FF21004420FFF727FF2E48CC
:1025700006F04AFE2000FFF769FF2100BE20FFF7AA
:102580001DFF2000FFF70AFF03AF78550135092D25
:10259000F7D108213800FFF7BDFF3B7A834234D1E1
:1025A0000023F85E002827DA404211F09FF900224C
:1025B0001E4B10F071FC11F023FA1D49051CFDF7AC
:1025C00083FE002803D00136F6B2022E1DD100266C
:1025D0002000FFF757FF002E23D11649281CFDF7D6
:1025E00079FE00281DD11449281CFDF787FE00281C
:1025F00017D1281C07B0F0BD11F078F900220F4B5D
:10260000D7E7009B0133DBB20093019B013BDBB2B8
:102610000193002B02D0009B032B9CD10126044D7B
:10262000D6E7074DE5E7C046020300000000B0BF53
:102630000000AA4200005CC20000FA420000B03F65
:1026400033CB4C4510B50E4B0E4C23600E4B200087
:1026500063600123E36000232361A361E3612362DC
:10266000F033A3600E33636103F0DCFE002801D079
:1026700004F0E0FF0021200004F0BEF910BDC046C8
:1026800000540040CC030020563EA110F0B5FA27BC
:10269000002401260D4B87B01B7805AD2B70BF00C1
:1026A0000123C5211A000A4802970196009504F0FB
:1026B00055F82B78013433402B70A4B2002B02D094
:1026C000044B9C42ECD1200007B0F0BDFA51010848
:1026D000CC03002010270000F0B589B06A46224BD9
:1026E00004AD1B7805AF2B70204BFA261B78012414
:1026F0003B701F4BB6001B7813761E4B1B7813776D
:10270000FFF7C4FF1C480095050023000222C421E6
:102710000296019403F06CFFFFF7B8FF2300042238
:10272000C421280002960194009703F061FFFFF78F
:10273000ADFF06AB1222C4210093280023000296AD
:10274000019403F055FFFFF7A1FF07AB1C22C42142
:102750000093280023000296019403F049FFFFF73D
:1027600095FF09B0F0BDC046FC510108FE510108BB
:1027700000520108FB510108CC030020F0B5FA25F6
:1027800001241E4B89B01B7805AF3B70FFF77EFF1D
:102790001B4EAD0023000022C4213000029501949D
:1027A000009703F025FFFFF771FF164B984222D8E0
:1027B00006AF23000F22C521029530000194009737
:1027C00003F0CCFF029507AD23001022C521300095
:1027D0000194009503F0C2FF3A782B7812029B18FF
:1027E000FA229BB200201201934202D80A305843C9
:1027F00080B209B0F0BD0448FBE7C04602520108B0
:10280000CC0300200E270000FFFF00001FB5164C70
:1028100005222100684611F0ADFA611D062202A8CA
:1028200011F0A8FA07F018F907F030F90F4C01225F
:102830000F49200000F046FEFA20800006F0E4FC7C
:10284000694605220B4B200001F00AFA322006F0FF
:10285000DBFC0622074B02A9200001F001FA32201E
:1028600006F0D2FC1FBDC0464051010808090020F7
:1028700003090020FFFF000037B5174B0193FFF756
:10288000C5FF164C164B0422200001A901F0E8F9FF
:102890000122144D144920002A7000F013FEFA2082
:1028A0000024400006F0B0FC2C7007F019F90F4B23
:1028B00020001A785A2A0DD15A78052A0AD19A7816
:1028C000112A07D1DA78A24204D11879703843422C
:1028D0005841C0B23EBDC0465A04116F08090020DD
:1028E000FFFF00001F04002003090020180400203F
:1028F00037B5072200210400684611F0F5F907F00A
:10290000C5F8FA20800006F07FFCFA216D46684683
:10291000C90007F07FF907F0E3F868782B78297988
:102920000343A8786A790343E87803430B43A87903
:102930001343034304D1084823606060A36037BD9C
:102940000A2328881202434352189BB22360D310F3
:10295000013B6888FF3BF0E7FEFF00007FB51022D7
:10296000002102A811F0C0F902210B4BA020DA6A65
:10297000C0050A43DA62DB6A01AA0B400093009BA0
:10298000802101230901039302330191049304F090
:102990006FFE07B000BDC046001002407FB50C229C
:1029A000002103A811F0A0F901230A4A0A48D16ABC
:1029B0001943D1628021D26A49011A400092009ADB
:1029C000029301AA02330191049304F051FE07B06F
:1029D00000BDC04600100240000400507FB50C222C
:1029E000002103A811F080F902210A4BA020DA6A25
:1029F000C0050A43DA62DB6A0B400093009B802328
:102A00001B010193032301A9029302F00FFA07B0FF
:102A100000BDC046001002407FB50C22002103A873
:102A200011F062F90121094B0948DA6A0A43DA62B6
:102A3000DB6A0B400093009B80235B01019303231F
:102A400001A9029302F0F2F907B000BD00100240A4
:102A50000004005002230D4A10B5916B0C480B4343
:102A600093630C4B0C4A03601F2343600023C26036
:102A70008360036103F0CCF8002801D004F0DAFD94
:102A800000220521102002F095F910BD001002402F
:102A90002004002000040040E7030000034B8342B1
:102AA00003D1034A138801331380704720040020A8
:102AB000580400200300F7B504000C3301930026EE
:102AC0008021324D324F2B6801225E62490131482C
:102AD0003E8002F0E7FA012006F096FB80213200EA
:102AE0002C48490102F0DEFA0DF0ABFE0600802111
:102AF000A0200901C00502F0CFFA002834D000263A
:102B0000280003F0A0F80DF09CFE00908021A0208A
:102B10000901C00502F0C0FA00282ED1280003F0F8
:102B20009DF82B685B6A012E1DD0FA203A88800040
:102B300050439BB2C01810F0D9FE174A174B10F043
:102B4000ABF90022164B10F0A7F9164B002210F03B
:102B5000A3F90EF019FE2080322006F055FB019BF0
:102B600002349C42ABD1F7BD30000DF070FEFA2369
:102B70009B009842BBD30126C2E700980DF067FE88
:102B8000FA239B009842C1D30126C7E72004002006
:102B90005804002000040050006F8104C58FA13F3D
:102BA0000000E03F00002440020070B501260A3218
:102BB000030031001C885D88AC4202D900211D80D1
:102BC0005C8002339342F5D1002902D1023A82425D
:102BD000EED170BD10B50400FFF7E6FFE288638810
:102BE00020899B18A2889B18C018800880B210BD4D
:102BF0001FB58021A0200901C00502F04DFA041E76
:102C000013D10B4B1B88002B0FD001A8FFF752FFED
:102C100001A8FFF7DFFF0300B422F03B9BB2520193
:102C2000934200D9200004B010BD0248FBE7C04623
:102C3000300B0020FFFF000010B586B00C220021F1
:102C400003A811F051F801238024A0200C4A24018C
:102C5000D16AC0051943D162D26A21001A4000929C
:102C6000009A029301AA02330493019404F000FD38
:102C7000A02000222100C00502F014FA06B010BD09
:102C8000001002407FB51022002102A811F02CF89C
:102C90000221084B0848DA6A0A43DA62DB6A01AAB1
:102CA0000B40802100934901009B019104F0E0FC5E
:102CB00007B000BD00100240000400507FB50C2298
:102CC000002103A811F010F801210A4BA020DA6AB4
:102CD000C0050A43DA62DB6A0B400093009B802345
:102CE0001B010193032301A9029302F09FF807B08F
:102CF00000BDC046001002407FB50C22002103A891
:102D000010F0F2FF0221094B0948DA6A0A43DA623D
:102D1000DB6A0B400093009B80235B01019303233C
:102D200001A9029302F082F807B000BD0010024032
:102D3000000400508021A020002270B50901C005C8
:102D400002F0B0F980211A48490102F0A5F9041EE9
:102D5000F8D118258021A02001220901C00502F028
:102D6000A1F98021A02000220901C00502F09AF9F2
:102D700080210F48490102F08FF901384342584140
:102D8000013D6400EDB22418002DE3D18021A02084
:102D900001220901C00502F085F98021A0202A0046
:102DA0000901C00502F07EF980200004604070BD7A
:102DB0000004005010B5FFF7BDFF014B186010BDB7
:102DC0005C04002010B5FFF7B5FF094A030010604E
:102DD000084A00201268934208D0981A0FF082F92E
:102DE000054B19680EF062FD0FF05EF910BDC0468C
:102DF000600400205C0400201800002000207047C0
:102E000070470120704770B505000920FDF728FDC7
:102E10004D20FDF725FD0724112D12DD0443E4B2FA
:102E20002B1C142D00DD1423053B102149421943AE
:102E30000920C9B2FDF7C1FC21004D20FDF7BDFC02
:102E400070BDA04304240443E4B22B1C022D00DA1D
:102E50000223023BE9E700007FB51422002101A80C
:102E600010F042FF1148FDF757FC114B80210293EF
:102E7000022301AA03930F4801338901049304F04C
:102E8000F7FB802101AA0C48C90004F0F1FB802166
:102E900001AA0948090104F0EBFB8021064801AAB8
:102EA000490004F0E5FB07B000BDC0461C0000204F
:102EB0000000111000080050000400507FB51422DB
:102EC000002101A810F010FF0E4B80210293022375
:102ED00001AA0D488901039304F0CAFB802101AACD
:102EE0000A48C90004F0C4FB802101AA074809016F
:102EF00004F0BEFB8021054801AA490004F0B8FB9C
:102F000007B000BD00001110000800500004005080
:102F1000802110B50368040000220D48890104F0E7
:102F2000F3FB8021636800220A48C90004F0ECFB2F
:102F30008021A36800220748090104F0E5FB8021F5
:102F40000022E3680348490004F0DEFB10BDC046E0
:102F500000080050000400507FB51422002101A891
:102F600010F0C2FE01238021A020029301AA0233A7
:102F70004900C005049304F07BFB8021A0200022BF
:102F80004900C00504F0E6FB07B000BD0D4B10B5CD
:102F90001A78824204D01870002802D1FFF7DCFFB3
:102FA00010BDFFF7D9FF084C2378002BF8D0802103
:102FB000A02001224900C00504F0CCFB00232370AF
:102FC000EEE7C04664040020BE060020012210B5D2
:102FD000032800D000228021A0204900C00504F071
:102FE000B9FB10BD8022104B520019680A431A60C9
:102FF000DA680E490A40DA601A680D490A40012170
:103000001A609A688A439A601A680A490A401A60E4
:10301000DA6809490A40DA6000221A618022074B07
:1030200012059A607047C046001002400C40FF88AD
:10303000F6FFF6FEFFFFFBFFFFFF02FF00ED00E0E3
:10304000F7B51D0004000E00019201F095FE019BF2
:103050000700002B35D0226893683340B34235D146
:103060006B1CF9D0002D0ED001F086FEC01BA842CB
:10307000F1D908E06B1C25D0002D04D001F07CFEB6
:10308000C01BA8421DD9E02123685A688A435A60B0
:103090001A68A0398A4380211A60A26A89018A428B
:1030A00006D119680A480140196019680A431A6074
:1030B0002300012251331A7000235034032023705F
:1030C00005E0226893683340B342D3D10020FEBDAF
:1030D000FFDFFFFF7047000070B504000120002CE7
:1030E00037D0250051352B78DAB2002B05D12300DB
:1030F000503320001A70FFF7EDFF022340222B709F
:103100002168A0680B6893430B606368A26903435E
:10311000E06803432069034360690343E0690343B4
:10312000206A0343A06A03438020800010400343C9
:103130000B600423120C1A40636A00201A43E36AEE
:103140004A600B61CB69034A1340CB610123606580
:103150002B7070BDFFF7FFFFF0B50400002085B0B5
:1031600002AEF08026000192513630780A9D012887
:1031700004D037780220222F00D08DE0002900D122
:1031800059E1019A002A00D155E1002B00D152E10A
:10319000270050373878844662460220012A00D141
:1031A0007AE0013838703078012801D13130307040
:1031B00000206065A064E0648020019AE387A26338
:1031C000A26AA387A386E3862163236880018242E3
:1031D00006D118689A4F3840186018681043186074
:1031E00040201F68074202D11F6838431860E76813
:1031F0006068BC4680273F01BC4500D07EE00028C7
:1032000006D082277F00B8420AD1E08E012807D17C
:1032100008880231D8602163E18E013989B2E186E4
:10322000E18E002909D080277F01E38E002B35D164
:103230006268002A1CD12B000AE0802189018A42A1
:1032400004D18022196852010A431A602B0000221F
:1032500001212000FFF7F4FE00281CD12368DA6862
:10326000A36B1A800233A363E38F013B9BB2E38716
:103270008023A26A9B019A4200D0B8E02B00002272
:1032800001212000FFF7DCFE002800D1A8E0022386
:10329000626D13436365032005B0F0BD2B0000226F
:1032A00002212000FFF7CCFE0028F4D1236B226816
:1032B00019880233D1602363E38E013B9BB2E3861E
:1032C000E38E002B07D18021A36A89018B4202D1B2
:1032D00013683B4313602B00002201212000FFF7FD
:1032E000AFFE0028D7D12368DA68A36B1A800233B7
:1032F000A363E38F013B9BB2E38796E7002806D0E8
:1033000082277F00B8420AD1E08E012807D1481CED
:1033100020630978D960E18E013989B2E186E18EB6
:10332000002914D080277F01E38E002B26D162680C
:10333000002A9DD12B0001212000FFF781FE0028EB
:10334000A9D12368DA68A36B591CA16314E080211A
:1033500089018A4204D18022196852010A431A6005
:103360002B00002201212000FFF76AFE002800D078
:1033700091E72368DA68A36B1A7075E72B000022C7
:1033800002212000FFF75CFE002800D083E7236BBA
:103390005A1C22631B782268D360E38E013B9BB2E8
:1033A000E386E38E002B07D18021A36A89018B423B
:1033B00002D113683B4313602B000022012120003F
:1033C000FFF73EFE002800D065E72368DA68A36BAC
:1033D000591CA1631A70E38F013B9BB2E387A3E7FB
:1033E000236802AADB689BB2D3801300DB882B0022
:1033F000012280212000FFF723FE031E02D020239C
:10340000626D46E70122250032708022A16A920196
:103410005035914211D122689668F6060DD50220EA
:10342000666D304360651068054C20401060106880
:10343000014311602B7001202EE700232B702BE736
:10344000FFDFFFFF036806491A686A300A401A6006
:103450009A682331FF318A439A60202303707047B2
:10346000DFFEFFFF70B5050069352C7803000220F0
:10347000202C25D10138002922D0002A20D08020FC
:103480009C684001844206D11869002803D10124B8
:103490002000214214D11C00683426780220012E1D
:1034A0000ED0D964190050310A804A8000202122B0
:1034B000D8662A7020701A68802311680B43136045
:1034C00070BD0000F0B506006A36347803000220B3
:1034D000202C35D10138002932D0002A30D080206C
:1034E0009C684001844206D11869002803D1012557
:1034F0002800294224D11D0068352F780220012F91
:103500001ED05965190058310A804A808022520124
:10351000944218D11A69002A13D113491A005C3257
:10352000118000202222D866327028701B68213A50
:1035300099680A439A609022196852000A431A60F7
:10354000F0BDFF21EAE7002C04D11A69002AF8D067
:103550007F21E3E7802252059442E2D11A69002AD2
:10356000F6D03F21DAE7C046FF0100001300020059
:1035700070B56932157804000220202D36D101384B
:10358000002933D0002B31D08020A568400185422E
:1035900006D12069002803D101252800294225D120
:1035A0002600683635780220012D1FD00138307092
:1035B00020005030E1640025038043802120E5662F
:1035C0001070206E0A4A8563C2620A4A02630A4A80
:1035D00042632268283201F00DFE40222800236851
:1035E0001A623570996892180A439A6070BDC04695
:1035F000FD35000833360008B336000803001B68A9
:1036000010B51A6820231100806A19401A420CD1A3
:10361000030052331980802103689A688A439A60B4
:10362000402219680A431A6010BD06F049F9FBE709
:10363000704710B5806AFFF7FBFF10BD010070B541
:103640006A310A780368222A2BD1020080245C3276
:10365000168885685A6A6401436D3240A5421CD1C0
:103660000469002C19D11A800233436502005A32D2
:103670001388013B9BB21380002B0DD103680B4CC8
:103680001A6822401A609A682334FF34A2439A6071
:1036900020230B7006F038F970BD5C1C44651A706D
:1036A000E4E7082299690A439A61F5E7DFFEFFFF24
:1036B000704710B5846A210069310B78212B0DD138
:1036C00023689A68120609D5220000205232108021
:1036D0001A68C03082431A6020230B7023006A33BB
:1036E0001B78222B0AD123689B685B0606D5230032
:1036F00000225A3320001A80FFF7A4FE1023E26E46
:1037000020001343E366FFF7D3FF10BDF8B503684D
:103710000400DA691968100708D12020024262D03B
:10372000014260D02000FFF789FFF8BD9D68902717
:1037300001202E007F0006400F40374354D0024244
:1037400005D0CD0503D51862E56E2843E06602205A
:10375000024206D0002E04D01862E56E00182843FD
:10376000E0660420024206D0002E04D01862E56E06
:1037700002382843E0660820024207D020250D4089
:10378000354303D01862E36E1843E066E36E002B06
:10379000CBD020231A4204D0194202D02000FFF7D8
:1037A0004DFFE36E20001B0706D423689A68402370
:1037B00015001D401A422BD0FFF744FE402123681C
:1037C0009A680A4220D09A68606E8A439A600028FC
:1037D0001AD0334B836301F039FD0028A5D0606E09
:1037E000836B9847A1E79D6880204003024213D075
:1037F0006D0211D522001862202369321370200057
:10380000537002F0C7FC90E72000FFF751FF8CE7F0
:10381000FFF74EFFE56688E780252A422DD0294232
:103820002BD0220069321278212A00D07DE72000B7
:1038300052300288002A07D11A68AA431A6040222F
:1038400019680A431A6070E78021A568E26C490193
:103850008D420DD1216900290AD111880232C90592
:10386000C90D9962E2640388013B9BB203805CE767
:10387000511CE16412789A62F5E74020024200D1BF
:1038800053E7014200D150E71A6882431A602300CF
:103890002022693320001A7006F012F845E7C0466E
:1038A000A5380008806A0023020010B55A32138040
:1038B000083A1380FFF7FCFE10BD0000F8B50500C4
:1038C000036882680069196802436869874E024389
:1038D000E8690243864801400A431A605A688549EC
:1038E0000A40E9680A435A60A969B34201D02A6ACA
:1038F00011439A68804802400A439A607F4A934283
:103900001FD103227E4BDB6C13401C00022B06D020
:103910000824934203D0043C012B00D0033C022036
:1039200001F012F92F680300B7426AD1082C00D9C0
:10393000DAE02000FCF7C4FB33D839D85FD8D8D8F8
:103940006200704A934210D10C226D4B0224DB6C52
:103950001340082BE3D003D85A1E93419C00DEE7A6
:1039600010240C2BDBD1083CD9E7674A0024934292
:10397000D5D0664A9342D2D01034B342CFD1C022C0
:1039800080215F4B1201DB6C090113408B4204D094
:10399000E2D99342C3D10824C1E70224BFE700F073
:1039A000D7FF002809D100244AE0554B1868584B2E
:1039B000C006C0171840574BC01803236A6853430A
:1039C000834200D990E01303834200D28CE00021AF
:1039D000070E0602500836184F410B003000390020
:1039E000FCF7A0FC4C4BC2184C4B9A4200D97BE030
:1039F0002B68D860D7E700F0B1FED2E78020000244
:103A0000DBE78022E969120291423ED1082C39D8C5
:103A10002000FCF755FB05171D372F3737373200CD
:103A2000696858004B08C018FCF768FB80B20F2388
:103A300002009A43130000072A68400F0343D36033
:103A40002000F8BD00F094FF696840004B0809E0D1
:103A50002B4B69681A681023140048081C401A424E
:103A600006D02F4BC018FCF749FB002480B2DEE7DC
:103A70002C4BD8E700F072FEE6E7802369685B0212
:103A80004808EFE701240020D1E7082C2CD82000BB
:103A9000FCF716FB0510132A222A2A2A250000F01B
:103AA00057FF69682C684B081818FCF727FB80B291
:103AB000E06078E700F05CFFF3E7114B69681B6892
:103AC0004808DB0606D5184BC018FCF717FB80B278
:103AD000F86068E70F4BF7E700F040FEE1E780236E
:103AE00069681B024808EFE70124A9E70048004085
:103AF000F369FFEFFFCFFFFFFFF4FFFF0038014046
:103B00000010024000440040004C004000500040C3
:103B100000E548FF0024F40000FDFFFFFFFC0F005C
:103B200000127A000048E80100093D00436A30B500
:103B3000DA0706D50168284C4A682240846A224385
:103B40004A609A0706D50168244C4A682240C46A34
:103B500022434A605A0706D50168214C4A68224030
:103B6000046B22434A601A0706D501681D4C4A6857
:103B70002240446B22434A60DA0606D501681A4C9B
:103B80008A682240846B22438A609A0606D50168BF
:103B9000164C8A682240C46B22438A605A0610D5AC
:103BA0000168134D4A68046C2A4022434A6080220F
:103BB0005203944205D14A680E4C2240446C224381
:103BC0004A601B0606D502680B4953680B40816C9E
:103BD0000B43536030BDC046FFFFFDFFFFFFFEFFFC
:103BE000FFFFFBFFFF7FFFFFFFEFFFFFFFDFFFFF99
:103BF000FFFFEFFFFFFF9FFFFFFFF7FFF8B5040098
:103C00000D0017001E002268D3692B405B1B594230
:103C10004B41BB4201D0002018E0069B0133F3D09A
:103C2000069B002B13D123680C491A6803200A4015
:103C30001A609A68A331FF318A439A6022002023D8
:103C4000693213705370002368342370F8BD01F09B
:103C500093F8069B801B9842D5D9E4E75FFEFFFFEF
:103C6000F0B5070085B0039369373B7804000D0079
:103C700016000220202B46D10138002943D0002A0B
:103C800041D08023A2685B019A4204D12369002BB2
:103C900001D1014237D1230068331A780220012A6A
:103CA00031D001221A700023E36621333B7001F00A
:103CB00063F8230050331E805E80802602907601D8
:103CC000210052310B889AB2002B0DD1039B402169
:103CD00000932000029BFFF791FF002812D12023C0
:103CE00068343B7020700EE00B880022013B9BB2D1
:103CF0000B80039B802100932000029BFFF77EFF37
:103D0000002802D0032005B0F0BDA3682268B342AA
:103D100008D12369002B05D12B880235DB05DB0D8B
:103D20009362CDE72B7801359362C9E773B500261E
:103D30000400C66601F020F8236805001B681B0715
:103D400017D423681B685B070AD580210F4B00221C
:103D5000009320002B00C903FFF750FF002813D168
:103D600022002023002069326834137053702070C1
:103D70000BE08021054B32000093890303002000F3
:103D8000FFF73CFF0028DCD0032076BDFFFFFF01DA
:103D900070B5041E01D1012070BD050069352B7876
:103DA000DAB2002B04D1030068331A7005F0BEFEAE
:103DB000242301212B70226813688B431360636AEC
:103DC000002B02D02000FFF7B1FE2000FFF776FDA8
:103DD0000128E0D0236808495A6820000A402A21B7
:103DE0005A609A688A439A60012219680A431A60E5
:103DF000FFF79CFFD0E7C046FFB7FFFF084B13B5A6
:103E0000040008491868FCF779F944430194019BC0
:103E1000002B00D113BD019B013B0193F7E7C04686
:103E20003400002040420F000321036870B59A68F7
:103E300004000A40012A04D11968114201D000206F
:103E400070BD9968134A114209D01023A26D134323
:103E5000A3650123E26D13430120E365F0E701252B
:103E60009A6828002A439A60FFF7C8FF00F084FF91
:103E7000060023681B682B42E1D100F07DFF801B08
:103E80000A28F6D91023A26D1343A365E36D2B43D3
:103E9000E2E7C046170000807047000070B5041EBE
:103EA00016D0836D002B05D102005432C365137008
:103EB000FFF7F2FFA36DDB0603D423689A6852076D
:103EC00008D51023A26D543413436360002323707C
:103ED000012070BDA16D544A11400632FF320A43E1
:103EE000A265032299681140504A012902D118683D
:103EF000084219D180256168ED0548004008A842B4
:103F000003D080200006814272D1186980008008A9
:103F100018611869014319611820D9688143D96073
:103F2000D968A0680143D960116841480140116017
:103F3000A16B1068490601431160802299685205FF
:103F4000114202D199680A439A60DA683949656B6F
:103F50000A40DA60E268D868216A2A4302434803CB
:103F60000243206B40000243A06980030243E069E2
:103F7000C003024320690238454268418000024381
:103F8000C220DA60A26AFF30824204D0E56AD868B3
:103F90002A430243DA60626A012A06D1002933D13A
:103FA0008022D96852020A43DA60216C1A69012919
:103FB00032D12148A56C02401A61626C18692A430B
:103FC000E56C2A4302431A611A69114319610721FA
:103FD0005A6900208A435A615A69E16B0A435A615F
:103FE0000323E065A26D9A43023B1343A36570E788
:103FF0001869124D80008008186110682840106010
:1040000010680143116087E72021A06D0143A1657D
:10401000E16D0A43E265C8E701210A42D7D01A6977
:104020008A431A61D3E7C046FDFEFFFF082701401F
:10403000FFFFFFFD1902FEFF03FCFFFFFFFFC3FFB1
:10404000036870B59B68040002205B071AD4250042
:1040500054352B78012B15D001232B70E369012BEC
:1040600011D1A26D0B4B00201A4080235B0013433B
:104070001C22A365E065287023681A609968183AC5
:104080000A439A6070BD2000FFF7CEFE0028E8D0FA
:10409000F8E7C046FEF0FFFFF8B5466904000D00E2
:1040A000082E0DD003680120DB680C26034207D0E0
:1040B0002023A26D54341343636000232370F8BDA2
:1040C00000F05AFE070023681A68164222D08022A8
:1040D000A16D92000A43A265C022D9681201114263
:1040E00013D1226A002A10D11A6812070DD59A68D6
:1040F000520722D40C215A688A435A60A16D154A8E
:1041000011400432FF320A43A265A269002A1DD081
:104110000020D4E76A1CD7D0002D08D10423A26D5B
:10412000543413436360002303202370C7E700F077
:1041300023FEC01BA842C6D9F0E72022A16D0A4386
:10414000A2650122E16D0A43E265DEE70C221A60F6
:10415000DEE7C046FEFEFFFF0368186C70470000F4
:10416000F8B504005434227803000220012A0BD051
:10417000013820701A6895686D0706D52022996D60
:104180000A439A6500232370F8BD802380260D68BA
:10419000194F49686803DB02400B2B40B602B94255
:1041A00018D0916A01439162002B08D08023134AF2
:1041B0001B0411680A200B431360FFF71FFE3542F2
:1041C00005D080230D4ADB0311680B4313600020E8
:1041D0002070D9E7916A81439162002B04D0074A8D
:1041E000074913680B4013603542F0D0034A054974
:1041F00013680B40EAE7C0460110000008270140A1
:10420000FFFF7FFFFFFFBFFFF021174A0300D068C9
:1042100030B508420AD00023012414490A68A24399
:104220001A430A6008682040584030BD8020C021F1
:10423000956B40050E4C490105420AD02268114099
:10424000C02252019142E6D10A4A9B185A42534178
:10425000E2E7956B284390632068074C0140906B20
:1042600020409063ECE7C04600100240002002406E
:10427000007000400040FFFFFFFFFFEFF0B5036854
:10428000040085B0DB074DD423689B0700D59FE071
:104290002368DB0634D50C23BC4DEA681A4200D0F3
:1042A000EAE02B689B0502D5E369002B4FD0E022A2
:1042B0006B68666A120213409E4200D8C9E0300063
:1042C000FFF7A2FF002842D16B68B14A1340334385
:1042D0006B606A68236A12021B06120A13436B6042
:1042E0008023760B01361B02B340EA68A948120608
:1042F000120F825CA849D34003200B6004F082FFB8
:1043000023681B0700D5EEE023685B0700D511E1A9
:1043100023689B0600D592E1A16A002900D0C2E182
:1043200000202BE00C21994DEB680B40082B08D0A6
:104330008023EA685B020A408A420AD1EA681A428C
:1043400007D02B689B039FD56368002B9CD101206D
:1043500014E062689A4213D12A6813432B6000F07C
:104360000BFD80270600BF022B683B428CD100F07A
:1043700003FD8A4B801B9842F6D9032005B0F0BD9F
:10438000A021C9028A4205D180222968D2020A43AB
:104390002A60E1E7296882480140296029680B40CA
:1043A0000393039B7F492B680B402B60002AD6D1D7
:1043B00000F0E2FC80270600BF022B683B4200D1E0
:1043C00062E700F0D9FC754B801B9842F5D9D4E721
:1043D0000C226E4DEB681340042B06D0EB681340A3
:1043E000934210D1EB68DB030DD42B685B0702D539
:1043F000E368012BABD16A6823696B491B020A4051
:1044000013436B6044E7E2682B68002A10D009214F
:104410008B4313432B6000F0AFFC042706002B688E
:104420003B42E8D100F0A8FC801B0228F7D9A4E7A2
:10443000012293432B6000F09FFC042706002B68A9
:104440003B4200D124E700F097FC801B0228F6D9FC
:1044500093E76B684E4A3000134033436B606A68E1
:10446000236A12021B06120A13436B60FFF7CCFE8D
:10447000002800D134E76AE7E369002B20D08023CD
:104480002A685B0013432B6000F076FC802706004F
:10449000BF002B683B420DD06B683D4A1340626AF7
:1044A00013436B606A68236A12021B06120A1343E5
:1044B0006B6025E700F060FC801B0228E9D95CE70F
:1044C0002B683A4A802713402B6000F055FC060009
:1044D000BF002B683B4200D112E700F04DFC801B6F
:1044E0000228F6D949E762690123284D002A10D035
:1044F0002A6D022713432B6500F03EFC06002B6D4E
:104500003B4200D000E700F037FC801B0228F6D9C0
:1045100033E72A6D02279A432A6500F02DFC060036
:104520002B6D3B4200D1EFE600F026FC801B0228F9
:10453000F6D922E780230021144D5B05AA6B009178
:104540001A4204D1AA6B1343AB6301230093802763
:10455000174E7F0033683B4208D08022A368520088
:10456000934227D12A6D13432B6548E033683B43C0
:10457000336000F001FC019033683B42EDD100F064
:10458000FBFB019BC01A6428F6D9F6E60010024036
:10459000FF1FFFFFE16D01083400002088130000B9
:1045A000FFFFFEFFFFFFFBFFFFE0FFFFFFFEFFFF40
:1045B00000700040002B16D12B6D5F4A80271340FE
:1045C0002B652B6D5D4ABF0013402B6500F0D4FBBB
:1045D00006002B6D3B421AD000F0CEFB584B801BDF
:1045E0009842F6D9C9E6A021C9008B4218D1802390
:1045F000296DDB000B432B652B6D1A432A6500F0F8
:10460000BBFB80270600BF002B6D3B4210D0009BF8
:10461000012B00D07CE6AB6B4A4A1340AB6377E6D4
:104620002B6D454A13402B652B6D444A13409BE785
:1046300000F0A2FB424B801B9842E5D99DE6A169A0
:104640000123414D414A002918D0A9680227194386
:10465000A960696B0B436B638023116A9B010B4359
:10466000136200F089FB0600AB683B4200D053E6C2
:1046700000F082FB801B0228F6D97EE6A96802279B
:104680009943A960136A32490B40136200F074FB2E
:104690000600AB683B4200D13EE600F06DFB801B9C
:1046A0000228F6D969E60C22274DEB6813409342A5
:1046B00000D14CE62B68274A13402B6002292BD1EE
:1046C00000F05AFB80270600BF042B683B421DD137
:1046D000216BE36AEA680B431F4980260A401343B3
:1046E000626BB6041343EB6080232A685B041343B8
:1046F0002B6000F041FB04002B68334200D00FE632
:1047000000F03AFB001B0228F6D936E600F034FB35
:10471000801B0228D9D930E600F02EFB8026040049
:10472000B6042B68334200D1FAE500F025FB001BEC
:104730000228F6D921E6C046FFFEFFFFFFFBFFFF80
:1047400088130000FFFFFFEF00100240000001404F
:10475000FFDFFFFFFFFFFFFEFFFF02FF0C221A4BF0
:1047600010B5D9680A40082A2CD00C2A0CD0042A8B
:1047700020D118681023184043425841134B40423F
:104780001840134BC01810BD12488A02120F825CE9
:104790000902D868890F0131C00304D50E4850437F
:1047A000FBF7ACFCEFE71B68DB0601D50848F6E732
:1047B0000A48F4E780205B6800021B045B0F0133AA
:1047C0009840E0E70448DEE700100240001BB70015
:1047D00000093D00D06D010800127A000024F400A9
:1047E000F7B50122534E05003368019113408B4207
:1047F00028D32A68930731D4D20737D401233268EB
:1048000001991A408A4200D985E02A684A4C530728
:1048100000D588E0120706D5E2682B694749DB001E
:104820000A401343E360FFF799FFE368444A1B061D
:104830001B0FD35C4349D8400860032004F0E2FC1E
:1048400000200AE03368019993430B4333603368D7
:104850001340019A9342CCD00120FEBDF02036498E
:10486000CB688343A8680343CB60C5E7324C6A68D2
:104870002368022A19D19B03EED50321E3688B43F9
:104880001343E36000F078FA6B680700022B19D13C
:104890000C22E3681340082BB0D000F06DFA2A4BCD
:1048A000C01B9842F4D90320D7E7032A02D19B0109
:1048B000E3D4D1E7012A02D15B07DED4CCE79B0524
:1048C000DBD4C9E7032B0CD10C22E36813409342DD
:1048D00000D193E700F050FA1B4BC01B9842F3D96C
:1048E000E1E7012B11D00C22E368134200D185E7E8
:1048F00000F042FA144BC01B9842F4D9D3E700F001
:104900003BFA114BC01B9842CDD80C22E3681340F0
:10491000042BF4D172E732689A43326032681A424B
:1049200000D172E798E7E36808490B40E9680B4358
:10493000E3606FE70020024000100240FFC7FFFF66
:10494000E16D01083400002088130000FFF8FFFF2C
:10495000044B054ADB6805495B055B0FCB5C1068BF
:10496000D84070470010024034000020D96D010883
:10497000044B054ADB6805499B045B0FCB5C106860
:10498000D84070470010024034000020D96D010863
:104990000368F7B505009B063CD5802300215F4CDA
:1049A0005B05A26B00911A4204D1A26B1343A3636F
:1049B0000123009380275A4E7F0033683B4264D026
:1049C000686822680100C0234240C0209B02800327
:1049D000194002426AD1226D100018401A4200D0DC
:1049E0006DE06968C0230A009B021A409A4207D111
:1049F00023684C480340C020800301400B432360E0
:104A0000236D1A43009B2265012B03D1A36B464AF9
:104A10001340A3632B68DA0706D503203F49CA6C0D
:104A20008243A8680243CA649A0706D50C203B4912
:104A3000CA6C8243E8680243CA645A0706D53749FC
:104A40003A48CA6C024028690243CA641A0706D56C
:104A500032493748CA6C024068690243CA64DA05C1
:104A600006D52E493348CA6C0240A8690243CA647D
:104A70005A0606D529493048CA6C0240286A0243C2
:104A8000CA641B0642D400200FE033683B43336006
:104A900000F072F9019033683B4291D100F06CF95B
:104AA000019BC01A6428F6D90320FEBD994200D0AC
:104AB00091E722680120920300D48CE7F5E7884251
:104AC00000D18EE72B689B0600D48AE78021236DF6
:104AD000206D090301432165216D164A17481A40CC
:104AE000014021652265DB0500D47AE700F044F936
:104AF00080270600BF00236D3B4200D071E700F025
:104B00003BF90F4B801B9842F5D9CDE7034A0D497D
:104B1000D36C0B40E9690B43D364B4E70010024047
:104B200000700040FFFFCFFFFFFFFFEFFFF3FFFF2D
:104B3000FFCFFFFFFFFFFCFFFFFFFFFBFFFFF7FFC4
:104B400088130000FFFFF3FF030010B5102800D109
:104B5000C5E00AD8013B0020072B42D81800FBF71C
:104B6000AFFA6D83BC96BCBCBCAA40283AD0802268
:104B70005200904200D1BCE00020202B31D1C02453
:104B80008021654AA402106D136D490223408B42B7
:104B900003D18005C00FC00323E0802189028B422E
:104BA00004D180075D4BC01718401AE00020A342D3
:104BB00017D113680B4214D0C023106880229B03C6
:104BC00018409203904200D1A2E0984200D1A1E0A7
:104BD000534BC01843425841524B40421840524B2D
:104BE000C01810BD4C4B8022D96CD2040800104074
:104BF00011421ED11A689201F3D5DA684B48D96880
:104C00009202120F805C0902DA68890F0131D20327
:104C10000DD410221B6813405A425341444A5B4250
:104C20001340414A9B185843FBF768FAD9E7414BB8
:104C3000F9E79868404B8007C017B5E7364B03216A
:104C4000D86C02000A40084202D1FFF791FEC8E783
:104C5000022A04D118684007384BC017A4E7012A7C
:104C600013D1FFF77BFDBCE72B4B0C21D86C020066
:104C70000A40084202D1FFF76BFEB2E7082AE9D0EA
:104C8000042AEED000200C2AABD1186D81E7224B0C
:104C9000C022D86C1201010011401042EBD08020DC
:104CA00000018142D6D08020C0008142D9D00020AE
:104CB000914296D1E9E7184AC021D06C89010300DE
:104CC0000B400842D7D0802189018B4201D1106866
:104CD000C1E7802252019342C3D0002081E70E4BEE
:104CE0009A6B80231000DB0318401A4200D178E74A
:104CF000C1E7094AC021D06C890203000B40084279
:104D0000B9D0802189028B42E1D080225202E2E7B1
:104D10000B4866E70B4864E70010024088900000EB
:104D20000000F0FF807BE1FF00093D00D06D01082D
:104D3000001BB70000127A00006CDC020024F400B3
:104D400040420F0020A107000223064A10B5116857
:104D500003200B43136004F055FA04F05BFA0020C3
:104D600010BDC04600200240024A136801331360A0
:104D70007047C04668040020014B18687047C04661
:104D8000680400200121024A53688B435360704736
:104D9000005801400221024A53688B435360704718
:104DA000005801400421024A53688B435360704706
:104DB0000058014010B5FF24032322000340DB000C
:104DC0009A4089012140D243994000280BDA0F23F1
:104DD0000340083B09489B089B001B18D869024008
:104DE0000A43DA6110BD064B80088000C018C0235A
:104DF0009B00C45822400A43C250F3E700ED00E094
:104E000000E100E01F2318401E3B8340014A13606D
:104E10007047C04600E100E01F2318401E3B83405E
:104E2000014AD3677047C04604E100E00023F0B5B3
:104E300085B00A681400DC4001D105B0F0BD01273F
:104E400014009F403C4001943A4200D195E04A68EA
:104E50001600944610229643022E13D107240F25E4
:104E60001C40A400A540DA08920082180292126A3F
:104E700003951500039A95432A000D69A540154333
:104E8000029A156203225D00AA40013ED243012E20
:104E90000CD8CC688668AC401640344384606446C5
:104EA00024099C404668BE4334434460644603275B
:104EB0003C40AC400668164034430460C46814406B
:104EC0008A68AA4022438024C26062466405224266
:104ED00053D001252A4C626B2A4362633D00294A64
:104EE0009C08A400A4180F221D40AD00AA40A027D2
:104EF000A668FF0596430022B84214D0224F013223
:104F0000B84210D0214F0132B8420CD0204F0132AC
:104F1000B84208D01F4F0132B84204D01E4A82184E
:104F2000571EBA410532AA4067463243A2601B4A67
:104F3000019C1668019DE4433543FF0301D435000D
:104F40002540674615605668019D3543BF0301D46F
:104F500035002540674655609668019D3543FF0240
:104F600001D43500254067469560D568019E2E43E3
:104F7000BF0201D425402E00D660013359E7C04658
:104F800000100240000001400004005000080050E2
:104F9000000C00500010005000E4FFAF000401407E
:104FA000F7B500220091009BD34000D1F7BD012549
:104FB0009540009C009B2C402B425CD00326510066
:104FC0008E400368310033430360D3089B00C3184D
:104FD0001E6A0727B4460F261740BF00BE403700A1
:104FE0006646BE431E6283680F278B438360436817
:104FF000AB434360C36803258B43C36091081F4BD9
:105000008900C918A0231540AD00DB05AF409C46C0
:105010008E6800233E400196604518D0184B9C4690
:105020000123604513D0174B9C46022360450ED0E8
:10503000154B9C460323604509D0144B9C46042322
:10504000604504D0124BC3185E1EB3410533AB401C
:10505000019DAB420FD18B68BB438B600D4B196830
:10506000A14319605968A14359609968A1439960A7
:10507000D968A143D960013295E7C04600000140DC
:105080000004005000080050000C005000100050B8
:1050900000E4FFAF0004014000690840431E98414E
:1050A000C0B27047002A01D0816170478162FCE77D
:1050B000044B10B55A69104202D0586104F0F4F85C
:1050C00010BDC04600040140030030B50120002B94
:1050D0002AD0981DC27FD1B2002A01D15A1DD177A2
:1050E0000222C2771968354A0C68DD6814409A6854
:1050F0002A431D692A435D692A439D692A43DD6964
:105100002A431D6A2A4322430A602D4A91420CD148
:105110000F242C4A1168A143116011685B680B438E
:1051200013600123C377002030BD274A914208D184
:10513000F024244A1168A14311605B6811681B01C7
:10514000EDE7224A914208D11E4A214C11682140C4
:1051500011605B6811681B02E1E71E4A914208D1A9
:10516000184A1D4C1168214011605B6811681B03CF
:10517000D5E71A4A914208D1124A194C11682140C8
:1051800011605B6811681B04C9E7164A914208D197
:105190000C4A154C1168214011605B6811681B05B1
:1051A000BDE7124A9142BCD1064A114C1168214018
:1051B00011605B6811681B06B1E7C0460FC0FFFFB6
:1051C00008000240A80002401C00024030000240DB
:1051D000FFF0FFFF44000240FF0FFFFF58000240B6
:1051E000FFFFF0FF6C000240FFFF0FFF8000024056
:1051F000FFFFFFF0F0B50224471DFE7F05002000F1
:10520000012E1ED00126A81DFE77C4772C682068C9
:10521000B04320606360AB68102B13D1A260E160E3
:1052200002232268002013432360042322681343CF
:105230002360082322681343236001232268134359
:105240002360F0BDA160E260EAE7000010B5841DB4
:10525000E37F022B03D00423C363012010BD0E2182
:10526000026813688B43136001231168994311602E
:1052700016498A4211D016490F338A420DD0154B78
:105280009A4217D0144B9A4217D0144B9A4217D017
:10529000134B9A4217D180235B03124A53600123B8
:1052A0000022E377431DDA77836B934200D098475F
:1052B0000020D3E780235B00EFE780235B01ECE76E
:1052C00080235B02E9E780235B04E6E708000240F5
:1052D0001C000240300002404400024058000240DE
:1052E0006C0002400000024070B503685B4D5C4EEC
:1052F000040008222968B34215D05A487832834204
:1053000011D0594A934200D184E0584A934200D1C7
:1053100083E0574A934200D182E0564A934200D03C
:1053200081E0802212040A4216D008201968014246
:1053300012D019688143196001236A60E26B13433C
:105340000422E363A31DDA770022631DDA77636B1F
:10535000934201D020009847236804222968B34271
:1053600011D040483C3283420DD03F4A93425DD039
:105370003E4A93425DD03E4A93425DD03D4A9342BD
:105380005DD18022D2030A4212D004201968014262
:105390000ED01968890602D41968814319606A60C1
:1053A0000522A31DDA77236B002B01D0200098473C
:1053B000236802222968B34211D02A481E32834250
:1053C0000DD0294A93423DD0284A93423DD0284AE5
:1053D00093423DD0274A93423DD1802292030A4214
:1053E00017D002201968014213D01968890602D427
:1053F0001968814319606A600122E36BE363A31DAE
:10540000DA770022631DDA77E36A934201D0200045
:10541000984770BD8022120185E78022120282E740
:10542000802212037FE7802212057CE78022D200CF
:10543000A9E78022D201A6E78022D202A3E7802238
:10544000D204A0E780229200C9E780229201C6E739
:1054500080229202C3E780229204C0E7000002404B
:10546000080002401C00024030000240440002409C
:10547000580002406C0002401021024A13688B431E
:10548000136070470070004010B50324084A136889
:10549000A343034304201360064A13698343136143
:1054A000012901D130BF10BD40BF20BF20BFFAE7A6
:1054B0000070004000ED00E010B503240A4A1368B4
:1054C000A343034313600422084B186902431A6183
:1054D000012905D130BF04211A698A431A6110BD20
:1054E00040BF20BF20BFF6E70070004000ED00E0A5
:1054F0008023034ADB0011680B4313607047C046EA
:10550000007000408023034A9B0011680B43136026
:105510007047C04600700040F7B50227451CEB7F7E
:1055200004003800012B32D00123CA22E619EB77A0
:10553000F77723685A62773A5A62AD32914227D19F
:105540009A681F49FA270A409A609A681D49BF0065
:105550000A409A60FFF710FC019001212368DA6885
:105560000A4206D0FF2200205A620123F377E8772F
:105570000DE0FFF701FC019BC01AB842EDD9FF22F4
:10558000236803205A620323F3770023EB77FEBDE1
:105590009A680D490A409A609A680C490A409A60D4
:1055A000FFF7EAFB01902368DA683A42DAD1FFF7A5
:1055B000E3FB019BC01AFA239B009842F3D9DEE774
:1055C000FFFEFFFFFFEFFFFFFFFDFFFFFFDFFFFF1E
:1055D000A0210268F8B5D36804008B43D360FFF7BD
:1055E000CBFBFA2705002026BF002368DB68334287
:1055F00001D00020F8BDFFF7BFFB401BB842F4D933
:105600000320F7E7F8B5402603680400DA68324261
:1056100001D00020F8BD01225242DA60FFF7ACFB56
:10562000FA270500BF002368DB683342F1D1FFF79A
:10563000A3FB401BB842F6D90320EBE770B5041E6C
:1056400019D0851CEB7FDAB2002B03D1431CDA772B
:1056500003F0F8FD0223CA22EB77236820005A6288
:10566000773A5A62FFF7CEFF2368002805D0FF2261
:105670005A620423EB77012070BD9A6812492669AB
:105680000A409A60626899683243A66932430A43C5
:105690009A60E2681A61A268196912040A438021BB
:1056A0001A61DA688A43DA60DA6C7D398A43DA642F
:1056B000E2696469D96C22430A43DA64FF225A62C0
:1056C0000123EB77D8E7C046BFFF8FFF00230928EF
:1056D00003D81B011843C0B270470A380133C0B267
:1056E000F5E70000F0B5431C85B001930C00D97FAD
:1056F000022305001F00012936D001214018C1777F
:10570000E918CB7702912F68207866783E33002A1B
:105710002DD1BA68110019401A4200D1E170FFF78B
:10572000D5FF03903000FFF7D1FF0600A078FFF708
:10573000CDFFE378039A1B0403431204134336029C
:105740001E43CA237B62773B7B622800FFF75AFF28
:105750002B68071E19D0FF225A620423029AD377BE
:105760000023019AD3770127380005B0F0BDBA684D
:10577000110019401A4200D1E170A37800043602EA
:1057800006431E43E3781B04DAE7174A174916401D
:105790001E609A6820690A409A60E268996802432C
:1057A0000A4380219A60DA688A43DA609A68202383
:1057B00014001C401A420DD12800FFF709FF0028F1
:1057C00008D0FF222B685A620423029AD377019BE8
:1057D000DC77C8E7FF222B685A620123029AD3774D
:1057E0000023019AD377BFE77F7F7F00FFFFFBFF96
:1057F0000223F0B5461C0500F07F1C0085B001288F
:1058000025D00120EF18F077FB778B784C78019347
:105810000B78C8785B030293002A1BD0000418435E
:10582000019B2402184320430190CA222B682800C0
:105830005A62773A5A62FFF7E5FE2B68041E23D0BE
:10584000FF225A620423FB7700230124F377200010
:1058500005B0F0BD10231C4203D09C430A34E4B2CF
:105860004C70FFF733FF03902000FFF72FFF040079
:105870000198FFF72BFF039B029A1B04104303437D
:10588000240223430193D0E7114A01991140596042
:105890008021DA688A43DA609A682023110019406F
:1058A00001911A420BD12800FFF792FE002806D082
:1058B000FF222B685A620423FB77019BC5E7FF2276
:1058C0002B685A620123FB770023F377BFE7C046BA
:1058D0003FFFFF000223F7B50D00411CCE7F0400FF
:1058E0001800012E00D193E00138C877E118CB777A
:1058F0006978266800912878AF783E33002A61D114
:10590000B268110019401A4200D1E970FFF7DEFEBB
:1059100001900098FFF7DAFE00903800FFF7D6FEFE
:1059200007006B1CD87FFFF7D1FE6A69EB690006A0
:105930001343EA78120413431F43019B1B041F43C4
:10594000009B1B021F430743AB696A681A43CA23C3
:10595000009273626A6A773B7362AD339A4258D1A0
:10596000B3683E4AFA251340B360F2683C4BD2B2AA
:105970001343F360FFF700FA0600AD00012123682E
:10598000DA680A4235D0009ADF615A648022996849
:1059900052000A439A608022996852010A4380218A
:1059A0009A60304A89021068084310609068014389
:1059B0009160FF2200205A62FE3AA31CA418DA77F5
:1059C000E07725E0B268110019401A4200D1E97071
:1059D000EB696A69000413431F43009B07431B02E2
:1059E0001F43EB781B041F436B1CDB7F1B061F430D
:1059F000AAE7FFF7C1F9801BA842BFD9FF2223689D
:105A000003205A62A31CFC3ADA7700230134E377BF
:105A1000FEBDB368144AFA251340B360F268134B15
:105A2000D2B21343F360FFF7A7F90600AD000221DD
:105A30002368DA680A420BD0009A1F629A648022B7
:105A4000996892000A439A60802299689201A5E7BA
:105A5000FFF792F9801BA842E9D9CFE7FFFEFFFFCD
:105A60007FFEFFFF00040140FFFDFFFF7FFDFFFF02
:105A7000030902000A200F2158430A408018C0B2CF
:105A80007047000070B50C0001683F208B6A6360AE
:105A90000B695B045B0CA3600B680E490B40190C8F
:105AA0001E0ADDB240230840F6B21940207066702D
:105AB000A570E170002A0AD1FFF7DAFF20703000EC
:105AC000FFF7D6FF60702800FFF7D2FFA07000201C
:105AD00070BDC0467F7F7F0070B50C0003680E4923
:105AE0005B680B40180CDD04DEB21B04ED0E5B0F8F
:105AF000E0706570A6702370002A0AD1FFF7B8FF26
:105B0000E0702800FFF7B4FF60703000FFF7B0FFCF
:105B1000A070002070BDC0463FFFFF00022210B5FC
:105B2000411CCC7F03001000012C10D09818C277C4
:105B30001B68C8325A62773A5A629C68333A2243E9
:105B40009A60FF225A620123C3770020C87710BDF4
:105B500080220368D205904208D00C4A904205D0BA
:105B60000B4A904202D00B4A904207D170229343D5
:105B70004A681343084A1340CA68134303608B689A
:105B8000C3620B68836201234361704700040040D5
:105B90000008014000140140FFFCFFFFF0B50126A2
:105BA00003271500026AB24302628269046ABA439B
:105BB0008027FF05B84216D00C4FB84213D00C4FC7
:105BC000B84210D00B4FB8420DD03243F025AA4353
:105BD0001B010F352B4013430A22944311402143EC
:105BE00083610162F0BD2A43F0E7C0460004004033
:105BF000000801400014014010B501248C408A4087
:105C0000036AA3430362036A1A43026210BD70472A
:105C100070B504000120002C14D0250035352B78F8
:105C2000DAB2002B05D12300343320001A70FFF7BD
:105C3000EEFF02232B702068211DFFF789FF01234F
:105C400000202B7070BD012203680020D968114329
:105C5000D96019680A431A6070470000012103687F
:105C6000DA688A43DA60186A034A104202D11A6875
:105C70008A431A60002070471111000010B50468B3
:105C8000082917D00DD8002910D0042912D02000DF
:105C90000122FFF7B1FF0123226800201343236094
:105CA00010BD0C29F3D11023E26801E00223E26861
:105CB000134301E0E3680B43E360E8E710B50468D1
:105CC00008291BD011D8002914D0042916D000228D
:105CD0002000FFF791FF226A0A4B1A4203D10122EA
:105CE000236893432360002010BD0C29EFD11022BC
:105CF000E36801E00222E368934301E0E3688B4339
:105D0000E360E4E71111000070B504000120002CED
:105D100014D0250035352B78DAB2002B05D12300BD
:105D2000343320001A7003F0C3FA02232B7020686A
:105D3000211DFFF70DFF012300202B7070BD704760
:105D400070B50500022335352B700368084A196ABF
:105D50000400114203D101211A688A431A6020000D
:105D6000FFF7EDFF002034342870207070BDC0466E
:105D70001111000010B5FFF781FF002010BD10B514
:105D8000FFF79CFF002010BDF7B5170002000223AB
:105D900034320E0011780500180001291AD00121B3
:105DA000537011702C6831687268F368002F12D13B
:105DB0002000FFF7F3FE0C22A3699343A361A369BC
:105DC000B2681343A3612B00012200203533343520
:105DD0001A702870FEBDB068266A0190042F1ED18B
:105DE0000C37BE432662A7692E48120207403A4389
:105DF0002D4F1B073A401B0C1343A022266A0901B2
:105E0000964311403143A3612162A369274A13409D
:105E1000A361019AA36910021843A061D3E7082F78
:105E20001FD10320224F1B013E402662E669276AEC
:105E300086431643F02296430F3213401D4A09024F
:105E40001740A022120111400C2233433943E36171
:105E50002162E3699343E361E369019A1343E361D8
:105E6000B1E7154F0F483E402662E769120207402E
:105E70003A430D4F1B073A401B0C266A13430F4A47
:105E800009031640A022120211403143E36121624E
:105E9000E369064A1340E361019AE369100218437B
:105EA000E06190E7FFFCFFFFFF0FFFFFFFF3FFFF45
:105EB000FFFEFFFFFFF5FFFFFFEFFFFFFF5FFFFFAD
:105EC000020010B53432147803000220012C09D0EE
:105ED000082913D007D800290AD004290BD00020A4
:105EE0000023137010BD0C29F9D11B68186CF7E75B
:105EF0001B68586BF4E71B68986BF1E71B68D86B5D
:105F0000EEE77047704770470222036810B51969C1
:105F1000040011420DD0D96811420AD0053A1A6125
:105F2000043202759B699B075ED0FAF795FB00234C
:105F30002375042223681969114210D0D9681142CF
:105F40000DD0093A1A61073222759A69C0239B0065
:105F500020001A424ED0FAF77FFB00232375082257
:105F60002368196911420ED0D96811420BD0113A39
:105F70001A610D322275DB6920009B0740D0FAF7C9
:105F80006BFB00232375102223681969114210D07E
:105F9000D96811420DD0213A1A6119322275DA6995
:105FA000C0239B0020001A4230D0FAF755FB002393
:105FB0002375012223681969114207D0D96811425B
:105FC00004D0033A20001A61FCF768FD40222368E0
:105FD0001969114207D0D968114204D0813A2000D2
:105FE0001A61FFF790FF10BDFFF78BFF2000FFF74E
:105FF00089FF9CE7FFF785FF2000FFF783FFACE7F1
:10600000FFF77FFF2000FFF77DFFBAE7FFF779FF7B
:106010002000FFF777FFCAE7020010B5343214788A
:1060200003000220012C06D01868353301650121D8
:1060300000201970107010BDF8B5050054352B788C
:1060400004000220012B43D0012303222B7023687C
:1060500098681040012809D11A68024206D020230E
:10606000A26D1343A36500232B7031E0A16D194A83
:1060700011400632FF320A430321A265DE68DA6866
:106080008A43DA608022996812060A439A60FEF712
:1060900073FE070023689A68002A0BDB0321DA6885
:1060A0000E401643DE600123A26D00208A43134395
:1060B000A365D8E7FEF760FEC01B0A28EAD91223C1
:1060C000A26D01209A43023B1343A36500232B706A
:1060D000F8BDC046FDFEFFFFF0B5050085B0039298
:1060E000029168352B7804000A00022002AF012BD0
:1060F00032D0260024230138693628703370236893
:1061000019688143196099681548014011439960E5
:10611000002A0CD110205A68B9798243B888090640
:1061200002435A605A681202120A0A435A60012254
:1061300019680A431A60FEF71FFE8021094A03000E
:10614000009220000022C903FDF758FD002805D168
:106150002023337000232B7005B0F0BD0320F9E736
:10616000FFFFCFFFFFFFFF01020010B5683211787B
:106170000300022001290CD0190022306931087077
:1061800018680223046823430360202300200B7057
:10619000107010BD704703689A69920701D50022FC
:1061A0009A6201229969114202D199690A439A615E
:1061B00070470000006830B54468064D12042C405A
:1061C000039D89052B431A43890D0A4322434260EC
:1061D00030BDC046009800FCF8B504000E00170062
:1061E0001D002268936933409B1B59424B41BB42BF
:1061F00001D000200EE06B1CF4D0002D0BD1230049
:10620000202241331A7022000023032042324034FE
:1062100013702370F8BDFEF7AFFD069BC01AA842AD
:10622000DFD9ECE7F7B5036801929A6904001023FF
:1062300010000E00202718401A4216D1FEBD731C14
:1062400014D0002E05D0FEF797FD019BC01A8642A0
:106250000BD22300202241331A7022000023423245
:106260004034137003202370E8E72568AB693B4294
:10627000E5D010232000EB61EF61FFF78CFF6B6826
:10628000074A012013406B6004236364230022004B
:1062900041331F7000234232403413702370CDE726
:1062A00000E800FEF8B504000D0016000227236880
:1062B0009B693B4201D0002018E0320029002000F9
:1062C000FFF7B0FF002818D16B1CF0D0002D0ED1C5
:1062D0002022636C032013436364230041331A704C
:1062E000220000234232403413702370F8BDFEF7C1
:1062F00043FD801BA842DAD9EAE70120F6E7F7B5AB
:1063000015001E00DAB280239B0100938023040055
:10631000099F5B04FFF74EFF3A0020000899FFF742
:10632000C1FF002805D0636C0120042B00D003209E
:10633000FEBD2368012E0BD1EDB29D6200228021AB
:106340002000089B0097FFF747FF0028F0D0EEE7FA
:106350002A0A9A6220003A000899FFF7A3FF002852
:10636000E1D12368E8E7F7B515001E00DAB2802313
:106370000400099F9B0100930023FFF71BFF3A00D5
:1063800020000899FFF78EFF002805D0636C0120DC
:10639000042B00D00320FEBD2368012E0BD1EDB2EB
:1063A0009D62002240212000089B0097FFF714FF08
:1063B0000028F0D0EEE72A0A9A6220003A000899F5
:1063C000FFF770FF0028E1D12368E8E7F8B5040083
:1063D0000D001600202723689B693B4201D0002056
:1063E00016E0320029002000FFF71CFF002816D11C
:1063F000002D0ED12022636C03201343636423001D
:1064000041331A702200002342324034137023704B
:10641000F8BDFEF7B1FC801BA842DCD9EAE70120F9
:10642000F6E7000070B504000120002C3FD02500E5
:1064300041352B78DAB2002B05D123004033200000
:106440001A7000F049FC242301212B702368E068B6
:106450001A68A6688A431A601A4962680A401A6173
:106460009A6819490A409A60012821D180221202B3
:1064700032439A605868154A02435A60DA6800202D
:106480000A40DA60616922690A43A16909020A4384
:10649000DA60216AE2690A431A60012219680A4334
:1064A0001A60202360642B7020634234207070BD1A
:1064B0008422120232439A600228DBD18022120128
:1064C0005A60D7E7FFFFFFF0FF7FFFFF0080000269
:1064D000F0B5060085B0029203934136337804008C
:1064E0000F000220202B14D1230040331A78012AF8
:1064F0000FD001221A70FEF73FFC802105000090AA
:106500001923012220000902FFF766FE002802D0AD
:10651000032005B0F0BD212333702600113B423625
:106520003370029B60646362039B606363858023B6
:10653000628D9B01FF2A20D9FF22228500938023B0
:106540005B0439002000FFF735FE638D2A00200030
:106550000A99002B19D1FFF739FF002819D1202102
:106560002368224DD9615A682A405A60230040347A
:106570004133197030702070CBE7628D92B2228562
:10658000D2B2009380239B04DBE7FFF78BFE002849
:1065900004D0636C0120042BBAD1BAE7636A5A1C99
:1065A00062621B7822689362638D228D013B013AFF
:1065B0009BB292B263852285002AC6D1638D002BDF
:1065C000C3D0802120000A9B0095FFF705FE00281C
:1065D0009ED1638DFF2B03D9FF2222850090AEE769
:1065E000628D92B22285D2B20090CBE700E800FE25
:1065F000F0B5070089B007930EAB069204CB029169
:106600001B880492059341373B7804000220202B1D
:1066100036D1002A33D0059B002B30D023004033E5
:1066200003931B78012B2BD00126039B1E70FEF7D2
:10663000A3FB8021320000900500192320000902ED
:10664000FFF7CAFD061E1FD121233B701F337B704D
:10665000049B60646362059B60636385109B2000FC
:106660000093069A079B029901950137FFF747FEB1
:1066700000280BD0636C042B04D1039B1E700120F7
:1066800009B0F0BD039B1E700320F9E7638DFF2B5B
:1066900013D9FF22802322855B04009020000299F9
:1066A000FFF788FD2A0020001099FFF7FBFD002866
:1066B0000BD0636C042BE7D1E1E78023628D9B0450
:1066C00092B22285D2B20090E8E7636A5A1C6262F5
:1066D0001B7822689362638D228D013B013A9BB245
:1066E00092B263852285002A16D1638D002B13D0C8
:1066F00080212000109B0095FFF76EFD0028C3D17C
:10670000638DFF2B20D9FF22802322855B0400901C
:1067100020000299FFF74EFD638D002BC2D12A00A5
:1067200020001099FFF752FE0028C2D120212368D3
:10673000094DD9615A682A405A60230040344133D8
:106740001970387020709BE78023628D9B0492B291
:106750002285D2B20090DBE700E800FEF0B507002A
:1067600089B007930EAB069204CB02911B8804926A
:10677000059341373B7804000220202B36D1002AB4
:1067800033D0059B002B30D02300403303931B787C
:10679000012B2BD00126039B1E70FEF7EDFA802102
:1067A000320000900500192320000902FFF714FDB4
:1067B000061E1FD122233B701E337B70049B606436
:1067C0006362059B60636385109B20000093069ABB
:1067D000079B029901950137FFF7C5FD00280BD0F3
:1067E000636C042B04D1039B1E70012009B0F0BD23
:1067F000039B1E700320F9E79023628D9B01FF2A03
:1068000046D9FF222285009380235B042000029951
:10681000FFF7D0FC002204212000109B0095FFF719
:10682000DBFC0028E6D123685A6A636A591C61625E
:106830001A70228D638D013A013B92B29BB2228580
:106840006385002A16D1638D002B13D08021200090
:10685000109B0095FFF7C0FC0028CBD1638DFF2B68
:106860001ED9FF22802322855B040090200002991C
:10687000FFF7A0FC638D002BCCD12A0020001099DB
:10688000FFF7A4FD002813D0636C042BB2D1ACE752
:10689000628D92B2228500938023D2B29B04B5E729
:1068A0008023628D9B0492B22285D2B20090DDE7F4
:1068B00020212368054DD9615A682A405A60230077
:1068C000403441331970387020708FE700E800FEC3
:1068D000F0B51D00002387B00593030003924133F8
:1068E0001A7804000220202A51D122689769802258
:1068F0003E0012021640174249D12200403217785A
:10690000012F44D001381070242289051A708B0D94
:1069100066640293A0230299E2689B010B43012A5B
:1069200001D1344B0B4322685360FEF725FA060071
:1069300027002368413720219A690A4206D19A69C3
:1069400010390A4202D13A78A02A16D19B69102741
:106950001A0000963A403B4221D12B002021200012
:10696000FFF73AFC002811D120232268D3612200CE
:10697000403441321370207009E06A1CDBD0002DD6
:1069800007D120233B70002340342370032007B03D
:10699000F0BDFEF7F1F9801BA842C9D9F1E700224A
:1069A0002B0020212000FFF717FC021EEED12368E8
:1069B000DF612027DF610599481C0590039881421B
:1069C0000ED180215868C9010143596020002B0075
:1069D00039000096FFF700FC0028D7D12368DF615B
:1069E000059B039A934200D294E72300202241336F
:1069F0001A70C8E700200002F0B504004134227884
:106A000003000F000220D6B2202A18D11D00403505
:106A10002A78012A13D0242222701B68233A19688D
:106A200007489143196019680140002019601968EE
:106A30003943196019680A431A6026702870F0BD3E
:106A4000FFEFFFFF0122054B10005968114204D0EF
:106A50000020034ADA60034ADA60704700200240EF
:106A6000EFCDAB89050403020123034A00205168DE
:106A70000B4353607047C0460020024010B504002D
:106A8000054800F08DF8002805D1044B58612060BE
:106A9000014800F085F810BD50C300006C040020D0
:106AA000F8B5124F06003B7C0D0014000220012BAC
:106AB0000CD001230E483B7400F072F8002803D17B
:106AC0007861022E03D12C6000233B74F8BD012EA7
:106AD00002D1A4B22C80F7E7002E03D0044800F0C6
:106AE0005FF8F1E7E4B22C70EEE7C0466C040020DA
:106AF00050C30000284A802190694900030030B546
:106B00000B40084205D002232448446923434361D3
:106B10000B00802091698000014205D001211F4CAB
:106B2000034365692943616180209169C000014286
:106B300005D00821194C0343656929436161802010
:106B400091690001014205D00421144C0343656999
:106B500029436161802091698001014205D01021A3
:106B60000E4C03436569294361619169890305D529
:106B700020200A4C034361690143616180209169CF
:106B80004002014205D04021044C0343656929437A
:106B90006161936130BDC046002002406C0400205A
:106BA00070B50400FEF7E8F801260500184B9A6955
:106BB000324221D102229969114200D09A619A6928
:106BC000D20515D49A69920512D49A6952050FD448
:106BD0009A6912050CD49A69920409D499698022A1
:106BE000080092021040114202D19B69DB0308D5D4
:106BF000FFF780FF012004E0621CD8D0002C01D1F7
:106C0000032070BDFEF7B8F8401BA042CED9F7E7CD
:106C10000020024070B504000120002C15D023682C
:106C20000F4A1A600F4A1A6062685A60A2689A6036
:106C3000FEF7A2F805002368DA68002A06D1196970
:106C4000E268914209D01A61002070BDFEF794F805
:106C5000401B3028EFD90320F7E7034A1A60F3E717
:106C6000CCCC000055550000AAAA00000368024AD7
:106C700000201A607047C046AAAA0000004870476A
:106C800084040020F8B5FF235B424380114B0A21A6
:106C90001F8805003800F9F731FA0A2184B238005C
:106CA000F9F768FA8EB2642F0ED964213800F9F72B
:106CB00025FA0A2107022000F9F75CFA09010F43BF
:106CC0003743BCB22C80F8BD240236013443A4B251
:106CD000F8E7C046080D0020082310B590B00793D0
:106CE000802307A85B010C93FDF752FE0222154B8F
:106CF0000124D96A14481143D962D96A114000911C
:106D00000099D96A1143D962D96A0A400192019A5D
:106D10008022996B92030A439A63402302932E3B8D
:106D20000393002302A90493033305930694FEF70B
:106D30007DF88023044802A902930694FEF776F8B2
:106D400010B010BD0010024000040050F0B593B028
:106D50000D00040002F01CFC012D1FD1AA4809F00F
:106D600005FE0028FAD1A94B18880CF0BFFD0022BF
:106D7000A74B0BF001FD02000B00A64809F0F6FD41
:106D80000028F0D1A44B1B78062B00D0BAE0A34B0F
:106D9000A348196809F0EAFD0028F8D1F9F78CFC3E
:106DA0009D4B06931B78032B1DD00120FBF7CCFBDA
:106DB000061C6060012D16D19A49F9F7A9FA00283E
:106DC00000D1F0E09849301CF9F78EFA002800D184
:106DD000E9E060680CF0D2FD02000B00934809F076
:106DE000C5FD0028F5D1069B1B78012B3FD0042B55
:106DF00001D0092B3BD10220FBF7A6FB061CA060AB
:106E0000012D16D18749F9F783FA002800D1D0E087
:106E10008549301CF9F768FA002800D1C9E0A0685C
:106E20000CF0ACFD02000B00814809F09FFD00282A
:106E3000F5D10320FBF788FB061CE060012D16D17D
:106E40007849F9F765FA002800D1B8E07649301C96
:106E5000F9F74AFA002800D1B1E0E0680CF08EFDA5
:106E600002000B00734809F081FD0028F5D1724F34
:106E70003B88002B00D0A8E0069B1B78032B32D068
:106E8000083B012B2FD9FBF7E1F80026012002F087
:106E9000FFFA09AF7300F85201360A2002F0B4F984
:106EA000062EF3D1012210216448FEF7FBF83800CA
:106EB000FBF790FE554B62491B885843F9F764F97C
:106EC0000BF010F92061012D0DD120690CF056FD59
:106ED00000224F4B0BF050FC02000B00594809F008
:106EE00045FD0028F1D1069B18780238062800D904
:106EF000D6E0F9F7F9F8BD003A01D500DD01D5007B
:106F0000D5003A01072B24D180214C48C901FEF756
:106F1000C3F84D4B0100180009F028FD0028F3D1FB
:106F2000802146480902FEF7B7F8484B01001800D7
:106F300009F01CFD0028F3D1A0201021C005FEF7A8
:106F4000ABF8434B0100180009F010FD0028F3D105
:106F500024E7092B1AD1314B3148196809F006FD95
:106F60000028F8D13B4B3C48196809F0FFFC002889
:106F7000F8D1A0201021C005FEF78EF8344B010097
:106F8000180009F0F3FC0028F3D107E780212B4813
:106F9000C901FEF781F82C4B0100180009F0E6FC4E
:106FA0000028F3D1FAE62D4809F0E0FC0028FAD1D8
:106FB00019E72B4809F0DAFC0028FAD139E729480B
:106FC00009F0D4FC0028FAD151E7002220211B4807
:106FD000FEF768F8002664213888F9F78FF880B248
:106FE000B04200D848E7642002F00EF91E4B1F4A59
:106FF00073439BB2934203D8002E01D0F9F75CFB98
:107000000136B6B2E7E7C04632620108C406002086
:1070100000408F4004520108050D0020D0060020DA
:107020001152010800005CC20000FA4265520108DA
:107030008F520108B9520108300B002000040050A3
:10704000FF0F0000E35201082252010833520108E9
:1070500044520108CC060020545201087A5201081B
:10706000A4520108CE5201084B81FFFF9502000097
:107070009A4B1B78012B36D19948FFF72DFEFBF771
:107080002BFBFBF77BFBE084012D09D10A21E08C6F
:10709000F9F734F881B2934809F068FC0028F5D17B
:1070A000FAF798FF052002F0AFF88021A0204901EF
:1070B000C005FDF7F1FF2070FAF7AAFF012D05D1F9
:1070C0002178894809F052FC0028F9D101222021B9
:1070D0008648FDF7E7FF012D03D1FA20400002F0BA
:1070E00093F813B0F0BD022B21D1FBF737FCFBF76F
:1070F00055FC1020FDF786FEFBF77AFDE08410209A
:10710000FDF78AFEFBF76AFCFBF786FC012DC7D171
:10711000E08C0CF0EBFB0022754B0BF02DFB02001A
:107120000B00744809F022FC0028F1D1B8E7032BCA
:1071300016D1714E3000FBF7DBFB3368E3847368D4
:107140002385012DACD10A21E08CF8F7D7FF268DDD
:1071500081B23200694809F009FC0028F3D19FE7A9
:1071600001235B42E38423859AE7FAF76FFF002649
:10717000012002F08DF909AF7300F85201360A20A0
:1071800002F042F8062EF3D13800FBF723FD5C4BEA
:107190005C4907931B883E005843F8F7F5FF0AF057
:1071A000A1FF2061322002F02FF8574802F070F959
:1071B000B8810A2002F028F802370CABBB42F4D1A8
:1071C0001800FBF707FD079B4E491B885843F8F74B
:1071D000DBFF0AF087FF6061322002F015F84B48B0
:1071E00002F056F930830A2002F00EF802360CAB9A
:1071F000B342F4D10FA8FBF7EDFC079B41491B8874
:107200005843F8F7C1FF0AF06DFF069BA0611B7899
:10721000032B1AD1FA213E4EC90030000AF0F4F9CE
:10722000012D12D10C23F25E736AB17A0493336A92
:1072300038480393F3690293B36901937369009328
:10724000336909F093FB0028ECD101221021274873
:10725000FDF728FF012D00D022E720690CF08EFBFE
:1072600000222D4B0BF088FA02000B002B4809F08E
:107270007DFB0028F1D160690CF080FB0022264BD9
:107280000BF07AFA02000B00254809F06FFB00288A
:10729000F1D1A0690CF072FB00221F4B0BF06CFACD
:1072A00002000B001F4809F061FB0028F1D1F7E64E
:1072B000FBF7C2FCFBF7E6FCFBF784FDE062FBF7A3
:1072C000FDFCFBF719FD012D00D0E9E61648E16A47
:1072D00009F04CFB0028F9D1E2E6C0461005002079
:1072E000CC030020F4520108C253010800040050EE
:1072F0000000244010530108040500202753010812
:10730000C4060020FF0F000002000004100000105F
:10731000840400204A53010800408F40E3520108D2
:107320008C5301089D530108AE5301088022094B7C
:107330009203996A10B50A439A629A6A0649074805
:107340000A409A624021FDF72BFE80210348FDF799
:1073500027FE10BD00100240FFFFDFFF00040050B9
:1073600070B586B0FAF748FD5B4C207802380728E4
:1073700021D8F8F7A5FE3104208220A220A2002304
:1073800001255648564A574C02602370564A0361FD
:107390008361C3610362F03383600E334260C56072
:1073A0004361FFF73FF800280DD0504809F0DEFA9E
:1073B0004F4809F0DBFA4F4B1878FAF797FDFAF7C8
:1073C00009FE06B070BD25700AF02EF8002801D025
:1073D0004948EEE74948ECE7494B00221B78202159
:1073E000484805AC2370FDF75DFEFBF72BF9FBF772
:1073F0004DF9FA230125444E9B000022C42102933B
:1074000000942B0030000195FFF7F2F8FBF73EF9EE
:107410003E4B3F4C984209D83E48257009F0A6FAE9
:10742000012220213748FDF73DFEC4E73000FFF779
:107430007DFFFBF793FAFBF7B1FA8021A020090149
:10744000C005FDF729FE002806D102232370FBF7B3
:1074500001FB314809F08AFAFBF7C0FAFBF7DCFAC6
:107460002378002BDCD1FBF707FA012803D1032393
:107470002A482370D2E72A48D0E700222021214859
:10748000FDF710FEFBF7D8FBFBF7FCFBFBF792FCCC
:10749000FA20400001F0B8FEFBF78CFCFBF70EFC75
:1074A000FBF72AFC012220211648FDF7FBFD1D48B1
:1074B00009F05CFA0028FAD17DE71B4B1878FAF73F
:1074C0004FFD1A4B1878FAF7D9FC2378092B00D016
:1074D00071E7FAF7E1FD6EE7050D0020B804002022
:1074E00000540040B40400202E11B100D353010811
:1074F000F1530108030D00202A54010849540108E2
:10750000FB51010800040050CC0300200E270000AE
:10751000100500206C5401088E540108C054010865
:10752000E35401080F550108020D0020010D002051
:1075300013B50E4B0C001B78002B01D1012016BD9A
:1075400041000B48002A09D1FA2301329B00FFF7C2
:10755000BFF90028F3D00328F0D1F0E793B2FA2264
:10756000920000922200FEF7B3FFF2E7B40400207D
:10757000B804002030B515000E4A0400127885B01A
:10758000002A02D1012005B030BD0220012DFAD120
:107590000A786100FA24A4000294089C0093A4B223
:1075A0002B0005480194FFF7D9F80028EBD00328F9
:1075B000E8D1E8E7B4040020B804002010B501F0D9
:1075C00023FE10BD014B18887047C046C40600203A
:1075D00030B587B00C22002103A80CF085FB0323F3
:1075E0000293C0230125A020104CDB010193E36A24
:1075F00001A92B43E362E36AC0052B400093009B83
:10760000FDF714FCE36AAB43E3628023626BDB03A8
:1076100013436363FDF7B6FBFDF7BCFBFDF7C2FB4D
:10762000636B034A1340636307B030BD0010024030
:10763000FFFFBFFFFEE70000FF2383429B410200E4
:107640005B42D800074B1A4201D004231843064B73
:107650001A4201D002231843044B1A4201D00123DD
:1076600018437047F0F0FFFFCCCCFFFFAAAAFFFF42
:1076700030B50C001100204A204B87B0904232D028
:107680000FD8A022D205904217D01D4A904221D097
:107690008025DA6A2A43DA62DB6A2B400593059B70
:1076A00013E0184A9042F3D10825DA6A2A43DA62D5
:1076B000DB6A2B400493049B07E00125DA6A2A4326
:1076C000DA62DB6A2B400193019B0C60FDF7AEFB95
:1076D00007B030BD0225DA6A2A43DA62DB6A2B4042
:1076E0000293029BF1E70425DA6A2A43DA62DB6A35
:1076F0002B400393039BE8E7000800500010024072
:1077000000040050000C005070B5080016001C006A
:107710000D00FFF791FF084A80001450002C0AD09A
:10772000280001F0D5FD040000223100FDF742FBE6
:107730002000FDF767FB70BD1405002010B5FFF7B2
:107740007BFF034B8000C358002B00D0984710BD2F
:107750001405002010B5D2B2FDF7A4FC10BD000046
:10776000F7B5244E0500002230000C00FEF78AF920
:107770000022290030006768FEF7AEF900222100E0
:107780003000FEF77FF96268BA42F1D10326E9784A
:1077900019483D27484303308308314001934B1E6D
:1077A00099414B4215490B4015495B186978AD78F2
:1077B00001394F430137F80F84464900CB40019807
:1077C0006744013D7F10281838183340C31AE12060
:1077D0000C4900014B432178657848433C216943BB
:1077E0004018A1784018C0188002074B801AC018B2
:1077F000FEBDC04698050020B50500005055550057
:107800005055440080510100FF03000003207047E1
:1078100010B5410E7D220023C001F8F783FD10BD95
:1078200010B57D220023002109F075FF4906C0092B
:10783000084310BD7FB5684601A9FFF791FF024BD1
:107840001B68C01A07B000BD540500207FB568460C
:1078500001A9FFF785FF07B000BD00000648074BF0
:10786000016810B5CA68D2B21343CB6080214900C9
:10787000FDF752FE10BDC046980500207FFEFFFFB9
:10788000F0B5464E87B005000023F45EFFF7D2FF47
:1078900003340021281A844200D30121042008F077
:1078A000AFFE08F0C3FE012802D10022B35EED1A3C
:1078B0003B4B9A791E795F790192DA7902929A6844
:1078C00003925A7E04929C7EDB7E0593FFF7C6FFEF
:1078D0002000039A334B9B1AAA05920D9B18324A3B
:1078E0009BB2AD0A95423AD8E122120195423BD2B1
:1078F0003B2D3ED8019A9C0A1219A40255191C1B53
:10790000ADB2A4B23B2D38D83B2F3BD8172E3ED872
:10791000049B059A013B92073ED1244AD15C8842E0
:1079200002D9F8F77BFC88B21E4B21491C1BA0230F
:107930001B058B614B1CD877029B0022CB708023E8
:107940001C485B004C608D704F700E70CA614A61BC
:107950004B62CA600A61FDF7BDFF07B0F0BD164972
:1079600001306D1880B2BDE7144901366D18B6B20A
:10797000BCE701373C3DBFB2BAE73C3D0137ADB291
:10798000BFB2BFE73C3F0136BFB2B6B2BCE7183E5C
:107990000130B6B280B2B9E7094ABFE7BC050020A2
:1079A00054050020FF0300007F510100F16D010824
:1079B000700500209805002080AEFEFFF0F1FFFF6B
:1079C000FD6D01080420002110B508F019FE0A48D9
:1079D00003689A68D2040DD5DA68D2050AD5D96849
:1079E000064AC9B20A43DA608022054B92025A6104
:1079F00001F056FC10BDC046980500207FFEFFFF39
:107A00000004014070B57D220023410EC001F8F74B
:107A100089FC0400FFF71AFF0500FFF717FF401B62
:107A2000A04200D370BDC046F7E7000010B503497F
:107A30000348FFF795FE034B186010BD5805002062
:107A40006C0500205405002070B5184E86B03578BE
:107A5000002D29D1164C174B200023601F23A36053
:107A6000154B6560E3602561A561E561FDF7E6FD05
:107A7000124B69462A0020000093FDF7B9FE01A9C8
:107A80002A0020004D600D61CD600195FDF72AFEB2
:107A90002000FEF743F8802120004900FDF73CFD5F
:107AA000FFF7C4FF0123337006B070BDBE05002090
:107AB0009805002000280040FF030000010101009C
:107AC000014B18687047C0465405002010B586B0B9
:107AD0001422002101A80CF007F90223A020029330
:107AE000039301AA01332021C0050493FFF7C0FDD1
:107AF000A02001AA4021C005FFF7BAFDA02001AADD
:107B00008021C005FFF7B4FD8021A020012401AA37
:107B10000902C00502940394FFF7AAFD8021A0206A
:107B200022000902C005FFF715FE06B010BD0000D7
:107B30001A4B1B4810B503601A4B1B491A680023E7
:107B40008A4203D901335208072BF9D19A07590702
:107B5000D20FC90F490112010A430821DB000B4073
:107B60001343C36100238222836003614361C360C6
:107B7000836203624362802352004260FC3282616E
:107B80000A4A5B01516B0B435363FBF7A5FA0028CC
:107B900001D0FFF74FFDFFF799FF10BD0030014006
:107BA000C00500203400002080969800001002409C
:107BB00030B587B01422002101A80CF095F8A02060
:107BC0000124022501AA8021C00502940395FFF734
:107BD0004FFDA02000228021C005FFF7BBFDA020A3
:107BE00001AA4021C0050395FFF742FDA020002215
:107BF0004021C005FFF7AEFDA02001AA2021C0054D
:107C00000395FFF735FDA02000222021C005FFF7D6
:107C1000A1FD8021A02001AA0902C0050394FFF75D
:107C200027FD8021A02022000902C005FFF792FD58
:107C300007B030BD10B50E211624012386B069446B
:107C40006C445B4208802200009303480233FBF738
:107C500083FA208806B010BDC005002010B5064C80
:107C60000649200008F0DCFD200008F03FFD01225D
:107C7000034B1A7010BDC046680600205046000035
:107C8000C206002010B5074808F09EFD8021A02004
:107C900000224900C005FDF705FA0022024B1A70C8
:107CA00010BDC04640060020BE060020012210B5CF
:107CB000024B03481A7008F087FD10BDA60600208D
:107CC0001806002010B5034808F07EFD0122024B83
:107CD0001A7010BD54060020BC060020064B10B5DB
:107CE000195C064808F042FE802305489B000021ED
:107CF000838003F0B7FC10BD4155010827550108EA
:107D00005800002010B503F02FFD012801D1034BCE
:107D10001870034808F058FD10BDC046B806002092
:107D20002C0600200123F0B50400B44D87B02B7061
:107D300002792168407902F0CDF8236818780A2882
:107D400056D8002845D1AE4F3B78012B13D103F014
:107D5000F3FEAC4EAC49300008F0C0FCAB4B300039
:107D6000196808F05DFD300008F0C0FCA84808F074
:107D7000BDFC00233B70A74808F0F8FD0028FAD1AD
:107D8000A54808F0F3FD0028FAD12379082B00D983
:107D90007BE2A24B1B78002B00D176E26179A048F0
:107DA00008F0E4FD061EF9D12379B34200DD63E259
:107DB0009C4808F0DBFD0028FAD19B4B974A1B78C2
:107DC0000192002B00D067E20023019A137007B0E4
:107DD000F0BD01380928B6D8F8F77CF92600B5FFC0
:107DE000B5FF42005A00AC00DB00E7004A01710118
:107DF0002038C2B2132AA6D81328A4D8F8F76AF9F3
:107E00006D017B019501C401A3FFA3FFD001A3FF76
:107E1000A3FFA3FFA3FFA3FFA3FFA3FFA3FFA3FF52
:107E2000A3FFA3FFE60124022279042A00D08AE7F7
:107E30005A7899781204DB7809020A4313437B4A83
:107E40001360052B0ADD01216D4A1170FA229200A0
:107E500053436E4A13600122704B0CE0744BF8E7F9
:107E60002279022A00D06EE75B78FF2B05D1012230
:107E7000704B1A70694B1A7065E7FE2B00D062E7F1
:107E800001226D496D48F8F70FFBF8F751FBEEE75B
:107E900001216B4A11702179042927D158780128D2
:107EA00000D950E7674F684E18D103F0DDFC236816
:107EB0009A78DB783A70337003F03EFE0122574B1C
:107EC00062491A702279624B1A7000239A4200DCD0
:107ED00039E72068C05CC8540133F7E79A78DB784B
:107EE00000203A70337003F0BFFCE5E702291ED191
:107EF0005878012802D103F0B7FC01E00028FAD03D
:107F000000260722504B1E704E4B1A7003F014FED1
:107F10000122424B4D491A7022794D4B1A70B242E0
:107F200000DC10E72068805D88550136F7E7002304
:107F3000137008E72279042A00D004E75A78002A4F
:107F400000D000E79E78002E0AD1D878032800D907
:107F5000F9E6404B1870F9F7C9FF03F0EDFD7AE739
:107F6000012E0AD1D878032800D9ECE63A4B1870D4
:107F7000F9F7F6FF03F0E0FD25E0022E00D0E2E67F
:107F8000D878032800D9DEE6344B1870F9F776FF6D
:107F9000E3E72279032A00D0D5E659789B78304A66
:107FA0001B020B435BBA1380D7E72E4A1278052ACF
:107FB00000D0C8E62279022A08D15E78012E00D0CE
:107FC000C1E603F0D5F8154B1E70BCE6042A00D0BC
:107FD000B9E65A78022A00D0B5E6D8789A78000235
:107FE000104340BA80B20BF081FC00221E4B0AF015
:107FF000C3FB0BF005FD1D4E3060AEE7BD06002053
:10800000C806002090060020598300086800002060
:10801000680600203262010845550108E00600208C
:1080200054550108046C0108B10600202008002006
:1080300070170000C606002060000020000008083D
:10804000B3060020A9060020AA0600201C07002075
:108050001B070020030D0020020D0020010D002051
:10806000300B0020050D00200000244018000020E7
:108070002279062A00D066E6597801290FD1D878EE
:108080009A78000210431A795B79120402431B06A6
:1080900013439A4A1BBA1360994B197053E602298D
:1080A00000D050E6D9789A78090211431A795B79A1
:1080B00012040A431B0613431BBA924ACAE62279EA
:1080C000022A00D03FE65B785A1E082A00D93AE619
:1080D0008D4A137003F030FDC9E62279022A00D0E0
:1080E00031E65878012800D92DE602D103F036FB9D
:1080F000F0E70020FAE72279022A06D15B78052B07
:1081000000D920E6814A137027E7032A00D01AE637
:108110005A78002A00D016E69B78012B00D912E687
:1081200001267B4A3340137024E72279022A09D1C1
:108130005E78012E00D006E603A80270067107F0F3
:1081400071FC17E7042A00D0FDE55A78002A00D018
:10815000F9E59F78022303AE30003370327107F0E7
:1081600061FC381C052F00D9052040B203F0A0FBAC
:108170002368DB78FF2B00D1EFE616223000327047
:10818000337107F04FFCE8E62279022A00D0DAE5E5
:108190005878002800D1D6E540B203F077FBDCE642
:1081A0002279022A07D15B78012B00D0CBE5594A0E
:1081B0001370534ABCE6032A00D0C4E55A789B7872
:1081C0001B02134300D1BEE5534AEBE62279062A8F
:1081D00000D0B8E55A785149012A00D80A70DA78F7
:1081E00098781202024302D04D4852BA02801A799E
:1081F0005B791B02134302D04A4A5BBA13800B78A7
:10820000494F002B06D1380008F0DEFA474808F045
:10821000DBFAA2E6434B464E19883800714308F05A
:10822000FFFA380008F062FA03F024FB002800D0BF
:1082300093E63B4B198871433C4E300008F0F0FA4E
:10824000300008F053FA88E62279032A00D07AE554
:1082500059789878374A384B11701870002907D12F
:1082600001311170012800D877E601221A7074E6F6
:108270000F29F7D90F21F4E723683048995D08F0FA
:1082800075FB0028F8D101368EE521792C4808F0DD
:108290006DFB0028F9D190E5032B00D194E5019BFB
:1082A000284F1B78284A3B700123137000221600C8
:1082B0002079D1B2814213D3002E01D0224A13700B
:1082C0000023224A1370022814D12268107826282D
:1082D00010D15278012A0DD11D4A2B70137073E50D
:1082E000322B05D821685E1C895CF954F3B2012653
:1082F0000132DEE70122174B1A7065E5D006002037
:10830000E0060020CC060020050D0020B10600206C
:10831000FF0C0020B206002064000020B006002000
:10832000A4060020AE0600202C060020180600201F
:1083300060EA0000A7060020A806002058550108A2
:108340005E550108E70600201A070020B30600204A
:10835000B6060020B40600200B4B10B50B4C196874
:10836000200008F05DFA200008F0C0F90122084B57
:108370001A70084B1A6811231A4203D0064A137860
:108380000133137010BDC046680000209006002025
:10839000B5060020D00E0020AB06002070B5294D98
:1083A0002B78002B0CD1FA21274C4900200008F033
:1083B00037FA200008F09AF92B7801332B7070BD42
:1083C000012BFCD1204808F0FFF9204B1B78012B32
:1083D00026D103F04FFA1E4E002810D11D4C1E4925
:1083E000200008F07BF91D4B20001988714308F02C
:1083F00017FA200008F07AF9052000F005FF184C64
:108400001849200008F06AF9174B200019887143B9
:1084100008F006FA200008F069F9052000F0F4FEE3
:10842000124C1349200008F059F9124B200019682A
:1084300008F0F6F9FFF790FF052000F0E5FE0023B5
:10844000BCE7C046C70600207C060020B00600201E
:1084500060EA000018060020AD7C0008A406002099
:108460002C060020057D0008AE06002090060020A6
:1084700059830008680000200023174A10B51360D4
:10848000164A1360164A1360164A01331370164ACF
:108490001370164A1370164808F068FA0028FAD1CB
:1084A000144B187003F060F9012801D106F0BAF9F5
:1084B000114808F089F9002003F01CF90F4C10490D
:1084C000200008F00BF9FA212000490008F0A8F973
:1084D000FFF764FF10BDC046DC060020D806002070
:1084E000D4060020C0060020BF060020C1060020E0
:1084F0001F690108B7060020540600207C060020F2
:108500009D830008F0B59DB0FCF71EFC00F0F0FE66
:10851000FFF75EF800F0A0FF02F070FEF8F728F811
:108520006F4C7049200008F0D9F820006E4908F01F
:1085300077F9200008F0DAF86C4B1B68002B12D199
:108540006B4B1B68002B0ED16A4B1B68002B0AD1AA
:10855000694B1B68002B06D103F0A0FA03F062FA06
:10856000C82000F051FE03F007FF0121080008F0C9
:1085700031F86249624803F053FE02F04BFE614B52
:108580001A78002A1DD000228021A02001251A700F
:108590005D4B4900C0051D70FCF784FD5B4C5C49D8
:1085A000200008F09BF820005A4908F039F9802192
:1085B000A0202A00C0054900FCF774FD200008F047
:1085C00095F8554A1378002B0DD0544B112118689B
:1085D00003000B40084206D1514913700B705149FA
:1085E0000B7002F0D9FF504B1B78002B18D04B4B6F
:1085F000196811230A001A40194211D101214B4B6D
:108600004B481970464B1A70464B1A7008F0DCF84C
:10861000484808F0D9F8484808F0D6F802F0BCFFFE
:10862000464B1B78002B00D1FCE1454C2368012B05
:108630000CD1444A1278062A34D0092A32D0374A5B
:1086400011681122114201D13F4A13703F4D2B682E
:10865000012B0AD13B4A1278092A32D02F4A1168DD
:108660001122114201D1384A1370394B1B68012B7A
:1086700006D12A4A11681122114201D1324A1370DF
:10868000274B1A78042A73D9002264201A7000F04C
:10869000BBFDBFF34F8F2F4B2F4ADA60BFF34F8FD5
:1086A000C046FDE72D4B1B78002B02D10023236031
:1086B000CCE72B4B2B48196808F058F90028F8D163
:1086C000F4E7264B1B78002B02D100232B60CCE76C
:1086D000254B2648196808F049F90028F8D1F4E735
:1086E000680600205D7C0008504600000000080875
:1086F00004000808080008080C00080838000020DA
:108700003C000020BF060020BE06002040060020DE
:10871000857C000888130000BC060020D00E0020D5
:10872000AB060020A6060020B8060020B7060020F1
:10873000900600202C06002018060020C00600200D
:10874000DC060020050D0020B5060020D80600201C
:10875000D406002000ED00E00400FA05370B0020ED
:10876000D006002089550108CC0600209855010844
:10877000CA4D2B78012B00D07EE1FA20400000F09A
:1087800043FD1122C648002103681A70C54B83803F
:1087900002F068FF2B7801332B70C34B1B78002B42
:1087A00010D0C24B1A68112315001D401A4209D17E
:1087B000BF4B1D7002F04CFF012800D1CAE100221E
:1087C000B94B1A70BB4E3378002B4BD0B74B1A689D
:1087D000112317001F401A4244D18021B648C90115
:1087E000FCF75AFC8021B54D09022870B248FCF70D
:1087F00053FCB34C10212070A020C005FCF74CFCAA
:1088000037702E78AF4DB0492B78B04AB34209D0BB
:10881000AF4B1B78062B05D0092B03D0AD4B1B7833
:10882000012B18D00F7823789F4207D0A84B1B78D4
:10883000072B03D1A84B1B78012B0CD01378834254
:1088400010D0FD27A24B1B78073B3B420AD1A34B1C
:108850001B78012B06D11070012223782E700B702B
:10886000914B1A709E4A1378002B03D09D490978CA
:10887000032929D09C490978002907D08C49097817
:10888000002903D09749097801291DD09749097813
:10889000002901D100F095FC85490978002901D112
:1088A00000F095FC8F49097802290DD08D4909788F
:1088B000042909D0002B03D17D4B1B78002B2ED02F
:1088C000884B1B78052B2AD1784B196811230C0093
:1088D0001C40194223D1844B14701C70834B1C70B4
:1088E000734B1C70824B1978002901D100F05CFC9D
:1088F0001C7002F0ADFE012811D1642321006848EC
:108900007C4D43712A787C4B944201DA00F044FCA0
:1089100000217A4B297002711A7002F0A3FE784C84
:108920002378012B29D102F093FE012825D1754B24
:108930001B78012B21D1744B198800291DD0734E4F
:108940003388002B19D00023714D2370714C724A6B
:1089500028006143137007F063FF280007F0C6FE8C
:1089600002F088FF002808D1318861436B4C200059
:1089700007F056FF200007F0B9FE694A1378002B74
:1089800015D04A4B1121186803000B4008420ED144
:108990001370644A4248127863499A4201DD00F03C
:1089A0000AFC0C2300210271437102F05BFE5F4E52
:1089B0003378002B36D03D4B1A68112317001F4027
:1089C0001A422FD15A4B1C68394B1F7002F040FEDF
:1089D000012825D1FA2120008900F7F78FFB10AD7F
:1089E00004002800FEF74EF905232D484371AA78AC
:1089F00003681A70EA7803685A702B880268190AAB
:108A0000917002683900D3700368220C1A71220A2F
:108A10005A719C710723394A0371137002F022FEC8
:108A200000233370434B1A78002A18D00022424D9D
:108A30001A70424B01321A702B88002B01D114336B
:108A40002B803F4C3F49200007F048FE2B883149DE
:108A50002000594307F0E4FE200007F047FE3A4C9F
:108A60002378002B03D0F7F727FE0023237072B67C
:108A700007F0F4FD62B680E5022B00D08DE60B4BCB
:108A80001B68DB0700D588E6BFF34F8F2F4B304ABA
:108A9000DA60BFF34F8FC046FDE7C046C606002030
:108AA0005800002001040000B5060020D00E002070
:108AB000BD060020E106002000040050E30600206F
:108AC000E2060020E6060020E5060020E40600207D
:108AD000050D0020030D0020020D0020010D0020D7
:108AE000B6060020B1060020BA060020B906002014
:108AF000B40600201A070020E7060020C306002065
:108B0000AC060020B0060020AE060020A40600201F
:108B10002C06002060EA0000A606002018060020AF
:108B2000B30600201B0700201C070020B20600200F
:108B300068000020BB06002064000020B70600206B
:108B400054060020C57C0008C206002000ED00E0AD
:108B50000400FA05DC4F04AE39783000FEF7F6F871
:108B600023683D7000936B461B780193D74B1B68BD
:108B7000DBB20293D64B1F68FBB2039302F08CFE6C
:108B8000D44CD54B607118780138082845D8F7F7D0
:108B9000ABFA09007300C200FA005301BD01F001F5
:108BA0004F029C02CD4A2168138804AD1B0A0B704A
:108BB00023681288CA495A70686808F0FBFF09F0F8
:108BC00073FA26680012B070C549686808F0F2FFB1
:108BD00009F06AFA2668F070286909F065FA2468D5
:108BE00000122071286909F05FFA019B6071BD4C89
:108BF000002B05D18021BC48C901FCF74DFA20703B
:108C0000B44B29781A6823784900DB010B43012112
:108C100007250098084003439371019B012B02D163
:108C20000022B24B1A60029B012B02D10022A74BFB
:108C30001A60039B012B02D10022A54B1A60AC4B9A
:108C40001B78012B07D0AB4B1B78012B03D0AA4B11
:108C50001B78012B02D10122A84B1A70A84BEDB250
:108C60001D70A84B9B4C19782571012900D08FE20B
:108C7000200002F0F7FCA2E5984A2168138804ADB1
:108C80001B0A0B702368128895495A70686808F0AF
:108C900091FF09F009FA26680012B07090496868DF
:108CA00008F088FF09F000FA2668F070286909F0DA
:108CB000FBF9246800122071286909F0F5F9019B7D
:108CC0006071884C002B05D180218748C901FCF7D1
:108CD000E3F9207001210098227808402978D20118
:108CE000490002430A4304217A4B0A431B689A71E4
:108CF000EA8C120ADA71EA8C1A72834A1278032A11
:108D000006D12A8D120A5A722A8D9A720B2584E78F
:108D1000FF225A72F9E7FDF7B1FF10AA1300A2C8AB
:108D2000A2C326C826C326C826C326C826C3019BBD
:108D30006C4D002B05D180216B48C901FCF7ACF9C3
:108D400028700122082700992B7811403278DB0126
:108D50000B435200134330691F4308F0FEFC10AD73
:108D60002880706908F0F9FC6880B06908F0F5FCAB
:108D70008021FFB2A8802A00AF712068490008F066
:108D80007BFC050049E7554A216813881B0A0B70D4
:108D90002368128852495A70059808F00BFF09F0B1
:108DA00083F927680012B8704D49059808F002FF52
:108DB00009F07AF92768F870089809F075F92768BA
:108DC00000123871089809F06FF9019B454D7871D0
:108DD000002B05D180214448C901FCF75DF92870BA
:108DE000012200992B7811403278DB010B435200AD
:108DF00013430C2224681343A371B068384908F068
:108E0000D9FE09F051F90012E0713549B06808F057
:108E1000D1FE09F049F920723149F06808F0CAFE24
:108E200009F042F9001260722D49F06808F0C2FEA4
:108E300009F03AF9A07269E7284A2168138804AD5D
:108E40001B0A0B702368128825495A70686808F05D
:108E5000B1FE09F029F926680012B070204968684F
:108E600008F0A8FE09F020F92668F070286909F0DA
:108E70001BF9246800122071286909F015F9019B7B
:108E80006071184C002B05D180211748C901FCF7EF
:108E900003F9207001210F4B00981A6823780840CD
:108EA0002978DB01490003430B4310210B439371E5
:108EB000EB6A1B12D371EB6A1372EB6A1B165372C7
:108EC000EB6A0B41937221E7360B0020D806002095
:108ED000D406002058000020050D0020C406002004
:108EE00000002041E606002000040050DC060020BF
:108EF000030D0020020D0020010D0020E1060020DE
:108F0000C3060020A606002010050020B34A2168F1
:108F1000138804AD1B0A0B7023681288B0495A707D
:108F2000059808F047FE09F0BFF826680012B070F7
:108F30000598AB4908F03EFE09F0B6F82668F070D7
:108F4000089809F0B1F8246800122071089809F017
:108F5000ABF8142360712A7852001343A371A14B1C
:108F60001B681A0EE2711A0C22721A0A6272A3723C
:108F7000CCE69A4A2168138804AD1B0A0B7023685B
:108F8000128897495A70686808F014FE09F08CF846
:108F900026680012B0709249686808F00BFE09F06C
:108FA00083F82668F070286909F07EF824680012BA
:108FB0002071286909F078F8019B60718A4C002BB8
:108FC00005D180218948C901FCF766F82070029B11
:108FD000002B06D1802185480902FCF75DF8844BFF
:108FE0001870039B002B06D1A0201021C005FCF7B0
:108FF00053F8804B187001217F4B00981A68237832
:1090000008402978DB01490003430B4318210B4337
:109010009371774B02991B7809010B43D371754B00
:1090200003991B7809010B431372FF23537249E71D
:109030006A4A2168138804AD1B0A0B7023681288E2
:1090400067495A70686808F0B5FD09F02DF8266880
:109050000012B0706249686808F0ACFD09F024F8AD
:109060002668F070286909F01FF824680012207142
:10907000286909F019F8019B5B4E6071002B05D13E
:1090800080215A48C901FCF707F830705A4B009903
:109090001C68012319400B003278D20113432A784F
:1090A000520013431C221343A371686908F0FCFFAC
:1090B0000012E071686908F0F7FF2072A86908F0F3
:1090C000F3FF00126072A869B2E6444A216813886F
:1090D00004AD1B0A0B702368128841495A706868F6
:1090E00008F068FD08F0E0FF26680012B0706868BC
:1090F0003B4908F05FFD08F0D7FF26683849F0705B
:10910000A86808F057FD08F0CFFF266800123071FC
:109110003349A86808F04EFD08F0C6FFFBB2707135
:10912000344E002B05D1A0201021C005FBF7B4FF61
:109130003070012233781740DB011F432B782468FD
:1091400093401F4320233B43A371E868244908F060
:1091500031FD08F0A9FF0012E071E868204908F02D
:1091600029FD08F0A1FF1F4B11251B6820721A0E64
:1091700062721A0CA27223731A0A204BE2721B68E5
:109180001A0E62731A0CA2731A0AE273237444E56E
:1091900002F070FB01006BE51F7806683755197007
:1091A00001340133FFF7B0FB134803681970144B07
:1091B0008380FFF7B2FBCD5C0468E5540133FFF711
:1091C000ECFB002B01D0FFF771FBFFF775FB002BC9
:1091D00001D0FFF76BFBFFF7A2FBC046C4060020DF
:1091E00000002041D0060020E606002000040050C8
:1091F000E5060020E406002058000020CC060020F0
:10920000010400000020704707B50190019807F0A5
:10921000DDF907BD8023094A5B05916B10B50B434F
:109220009363FCF729F9FCF76DF90823044A1168E8
:109230000B431360FCF75CF910BDC0460010024000
:1092400000200240042300B599B00A930023149330
:109250000133FF330AA80C93FBF710F8002801D064
:10926000FEF7E8F920230193802301A85B02029313
:10927000FBF78EFB002801D0FEF7DCF98023074ABC
:10928000DB02116D02200B43136500221100FBF776
:1092900091FD0220FBF7B6FD19B000BD00100240A1
:1092A00010B507F057FA10BD10B5FEF747FA10BD1C
:1092B0000421064A10B5536B14200B43536300225C
:1092C000FBF778FD1420FBF79DFD10BD0010024058
:1092D00003000620042B05D005D8013B0138012BE3
:1092E00000D902307047083B5A1E9341981DF9E798
:1092F00010B594B001AC1422002120000AF0F4FC57
:109300002C22002107A80AF0EFFC022306931093F9
:1093100080231B0301221293802309921B040F3226
:1093200006A80A921393FAF7A9FF002801D0FEF7C6
:1093300081F98023114A5B05916B0B439363104ABB
:10934000104B1168194080231B010B43102113603F
:10935000506803000B400842FAD10F22012101920C
:1093600020000C3A6260A360E3602361FBF738FAE7
:10937000002801D0FEF75EF914B010BD00100240C5
:1093800000700040FFE7FFFF044B1868044B1B68A8
:109390005840044B1B6858407047C0465000F81FA7
:1093A0005400F81F6400F81F1149124A10B50B68E9
:1093B00014681B191B0EC37114680B681B191B0C56
:1093C000837114680B681B191B0A437112680B68C0
:1093D0009B180371084B1A68120EC2701A68120C9F
:1093E00082701A68120A42701B68037010BDC04672
:1093F0005000F81F6400F81F5400F81F124910B500
:109400000B78002B1ED1012210480A70104903640A
:1094100001608021090641600721C3618361836087
:10942000C36003624362C362036380238263026199
:1094300003324261074AC163516B9B000B43536384
:10944000FAF72CFD10BDC046250800202808002092
:10945000002401400010024010B50B4C2378002B73
:1094600010D1FFF7CBFF094B1B689847FEF760FB55
:10947000FEF7EAFA07F066FA02F004FDFDF770FF66
:109480000123237010BDC04624080020686D010828
:1094900073B5060000201E4B1B78834236D008238C
:1094A0001C494A681A42FCD080231B4D1B4C6A6B36
:1094B0009B00134300216B632000FCF7BDFD184B9C
:1094C00069460093174B20000193FAF749FE802369
:1094D00069465B01200001930096FAF741FE2000E7
:1094E000FAF7AEFD012120004942FAF7D5FD200030
:1094F000FAF732FE0222236880B299680A439A6022
:1095000003221A606B6B084A13406B6376BDC0463A
:1095100025080020007000400010024028080020AC
:10952000FFFF070001100000FFFDFFFF70B51248AC
:10953000FFF7AEFF00240100A04206D00F4B1048F9
:109540001B885843F6F7DAFD04000E48FFF7A0FF2A
:109550000D4B60430A491D88F6F7D0FD431B502090
:1095600058430A4B00021988491BF6F70DFEF023F9
:109570005B01C01880B270BD000002447800F81F83
:10958000B80B0000000004487A00F81F7E00F81FA6
:1095900010B51148FFF77CFF04000120002C16D005
:1095A0000E4B0F481B8821005843F6F7A7FD0D4AC4
:1095B00084B2FE2094420AD80B4A94420AD9C821A8
:1095C0000A4A8900A3185843F6F798FDC0B2084B21
:1095D0001C8010BD0120FAE7000002447800F81F4B
:1095E000B80B0000E30C0000C30900003CF6FFFFCD
:1095F000C406002010B5EFF3108472B6FEF7D8FA57
:10960000084B5B689847F8F71BFC0423064A11686F
:109610000B43136084F3108801210800FBF74CFF13
:1096200010BDC046686D01080070004010B5EFF332
:10963000108472B60122124B19680A431A60042280
:1096400019681142FCD08022196852040A431A603A
:109650008022920419681142FCD00322D9680A437F
:109660000C21DA60DA680A400C2AFBD1FEF72EFAE8
:10967000044B1B689847F8F7BFFB84F3108810BDB4
:1096800000100240686D010810B501210020FBF7B1
:10969000FBFE10BD7047C046FDE77047704710B530
:1096A000FBF762FB10BD10B500F0A0F910BD10B5BE
:1096B00000F094F910BD10B500F088F910BD10B598
:1096C000FEF780F910BD10B50120FBF7F1FC022078
:1096D000FBF7EEFC10BD10B50420FBF7E9FC0820F9
:1096E000FBF7E6FC10BD0000102110B54B4C636980
:1096F0000B421AD04A4B1B78002B12D0494B1B78D7
:10970000002B0ED0FD22484B1B78073B134208D19B
:10971000A020464BFC3AC0051A60FBF7BDFC444B49
:10972000187010206061FFF7BFFD2020FBF7C0FC20
:109730004020FBF7BDFC8020FBF7BAFC80204000F6
:10974000FBF7B6FC80208000FBF7B2FC8020C00055
:10975000FBF7AEFC80200001FBF7AAFC8020400153
:10976000FBF7A6FC80208001FBF7A2FC8021636947
:10977000C9010B421CD02F4B1B78002B13D0294A58
:109780001278002A0FD0284A1278062A01D0092A16
:109790002DD1023B012B06D80122274B1A60274A04
:1097A0001368013313608020C0016061FFF77CFD06
:1097B0008021636909020B4218D0214B1B78002BD2
:1097C0000FD0184A1278002A0BD0174A1278072AAD
:1097D00016D11C4B063A1C481A60FBF75DFC1B4B6C
:1097E0001870802000026061FFF75EFD10BD01224D
:1097F000114B15481A60FBF74FFC154B1870D2E758
:10980000092AEED1023B012BEBD80E4B083A1A6025
:10981000104A136801331360E3E7C04600040140B7
:10982000010D0020C1060020050D0020D4060020F7
:10983000E4060020030D0020DC060020D0060020F6
:10984000020D0020D806002000040050E50600208C
:10985000E6060020CC06002010B5F6F725FF10BD67
:1098600010B50248FCF750FB10BDC0462004002094
:109870000B4B10B518600B480B4B036096239B01F4
:10988000436000238360C360036183610C334361E1
:10989000FAF77EFA002801D0FDF7CCFE10BDC046D5
:1098A000CC080020780900200048004010B5034B88
:1098B0000A0001001800F9F759FE10BD78090020D0
:1098C000034B10B51B68002B00D0984710BDC04655
:1098D000CC08002013B58021084B094C1860019A70
:1098E00089032000FCF7F8FB2000FCF73DFC012277
:1098F00020000449F9F7E6FD13BDC046C808002062
:1099000078090020060900200368234A70B5040086
:1099100093420FD1214B224D1B68002B04D0C26E05
:10992000002A01D128009847012229002000F9F7D8
:10993000C9FD70BD1B4A20269342FAD11A4D1B4C1B
:10994000012229002000F9F7BDFD00280DD1184B98
:109950002A781A70174B187800280DD016490B7802
:10996000581C08701549CA54E3E723006A331E7077
:10997000002368342370E1E711490B78002BD8D01D
:10998000104D2C78631CDBB22B700F4D2A55082B21
:10999000CFD10870CDE7C04600480040C80800207D
:1099A00006090020003801400309002008090020B2
:1099B000D00800200709002005090020D108002058
:1099C0001F040020040900201804002010B5024BD9
:1099D000186EFBF789FC10BD7809002010B502480D
:1099E000F9F794FE10BDC0467809002010B5024872
:1099F000F9F78CFE10BDC0460809002000230122A3
:109A000010B588B00593134BA020D96A06241143E2
:109A1000D962D96AC005114001910199D96A1143EF
:109A2000D962DB6A03A913400293029B04230393C8
:109A3000023B04939B1806930794FBF7F7F9A020C9
:109A4000082303A9C00503930794FBF7EFF908B0B7
:109A500010BDC046001002400A480B4B10B5036011
:109A6000E1235B02436000238360C3600361836181
:109A70000C334361FAF78CF9002801D0FDF7DAFDC9
:109A800010BDC04608090020003801400023012114
:109A900010B586B00393114BA020DA6A04240A4360
:109AA000DA62DB6AC0050B400093009B80239B00B9
:109AB0000193FF3BFF3B02935B1801A904930594BC
:109AC000FBF7B4F98023A020DB0001A9C0050193B6
:109AD0000594FBF7ABF906B010BDC046001002407C
:109AE000022130B5104B8DB0DA6AA0200A43DA6249
:109AF000DB6A03250B400193019B802300249B001C
:109B000002A9C005029303950494FBF78FF9802303
:109B1000A020DB0007A9C005079308950994FBF76F
:109B200085F90DB030BDC0460010024070B5036825
:109B3000334A06008CB0934250D10125314C0021AC
:109B4000E36A04A82B43E362E36A2B400093009B83
:109B5000E36A2B43E362E36A2B400193019B80237A
:109B6000A26BDB021343A36320220AF0BDF8042397
:109B70000393802303A81B010793FAF709FF236BC4
:109B80002B432363236B2B400293029BFFF736FF8B
:109B90001D4C1E4B802223601023A3600023200055
:109BA000E3606361A361E361236205336360226163
:109BB000FBF78AFA2A0029000B203466A662FBF71D
:109BC000F9F80B20FBF71EF91D202A002900FBF7EE
:109BD000F1F81D20FBF716F90CB070BD0C4A93424A
:109BE000FAD18023074ADB01516B0B435363FFF724
:109BF00077FF1B2000220221FBF7DCF81B20E9E79E
:109C00000048004000100240880800208000024008
:109C100000380140F0B5002485B0052201900E0007
:109C200002A828490AF0A6F8274B1C7006F009FE86
:109C3000264F05000522380002A9F9F713FC3B0066
:109C400069331B78202B05D0280006F000FE204B3E
:109C50009842F4D901231F4D1A001F4938002B7078
:109C6000F9F730FC3000FFF7CFFA00231B4A190048
:109C700094461F001A482B700278592C18D10029DD
:109C80001ED1592A1AD1013107700130844501D102
:109C900005B0F0BD1D00012907D10478019E0135F2
:109CA000EDB2F454072D00D1013114002B00E3E78D
:109CB000592A01D10029E7D02200E5E70A00E3E7AD
:109CC0005922E1E7A75501080509002008090020ED
:109CD0008713000007090020030900200309002062
:109CE000D1080020030001200C2B01D8014AD05CD0
:109CF0007047C046096E010830B5040087B0E579A9
:109D0000A378627821780495A57907480395657949
:109D1000029525790195E578009506F027FE002843
:109D2000EDD107B030BDC046D555010830B50400AF
:109D30008FB0E57BA378627821780C95A57B0F48DE
:109D40000B95657B0A95257B0995E57A0895A57A9B
:109D50000795657A0695257A0595E5790495A5799F
:109D600003956579029525790195E578009506F0CA
:109D7000FDFD0028DDD10FB030BDC046AD55010856
:109D800010B504002100034806F0F0FD0028F9D1C9
:109D900010BDC046E051010810B504002100034881
:109DA00006F0E4FD0028F9D110BDC0469355010826
:109DB000F0B5002497B004AB15009C80019003918E
:109DC000F6F71CFB6B00984227D1270026001CE009
:109DD000019805A9005D7B1CC85501201840029020
:109DE0000120DAB203420ED13718FFB206A8B6003E
:109DF00031503E00039A7B1ED2189B000D49185823
:109E000009F00EFF029A170001340198F6F7F6FAEE
:109E1000A042DDD8280017B0F0BD03236B43013BFF
:109E2000984201D10125F5E7034806F09FFD00287F
:109E3000FAD1F7E76D560108FF55010837B50D0057
:109E4000042201A90400FFF7B3FF03000020012B47
:109E500007D00422200001A9FFF7AAFF019B1BBA2B
:109E60002B603EBD70B5102204000D00FFF7A0FF6F
:109E700003000020012B04D0102229002000FFF74E
:109E800097FF70BD0A0010B514008EB00F340D940A
:109E9000013C0C94013C0B94013C0A94013C099454
:109EA000013C0894013C0794013C0694D41D0594A0
:109EB000941D0494541D0394141D0294D41C019405
:109EC000941C4B1C0094024902F0C4FB0EB010BD60
:109ED0002256010870B514000500044806F0EBFC9A
:109EE000034B1C60034B1D7070BDC046F009002081
:109EF000EC090020E809002001207047BFF34F8FD4
:109F0000034B044ADA60BFF34F8FC046FDE7C046FB
:109F100000ED00E00400FA05012310B5044C2370A5
:109F2000044806F023FD0028FAD10123237010BD58
:109F3000370B00207256010810B50B48F6F7E0FA0F
:109F4000F6F7F6FA094806F011FD0028FAD132308A
:109F5000FFF75AF9BFF34F8F054B064ADA60BFF39C
:109F60004F8FC046FDE7C04600000808855601082F
:109F700000ED00E00400FA0510B501F00DFCFFF75C
:109F8000BBFE002010BD000010B588B0082206A955
:109F90000400FFF70DFF01281DD11F236B4405931B
:109FA0001E236B4404931D236B44039307AB02935E
:109FB0001B236B4401931A236B4400931923200045
:109FC00009496B4406AA02F045FB06A801F0E8FB2C
:109FD000002008B010BD0822200006A9FFF7E8FE07
:109FE0000828F2D0D9E7C0464A56010810B501F05A
:109FF0001FFCFFF781FE002010BD000010B588B0E7
:10A00000082206A90400FFF7D3FE01281DD11F2353
:10A010006B4405931E236B4404931D236B440393ED
:10A0200007AB02931B236B4401931A236B440093E9
:10A030001923200009496B4406AA02F00BFB06A86D
:10A0400001F0FAFB002008B010BD0822200006A98C
:10A05000FFF7AEFE0828F2D0D9E7C0464A560108FD
:10A0600030B585B003AD29000400FFF7E7FE0428F2
:10A070000BD00D236B440F2200930E2320000649C2
:10A0800001956B446A4402F0E5FA039801F092FBF3
:10A09000002005B030BDC0465E56010810B501F085
:10A0A0008FFB002010BD10B501F0D0FBFFF73EFE86
:10A0B000002010BD1FB569460400FFF7D3FE10282D
:10A0C00003D069462000FFF7DDFE684601F0C2FBC1
:10A0D000002004B010BD10B501F098FBFFF726FE7C
:10A0E000002010BD1FB569460400FFF7BBFE102815
:10A0F00003D069462000FFF7C5FE684601F07CFBEF
:10A10000002004B010BD10B501F08EFBFFF70EFE6D
:10A11000002010BD1FB569460400FFF7A3FE1028FC
:10A1200003D069462000FFF7ADFE684601F072FBE0
:10A13000002004B010BD022330B585B001AD280069
:10A140002B7005F0D9FBFFF7CDFD041E02D1287955
:10A15000FFF716FE200005B030BD1FB502230278C0
:10A1600001A9303A18000B70012A07D8531E9A41F2
:10A1700008000A7105F056FCFFF7B4FD05B000BDFC
:10A18000162330B585B001AD28002B7005F0B4FB67
:10A19000FFF7A8FD041E03D104202856FFF7F0FDA9
:10A1A000200005B030BD00001FB516236A460B49DC
:10A1B000137102AA02F04EFA022401280BD101A861
:10A1C00005F030FCFFF78EFD041E04D1044806F0B4
:10A1D000CDFB0028FAD1200004B010BD8A5601083A
:10A1E0008F560108152330B585B001AD28002B70BE
:10A1F00005F082FBFFF776FD041E03D104202856EC
:10A20000FFF7BEFD200005B030BD000013B56B4662
:10A21000DC1D2200094902F01DFA022301280BD19E
:10A22000002020560133072806DC01F041FB0448DA
:10A2300006F09CFB031EFAD1180016BD8A560108D1
:10A240008F56010810B50378302B04D00220312B33
:10A2500005D1012000E0002001F08CFA002010BDA3
:10A2600010B501F093FA012806D1064806F07EFBEE
:10A270000028FAD1002010BD034806F077FB002823
:10A28000FAD1F7E723550108B2560108072330B584
:10A2900085B001AD28002B7005F02EFBFFF722FDE5
:10A2A000041E02D12879FFF76BFD200005B030BDF8
:10A2B0001FB5072301AA137003780220303B012B3E
:10A2C00007D8591E8B411000137105F0ABFBFFF747
:10A2D00009FD05B000BD0A2330B585B001AD2800E9
:10A2E0002B7005F009FBFFF7FDFC041E02D102985C
:10A2F000FFF746FD200005B030BD00001FB50A2362
:10A300006A46040001A8137105F0F6FAFFF7EAFCAB
:10A3100000280DD12000074902AA02F09BF9030092
:10A320000220012B04D101A805F07CFBFFF7DAFC29
:10A3300004B010BD655801080A2330B585B001ADE1
:10A3400028002B7005F0D8FAFFF7CCFC041E02D1D0
:10A35000287AFFF715FD200005B030BD1FB50A2390
:10A360006A46040001A8137105F0C6FAFFF7BAFCAB
:10A3700000280FD12000084903AA02F06BF903005E
:10A380000220012B06D1054A01A8137005F04AFBF3
:10A39000FFF7A8FC04B010BD8A5601080A0D002082
:10A3A000102330B585B001AD28002B7005F0A4FA5C
:10A3B000FFF798FC041E02D10298FFF7EDFC200085
:10A3C00005B030BD1FB510236A460849137102AAB3
:10A3D00002F040F903000220012B04D101A805F08E
:10A3E00021FBFFF77FFC05B000BDC04665580108A2
:10A3F000112330B585B001AD28002B7005F07CFA33
:10A40000FFF770FC041E02D10298FFF7C5FC200084
:10A4100005B030BD1FB511236A460849137102AA61
:10A4200002F018F903000220012B04D101A805F065
:10A43000F9FAFFF757FC05B000BDC04665580108A2
:10A44000122330B585B001AD28002B7005F054FA09
:10A45000FFF748FC041E02D10298FFF79DFC200084
:10A4600005B030BD1FB512236A460B49137102AA0D
:10A4700002F0F0F8022401280BD101A805F0D2FA6D
:10A48000FFF730FC041E04D1044806F06FFA0028E0
:10A49000FAD1200004B010BD65580108B656010875
:10A4A000132330B585B001AD28002B7005F024FAD8
:10A4B000FFF718FC041E02D10298FFF76DFC200084
:10A4C00005B030BD1FB513236A460B49137102AAAC
:10A4D00002F0C0F8022401280BD101A805F0A2FA6D
:10A4E000FFF700FC041E04D1044806F03FFA0028E0
:10A4F000FAD1200004B010BD65580108B656010815
:10A5000010B501F031F9013843425841FFF738FCEA
:10A51000002010BD10B50378302B0BD00220312B5A
:10A5200007D1013801F01AF9034806F01FFA002894
:10A53000FAD110BD0020F5E7B65601080323F0B5A7
:10A5400087B003AD28002B7005F0D6F9FFF7CAFBE2
:10A55000041E0DD1049D2E04360EEFB22A023300E4
:10A560000548120E290E009706F000FA0028F5D1D2
:10A57000200007B0F0BDC046E955010830B587B0EE
:10A5800003236A4604AD290004001373FFF756FC49
:10A5900004280BD011236B441322009312232000B4
:10A5A000064901956B446A4402F054F803A805F08B
:10A5B00039FAFFF797FB07B030BDC0465E56010879
:10A5C000182330B585B001AD28002B7005F094F943
:10A5D000FFF788FB041E02D10298FFF7DDFB200085
:10A5E00005B030BD1FB518236A460849137102AA89
:10A5F00002F030F803000220012B04D101A805F07D
:10A6000011FAFFF76FFB05B000BDC04665580108A1
:10A61000192330B585B001AD28002B7005F06CF919
:10A62000FFF760FB041E02D10298FFF7B5FB200084
:10A6300005B030BD1FB519236A460849137102AA37
:10A6400002F008F803000220012B04D101A805F054
:10A65000E9F9FFF747FB05B000BDC04665580108A2
:10A66000002330B585B001AD28002B7005F044F90A
:10A67000FFF738FB041E06D129790448413106F062
:10A6800075F90028F8D1200005B030BDD856010872
:10A690001FB50023022401AA13700378413BA34293
:10A6A0000CD81000137105F0BDF9FFF71BFB041E59
:10A6B00004D1044806F05AF90028FAD1200004B069
:10A6C00010BDC046B656010810B500F065FF002069
:10A6D00010BD7FB5012601AD28002E7005F00CF9E4
:10A6E000041E05D12879FFF74BFB200004B070BD94
:10A6F0003400FAE7F7B50400F5F780FE21490500BC
:10A7000001AA200001F0A6FF2300012805D01E4861
:10A7100006F02CF90220FEBD01331A781100303901
:10A720000929F9D93A2AF2D16E460027013C641969
:10A73000E41AE4B2B7705D1C012C12D92B783000FA
:10A7400033706B7811497370114B1A68D21901F08C
:10A7500081FF0128DED1023C0137E4B20235402FEF
:10A76000EAD1002CD6D10A4C019B2771637101F00C
:10A7700081F80100200000F075FF431E9841C0B22F
:10A78000C9E7C046DD560108E15601086D560108CB
:10A790006C00002037B50400F5F730FE18490500BD
:10A7A00001AA200001F056FF2100012805D015481C
:10A7B00006F0DCF802203EBD01310B781A00303A79
:10A7C000092AF9D93A2BF2D1013C6419E4B2641A8E
:10A7D000251CE4B2402C00D940250B4CEAB20131D3
:10A7E000206806F068F8019B2571637101F042F85A
:10A7F0000100200000F036FF431E9841C0B2DAE7A6
:10A80000DD560108E15601086C00002070B50D4BC3
:10A810000D48197806F0AAF8041EF8D10B4D2B68E4
:10A82000A34206D80A4806F0A1F80028FAD1286009
:10A8300070BD084B0848195D06F098F80028F8D15B
:10A840000134EBE7E809002054550108EC09002029
:10A8500032620108F00900205855010810B50C4B70
:10A860000C48197806F082F80028F8D10A4C2368C1
:10A87000002B06D009490A4806F078F80028F9D1DB
:10A880002060084806F072F80028FAD110BDC046D2
:10A89000E809002054550108EC090020F0090020C7
:10A8A000065701083262010837B56B4600249D1D2A
:10A8B0002A000949DC8001F0CDFE012809D12B884E
:10A8C000A34203D02000054A13803EBD044806F091
:10A8D0004DF80220F9E7C0466558010864000020E1
:10A8E0000957010810B5034B1888FFF749FA0020F3
:10A8F00010BDC0466400002037B56B460024DD1D46
:10A900002A000949DC7101F0A5FE012809D12B7844
:10A91000052B03D82000054A13703EBD044806F0FD
:10A9200025F80220F9E7C0465C570108B10600206F
:10A930002957010810B5034B1878FFF721FA0020BA
:10A9400010BDC046B106002010B5044806F00EF850
:10A95000041EFAD100F0FAFD200010BD4E57010888
:10A96000F0B50E240D270F2587B002ABFF18ED18A8
:10A97000E41823003A001A490095060001F06AFE27
:10A98000032820D03A003000164901F063FE012868
:10A9900002D0022007B0F0BD0723237000232B70E4
:10A9A0003E782B783343012BF3D80F4B0F4F039393
:10A9B000002E0CD1300000F057FF23783B70039B32
:10A9C0001E700020E6E72378072BE9D9E1E7012094
:10A9D00000F04AFF2378039A3B702B781370F0E75E
:10A9E000565701085C570108AA060020A906002056
:10A9F00010B500F03FFF064B064A074C01001B78DC
:10AA00002000127805F0B2FF0028F2D110BDC04638
:10AA1000AA060020A90600205F57010810B500F023
:10AA200053FF013843425841FFF7AAF9002010BDF7
:10AA300010B500F025FFFFF7AFF9002010BD10B5ED
:10AA400000F030FFFFF79CF9002010BDF0B50126A3
:10AA500085B001AC2000267004F04EFF237905007C
:10AA6000002B04D0224B05201B68334236D12148ED
:10AA700005F07CFF0028FAD11F4805F077FF002879
:10AA8000FAD11E4805F0A0FE1D4E300005F09CFED8
:10AA90001C4805F099FE1C4805F096FE1B4805F081
:10AAA00093FE1B4F380005F08FFE00F0AFFCFA203C
:10AAB0004000FEF7A9FB002D0FD12379002B08D011
:10AAC000144805F053FF0028FAD1380005F00EFEB7
:10AAD00003E0114B1B78002B02D0002005B0F0BD25
:10AAE0000C4805F043FF0028FAD13000EEE7C046DD
:10AAF000D00E00206A57010832620108BC0E002007
:10AB0000840E0020180E0020700E00205C0E002025
:10AB100090060020A9570108FE0C002013B50A4931
:10AB200001AA01F097FD012809D1019B074A084CB1
:10AB3000934206D8074805F019FF074B236002200F
:10AB400016BD00202360FBE7655801086F17000061
:10AB500068000020BD5701087017000010B5034BB6
:10AB60001868FFF719F9002010BDC04668000020E2
:10AB700013B56B46DC1D2200064901F06BFD022374
:10AB8000012804D10020205600F080FE0023180088
:10AB900016BDC0468A56010810B500F07DFEFFF7CD
:10ABA000EFF8002010BD000007B50A4901AA01F026
:10ABB00051FD022301280BD1074B0198C218074B06
:10ABC0009A4202D90223002802D100F0B9FC0023E6
:10ABD00018000EBD65580108FF1E0AFAFDE8A435ED
:10ABE00010B500F0A7FCFFF7D7F8002010BD00005B
:10ABF00010B5034B1878FFF7C3F8002010BDC0460E
:10AC0000350B002007B5084901AA01F023FD030018
:10AC10000220012B07D1019AFF2A04D80020034902
:10AC20000B70034B1A700EBD5C570108340B0020EB
:10AC3000350B002010B5034B1878FFF7A1F8002062
:10AC400010BDC046330B002007B5084901AA01F02A
:10AC500001FD03000220012B07D1019AFF2A04D82D
:10AC6000002003490B70034B1A700EBD5C5701089E
:10AC7000320B0020330B002013B56B46DC1D220085
:10AC8000064901F0E7FC0223012805D12278012AB8
:10AC900002D8034B1A700023180016BD5C57010838
:10ACA000040D002010B5044B0448197805F05EFE31
:10ACB0000028F8D110BDC046040D0020E051010865
:10ACC00013B56B46DC1D22000B4901F0C3FC0128C3
:10ACD00010D123785A1E082A07D8084A137008484A
:10ACE00005F044FE0028FAD116BD064805F03EFEE8
:10ACF0000028FAD10220F7E75C570108050D002073
:10AD0000B6560108E057010810B5034B1878FFF755
:10AD100037F8002010BDC046050D002013B56B4666
:10AD2000DC1D22000A4901F095FC01280DD1207894
:10AD3000032805D8074B1870F7F7D8F8002016BD80
:10AD4000054805F013FE0028FAD10220F7E7C046B7
:10AD50005C570108030D0020FA57010810B5034B9A
:10AD60001878FFF70DF8002010BDC046030D002035
:10AD700013B56B46DC1D22000A4901F06BFC01286B
:10AD80000DD12078032805D8074B1870F7F7E8F89D
:10AD9000002016BD054805F0E9FD0028FAD1022083
:10ADA000F7E7C0465C570108020D0020185801085B
:10ADB00010B5034B1878FEF7E3FF002010BDC04626
:10ADC000020D002013B56B46DC1D22000A4901F07C
:10ADD00041FC01280DD12078032805D8074B1870B5
:10ADE000F7F74CF8002016BD054805F0BFFD002818
:10ADF000FAD10220F7E7C0465C570108010D002098
:10AE00003658010810B5034B1878FEF7B9FF00203B
:10AE100010BDC046010D0020F7B56B469C1D5D1DA1
:10AE20002B002200134901F015FC0300022083428D
:10AE30001ED12E781800092E1AD8208808F056FD49
:10AE4000040030000D0007F091F908F097FD002292
:10AE5000094B07F091FC02000B002000290007F0CD
:10AE6000C3F908F0CDFD054F3860F7F7ABFF0020C0
:10AE7000FEBDC046545801080000244018000020C0
:10AE800010B5064B186808F079FD02000B00044865
:10AE900005F06CFD0028F4D110BDC046180000205C
:10AEA0005A58010813B56B469C1D2200054901F054
:10AEB000D1FB0223012803D1034B22881A800023EF
:10AEC000180016BD5C570108300B002010B5034B6D
:10AED0001888FEF755FF002010BDC046300B00203B
:10AEE00013B56B46DC1C220001AB094901F0B2FB33
:10AEF0000223984206D12378012B05D1054B019AF4
:10AF00001A600023180016BD022BFAD1024BF6E797
:10AF100062580108D0060020CC06002010B58EB083
:10AF20006B46DC1D0E49220001F094FB010002205B
:10AF300001290BD12378002B0AD10A4B03301B685F
:10AF40000B4203D102A8FBF701FF00200EB010BD99
:10AF50000220012BFAD1044A1370044A1370F4E75B
:10AF60005C570108D00E0020360B0020B5060020EB
:10AF70007FB50E240B26002303AD6C446E442B805A
:10AF8000238032002B001049009401F063FB03285A
:10AF900017D13378012B14D80C4A13702A88002A51
:10AFA0000CD02388002B09D009490A80094A138054
:10AFB000094805F0DBFC0028FAD103E0074805F05A
:10AFC000D5FC022004B070BD69580108B00600200D
:10AFD000A4060020AE060020B656010874580108E9
:10AFE00010B5064B064A07491B881288097806489F
:10AFF00005F0BCFC0028F4D110BDC046AE06002010
:10B00000A4060020B00600205F57010837B56B4644
:10B010009D1DDC1D23002A000A4901F01BFB0300D3
:10B02000022083420CD1297818004A1E0E2A07D824
:10B030002278012A04D80020034B1970034B1A70A0
:10B040003EBDC04659570108A7060020A8060020AB
:10B0500010B5054B05481A78054B197805F086FCA4
:10B060000028F6D110BDC046A8060020625701088E
:10B07000A706002013B56B46DC1D2200074901F02E
:10B08000E9FA02000220012A06D12378012B03D815
:10B090000020034913400B7016BDC0465C570108E1
:10B0A000000D002010B5044B0448197805F05EFC33
:10B0B0000028F8D110BDC046000D0020E051010865
:10B0C00013B56B46DC1D2200074901F0C3FA0200EC
:10B0D0000220012A06D12378012B03D8002003493E
:10B0E00013400B7016BDC0465C570108FF0C0020D2
:10B0F00010B5044B0448197805F038FC0028F8D145
:10B1000010BDC046FF0C0020E0510108F0B58DB025
:10B1100005000027F5F772F901AEC4B2B770012C33
:10B120000CD8002C17D1022302A8437104AB029360
:10B130000D4B07711B681B6998470DE02B7804AA1B
:10B1400033706B7830000949D219737001F082FABC
:10B150000235012803D0022420000DB0F0BD023CCE
:10B160000137E4B2DBE7C046C00B00206D56010892
:10B1700010B5002220210C48F9F794FFF7F75CFD89
:10B18000F7F780FDF7F716FEFA204000FEF73CF8CF
:10B19000F7F710FEF7F792FDF7F7AEFD0122202139
:10B1A0000148F9F77FFF10BD0004005010B5FFF70C
:10B1B000DFFF002010BD0000044A054B1268017833
:10B1C00099540122034B1A707047C0463C0B002073
:10B1D000400B0020380B002010B5031C092800D9B3
:10B1E0000923054ADBB29B009C58200005F0BEFBFA
:10B1F0000028FAD110BDC046A073010810B503485D
:10B20000FEF768FB0022024B1A7010BDB9B10008AE
:10B21000380B0020F7B56C4B1E78012E0BD10020A7
:10B220006A4A6B4918701368CC5C012C04D1106019
:10B230000830FFF7D1FFF7BD0D2C02D00A2C00D04B
:10B24000BAE0002BF7D00027CF540B7835001760F9
:10B25000412B47D14B78542B44D18B78BB4211D032
:10B260003F2B11D15B4805F081FB0028FAD13B242C
:10B27000594D686905F07AFB0028FAD1013C183570
:10B28000002CF6D100252DE0544B534D01936B68F3
:10B290002C681A0021000198009308F02DFD002869
:10B2A00000D082E0009B019A00999A18019B5B5C98
:10B2B0003D2B19D03F2B0AD1273B7B43464AD3185D
:10B2C0005C69200005F052FB0028FAD1DAE735006E
:10B2D000002B07D1100018337B433F49CB181B6963
:10B2E000984705002800A4E7182351787B43501C99
:10B2F0003F2906D19278002A03D1374AD3189B6898
:10B30000EEE7354AD318DB68984735490700050052
:10B310002000F5F769F8002842D020003149F5F700
:10B3200063F800283CD020002F49F5F75DF800288D
:10B3300036D020002D49F5F757F8002830D02000EE
:10B340002B49F5F751F800282AD020002949F5F7B4
:10B350004BF8002824D020002749F5F745F80028AD
:10B36000C0D020002549F5F73FF80028BAD02000CA
:10B370002349F5F739F80028B4D020002149F5F722
:10B3800033F80028AED020001F49F5F72DF800282B
:10B39000A8D0002FA6D1012E04D100F0CDFB71E77B
:10B3A0000226D8E700F03EFB6CE7013718353B2F4B
:10B3B00000D06CE7350095E77F2B02D110600620A6
:10B3C00037E70133136036E7380B00203C0B0020D1
:10B3D000400B002096580108186E0108420B00200F
:10B3E0001B5901082159010829590108315901083F
:10B3F00038590108415901084A59010851590108B1
:10B4000057590108615901086959010870B50025AB
:10B410000A4CA6680A4B9E4209D00A48216805F0EA
:10B42000A5FA0028F9D1B0473220FDF7EDFE01352D
:10B4300018343B2DEDD1012070BDC046186E0108B7
:10B44000F99E00087959010870470000037810B58B
:10B450000400002B02D0012B0CD010BD4378002B30
:10B4600004D10A4B1B685B699847F6E70122084B39
:10B470001A70F2E74378002BEFD104F09DFF00280B
:10B48000EBD0200004F0A6FFE7E7C046C00B002089
:10B49000BB060020002373B51E4A1F4E1F4D1370BC
:10B4A00033702B7043780400002B0FD104F084FF1D
:10B4B000002801D004F086FF637B002B06D0E178E2
:10B4C000E02904D12000164904F094FF73BD2378CD
:10B4D000002B15D1134B1B78012B00D1337068461C
:10B4E0004171237B0371A3680093E2890E4B1A809C
:10B4F000227C0E4B1A700E4B1B681B699847E5E7C0
:10B50000012BECD1FD20074A1278023A0242E6D123
:10B510002B70E4E7B8060020BA060020B906002028
:10B52000E40B0020B1060020BC000020BE0000207B
:10B53000C00B0020014B18687047C046F40B002078
:10B54000014B18607047C046F40B002010B503484B
:10B5500005F00CFA0028FAD110BDC0464A6901086E
:10B5600030B587B00A4C0B48657A2379E278A17828
:10B570000495257A0395E5790295A5790195647975
:10B58000009405F0F3F90028ECD107B030BDC046B7
:10B590007400002052690108002370B5214A224D31
:10B5A00086B013702A78012A15D101A803701F4BA9
:10B5B0001F4A43601F4B83601F4BC3601F4B1B68B8
:10B5C000DB78037402AB70CB70C21B68136004F0AD
:10B5D0009FFB06B070BD0322194C200022706360EF
:10B5E00004F020FA04232370EB682000636004F069
:10B5F00019FA05232370134B2000636004F012FA3C
:10B6000006232370104B2000636004F00BFA012323
:10B6100020002370237104F005FA0C4B1B685B6952
:10B620009847D6E7C006002074000020760000206E
:10B63000E40B0020840000208C000020E00B0020A0
:10B64000C40B00209C000020AC000020C00B002098
:10B650001FB5012301AC2000237004F04DF92079BF
:10B6600004B010BD0022F0B51E4B87B004000E00E0
:10B670001A7004F0A1FE05000120002D13D101A9CC
:10B68000207904F0BDF80021174B184F595602AB32
:10B6900000280BD01D709D609D811800997304F0E7
:10B6A0000BFC431E9841404207B0F0BD62792579FA
:10B6B00094462068002E04D11E701A719D819860F6
:10B6C000EBE7012264461A701C719D8198604C372B
:10B6D0003878002803D0064A12780132D2B2DA73E1
:10B6E000DBE7C046AB060020C80000207400002045
:10B6F000A90600207FB5002301AE0500300033709D
:10B7000004F0FAF83479AC4203D0002D03D0022DB6
:10B7100012D0002408E0002CFBD1300004F082F9A4
:10B72000002804D001246442200004B070BD0A4BFC
:10B730001B689B699847ECE7631E9C41300064429C
:10B74000357104F06FF90028ECD1034B28001B6819
:10B750009B699847E8E7C046C00B0020014B187072
:10B760007047C04674000020014B18787047C046EF
:10B7700074000020044B10B5587001384342584102
:10B78000C0B204F047FC10BD74000020014B587893
:10B790007047C046740000200048704776000020C3
:10B7A00010B5034B01000822180005F084F810BD05
:10B7B00076000020014BD8607047C046740000201E
:10B7C00013B50024094BDB681BBA019301ABE15CA4
:10B7D000074805F0CBF80028F8D10134042CF5D146
:10B7E000044805F0C3F80028FAD113BD7400002006
:10B7F000585501083262010810B5034B01001022B0
:10B80000180005F058F810BD9C0000200048704753
:10B810009C00002010B5034B01001022180005F019
:10B820004AF810BDAC00002000487047AC00002072
:10B83000004870478400002010B5034B0100082227
:10B84000180005F038F810BD84000020004870474B
:10B850008C00002010B5034B01001022180005F0E9
:10B860002AF810BD8C000020014B18707047C046AC
:10B87000C0000020014B18787047C046C00000206F
:10B880000020014B18567047BE000020014B187075
:10B890007047C046BF0000200020014B185670477B
:10B8A000BF000020014B0020185E7047BC00002044
:10B8B000014B18707047C046C80000200020014BA3
:10B8C00018567047C8000020024B1B6D181E00D090
:10B8D000187970477400002030B508280BD0102864
:10B8E0002BD0012806D133490B78581C08703249F7
:10B8F0009B005A5030BD4A780B7812021A438B785D
:10B900002C4C1B041343CA782B4812061A43237885
:10B9100012BA9D002A504A790D7912022A438D7974
:10B920002D041543CA79991C12062A4312BA2170B4
:10B930000133DBB29B001A50DCE74A780B78120225
:10B940001A438B781B4C1B041343CA781A481206FF
:10B950001A43237812BA9D002A504A790D791202AF
:10B960002A438D792D041543CA7912062A435D1C9A
:10B97000EDB212BAAD002A504A7A0D7A12022A4369
:10B980008D7A2D041543CA7A12062A439D1CEDB206
:10B9900012BAAD002A504A7B0D7B12022A438D7BDE
:10B9A0002D041543CA7B191D12062A4312BA2170B1
:10B9B0000333BEE7FC0C0020FC0B002030B5039DD8
:10B9C000049C082802D010280FD030BD100E08703B
:10B9D000100C4870CA70100A1A0E0A711A0C4A71BB
:10B9E0001A0A88708A71CB71EFE7100E0870100C7C
:10B9F0004870CA70100A1A0E0A711A0C4A71CB717B
:10BA00001A0A2B0E0B722B0C4B722B0A8B72230E05
:10BA10000B73230C4B73230A88708A71CD728B735E
:10BA2000CC73D2E710B5002208201349FFF754FF6A
:10BA3000124B0021DA680120FFF74EFF0022102090
:10BA40000F49FFF749FF002210200E49FFF744FF7E
:10BA5000002210200C49FFF73FFF002208200B496D
:10BA6000FFF73AFF0A4C0B4922780B48F4F71CFD0C
:10BA70000023237010BDC046760000207400002013
:10BA80008C0000209C000020AC00002084000020DE
:10BA9000FC0C0020FC0B00200400080830B5002539
:10BAA00095B01E4B03ACE818F4F722FD6051043545
:10BAB000442DF6D10025019500956368039A08206E
:10BAC0001749FFF77BFFA268164B1020DA60A369C5
:10BAD00015490193636900932369E268FFF76EFFDC
:10BAE000A36A10200193636A10490093236AE269F4
:10BAF000FFF764FFA36B10200193636B0C49009365
:10BB0000236BE26AFFF75AFF019500950820094967
:10BB1000236CE26BFFF752FF15B030BD00910108B6
:10BB200076000020740000208C0000209C00002083
:10BB3000AC000020840000200223F0B587B003ACE5
:10BB40002000237003F0D8FE002802D0AD4804F096
:10BB50000DFF1623257920002D06237003F0CCFE5F
:10BB6000002802D0A74804F001FF0423A64AE356A8
:10BB7000019252781B042B431343019AA34E543273
:10BB80001278A34D52B21202134332782000511C96
:10BB90009200535107233170237003F0ADFE00284B
:10BBA00002D0984804F0E2FE019B22791F7800231E
:10BBB00012063F0420001743237003F09DFE002867
:10BBC00002D0904804F0D2FE019B20004C331A783A
:10BBD00023793A431B0213433278511C9200AB5035
:10BBE0000A233170237003F087FE002802D08548B5
:10BBF00004F0BCFE33785A1C327062689B00EA5035
:10BC0000844B1A78012A00D0F5E000221A700A232A
:10BC10002000237003F070FE002802D0794804F061
:10BC2000A5FE3378227A591C9B003170EA5010230C
:10BC30002000237003F060FE002802D0714804F059
:10BC400095FE337820005A1C327062689B00EA50DF
:10BC50001123237003F050FE002802D0694804F03D
:10BC600085FE337820005A1C327062689B00EA50CF
:10BC70001223237003F040FE002802D0614804F034
:10BC800075FE337820005A1C327062689B00EA50BF
:10BC90001323237003F030FE002802D0594804F02B
:10BCA00065FE337820005A1C327062689B00EA50AF
:10BCB0000323237003F020FE002802D0514804F033
:10BCC00055FE37786268BB00EA50534A7B1C126805
:10BCD000DBB29B00EA505149514B09781B780904AB
:10BCE0001B060B430199BA1C4B310978D2B20B43A6
:10BCF0004C49920009784C4809020B434B49AB5020
:10BD0000FB1C0A68DBB29B00EA50494B00781B8899
:10BD100009793A1D00021B040343D2B20B4392007F
:10BD2000AB504449444B09781B7809041B060B436C
:10BD300042497A1D0978D2B20B43414992000978F1
:10BD4000FC1D09020B43AB503E4B3F491B78097861
:10BD50001B0609040B433D49BA1D0988D2B2920063
:10BD60000B43AB503A4B3B49186805F023FF05F0F5
:10BD7000F4FC3A00384B39491B7809781B04090256
:10BD80000B43374908320978E4B2D2B20B43A4001E
:10BD900092002851AB503B00324A3349127809884F
:10BDA0000933DBB212040A439B00EA503A002F4BDE
:10BDB0002F491B7809781B0609040B432D490A32C9
:10BDC0000978D2B20B432C49920009782B4809021A
:10BDD0000B43AB503A002A4B0B371B880C32FFB297
:10BDE000D2B22900BF00EB513270F4F75DFB0023A3
:10BDF000337007B0F0BD0B232000237003F07CFDEF
:10BE00000FE7C0468469010874000020FD0C002083
:10BE10007C0C00200A0D002068000020040D00208A
:10BE2000000D00202F0B0020B1060020F40B002095
:10BE300064000020340B0020350B0020320B002062
:10BE4000330B0020050D0020030D0020300B0020D7
:10BE50001800002000002041FF0C0020010D0020F0
:10BE6000020D0020B0060020AE060020A90600202A
:10BE7000AA060020A8060020A706002060000808E7
:10BE8000A4060020F0B50025ABB0894B05ACE8183E
:10BE9000F4F72EFB60510435442DF6D100250195B1
:10BEA0000095636808208349059AFFF787FDA3681A
:10BEB000814F1020FB60A36980490193636900935F
:10BEC0002369E268FFF77AFDA36A10200193636A91
:10BED0007B490093236AE269FFF770FDA36B102092
:10BEE0000193636B77490093236BE26AFFF766FD6A
:10BEF00001950095236CE26B08207349FFF75EFD06
:10BF00002C00724B16ADE018F4F7F2FA2851043405
:10BF1000502CF6D10223169E02AC2370330E5A1E0B
:10BF200093412000237103F07DFD16232000237030
:10BF3000330C237103F076FDFF203B003040320AC2
:10BF4000543301381A7043425841C0B2787004F03B
:10BF500061F807236E682370330E5A1E9341200048
:10BF6000237103F05FFDFF23594A1B0433409B18E4
:10BF70005A4253413B70002320002370330A23713F
:10BF800003F050FDFF231E40013E73425E413B0023
:10BF90004C331E700A26AB6820002670636003F0E5
:10BFA00041FDEB6820002670237203F03BFD102357
:10BFB00023702B692000636003F034FD112323708C
:10BFC0006B692000636003F02DFD12232370AB69C1
:10BFD0002000636003F026FD13232370EB6920002B
:10BFE000636003F01FFD032323702B6A200063604E
:10BFF00003F018FD6A6A374B4B371A60AB6A364A52
:10C00000190E481E81411170344A190C1170344ABE
:10C01000190A11703B70EA6A324B33491A602A6B75
:10C02000100C08801A7131496B6B100A304A087085
:10C03000190E11702F4A190C11702F4A190A11701C
:10C040002E4A1370AB6B2E4A190E11702D4A190C23
:10C0500011702D4A31001380E86BF4F74FF806F0A9
:10C0600085F8FF232A6C294C1B0413402060581EBE
:10C07000834127490B70274B110A1970264B1A7000
:10C080006A6C264B110C1970254B1A80AB6C254A33
:10C09000190E1170244A190C1170244A190A1170D2
:10C0A000234A1370234BEA6C1A802BB0F0BDC046B4
:10C0B0000400080876000020740000208C00002096
:10C0C0009C000020AC0000208400002060000808D4
:10C0D0000000FFFF68000020000D0020040D00207C
:10C0E0002F0B0020F40B002064000020B10600207C
:10C0F000350B0020340B0020330B0020320B0020C6
:10C10000050D0020030D0020300B0020180000203A
:10C11000FF0C0020010D0020020D0020B0060020C1
:10C12000AE060020A9060020AA060020A7060020CF
:10C13000A8060020A4060020F8B500260227234BFD
:10C14000234C5E704B331F700B232200214D2B704C
:10C150002B1D03CA03C3280003F064FC0A232B70C1
:10C160002B1D06CC06C3280003F05CFC01231A4AF1
:10C170001A4913701A4A17701A4A17701A4A177018
:10C180001A4A116014211A4A11801A4A1A49116078
:10C19000FA211A4A49001180B421194AC9001370C2
:10C1A000184A1180B421184A090111800721174A41
:10C1B0001170174A1670174A1670174A1370174AEB
:10C1C0001370FFF7B9FCFFF75DFEF8BD74000020A7
:10C1D0004C510108C40B0020050D0020E093040021
:10C1E000030D0020020D0020010D0020680000203A
:10C1F00064000020180000200000C843300B00201D
:10C20000B0060020A4060020AE060020A9060020EB
:10C21000AA060020A8060020A7060020FE0C002089
:10C22000F8B50127334E344C31602060FFF72AFE09
:10C23000324804F09BFB324804F098FB314804F08C
:10C2400095FB314804F092FBFFF780F9FFF788F97E
:10C250002E482F4B2F4D03602F4B2F7043602F4BD9
:10C260002F498360236805221B6854350B6003F057
:10C270006DF902232B4C2370336820001B78237147
:10C2800003F0D0FB07232370336820009B782371D1
:10C2900003F0C8FB002320002370237103F0C2FBCE
:10C2A0003368214C5B782B702368002B0AD1FFF791
:10C2B00043FF20003A001D49F4F7F6F81C4804F04B
:10C2C00055FBF8BD2368122B0FD1FFF735FF3A005D
:10C2D00020001649F4F7E8F8BFF34F8F154B164AC4
:10C2E000DA60BFF34F8FC046FDE7FFF7CBFDFFF7E6
:10C2F00053F9E6E7E00B0020C00B00209B69010822
:10C30000AC690108C4690108E0690108D40B002088
:10C3100049B400087400002095B400084DB400082A
:10C32000D00B0020C40B002000000808CC00002027
:10C33000F169010800ED00E00400FA0513B50822D8
:10C340000021684607F0D0FC6C4676220021094B9C
:10C350000133002A04D1200007F0C2FB80B216BDD1
:10C360001A78100030380928F2D8481C625401337A
:10C37000C1B2F5E72D6A0108122373B5184800937E
:10C38000F4F7B6F80623174E0400338085B2FFF7A2
:10C39000D5FF154B240C18803388A34201D1A84245
:10C3A0001DD01B04034301A901220D480193F4F79A
:10C3B0007BF80E48F4F7A4F8F4F7BAF801226946BE
:10C3C0000A48F4F771F83220FCF71EFFBFF34F8FD5
:10C3D000074B084ADA60BFF34F8FC046FDE773BDD5
:10C3E00058000808060D0020080D0020000008086D
:10C3F00000ED00E00400FA05F0B5924C0027A544DA
:10C4000000900C000992F3F7F9FF060002972078DC
:10C41000631C019300287AD0252800D07CE00025F9
:10C420001C002900019B013301932378642B00D168
:10C4300089E04ED8392B45D82F2B00D97CE0002B32
:10C4400062D0252B68D0002E5BD0032B00D06DE08E
:10C45000802301399B00994200D37B49A023DB0153
:10C460001D4313AB0393009B01315B181193002311
:10C470000022089300230399109100990C78392C1D
:10C4800066D82F2C00D99BE02B2C00D1C2E02D2C9C
:10C4900000D1B8E080212800C90108400D4236D102
:10C4A000039908700899002904D01000190000238E
:10C4B00042428B41099802C80990E80700D4B4E0D1
:10C4C0000A60B5E0442B3CD0582B14D0002E2DD15F
:10C4D00017E06C2B2ED00AD8682BF7D16378682B25
:10C4E00026D1A31C019308231D43019C9AE7752BB9
:10C4F0002BD0782BEAD1802310271B011D43002E5F
:10C50000A6D1029B002B02D101235B420293029829
:10C5100095239B009D44F0BD002EF2D0009B1B781C
:10C520008342F4D1009B013E01330093019C6EE7EE
:10C530000423D9E70123D7E70A2461433039591886
:10C54000D3E701231D430A27D9E780231B01F9E71D
:10C55000462C18D8402C9DD90A2F9BDD3B49180149
:10C56000130104930D40110F37225242D317084391
:10C5700005900498059912184B4100210C940D91D7
:10C580000C980D992CE021006139052900D981E72B
:10C590000A2F00DC7EE72D491801130106930D4098
:10C5A000110F57225242D317084307900698079954
:10C5B00012184B4100210E940F910E980F990FE025
:10C5C000224938000D40F91705F0A5F830225242F3
:10C5D000D31712184B4100210A940B910A980B991A
:10C5E00012184B410399013E0131039110990C70CF
:10C5F000002E00D14EE7009911980131009181423F
:10C6000000D038E746E70121A804C00F4140089850
:10C6100008430890802149010D4200D13AE70C49B6
:10C620000D40802189010D43DCE7680704D50A80AD
:10C63000029B0133029379E72D0700D440E70A708B
:10C64000F6E7C046ACFDFFFFFF010000FFAFFFFFB4
:10C65000FFEFFFFF0EB403B503AA02CA0192FFF772
:10C66000CBFE02B008BC03B018470538434258411E
:10C67000C0B27047002310B5052803D1080000F0B0
:10C6800015FB0300180010BD10B5052802D10800E5
:10C6900000F072FB10BD10B5052802D1080000F0B3
:10C6A0007FFB10BD10B50023040008001100052C0D
:10C6B00002D100F0BDFB0300180010BD10B5052825
:10C6C00002D1080000F0FCFF10BD002310B50528C2
:10C6D00003D1080000F0D8FB0300180010BD70B5AE
:10C6E00005000024080011001A00052D03D1049B49
:10C6F00000F0E0FB0400200070BD10B5040008004D
:10C7000011001A00052C02D1029B00F009FC10BD9B
:10C7100010B50023040008001100052C02D100F020
:10C7200041FC0300180010BD70B50500002408008E
:10C7300011001A00052D02D100F0DCFC04002000DD
:10C7400070BD37B505000024080011001A00052D42
:10C7500005D1079B0093069B00F096FD0400200086
:10C760003EBD002310B5052803D1080000F028FEC7
:10C770000300180010BD002310B5052803D10800E0
:10C7800000F0D3FF0300180010BD002310B50528EA
:10C7900003D1080000F034FE0300180010BD002390
:10C7A00010B5052803D1080000F02EFE0300180084
:10C7B00010BD002310B5052803D1080000F042FE8B
:10C7C0000300180010BD10B5052802D1080000F0C4
:10C7D0004DFE10BD70B505000024080011001A00C0
:10C7E000052D03D1049B00F05BFE0400200070BD0A
:10C7F00010B5052802D1080000F0B4FF10BD70B5D7
:10C800000500080011001A00CCB2052D02D100F07D
:10C81000D1FF0400200070BDF7B5019108A9097887
:10C82000009049B200209A4228DB8A4226DC012788
:10C830000F261DE0019C4100095B00248C460C2161
:10C840004B430999CD18634623413B420AD02B7ACA
:10C85000190709173140914204DC5BB21B113340C8
:10C8600093420CDA01340C35102CECD10130C0B2FB
:10C8700003010099DBB29942DCD80020FEBD012003
:10C88000FCE7030000208B4204DBD80FD1179A424B
:10C890004841C0B2704730B50B09040015090020AB
:10C8A0009D420BD3914209D20F2201301140020068
:10C8B0008A4011005B00E25A8A43E25230BDF7B56C
:10C8C0000192002805D04A0083180020019A914265
:10C8D00000D3FEBD002422001F880125A5402E00A4
:10C8E0003E40B54201D10132D2B20134102CF4D114
:10C8F00080180131C0B2C9B20233E7E710B5002891
:10C9000005D0002903D000235200934200D110BD6E
:10C91000CC5AC4520233F8E78A60002800D070472E
:10C920004A60FCE7F7B501260F0014001B01D3187D
:10C93000019000937642009BA34201D13000FEBDDE
:10C94000019B002B1CD1606803F081FF0500002FC4
:10C9500032D0A06803F07BFF85420CD9606803F0F9
:10C9600076FF0500E368AB4207D95B1B9E4200D906
:10C970001E001034DFE7A068F1E70023E360F8E76A
:10C98000002F16D0A068E56803F061FF854201D84A
:10C990000023E360E568002DEBD0A06803F057FFAB
:10C9A0002D1AB542E5D2A068E66803F050FF361AAA
:10C9B000DFE73E00E760DCE70028D3D0CEE710B524
:10C9C000027803000020032A13D15A780F30140094
:10C9D000120904408C704A709A788A80DC782402AC
:10C9E00022438A801B795A06520F0340CA700B708B
:10C9F0000A3810BDF0B5042787B00391049205935F
:10CA0000437804000578C757002B2AD00223032659
:10CA1000C3560293A657002D19D010236269E3561E
:10CA2000207A01921122A2560092E168029AFFF741
:10CA3000F3FE002801D102239D431923E356B3429C
:10CA40001CDC1823E356B34219DA04239D43280063
:10CA5000039B029A1A70049B1E70059B1F7007B0FF
:10CA6000F0BD0A4A0220215E914202D007271D0034
:10CA7000E7570523E35606260293CBE71E00072D52
:10CA8000E5D1002FE3D10727E757E0E70F0F0000BC
:10CA90000123834070B518000E0006F027FF040044
:10CAA00030000D0006F04AFF02000B0020002900B4
:10CAB00005F062FE0022024B06F0EEF970BDC046A2
:10CAC00000408F4010B506F039FF02000B00002037
:10CAD000014905F051FE10BD00002040F7B50400EB
:10CAE0000D00101F40001E00170006F0FFFE220080
:10CAF0002B0006F0D1F900900191700006F01EFFA6
:10CB000002000B000098019905F06EFB22002B003B
:10CB100005F032FE08F0A4F904F036FE0600B84233
:10CB200000D23E00099B00221E602000144B290009
:10CB300006F0B2F900900191300006F0FFFE2200ED
:10CB40002B0006F0A9F900220E4B06F0A5F9020011
:10CB50000B000098019906F0C5FB040008980D0031
:10CB600006F0ECFE02000B002000290006F0BAFBE4
:10CB700008F076F906F088FE0A9B1860F7BDC046FB
:10CB8000000010400000E03FC3B270B5141C1A0052
:10CB9000283A0D1C0A2A02D81E3B58B270BD40002C
:10CBA00005F0E4FA011C281C05F0FCF8211C05F036
:10CBB000F9F806F0E3FE08F0DBF906F065FE40B296
:10CBC000ECE70C22C17A10B54A4303689B185B7AE4
:10CBD00042681B01D118D25A0023CB60437A847A71
:10CBE000002B0ED1131C642A00D264239BB2002CAC
:10CBF00002D1027A002A03D00269013B5343CB6081
:10CC000010BD002CFCD00369013AF7E71A4B70B550
:10CC10009B6A04000D009847002806D0174B184A5D
:10CC2000E318934202D802232B7070BD154B164AAD
:10CC3000E318934201D80023F6E7144B144AE31893
:10CC4000934201D80123EFE7124B134AE3189342B2
:10CC500001D80523E8E7114B114AE318934201D8A4
:10CC60000323E1E70F4BE4180F4B9C4201D8042348
:10CC7000DAE70020D9E7C046686D010840AA8FCCEA
:10CC80007F841E00C02571CCC0C62D00FF5E43CC42
:10CC9000BF270900A0B038CC20A1070040022ECC4D
:10CCA00090D00300606E29CCE0930400030000786C
:10CCB00010B50D3817280DD8F3F702FA161B461DCC
:10CCC0001F222527292C0C350C37393B3D0C0C3FF6
:10CCD0004244440E002010BD5B785BB2181E01D0A8
:10CCE000013BD8B240B2F6E7184A5B785BB2D05C41
:10CCF000F1E7174AF9E71748EDE7FA208000EAE77D
:10CD0000FA20C000E7E71448E5E71448E3E780208D
:10CD1000C001E0E7FA211248890003F0C1FDFA23BF
:10CD2000DB00C018D7E70F48D5E70F48D3E70F4817
:10CD3000D1E71020CFE70E48CDE78320C005CAE732
:10CD40000C48C8E71220C6E70120C4E7D0730108E9
:10CD5000C8730108B80B00008813000070170000AA
:10CD600018FCFFFF08E6D3330E0D00200C0D002049
:10CD7000100D00209A9909400C2103000078064A02
:10CD8000414310B55218517A044A0901891858785C
:10CD90005A68FFF7C1FD10BD100D0020D000002023
:10CDA000F7B50400FEF7C6FB0200002C02D0012CF0
:10CDB00023D0F7BD1A481B4B1B490190002A13D101
:10CDC0001A4C1A002000E0C8E0C2050010002A003A
:10CDD000E0CAE0C0183370CA70C3072301220B8079
:10CDE0000198FFF78BFDE4E71A60A82252001A8130
:10CDF000503AFF3A5C600A80F2E7094B0A491A8808
:10CE000009880A431A80074B084A1800110070C9A4
:10CE100070C0E0C9E0C01833183213CA13C3C8E7A2
:10CE20000E0D0020100D00200C0D002054510108A3
:10CE3000030010B50F290FD8002004290BD9481F73
:10CE40000A280BD8F3F73CF9160C160A16160A0A2C
:10CE50000A0A0600012010BD22290FD00020FAE79F
:10CE60000020052218560021FFF70BFD431E9841B4
:10CE7000C0B2F0E7002007221856F4E7037811202B
:10CE8000984280414042E6E710B502790300002A4B
:10CE900004D00020012A07D1044801E001220448FF
:10CEA0001968FFF72BFD012010BDC0460C0D0020B6
:10CEB0000E0D0020F0B585B00192092608220F0062
:10CEC000416882568657196045780400002D03D0CA
:10CED000002A07D11A6000252800019B3A701E70B5
:10CEE00005B0F0BD3F29F6D900265F29F4D91F23EC
:10CEF00019400129F0D103A8053342700370FFF7F0
:10CF0000D5FE42B2B242E7D12378B34204D0072320
:10CF10000249088803430B800026DCE70E0D002041
:10CF2000F0B587B01C0015000591031C072800DD33
:10CF30000723174F5EB2BC461649B20063705358C0
:10CF40000127634504D0144FDB195F427B415F002A
:10CF5000A770062815DD3220FFF7B4FD0F4B060041
:10CF60005B6E0F009847230008340C330293009047
:10CF70002B0030003900059A0194FFF7AFFD07B090
:10CF8000F0BD074B8958985DFFF782FDE6E7C04684
:10CF900090D00300D8730108E05EF8FF686D0108C7
:10CFA000F8730108F0B5012643688FB0454F0D9125
:10CFB00086570B93FB6805009847040000208442C5
:10CFC00050D1EB7C83420AD10C2329783E4A4B4353
:10CFD000D11849680B91814201D19B580B933B4B6F
:10CFE0000B989B570C937B699847A9683F6AAB7C69
:10CFF00089B2072E38D1FA22099301230C989200A6
:10D0000042430020059304330193314B0291009376
:10D010000300304908900790069004900390B847A9
:10D020006B7C002B33D02C4B995D264B0D31DB6D87
:10D030002000C9B29847294B1B78002B29D003F058
:10D0400000FC04002100264803F090FC0028F9D1E0
:10D05000320024480B9903F089FC0028F8D1012004
:10D060000D9B1E700FB0F0BDA87801240822099313
:10D070000023029107930100069305930493039301
:10D0800001920093200023000C9A0894C7E7164BE6
:10D09000CAE716490B98F3F731F8144904000B98C6
:10D0A000F3F768F80800FA218900F3F727F805007C
:10D0B00033002A0021000E4803F058FC0028F7D165
:10D0C000CDE7C046686D0108100D0020F873010817
:10D0D0008545010050C30000C8730108370B0020CC
:10D0E000B76B0108346A0108D073010840420F0091
:10D0F000506A0108F0B591B00E9101210F92040021
:10D10000415605780C2068430225514B514A5B5625
:10D110001218527A0B93504B12019B189B7865574B
:10D12000181C5BB2A278AB4200DA101C43B20C931D
:10D130004A4B8900CB584A4A0127934204D0494AB6
:10D140009B185A4253415F00A26861680C98FFF730
:10D150001BFD0C212278444D51433E4B6A690D90D2
:10D16000C858904701226B6A0025A2569C463F4B47
:10D170000795089306950595072A3BD1012304934B
:10D1800004330293FA230B9A9B00534366460093A1
:10D1900028003B00364A0D9903950195B0472E00B3
:10D1A000344B1B78002B34D003F04BFB05002900D7
:10D1B000314803F0DBFB0028F9D10C25012221784E
:10D1C000244B6943A2562D48C95803F0CFFB0028D1
:10D1D000F4D1254D3000217BEB6D9847EB6A300090
:10D1E000217B98470F9B0C9A186001200E9B1A70A8
:10D1F00011B0F0BD0823012602930B9B2A00039572
:10D20000009330003B0065460D9904960196A847AF
:10D21000C6E70C2221780F4B4A43D75818493800EB
:10D22000F2F76CFF164905003800F2F7A3FF08007B
:10D23000FA218900F2F762FF070001233A00290072
:10D24000E356104803F092FB0028F6D1C1E7C04630
:10D25000F8730108100D0020D0000020D8730108D9
:10D2600090D00300E05EF8FF686D0108B80B000085
:10D27000A8610000370B0020B76B0108706A010835
:10D2800040420F008C6A0108F0B500240500072613
:10D2900091B0059306AB039104925C802B79A34275
:10D2A00007D9286807AF39000019FFF788FB002865
:10D2B00041D109A80670AB7907AE4370737806AA0E
:10D2C0008370B37806A9C370337806320371EB79A3
:10D2D000053143712B7A83716B7AC371102303720A
:10D2E00006AB9D1CE023DB000382314BC56043612C
:10D2F000072303833300FFF77DFB072802D12D4B63
:10D300002A881A800123F356DAB2022A07D82A4A59
:10D310001278322A03D90122284B1A700323039A68
:10D320001370B378049A13703378059A1370169BB0
:10D330001C7011B0F0BDBB8806AA53802418F87881
:10D34000E4B2002820D10626002BA7D0184A0726D1
:10D3500001920022029206281FD101990F68002F26
:10D3600005D00127974001213B439BB202910199CF
:10D3700001320C310191102AEDD1029A002A00D11C
:10D380008CE706AA538089E7421E0626042A00D8A5
:10D3900084E7B04200D081E7D8E71F0001211741A0
:10D3A0000F42E4D0019909680029E0D10626DEE7A2
:10D3B000100D00200E0D0020C3060020BD1200201D
:10D3C0000E4B70B59B6A0500406898470630C4B2A2
:10D3D0000020072200212856FFF753FA002801D128
:10D3E00002239C430120052200212856FFF749FA19
:10D3F000002801D104239C43200070BD686D010802
:10D40000012040427047000013B56B460400D91D4F
:10D410004068FFF7FBFB0C222178094B4A43D158A7
:10D420000230C0B2002902D10223984316BD03285E
:10D4300003D19B1862685A60F8E70220F6E7C046FD
:10D44000100D002003880520032B0DD90138062B71
:10D450000AD90138092B07D901380C2B04D900202F
:10D460000F229A42404140B2704700007FB503004E
:10D47000094A01A80192094A596842605A78C16074
:10D4800002721A7842729A685B8802614381FFF7E0
:10D4900098FB07B000BDC046100D0020D000002052
:10D4A000F0B58BB00491059200211022060006A869
:10D4B0001D0006F019FC394C012200212000FFF765
:10D4C000FEF9002803D107232288134323807068C4
:10D4D000346803F0BCF984424BD800242C60062346
:10D4E000B17A707A2E4AFFF71DFA737A050002931B
:10D4F0000823F35626002B4F03930194274B012258
:10D500001B88234113421FD03B68002B1CD0029B79
:10D51000002B03D107332341134215D00822397A57
:10D52000BA560907039812110917FFF7AAF900283C
:10D530000AD07B7A1A4A1B019B18DB68002B13D098
:10D54000019B0133DBB2019301340C37102CD5D190
:10D55000002E18D00020711E03F0A2F906AB1B5C50
:10D56000049A0025137009E0731C06AA9455DEB2D4
:10D57000EAE77068356803F06AF92D1A0120059B07
:10D580001D600BB0F0BD019B002BF7D10723034AB0
:10D59000019D118828000B431380F0E70E0D002039
:10D5A000D0000020100D0020F0B5002685B002ABA1
:10D5B000DE7103790500009303200F2B46D82B68FA
:10D5C0000722187A310000070017FFF75AF9040004
:10D5D00008202B683100185607220011FFF751F977
:10D5E00061424C41414248412F6801213B7A20432E
:10D5F0001A075BB212171B119A4200DC311C084358
:10D600000099C4B2022914D8D61705211800B61AF9
:10D610000722FFF736F90C22F60F26434442444115
:10D6200000992F684A43184B3968D35834439942BC
:10D6300026D102AB3868D91DFFF7E8FA0126704001
:10D64000C0B2002C04D004000534E0B205B0F0BD37
:10D65000002801D00420F9E70C22009F0A4B574311
:10D66000FF183800296806F085FB009A02AB964047
:10D67000DB7920007B72054B1A8832431A80E5E77C
:10D68000002CE1D1E6E7C046100D00200E0D002071
:10D6900010B504780021022C0CD90C22130063432E
:10D6A0000548C01806F020FB210010220348FFF7B0
:10D6B000F2F80100080010BD100D00200E0D002032
:10D6C0005023F0B587B003AC237203790700102B09
:10D6D00029D100260325072D16D83B68995D9B1993
:10D6E00021605A7812020A4322609B781B0413437C
:10D6F00064225343002223606260934209D168464A
:10D700000570FFF7C5FF09E0002323602372636003
:10D71000F5E701A801940571FFF746FF0135EDB269
:10D720000336102DD7D107B0F0BD07B502680379D5
:10D7300011686846002906D10370FFF7A9FF002889
:10D740000ED003200EBD00920371FFF72DFF0300E2
:10D750000220042BF6D00138052BF3D0002BF0D09B
:10D760000020EFE70C2102780F4B514370B5CD58E4
:10D770005B185B7A0D4A1B01D218937804000222D1
:10D78000A2568178181C5BB2934200DA081CA2688A
:10D79000616840B2FFF7F8F9054B0100A289280043
:10D7A0005B6C984770BDC046100D0020D000002073
:10D7B000686D0108891A081C090600D50020C0B24E
:10D7C000704700000023214A70B51370204A214998
:10D7D0001360214A1360214A1360214A1370012209
:10D7E0000A7020490A7020490B7020490B702049AB
:10D7F0000A8020490B7020490B7020490A7020498B
:10D80000204A08888C1C1080E47F901CC47710008C
:10D810000C002430243460CC60C0888D9085086B67
:10D82000496B10635163184A1370184A1370184AF1
:10D830001370184A1268002A04D1174B1A70174B3C
:10D840001A7070BD5362926AF5E7C04665100020F9
:10D850006C100020310100206810002060100020B2
:10D86000E70E002030010020140E0020E60E0020FC
:10D87000E40E002059100020581000203201002032
:10D88000E80E0020200F00205C1000205B1000201C
:10D890005A10002074120020DA0E0020D90E002049
:10D8A00037B515000D4A01AB127804009A700C4A86
:10D8B0005970127819000D321A700A4A64191078DA
:10D8C000FEF7D8FE031C80B2FF2800D9FF230020FA
:10D8D0009BB2A4B2A3424041C0B23EBD4C0F002057
:10D8E00071120020B012002010B50C4802F06CFF3D
:10D8F0000B4B1B78002B07D001220421094B1A7017
:10D90000094A13688B431360084B1B78022B04D120
:10D91000074A0E3311780B43137010BD180E002008
:10D920005C100020140E0020D00E00207312002086
:10D93000D00D002040230E4A10B511680B43136030
:10D9400000220C4B1A700C4B1B78934201D0FFF74E
:10D95000CBFF122309490A4C0A7820009A4313434B
:10D960000B70012102F05CFF200002F0BFFE10BD31
:10D97000D00E0020591000205C100020D00D002097
:10D98000BC0E0020044B10B5DB6B002802D1080050
:10D99000984710BD0020FBE7686D010870B5194875
:10D9A00002F012FF184B194C1B78194D23706B6A4B
:10D9B00063602B002D331B782374164B1B78637424
:10D9C0000123E374144B1A78144B002A17D1A26870
:10D9D0001A70134B21001B78023B5A425341A37427
:10D9E000104B114A1878FEF793FE002806D0A07C51
:10D9F000E968FFF7C7FF0D4BE27C1A7070BD1B781A
:10DA0000A360E6E75C0E0020DA0E00202C0E00205A
:10DA1000200F002071120020320B0020330B002059
:10DA200073120020B0120020F80D0020D10D00204C
:10DA300010B50A4B1B78022B0DD0094B5B6B984736
:10DA40000222084B5A70084B5A701023074A11786B
:10DA50000B43137010BDFFF7A1FFF1E77312002015
:10DA6000686D0108E00D0020D40D0020D00D0020CD
:10DA7000F0B589B002F0E5FE3B4E01903378022B01
:10DA80004FD03A4B5B6B9847394B3A4A1B783A4F29
:10DA90003A4C0392002B58D0394B3A4D1968280064
:10DAA00002F0BEFE280002F021FE3378364D022B34
:10DAB0003AD1162304AA05A938781371FEF7DAFDC6
:10DAC0002968324D4118280002F0AAFE280002F011
:10DAD0000DFE22780023120704D52D4B1B785A42E5
:10DAE0005341DBB22B4A06A913702B4B2B4A1B78F0
:10DAF000387813700B702A4B1B784B70019B4B606E
:10DB0000FEF7C2FD274B019A1A60039B1B78002B7E
:10DB100005D1254A5370254A13780133137009B093
:10DB2000F0BDFFF73BFFAFE7214B296818000293D8
:10DB300002F076FE029802F0D9FD3378022BB8D0BD
:10DB4000039B1B78002BB4D1C3E7174A5370042200
:10DB50000F4B5A702378002B01D10133237010230F
:10DB6000227813432370B4E773120020686D010814
:10DB7000320100205C100020B0120020D00D0020E7
:10DB8000580E0020700E0020540E0020180E0020A9
:10DB9000D40D0020D80E0020DA0E0020D90E00206F
:10DBA00065100020E00E0020E00D0020E70E0020B0
:10DBB0005C0E002070B5194802F006FE0022184BDA
:10DBC000184C1A70184B194D1B782370184BDB7FBB
:10DBD000E3702B002D331B7862822374154B1B7866
:10DBE0006374154B1A78154B002A13D1A2681A706A
:10DBF000134B1B78022B02D1124B9B6B9847124B95
:10DC00002100124A1878FEF783FDE968A07CFFF72F
:10DC1000B9FE70BD1B78A360EAE7C046700E002015
:10DC2000D10D0020400E0020DA0E0020200F002031
:10DC3000220F002071120020340B0020350B002031
:10DC400073120020686D0108B0120020F80D00204A
:10DC500010B5184C2378022B1ED0174B5B6B9847DE
:10DC6000164A174B11781B78164A002917D1002B3A
:10DC700002D0154B0331597003235370134B1868AE
:10DC800002F0E5FD124B1B68984204D31023114AA1
:10DC900011780B43137010BDFFF780FEE0E7002BF7
:10DCA00002D00421084B5970042353702378022BAF
:10DCB000ECD1F0E773120020686D0108D10D00204F
:10DCC0005C100020D40D0020E00D0020E00E0020AC
:10DCD000540E0020D00D002010B5184B1B78022BDD
:10DCE0001ED0174B5B6B9847164A174B11781B7861
:10DCF000164A002917D1002B02D0154B0531597057
:10DD000005235370134B186802F0A1FD124B1B68DA
:10DD1000984204D31023114A11780B43137010BD9D
:10DD2000FFF73CFEE0E7002B02D00621084B5970BC
:10DD300006235370094A0A331178EEE77312002064
:10DD4000686D0108D10D00205C100020D40D00206A
:10DD5000E00D0020E00E0020540E0020D00D002029
:10DD6000F0B58FB00793002307000C0004920393D3
:10DD7000049B9C4201D30FB0F0BD385D651C023896
:10DD8000EDB20828F7D8F2F7AFF909001900EA0058
:10DD9000080150017501E901100244020122D54B2E
:10DDA0001A700022D44B5A707A5DE51C02341A7244
:10DDB000E4B23A5DEDB25A722C00D9E700230B268B
:10DDC00006AA53729372B61809AA33701370039B94
:10DDD000002B00D094E06B1EFB180B93049B0BA947
:10DDE0001C1BC64B0C711B78C54C8B71C54B06A810
:10DDF0001B784B716378CB7123780B72631CDB7FCC
:10DE00004B72C14B1B7801929C460A2306AA9B18B1
:10DE10000922009612186046FEF793FCC343059052
:10DE20005B074BD10122B34B1A7006AB5B7AB74A42
:10DE3000637006AB9B7A127823703378934201D9D2
:10DE400013003270B24AD377B24C200002F08EFD3C
:10DE50000028F9D1B04B1B78002B66D0AF4802F0F8
:10DE600085FD0028FAD1AE4B1A78012A00D118702E
:10DE7000AC4B1B78002B46D10923002106AA9B1826
:10DE80005956A94802F072FD0028F5D10A23002155
:10DE900006AA9B185956A54802F068FD0028F5D13E
:10DEA0000B2306AA9B181978A14802F05FFD0028F1
:10DEB000F6D1200002F05AFD0028FAD109AB1C78F7
:10DEC00005212000F2F71AF99A4AC3B2117880228C
:10DED0005242521AD2B2013A944600220693964B0D
:10DEE00096481B78069991422AD1039A002A04D0B9
:10DEF0000121934A1170904A1370013C2D19EDB223
:10DF00000123039358E70923002106AA9B185956B9
:10DF10008C4802F02BFD0028F5D1200002F026FDF0
:10DF20000028FAD17F4B1870C8E7874802F01EFD21
:10DF30000028FAD1200002F019FD0028FAD1BDE72F
:10DF4000634509DA0326591CC654059EC9B24654D6
:10DF500001210233DBB203910132D2B2C2E70122C6
:10DF60001000644B1A70795D784B88401970784BBB
:10DF70001880704B70481D7880235B425B1B0178D2
:10DF8000DBB28B4206D98B18037004206B4B5854BC
:10DF90006B4B1A700234E5B20EE707217B5D0BAEC6
:10DFA0001A090A4072700F2213403370221DE31CBD
:10DFB000DBB2D2B2FB5CBA5C651D023412041B02F8
:10DFC000E4B213433A5D31001343642253430C938C
:10DFD0004D4BEDB21878FEF7C4FB07230340072B27
:10DFE0000BD10122434B31781A705A4A444B1170BD
:10DFF0000C9A5A6272780233DA774E4A4E49147894
:10E0000080225242121BD2B20B78013A934200DBBB
:10E01000D2E60524494AD4549C1C0133DBB20C706F
:10E02000D0540122464B1A70C6E60122314BFE2025
:10E030001A70494B1B68002B03D01B68002B00D0C3
:10E0400098473C4A3C49147880225242121BD2B273
:10E050000B78023A934200DBAEE60624374AD454EA
:10E060005C1CE4B21055D81C087002330799DBB26F
:10E07000D154D6E701221F4B211D1A70E21CD2B2E7
:10E08000C9B2BA5C795C120209041143A21CD2B273
:10E09000BA5C7B5D114364224A430B920022A51DAA
:10E0A0000534E4B20C9209AE3A5D33710BAB1A72CF
:10E0B0000993FDF73FFAEDB20321002805D1124B79
:10E0C00031001878FEF757FB01001A4A1A481478F5
:10E0D00080225242121BD2B20378013A934200DBF3
:10E0E0006AE60724154AD4549C1C01330470DBB241
:10E0F000BEE7C046B6060020D40D00206410002004
:10E10000200F00204C0F0020B0120020A706002096
:10E11000210F002032620108370B0020AC6A010891
:10E1200033010020BD120020BB6A0108D66A010835
:10E13000ED6A01085810002059100020D80F002067
:10E140005A100020026B01083E6B0108E60E002009
:10E15000E40E0020480F0020B40E00200121464BA1
:10E1600019700F237A5D1A40131C002A00D10B1C72
:10E17000DAB2FA23FA219B005343404A8900136123
:10E180005B1853613E4B3F49187880235B421B1A52
:10E190000A78DBB2934200D8FCE6531C0B700821CE
:10E1A000394B99540122394BF3E60234E3B205931B
:10E1B0007B5D0BAD9A06D20F6A70DA06D20F2A7019
:10E1C0000F221340AB70324B29001878FEF7DDFAAE
:10E1D00001301CD00126284B284C1E702B88A385AB
:10E1E000AA782C4B985C03F0C1FF254B206318786C
:10E1F000802324495B421B1A0A78DBB2934206D97A
:10E2000093190B700921204B9954204B1E70059DCA
:10E21000D2E50126184B0BA91E707B5D221D0B70E9
:10E22000E31CDBB2D2B2FB5CBA5C651D02341B029C
:10E23000E4B212041A433B5DEDB21A436423534324
:10E240004B60134B1878FEF7AAFA0D4A0D49147863
:10E2500080225242121B0B78D2B29A4200D8ABE510
:10E260000A24094AD4549C1C9B19DBB2D054074B96
:10E270000C701E70A0E5C046B6060020200F0020DE
:10E280005810002059100020D80F00205A100020EC
:10E29000B012002000740108F0B50E000021070044
:10E2A000C14C95B0DBB208932374C04BC0481B78B7
:10E2B00001716374BF4B11915B6BE281618061718D
:10E2C000A160A181A174616121709847BA4802F0F0
:10E2D0007BFA3B78580901380A93062800D971E285
:10E2E000F1F702FF07007002AE007002AE0070028C
:10E2F0005F02B24B04931B78002B08D0012363709C
:10E30000FFF718FB0122AE4B1A7015B0F0BDAD4DF2
:10E31000AD4B711E781C2A6889B2059301F07EFF0F
:10E32000AA4C0A9B311F2A68237089B211AB2000C6
:10E3300001F04CFFA219D31E911E1B7809781B0215
:10E3400009040B43111F013A097812780B43120696
:10E350001343119A9E4F9A426FD19E499E4A9F4BFA
:10E36000128800912868059901F07AFF6379A179F4
:10E370001B0209040B432179994A0B431360237A4A
:10E38000E2791B021343627A964912041A43A37A74
:10E39000954D1B0613430B60E37A94495A06520FBE
:10E3A000CA770F212A000B4028321370227B0A40C3
:10E3B000131C002A00D10123DAB2FA239B00534335
:10E3C000FA2292002B619B186B61894B12AC113EB3
:10E3D00012932671FDF7AEF8002804D1854B210079
:10E3E0001878FEF76BF90023049A7B7001331370E1
:10E3F000814B1B78002B1CD0804B5B786B70804B63
:10E400001B78002B00D0E4E17E4B1B78022B02D15D
:10E410007D4802F0D9F910237C4A7D4C1178200008
:10E420000B430121137002F0FBF9200002F05EF9AA
:10E430006BE7FDF743FA6870E1E707237B70DEE7DF
:10E44000744B10A91B788B7023794B70724B1B781F
:10E450000D330B70674B1878FEF70CF932000D3A4C
:10E46000131C120400D500231BB2834200D945E7D8
:10E47000BA787B7812021A43FB781B0413433A796B
:10E4800012061A43574B05921B68934261D0634BA7
:10E490001D68002D01D10B2331E72B68059A9342AB
:10E4A00055D12B1D099310330D9301236C6A0B93E7
:10E4B0007B79BA1906931B071B0F911E0C93D31E71
:10E4C0001B7809781B0209040B43111F013A0978D4
:10E4D00012780B4312061A43FB790E92BA791B028B
:10E4E00013431B1B9AB2311F0F9218B289B211AAA3
:10E4F0001B043CD40F9B02921B190124099A04931C
:10E5000001933800059B009401F096FD119B0E9A33
:10E510000794934205D0424B1B78002B23D1002354
:10E5200007933F4B1B78002B00D07DE015330CAADE
:10E530001374304B10A91878FEF79CF80F9B834298
:10E5400072D30A22184B5A70049A5A61D8E6AD6AFF
:10E550009FE7344B00251C6800230B931D4B0D9344
:10E560001E4B0993A4E700222E4B1A60D7E78023A5
:10E570005B02E3181B18049301930123029200939A
:10E58000099A059B380001F057FD0122119B079263
:10E590000E9A9342C5D0224B1B78002B02D000224A
:10E5A000204B1A600494BAE7F40D0020D10D00202E
:10E5B000E00D0020686D01085C0E00206510002051
:10E5C000BB120020A4120020711000207010002047
:10E5D000D40D002082120020801200209212002010
:10E5E0007C12002078120020200F0020220F002033
:10E5F0007D100020B012002064100020E80E0020E2
:10E600005C10002073120020180E0020D00D002096
:10E61000BC0E00204D0F002071120020741200204B
:10E62000000D002068100020079A704B002A00D1CE
:10E63000B5E0012000246E4A5C7010700B9A9C605B
:10E640009A70069A1C73D206D20F5A71049A5A61B4
:10E65000684A5470684A1460684A14700B9A82427F
:10E6600049D102221A706B6A049A934205D1A242E0
:10E6700003D008225D4B5A7042E60024049B6B6273
:10E680005C490A78012A55D1069B9B060AD50020D1
:10E690005B4B1870069B9B06DB0F0B7153498B7409
:10E6A000584B1A700F2306990C9A19400832331FE1
:10E6B000069193426CDD0C9DBB5C09354B49761B82
:10E6C000043EF6B2CB70002B47D1069A002A34D113
:10E6D000049B7819019301234B4D3100099A009353
:10E6E0000295059B01F064FD32002800089B069905
:10E6F000FFF736FB25E01F210A9D444A8D43290080
:10E700001268434DA0290DD114001870631E9C415E
:10E71000049B28709A1A53425A4114403B4B049A66
:10E720001A60ADE71C70049B2C709342F6D1002B4D
:10E73000F4D09EE70022324BB3E72E4A8B7413715C
:10E74000079CA30002240621324A1C4313001278BE
:10E750000C408A4314431C7051E6069B002B04D0E6
:10E7600008213800089BFFF7FBFA78190125049B64
:10E77000254F01933100059B0D9A0297009501F0FA
:10E7800017FD002CDCD1194B9F601E735D73D8E719
:10E79000069B002BD5D008213800089BA8E70C2247
:10E7A00069E7194D3200791C280002F084F8032330
:10E7B0002380731E23730223164AA56011780B432E
:10E7C00013701CE601256570FFF7B4F8124B1D703D
:10E7D00015E6084B1B79002B00D019E60F4A104BA9
:10E7E00012781B789A4200D815E611E6F40D002045
:10E7F000AC060020E00D0020601000205810002022
:10E8000059100020BE120020701000206810002057
:10E810005B100020D00D0020BB1200203001002032
:10E8200031010020174B70B51B78002B28D01648FB
:10E8300002F09CF80028FAD1144802F097F800285A
:10E84000FAD10725124C1348E17A0909294002F050
:10E850008DF80028F6D10F25E17A0F48294002F003
:10E8600085F80028F8D10D4C0D48216902F07EF89A
:10E870000028F8D10B48616902F078F80028F9D136
:10E8800070BDC046370B002032620108566B01088C
:10E8900070100020656B0108766B0108200F0020C6
:10E8A000876B01089E6B0108F0B58FB0059314AB20
:10E8B00006921A8800230D00BD4CBE490A930B70C6
:10E8C0002380059BBC4E591E8B4101785B42317001
:10E8D000BA4F00781A40D3B23B704009072800D9DC
:10E8E00064E1F1F701FC080063014A00630147009D
:10E8F00063016301540101232380B14B082219688D
:10E90000B04801F0E1FF2088AF4B083080B21968B1
:10E9100008222080301801F0D7FF23880833238095
:10E92000AA4BDB699847AA4B82B21A802388120A45
:10E93000F054991C01339BB2F254A64A89B23000BC
:10E94000126821800AABC9B201F040FC23880A9A00
:10E95000591C100A89B2F2547054991C89B2100CD7
:10E960007054191D03339BB2120E2180F254002003
:10E970000FB0F0BD01228F4B1A70974B07201B7808
:10E98000002BF5D02B78954EC3400BA94B70336804
:10E9900001244B60924B0C701A88924852BA0A813B
:10E9A0001A002C32127800788A728F4A0096FDF78E
:10E9B00096FE4022204083012878904318438B4BD9
:10E9C00028701A78002A05D000221A702023C2B2BB
:10E9D00013432B70864B784C07931B68854E1A0A9D
:10E9E0006370A2701A0C1B0EE27023712B78824F99
:10E9F0006371824B307808931B683A78A3711B0AC5
:10EA0000E3717F4B7F49C018099301F054FF3278BE
:10EA10003B780599D218D2B27B4B3270002900D1D5
:10EA200080E06649097800297CD01B780826002BF5
:10EA300013D00F2A7CD80F202B781907090F5118F3
:10EA4000014083430B432B70637100236F4899B2DD
:10EA50008A4262D816000836F6B200216A4B68482E
:10EA600019700B00674F09909A4269D8624B197070
:10EA7000002902D00122644B1A70059B002B1AD08A
:10EA80004E4B1978002916D05C4A751C584B1068FB
:10EA9000069F494AEDB297551B68AE18002F71D1F9
:10EAA000544A177001903800594A02960090059810
:10EAB00001F004FB2E00574B404A1B78012B03D07A
:10EAC000554B1B78012B0AD1544B06991970544BA6
:10EAD00011781970534B05991E70534B19601178BA
:10EAE000334D71180AAB29800293089B20001B68E4
:10EAF000474A019300230093079B1B6801F09CFA8F
:10EB00000A9B2A88190AA354A41861700432190CAC
:10EB10001B0EA170E3702A8029E70999C95CC154D2
:10EB2000013394E70826002A97D01B78002B94D055
:10EB3000224B08261A7000230693314B05938CE76D
:10EB40000998C55CE81E07280FD8F1F7B9FA190E25
:10EB5000041619110E047D540133294DDBB2481CF3
:10EB6000ED5CC0B20231C9B23D540133DBB27BE788
:10EB70000825481C7D54C1B2F7E70233DBB2F4E745
:10EB80000133FBE70190294A002002968EE70599A0
:10EB9000002900D1EBE6002B00D1E8E60948D2B20B
:10EBA00001F089FE3B7801332380E0E60220DFE6B6
:10EBB000701100205C100020721100206F110020E5
:10EBC000A812002073110020AC120020686D01080B
:10EBD00080120020A4120020651000206010002088
:10EBE000200F0020B0120020210F00205B10002019
:10EBF0007812002059100020581000206C100020BE
:10EC0000D80F0020580F00205A1000207A11002041
:10EC100092120020A8060020AA060020BA120020A6
:10EC2000B9120020B8120020B41200208212002075
:10EC3000F0B587B06B46DF1D002302AC344D3B704E
:10EC400020706B7863702B78A3702B6B63606B6B99
:10EC5000A360304B1B88A381F1F72EFD2E4B1B7850
:10EC6000002B43D001F0EDFD060031002B4801F0F0
:10EC70007DFE0028F9D12A4B2A48196801F076FE5A
:10EC8000294E2A4B21003A0018783300FDF74CFD3D
:10EC90000121274A274B517059706978264C917091
:10ECA00039782000D170316859609160FA2189006B
:10ECB00001F0B6FD200001F019FD204B1B78002B60
:10ECC00003D11F4A13780133137000241D4B1E48D3
:10ECD0001C70104B19781D4B1B6B984701232000AB
:10ECE0001B4A11680B43136007B0F0BD194E33780F
:10ECF000002B06D1184801F039FE0028FAD1012373
:10ED00003370164801F032FE0028FAD1B3E7C0464E
:10ED1000200F002070110020370B0020B56B010878
:10ED20006C100020E76B0108100E0020B0120020CC
:10ED3000E00D0020D40D0020BC0E00206510002046
:10ED40000D0E0020AB06002072110020686D010836
:10ED5000D00E0020BC120020BD6B010832620108F9
:10ED60000023F0B589B004935F4B1A780923FF2A7A
:10ED700000D1A5E05D4E002A00D132605C4A5D4BB7
:10ED80005D4F1B780392127805AD2A70EB703A78CC
:10ED90005A4BAA70186801F05AFD594C68602368F4
:10EDA0002900AB60574B1B786B70574B1878FDF7F9
:10EDB0000AFD564B1A882368013A53433268544C73
:10EDC0009B180593336063782B723B78AB72039B7F
:10EDD0001B786B724F4B1B686B604F4B4A4F039312
:10EDE00038782900039A009604ABFDF7F3FC00285D
:10EDF00036D021000122A31C3D78DB7F2D31280075
:10EE0000A25609785BB2FDF7FAFC444E227A0096CE
:10EE100041B263682800FDF770FC2821404D387826
:10EE2000227A615600956368FDF767FC304F3B78A6
:10EE3000002B1CD1F168A3693A4A5B181360E9689A
:10EE4000E369394A5B181360384B04991B78002B2F
:10EE500047D0002937D1304B1878FFF7E9FE2EE074
:10EE6000334B2B4A5B785BB253702B72B5E70121B1
:10EE7000304B61561A78304B1878FEF711FD082395
:10EE800000281DD0F1682369264A5B181360E968E1
:10EE90006369254A5B1813603B780499002BD3D033
:10EEA000039B0029D8D01023244A254C1068034323
:10EEB0001360200001F0B4FC200001F017FC0023D7
:10EEC000180009B0F0BD10231C4A1D4C1068034304
:10EED00013601C4B1A881C4B53439942E9D8190004
:10EEE000E7E70029B7D0DEE7E60E0020DC0E0020C1
:10EEF00065100020D90E0020DB0E0020D40E00206B
:10EF0000100E0020D80E0020B0120020E40E0020C9
:10EF1000200F0020E00E0020DA0E0020400E00201E
:10EF20002C0E0020580E0020540E0020B7060020A2
:10EF3000E80E0020591000206F110020D00E002094
:10EF4000840E00206400002060EA000030B50C0050
:10EF50000A4D85B02D7803A9ED010D7000931300C3
:10EF60002200FFF7A1FC002806D1054A054B1268D4
:10EF70009880DA60FFF7F4FE05B030BD6410002021
:10EF80006C100020E00D002010B5174886B001F08D
:10EF90001BFC1021154A13688B431360144B1B781C
:10EFA0001B071CD5134B1C78002C18D1FEF70AFC4C
:10EFB000114B05A91B7801330B80104B1878FDF716
:10EFC000F8FB0F4B04A958700E4B03A81B78047074
:10EFD000DB010B70220023000094FFF765FCFFF7B4
:10EFE000BFFE06B010BDC046840E0020D00E00202B
:10EFF000D00D0020D40D00200D0E0020B0120020F6
:10F00000200F002064100020F0B5934B8BB0180047
:10F01000059301F0D9FB914C2178CB066BD5904B31
:10F020001A68500602D5412082431A6009200E005A
:10F0300000220640014213D08A484578022D03D0B1
:10F04000894D6D78022D0BD1012200271D680771B3
:10F0500095431D60854D87602F70854D2D784571D6
:10F0600084480078002824D1002A22D1002E20D004
:10F07000080700D47CE07C480578002D00D077E0BC
:10F080007D49097881724078002808D17B490A605F
:10F090007B490A7001211A688A431A6009E0794A9B
:10F0A00012788A42F6D91022237893432370FFF70F
:10F0B0006BFF22786A4D744B920700D408E16C4ACA
:10F0C0001178684A1079002804D170480078884285
:10F0D00000D3FDE000201870664B18706C4B1B7855
:10F0E000834203D1654803680133036051710122F3
:10F0F0002B6893432B600221594A13680B4201D0BD
:10F100008B431360002B00D0A0E1012523782B4214
:10F1100007D0604B53481B681B6898472378AB4364
:10F120002370082523782B4207D05A4B4E481B6882
:10F130009B6898472378AB4323701022237893432E
:10F14000237023789B0711D5534B1B78022B01D1D9
:10F15000FEF724FC23785B0704D44E4B4F481B6812
:10F160005B68984706222378934323700BB0F0BD69
:10F17000022243480A404A49CD7F01788D4251D945
:10F18000002A57D1474B1B78012B00D08BE7404B0F
:10F190001F78002F00D086E7384E434A356809971C
:10F1A00001352B0AD371414B95711868404B35607E
:10F1B0001978404B1B6806933F4B1B789C46130005
:10F1C0003E4A6344079313789C46002B3ED1274A5E
:10F1D0001370079B3A4A0293634601950093069B7E
:10F1E00000F06CFF374D09AF2988029736682E482A
:10F1F00001960026009606002E4B0439304A1B6803
:10F2000089B200F019FF2888099B3018021F13707B
:10F21000190AC21E1170821E190C01381B0E1170C2
:10F22000037040E7002A05D110490A7026490A6890
:10F2300001320A6000220270154A1278002A00D0BA
:10F2400028E70E490A6801320A6023E7079B1F4A34
:10F25000029301950097C2E7BC0E0020D00D00205C
:10F26000D00E0020E00D0020D40D00205910002009
:10F27000300100205C1000200D0E00206C100020DA
:10F28000E70E00200C0E0020140E0020310100209B
:10F2900066100020B80E002073120020F40D00202C
:10F2A000210F0020A806002072110020B4120020B7
:10F2B000B912002078120020B8120020BA120020E3
:10F2C0009212002070110020601000208212002095
:10F2D0001A78002A00D10EE7296810220800104091
:10F2E000114200D007E75E4E5E4A187012783378FC
:10F2F0009A4200D88FE0082B00D98CE0013333709C
:10F30000594B1B78012B47D1584B1A78584B002A80
:10F3100002D11A6801321A60002294461E680992CE
:10F32000544A554D330A1278EB71544B52191868F0
:10F330000692534B534A19781778534BAE711B689A
:10F34000674544D1514A1770514A01960792069A6F
:10F3500000970292079A00F0B1FE4E4E09A831883C
:10F3600002904348484B0068043901900020009007
:10F37000474A28001B6889B200F05EFE3288099B6C
:10F38000AD182A1F1370190AEA1E1170AA1E190C53
:10F39000013D1B0E11702B70314E3378DB070DD5FC
:10F3A000242309A90B703C4B3C4D1B788B706B7868
:10F3B0004B703B4B1878FDF75DF96870FFF7D0FC98
:10F3C00000280BD1102223789343237093E60196F3
:10F3D0006646069F334A02970096BCE70922324BE5
:10F3E0002A485A70002202700120304D1A71296893
:10F3F000814329602E490A7032785A71274A52781F
:10F400009A701A4B1B78002B00D074E6184A1368C8
:10F410001B1813606FE6224B01211878FDF73BF9AA
:10F4200001222B6893432B600023184A1370204A53
:10F4300013701D4A1371337853710C4B1B78002BDA
:10F4400000D058E60A4A13680133E2E7FA2105982A
:10F45000890001F0E5F9059801F048F971E6C04628
:10F460003001002031010020AA0600206610002093
:10F470006C100020B812002072110020B41200207D
:10F48000B9120020BA120020781200205910002072
:10F4900092120020701100204C0F0020200F00203D
:10F4A000B012002082120020E00D0020D00E0020BB
:10F4B0005C1000201FB56946104B1B780B70104B79
:10F4C0005A7888814A701A788A701A6B5B6B01923D
:10F4D00002930C4B1878FDF78BF9FA210A4C89003E
:10F4E000200001F09DF9200001F000F90123002027
:10F4F000064A11680B43136004B010BDDA0E0020F9
:10F50000200F0020B0120020BC0E0020D00E0020E2
:10F510000300080051B20A4A10B5546C1A00A04703
:10F52000FA21084C8900200001F07AF9200001F04E
:10F53000DDF80123044A002011680B43136010BD5D
:10F54000686D0108BC0E0020D00E0020F7B5060043
:10F550000F0014000325002800D10CE10368002BE4
:10F5600000D108E14368002B00D104E18368002B3F
:10F5700000D100E11000FDF778F80735002800D130
:10F58000F9E000257D4B6A461E607D4B7D4E1F6075
:10F5900001277D4B20001D707C4B01A91D707C4B09
:10F5A00034701D607B4B1D707B4B1F707B4B1D703F
:10F5B0007B4B1D607B4B1D600F231371FDF75AF8C9
:10F5C000421E9041784B0A2218706B4601A9307890
:10F5D0001A71FDF74FF86B460621744C197101AB97
:10F5E000190020703078FDF745F8102360706846E8
:10F5F000037101AB19003078FDF73CF81123E0608E
:10F600006846037101AB19003078FDF733F8122317
:10F6100020616846037101AB19003078FDF72AF8C4
:10F62000132360616846037101AB19003078FDF760
:10F6300021F81423A0616846037101AB19003078EA
:10F64000FDF718F81723E0616846037101AB190054
:10F650003078FDF70FF8A31CD8771823684603719C
:10F6600001AB19003078FDF705F819236062684690
:10F67000037101AB19003078FCF7FCFF230028333D
:10F6800018701E236846037101AB19003078FCF72F
:10F69000F1FF23002C3318701F236846037101AB60
:10F6A00019003078FCF7E6FF23002D331870202373
:10F6B0006846037101AB19003078FCF7DBFF2123AA
:10F6C00020636846037101AB19003078FCF7D2FF64
:10F6D000290060633078FCF7DEFF0A220621E31977
:10F6E000DF77334B62605A60E2681972DA60226930
:10F6F00021721A6162695A61A2699A61E269DA61EA
:10F70000DB19DF77FEF75EF82A4C2B49200000F06A
:10F71000E5FFFA212000890001F082F827492848F6
:10F7200000F0DCFF2749284800F0D8FF2749284887
:10F7300000F0D4FF2749284800F0D0FF01F081F8FD
:10F74000264B274C18602748274B0360274B8360C4
:10F75000274B0361274B4360274BC360A36898473F
:10F76000E369984701F096F8244B38001F70236E28
:10F770009847636B98472800FEBDC046B80E00202E
:10F78000B40E0020B0120020D00D00207312002013
:10F79000D00E00200D0E00200C0E00207112002053
:10F7A000E00E0020DC0E0020DB0E0020E80E002022
:10F7B000200F0020BC0E002009F0000889EF00088F
:10F7C000840E0020B5DB0008700E00209DD90008D3
:10F7D0005C0E0020E9D80008180E0020D40E00208E
:10F7E000686D0108980E002071DA000899E200089F
:10F7F000D9DC000831DA000851DC00087212002060
:10F80000F0B5344A8FB0079053780D0006A98B737A
:10F810000F2312785B181A702F4A032004922F4A84
:10F820000592049A1478059A1278A418E4B2002D6F
:10F830003CD000272A4A0BA912782A4E4A702A4A3D
:10F840000F709446126806A84A6032882C3652BA65
:10F850000A8132788A72254A0692127803926246A9
:10F8600000920E2212180398FCF739FF33780AA988
:10F870008B7006AB9B7B4B701D4B1B780D330B7055
:10F88000069B1878FCF7F6FEC0B26870A0420FD352
:10F89000001B28700E23002106AA9B18595622002F
:10F8A0000798FDF7FDFF031E09D000200FB0F0BD43
:10F8B000049B3C001F70059B28701F70EAE70D4AEF
:10F8C00008201278002AF1D0034A1370034A1370FB
:10F8D000EBE7C046E80E0020591000205810002029
:10F8E00064100020200F002060100020B0120020C3
:10F8F00071120020FF0C002013B50323041E18D042
:10F900000078013B1D2814D8F0F7DAFB0F15171902
:10F910001C1E2123252731363B393D404346494CA7
:10F920004F525654585A5C5E61642C4B1B782371BD
:10F930000023180016BD2A4BF8E72A4BF6E72A4B9E
:10F940001B6802E0294BFBE7294B6360F0E7294B7A
:10F95000FBE7294BEAE7294BE8E71D236A461371C9
:10F96000274B01A91878FCF785FE6060E0E7254B7E
:10F97000043406CB06C4DBE7234B0434F9E71B232E
:10F98000ECE71A23EAE7214BDB7FD0E7204BDB686B
:10F99000DBE71F4B1B69D8E71D4B5B69D5E71C4BA9
:10F9A0009B69D2E71A4BDB69CFE71A4B5B78BEE75E
:10F9B000174BFBE7174BB9E7154BB7E7164BBFE7FC
:10F9C000164BBDE7164BBBE7114B5B68BDE7104B11
:10F9D0001B7AACE70E4B5B6B6360A9E773120020E8
:10F9E00065100020641000207C1200207812002096
:10F9F0009212002082120020721200207112002048
:10FA0000B0120020440F00200C0F0020210F002016
:10FA1000200F0020E80E00206C100020681000204D
:10FA200074120020F0B5040085B0002803D1032330
:10FA3000180005B0F0BD01229D4B1968130011425A
:10FA4000F6D100781D2800D92FE1F0F74DFB1E00FC
:10FA50003100350037003B003D0045004A005100B1
:10FA60002E0153009600B700A900BB00C300C700D9
:10FA7000CB00CF00D300D700E7000401F5001A0146
:10FA80001C012E011E0124012A012379894A1370C9
:10FA9000002B03D0022B05D00023C9E7864B5B6BFC
:10FAA0009847F9E70022854B1A70FDF777FFF3E7D7
:10FAB000834B22791A70EFE7824BFAE7824B626838
:10FAC0001A60E9E7814BFAE7616881480029AED006
:10FAD000102200F0F0FEDFE761680029A7D07D4822
:10FAE000F6E720797C4B1870734B1B6E9847D3E771
:10FAF0007A4BDEE7237A02A9794F0B703B78794E77
:10FB0000072230784B70784DFCF7CCFD002801D1EE
:10FB10000B238DE72B000434243306CC06C3654B3E
:10FB20001B78022BB8D1664B1B78002BB4D0282150
:10FB30006E4C2A7A6956307800946B68FCF7DDFDCC
:10FB40006B4B21001B786B4A23706B6A30786360C3
:10FB50003B782374614B1B7863740223FF33638209
:10FB6000FCF7D6FD0C23002800D161E7A07CE968F2
:10FB7000FDF708FF604BE27C9CE7237A02A90B703B
:10FB8000574B07221B784B70564B1878FCF78AFDB1
:10FB9000002800D14BE7594B043406CC06C37BE761
:10FBA0006368029301236A4613734E4B02A91878C7
:10FBB000FCF78BFD002800D06EE738E763680293FE
:10FBC0000023F0E723795A1E0E2A00D92FE74C4A6A
:10FBD000D37761E7444B6268DA605DE7424B626865
:10FBE0001A6159E7404B62685A6155E73E4B6268BB
:10FBF0009A6151E73C4B6268DA614DE7237902ADC7
:10FC00002B70384B062218782900FCF74BFD3D4B32
:10FC1000002800D10BE72A785A703DE7237902AD1E
:10FC20002B70304B052229001878FCF73BFD00288B
:10FC300000D16DE72C4BEEE7237902AD2B70294BF9
:10FC40000A2229001878FCF72DFD002800D1EEE6E5
:10FC50002C4B2A782EE7237902AD2B70214B0922F9
:10FC600018782900FCF71EFD0023EB56002802D06F
:10FC70001D4A137010E71A00283AD2B20A2AF7D99F
:10FC800046E7214B1BE7214B19E763681D4A536088
:10FC9000154A536000E723791A4A1372124A137205
:10FCA000FAE6114B62685A63F6E60223C0E6C046E4
:10FCB000D00E002073120020686D01085C10002037
:10FCC00065100020641000207C12002078120020B3
:10FCD0009212002082120020721200207112002065
:10FCE0004D0F0020B0120020200F00202C0E00200D
:10FCF000DA0E0020F80D0020D10D00200C0F00209E
:10FD0000210F0020E80E00206C1000206810002059
:10FD1000F0B5040085B0002802D1032005B0F0BD85
:10FD2000554E01273368190039403B4201D001206C
:10FD3000F4E7524D0C22280000F0D2FD6F702078BD
:10FD4000032800D995E0F0F7BBF902627C8732689E
:10FD50001023110019401A42E9D1494B1A78002AA0
:10FD600004D01970474B1878FCF795FC6368002B9A
:10FD7000D3D0A368002BD0D0E368002BCDD0237C58
:10FD8000002BCAD03F4E02A9222230780B70FCF71C
:10FD900089FC002807D123236A46307803A913730E
:10FDA000FCF768FC20740823374A11780B43137062
:10FDB000237862682B70354B1A60A268344B1A6046
:10FDC000E268344B1A60227C0024334B1A70334BA8
:10FDD0001C706B461C70FDF7F5FC01236A4601A9F7
:10FDE00030789380FCF7E5FC2D4B22005870210001
:10FDF00023006846FFF7AAF8A04220D0002208217D
:10FE0000284B1A70204A13788B43137086E7082317
:10FE10001D4A254C11780B4301211370234B297087
:10FE20001D7880235B425B1B2278DBB29342E5D9CD
:10FE30000220531823701E4B98541E4B197000203B
:10FE40006CE70223104A2B70117806330B431370B2
:10FE5000A088FFF72FFBF2E703230B4A2B701178E2
:10FE600005330B431370227BA088A168FFF750FB7A
:10FE7000E5E70220C2E7C046D00E0020D40D0020E6
:10FE8000B8060020B0120020D00D0020AC120020D7
:10FE9000A8120020A41200200C0E00200D0E00203D
:10FEA000200F00205C100020591000205810002066
:10FEB000D80F00205A1000200023F0B589B00400AC
:10FEC00002930093984203D10325280009B0F0BDA6
:10FED000464B01251A6811231100194001911A425D
:10FEE000F3D10023424F19001422380005AE3370BD
:10FEF00000F0F6FC3F4B7D701D702378AB424DD077
:10FF0000032B5FD000270197BB4211D13A4B3278C7
:10FF10001D701F231A4021331343337023792F00A0
:10FF20000193A3680393A38902930E23E3560093DE
:10FF3000022506A9314B0D701B78314E8B70314B69
:10FF40001878FCF797FB002FBFD02F4B1B78002BA6
:10FF500013D1009B984200D21800330007AD2870DF
:10FF60002C331B780522AB70264B29001878FCF740
:10FF700099FB0028A8D02B787370029B039A0199F3
:10FF800005A8FEF7E3FF051E2CD12278184B1A7046
:10FF900001231E4A11780B43137096E7E17B164A42
:10FFA0001F0011701F22317811409F3A0A433270AE
:10FFB00022790192A2680392A28902920E22A2568D
:10FFC0000092B5E70C4B32781D7020235B4213433F
:10FFD000337063682F000393238902930A23E35647
:10FFE0000093A5E700220A4B1A706EE7D00E00209E
:10FFF000E00D002030010020310100204C0F0020D6
:020000040801F1
:10000000200F0020B012002064100020D00D00202E
:100010005C10002013B5064B01A9040008700F22E4
:100020001878FCF73FFB002801D0024B1C7013BD71
:10003000B0120020DB0E0020F7B50D000700019282
:1000400008AA1B4C1178099A6171190A194EA371FB
:10005000E171190C1B0E6372130A3000A272E37275
:10006000130C120E23736273E573217201F0BCF856
:100070003000019901F0C8F830002100102201F091
:10008000CAF8EAB23900300001F0C5F80A4C310074
:10009000200001F021F9637822781B021343A27833
:1000A00012041A43E3781B0613430A9A1360F7BD40
:1000B00044010020C0120020D9140020F0B585B002
:1000C0001D000AAB1B7800240393354B0B9E1B7855
:1000D000009001910292012B46D0324FF022210074
:1000E000380000F0FDFB3A001021029800F03AFEC3
:1000F0002D4B039A9D715A712A0ADA712A0C1A72D1
:10010000320A9E72DA722D0E320C360E5E735D72FA
:100110001A73019B1E09E3B21D01EDB2B44228D14E
:1001200010235B426343019AD518ADB2002D1ED057
:100130001E4E1D48631C31001A4AC37300F096FE20
:100140002401E4B22D19009B32781B5D0136534027
:100150000C9A13550134AC42F5D108E0009B0C9A7F
:100160001B5D13550134E4B2019B9C42F6D305B0EC
:10017000F0BD0E4F0C480B4A01333900C37300F039
:1001800075FE2A001032009B39785B5D01374B40C9
:100190000C994B5501359542F5D10134A4B2BAE71B
:1001A000040D0020D813002034010020C9140020C1
:1001B00030B585B00A9D08AC24780295099D00945D
:1001C0000195FFF77BFF05B030BD0000F7B50700D4
:1001D0000C001E000F4D0192280001F005F82800C8
:1001E000019901F011F839002800E2B201F013F88A
:1001F000094C2900200001F06FF8637822781B0277
:100200001343A27812041A43E3781B0613433360A6
:10021000F7BDC046C0120020D9140020F7B51D005C
:1002200004000E4E0F00300000210192F02200F079
:1002300057FB32001021019800F094FD3200290094
:10024000200000F013FE0F2F06D9290020003200F5
:100250001031103000F00AFEF7BDC046D813002060
:10026000F0B587B000936B460700234CDA800D0091
:100270002000F02200219E1D00F032FB2200102100
:10028000380000F06FFD02A81022002100F028FBCA
:100290006A460123137208336B44290018000622B2
:1002A00000F009FB0F236B4418003100022200F01C
:1002B00002FB2200009902A800F0D8FD02A810223B
:1002C000002100F00DFB02276B461F7209236B44CF
:1002D00029001800062200F0EEFA0F236B441800E4
:1002E0003A00310000F0E7FA22000C9902A800F071
:1002F000BDFD07B0F0BDC046D813002030B587B0B3
:10030000274800F033FB0028FAD1264B264D1A78F7
:10031000002A22D018700323EB7002332B712B00BC
:10032000F9331B786B712B00FA331B78AB71012307
:100330006B70E87801A9FFF763FA02AC00281AD0C5
:1003400000232370A360A381A373184800F0CEF9A3
:100350002000FFF7B1FD07B030BD6B78012B02D054
:10036000042BE6D1E3E70223EB702B00F6331B8866
:100370005BBAAB80DDE70E4BE0201B78E9780D4AD5
:10038000002B04D123702071A181A260DCE701233E
:10039000237080231B012071A181A260E381D4E737
:1003A000076C0108E4150020EC140020E81500207B
:1003B000EA140020F0140020014B18787047C04662
:1003C000EC140020024A1388013313807047C046A2
:1003D000E21500200121054B054A11701A00017A2F
:1003E000F9321170427AFA331A707047EC14002017
:1003F000E4150020F0B56D4C050026780F008BB099
:10040000002E50D1037B042B3ED183681A78012A39
:100410003AD15A78012A37D19A78012A34D1DB7837
:100420000193012B30D1624B05AF1E702300F633D0
:100430001E802300F8331E802300FA331E7002232F
:100440000132FF333A703800E2702380FFF754FA2C
:100450003A79584B38001A700222019B3A703B716E
:10046000FFF7E0FA3000FFF7D5FD534800F0ACF994
:10047000524E5349300000F031F93000514900F03C
:10048000CFF9300000F032F92378002B09D14B4826
:1004900000F09AF9AB681B78002B02D1464800F0B7
:1004A00025F90BB0F0BD8368187860700728EBD889
:1004B000EFF706FE0415181D2331385422000023DF
:1004C000F63205A81380237002330370394B1B7872
:1004D0000371FFF7A7FA0120FFF79CFDD4E7022381
:1004E000E370D1E70122324B62701A70CCE7002230
:1004F0002F4B1A7001236370C6E70422287B2271F8
:100500000022314EE0700132D1B28842BCD9995CF0
:100510000131B154F7E7012302AA137305A8FFF7CD
:10052000F7FBB1E7254800F04FF9FA204000F8F753
:100530006BFE23000026F6331E80022302A8037000
:100540001C4B26701B780371FFF76CFA02AB1E730D
:1005500006AB07CF07C33A681A60DFE72A7B032A96
:100560000CD1013A02A90A735A789B7805A81B029C
:1005700013435BBA0B82FFF7CBFBBBE7072AB9D16A
:1005800005A8043A02709A78597812020A4352BABE
:100590008280DA781979120409020A4359790A43E8
:1005A00064214A4382609B790373E4E7EC140020E2
:1005B000EA140020E914002090060020E81500202D
:1005C000FD02010870170000F014002010B5F7F7C5
:1005D00019FA10BD10B5EFF3108472B6002908D0D7
:1005E000012903D1054A13680343136084F310887B
:1005F00010BD024A13688343F7E7C046FC1500208C
:1006000010B5EFF3108472B6002908D0012903D188
:10061000054A13680343136084F3108810BD024A2F
:1006200013688343F7E7C04600160020EFF31083FA
:1006300072B60020054A1268824204D1044A10684A
:1006400042425041013083F3108870470016002069
:10065000FC15002070477047704700000B4B10B529
:100660001B68002B04D0F9F70FF8FFF7F3FF10BD5C
:10067000074B1B68002B04D0F8F7BCFFF8F7D6FF38
:10068000F5E7FFF7E8FFFFF7E7FFF0E700160020C8
:10069000FC15002070B50400F7F7B8F801232372A9
:1006A00005002668F7F7C6F82818864203D2F7F740
:1006B000C1F82D1825602068F7F7E2F870BD00003A
:1006C000054A10B51368002B01D00021197203618F
:1006D0001060FFF7DFFF10BD041600200023036049
:1006E00043600372C16003617047000070B504008D
:1006F000EFF3108572B600280ED0154E3268130045
:10070000002B0CD1616823722160002A0BD1F7F70E
:100710008DF92000FFF7D4FF85F3108870BD9C424F
:10072000FAD01B69ECE7F7F785F823683268C01840
:10073000206013689842ECD31369002B02D1146136
:100740002361E9E719688842F9D91A001B69F4E7BF
:1007500004160020F8B5F7F7B3F90500F7F766F9C6
:10076000184C2268002A13D01300471B1B69002B6A
:1007700005D113692360D368002B08D1FEE71968FF
:100780000026B94201D949190E1A1E60EEE79847B2
:100790002368002B03D1206800280CD1F8BD1D6808
:1007A000F7F748F823688542F5D21A69DB682260BA
:1007B000002BECD1FEE7037A002BEFD1FFF76AFFA5
:1007C000ECE7C0460416002070B5EFF3108572B652
:1007D000124C2368002B01D0002802D185F3108829
:1007E00070BD1A00834213D11A7A1E69002A0AD0FA
:1007F000002E06D0002230001A722660FFF74AFF52
:10080000ECE7F7F72BF82660E8E70A00002BE5D0C5
:1008100019001B698842F8D11361DFE70416002034
:1008200070B505000800F6F7F3FF04002800FFF795
:10083000CBFFF6F7EBFF844200D204002C606C6023
:1008400070BD10B5F7F702F8F6F7EAFF10BD70B506
:100850000500F6F7FBFF04002800F6F7D9FF201A81
:10086000F6F7DEFF70BD0000064B07481A6810B5AA
:100870005043064A064980181860EFF77BFC0800D1
:1008800010BDC046540100206D4EC64139300000F5
:10089000FFFFFF7F014B18607047C04654010020E6
:1008A00070B505000C00FFF7DFFF611B0131EFF7AA
:1008B000B5FC481970BD002310B5934200D110BD9E
:1008C000CC5CC4540133F8E7531EC018002330B584
:1008D0009A4200D130BDCD5C5C4205550133F7E74B
:1008E000044B013A92B29A4200D170470170013034
:1008F000F7E7C046FFFF000073B5EFF3108572B64F
:100900006B460E4E9C1D2100300000F085F9210041
:10091000300000F0DFF9002805D085F31088218829
:10092000F8F7C4FF73BD01002020FFF769FE012224
:10093000034B1A7085F31088F4E7C04608170020AF
:100940005801002007B50648F8F792FF02238022DD
:100950000093044900230448520000F04DF807BDFD
:10096000F908010808160020081700200FB480219C
:10097000F0B5C5B04AAB04CB490004A8039303F01B
:10098000A7F902AB9C1C2080EFF3108572B6184FBC
:1009900001233800228804A900F041F800281ED065
:1009A000144E3378DAB20192012B1DD121003800A8
:1009B00000F090F900230700019920203370FFF721
:1009C0001FFE85F3108838007B425F412188F8F7CD
:1009D0006DFF784245B0F0BC08BC04B0184785F301
:1009E000108801204042F5E785F310880020F1E7E8
:1009F000081700205801002030B5040003A805782E
:100A000000202160E06020616061A061626023815C
:100A10002577AD0702D55A1E9341584230BDF0B537
:100A200087B005930491078945697B427B415B0050
:100A3000029304000369002D11D00197002F11D1FA
:100A400006686768591CF05CB94200D3C91B715C29
:100A500002300902081881B20191170002E00195E5
:100A6000002FFAD0E26800209A4203D86068C01ACA
:100A7000019BC01A029B0026F918059B4B43039368
:100A800083420DD3EFF776FB029BC9B2994207D997
:100A9000237F029EDA07D21711409B0700D40E0075
:100AA000002F02D1002007B0F0BD039BED18636852
:100AB000AD199D42F6D80026049B04960393049931
:100AC000059823696268814207D102992068CB1892
:100AD000934200D39B1AC018E5E70199CB189342C3
:100AE00000D39B1A21892361002911D121685A1C46
:100AF000CF546368934200D8D21A2168380A8854C8
:100B0000531C62689A4200D89B1A61690231616184
:100B1000D21A1500BA4200D93D00BA4202D2227F51
:100B2000002A25D120682A00C018039903F022F971
:100B300063692E005B196361029B7D1BDB199BB20D
:100B400001930023002D09D020682A00C018039BC0
:100B5000F11803F00FF963695B196361A36901334D
:100B6000A361049B01330493039BDB190393A6E762
:100B7000002DF3D001210A4222D02289002A08D177
:100B80002268FE31D218023A11702268D318013B54
:100B90001970636926895B196361002E38D13D00A5
:100BA00023683A0A1F7023685A70636902336361CD
:100BB0000223029A521992B2019200222261C1E7E5
:100BC00002210A42F5D02289002A00D06AE7226871
:100BD000290AD218023A157022682E00D218013A5A
:100BE000117020682A000399C01803F0C3F8A269A5
:100BF000636901325B19A261226863617B1B137018
:100C00002268190A517062691D0002326261CFE7E1
:100C100000263D003300CCE7F7B500910289466914
:100C20000192002203000A80300096424FD01A89B8
:100C30001868DF685D68002A08D17C1CC25DAC4280
:100C400000D3641B045D2402121992B200990A8039
:100C500003211C7F0C40012C21D11D4CA24202D14A
:100C60001C89002C08D01C69BC4218D21C89002C9D
:100C700015D0E91BA14212D20022F619761B5E6143
:100C8000DA60944208D101320478954200D86A4073
:100C9000825C1202A418A4B2009A14802200019966
:100CA0004C426141DC6849000C192700AC4200D37A
:100CB000671B5118761AC0195E61002E04D01219F4
:100CC000AA4200D3521BDA609A69013A9A61FEBDCA
:100CD000FFFF0000F7B50300028900205C6908806F
:100CE0000192201E3BD01E89DD6818685C68002ECA
:100CF00008D16F1C465DA74200D33F1BC75D3F0272
:100D0000F619B6B20E801F7FBC4603276246174015
:100D1000012F1BD1124A96420FD11E89002E0CD1F1
:100D20003D0003786540012C00D93D00455D2D0252
:100D30005B199BB200250B8008E01E69AE4205D20C
:100D40001B89002B02D0661B9E42F3D3019A5342AB
:100D50005A4153005B19A34200D31B1BC018FEBDB0
:100D6000FFFF00000B00F0B5103BDBB20E001400DB
:100D700089B0102B05D83B4A0491DA400023D207F2
:100D800005D40023FF20F034237009B0F0BDC25C0D
:100D9000E2540133B342FAD1330022001C339B00EA
:100DA000DBB207931B09013BF0321370012305935B
:100DB0002D4B351F651906936B7831000193AB7885
:100DC0002F780293EB7803936B46187CEFF7D2F9F8
:100DD000C9B2002935D1069B019A02999A5C059BFC
:100DE0005A40069B5B5C03990193069B5B5C1B214D
:100DF0000293069BDB5D17000393059BDB095B42B7
:100E00000B40059949004B40DBB205932378019ACA
:100E10005F402F71637804355A406A70A378029A54
:100E20005A40AA70E378039A04345A40049BEA704B
:100E3000043304936B46079A1B7C9A42BCD800206B
:100E4000A3E7182EE2D91029E0D1074B019ADF5D04
:100E50009A5C0192029A9A5C0292039A9B5C0393B9
:100E6000D4E7C04601010100107601088C4611004C
:100E7000F0B5F0310978ADB003000B91FF200029E7
:100E800000D1E9E0187811785778484001905878F7
:100E900091784740987848402190D178D878484058
:100EA0002390117918794840029051795879484037
:100EB00003909179987948402490D179D879484025
:100EC0002590117A187A48400490517A587A48400F
:100ED0000590917A987A48400690D87AD17ABF4C9A
:100EE00048402690117B187B48400790517B587BE7
:100EF00048400890917B987B4840D97BD37B0990F0
:100F0000594013000A910B99B548090151182A91CB
:100F1000B4491D7C10332295019D2995069D4D5D98
:100F200014950A9D4D5D1395019D4E5D039D4D5D8C
:100F30001295029D2895099D4D5D1195239D109553
:100F40004D5D0F95029D4D5D0E95059D4D5D0D9579
:100F5000049D2795219D1B970C954D5D2095259D02
:100F60001F954D5D1E95049D4D5D1D95089D4D5D24
:100F70001C95079D2B95249D1A954D5D1995269DD1
:100F800018954D5D1795079D4D5D1695CD5D159591
:100F90002A9D9D4262D10B9B1032013BDBB21B01AB
:100FA0009B18229A12995640624616705A78139DE1
:100FB00051400A0061464A709A78149900205140C5
:100FC0000A0061468A70DA785540CD701A790E9918
:100FD00051400A0061460A715A790D9951400A0040
:100FE00061464A719A79119951400A0061468A71A5
:100FF000DA790F9951400A006146CA711A7A1D992F
:1010000051400A0061460A725A7A1C9951400A00FE
:1010100061464A729A7A209951400A0061468A7262
:10102000DA7A1E9951400A006146CA721A7B1699F3
:1010300051400A0061460A735A7B159951400A00D3
:1010400061464A739A7B199951400A0061468A7336
:10105000DB7B179A5A40CA732DB0F0BD139D149FC5
:101060006F40019D2197475D219D6F40039D655D08
:101070006F40229D7D40039F0195139DC75D754084
:101080006F40069D655D7D405F786F40129D6E40AC
:10109000069D455D75400A9EA65D6E409D786E403A
:1010A0002196129D149E6E40299D655D75400A9E95
:1010B000865D7540DE78754023950F9D119E7540C5
:1010C000029E865D6E40059D655D75401E7975408A
:1010D00002950E9E0F9D7540059E865D6E40099D92
:1010E000655D75405E79754003950D9E0E9D75405A
:1010F000099E865D6E40109D655D75409E797540C8
:101100002495119E0D9D6E40289D655D7540109E35
:10111000865D7540DE79754025951E9D209E754043
:10112000049E865D6E40089D655D75401E7A754023
:1011300004951D9E1E9D7540089E865D6E400C9D0B
:10114000655D75405E7A754005951C9E1D9D7540D8
:101150000C9E865D6E401F9D655D75409E7A754054
:101160000695209E1C9D6E40279D655D75401F9EC7
:10117000865D7540DE7A75402695179D199E7540EF
:10118000079E865D6E401B9D655D75401E7B7540AC
:101190000795169E179D75401B9E865D6E401A9D95
:1011A000655D75405E7B75400895159E169D754082
:1011B0001A9E865D6E40189D655D75409E7B7540EC
:1011C0000995159E199D75402B9EA65D6E40189D34
:1011D000455D7540DE7B75400A959AE610740108FE
:1011E000107501081076010810B5040010220021C6
:1011F000F130FFF775FB23000021FC33F0222000C3
:101200009961FFF76DFB10BD10B5020008001021B9
:10121000FFF7A8FD10BD0300F0B5FC33040098698A
:101220000E00150087B0002829D010231B1A1F00BC
:101230000093934200D91700A31CFF33BAB21818C9
:1012400031000193FFF737FB2200FC329369FB1852
:1012500093610F2B1DD9009BAB421AD22000F130B5
:1012600003001A78197C4A401A70019A01339A4295
:10127000F7D122000100FFF7F9FDF619ED1BA01CC4
:10128000FF30102D07D83100AAB2FC34FFF713FB52
:10129000A56107B0F0BD2700F1373B00009600992B
:1012A0001A7809784A401A70009A01330132009284
:1012B0009842F4D11022390002A8FFF7FCFA02A9E3
:1012C00022000800FFF7D2FD1022380002A9FFF724
:1012D000F2FA1036103DD2E7F0B50D008BB002AC3B
:1012E0001022002101902000FFF7FAFA2A002100C5
:1012F0002000FFF7BBFD2278230000217F2A3FD981
:1013000018785A784000D209024301311A7001332B
:101310000F29F5D17923E27B5B425200534029002B
:10132000FC318A69DBB2E373102A36D1280022002F
:10133000AB1C1230FF33FF30197817780132794037
:10134000197001339842F7D12900F1310B00A81C24
:10135000FF301A781F7C7A401A7001339842F8D116
:1013600006A81022FFF7A7FA2A00019906A8FFF79E
:101370007DFD102200212000FFF7B2FA0BB0F0BD76
:1013800018785A784000D209024301311A700133AB
:101390000F29F5D1E37B5B00C1E72078230000270C
:1013A0007F2830D91E7858787600C009304301373D
:1013B000187001330F2FF5D17923E07B5B42400099
:1013C00043408020DBB2E373AB18FF3398700023F7
:1013D000571C38009C46AB1CFF330F2820D9002037
:1013E000102F01D80F30801AC01988612800220000
:1013F0001230FF30197817780132794019700133B3
:101400008342F7D1A0E71E7858787600C0093043B0
:101410000137187001330F2FF5D1E37B5B00D0E764
:1014200066461E540130D8E7002210B5110008208E
:10143000F6F77EF84342584110BD07B540236A468F
:10144000D3716B460122D91D0820F6F771F843428B
:1014500058410EBDF0B500244126012787B0039006
:101460000E2502ABED1800230F212B7002A802AB52
:10147000DE7309182B00012208200097F6F77AF88E
:10148000002802D12878012807D03220F6F796F8F4
:10149000039B32349C42E3D9002007B0F0BD00002A
:1014A000F0B5040005008FB0002800D1A0E00300D3
:1014B0000126103308AF089304337B600433BB600C
:1014C00004330B9304330C9304330D9302ABDE739C
:1014D0000F21022302A80093091806AB320008204E
:1014E000F6F748F800231D00984203D1350002ABFF
:1014F00010229B5E0026A3813F4B02AA9B5D0F2119
:10150000D373042302A801220093091807AB082013
:10151000F6F730F8B300FA580393079B002801D080
:1015200000252B001360354B02AA9B5D0F21D3735E
:10153000042302A801220093091807AB0820F6F73C
:1015400019F80BABB200D258079B002801D0002538
:101550002B0001361360032ECED12600302308273E
:101560000F2102AA02A82836D373091833000122DA
:1015700038000097F5F7FEFF002805D03A0000215B
:10158000300002F0B1FB00251D4B0C21625E9A4237
:1015900003D10423A27A1343A37223003033327899
:1015A000FF2A06D101369E42F9D10823A27A1343BD
:1015B000A3722269134B9A4202D0E2699A4203D184
:1015C0001022A17A0A43A27262699A4202D0226A68
:1015D0009A4203D12022A17A0A43A272A2699A42B6
:1015E00002D0626A9A4203D14023A27A1343A372C3
:1015F00028000FB0F0BDC04613770108107701082E
:1016000064CEFFFF8096980070B504000E0000289D
:101610000ED03022002102F067FBFFF705FF051E08
:1016200009D10123A27A1343A372F5F7CBFF2081DE
:101630000025280070BDFFF700FF002807D1022316
:10164000A27A1343A372F5F7BDFF2081F1E73000C2
:10165000FFF700FF0028F2D02000FFF721FF00284D
:10166000F1D10123A27AECE70B0E03700B0C43704F
:101670000B0A8370C170704770B504001500061E18
:1016800047D0161E45D000262B2942D91388642145
:101690001A0A027043706B881A0A8270C370AB8892
:1016A0001A0A02714371AB7983712889EEF726FD1E
:1016B0000123E07120002372AB7A0C3063720C239B
:1016C000EA5E93B21B0AA372E2722969FFF7CCFFAC
:1016D000200069691030FFF7C7FF2000A9691430A6
:1016E000FFF7C2FF2000E9691830FFF7BDFF2000B7
:1016F000296A1C30FFF7B8FF2000696A2030FFF725
:10170000B3FF28352434AB5DA3550136082EFAD13A
:101710002436300070BDF7B5040C0D0091B20F00F7
:1017200061438C460600019383B2100C5F4344432F
:1017300058433B0C60441B18994202D9802149024E
:101740006418019955437143180C04191B04BFB266
:101750004919D819091903B0F0BD9E2110B5C90562
:10176000041CEEF7D5FD00280AD09E21201CC905D7
:1017700000F018FB00F098FC80231B06C01810BD79
:10178000201C00F091FCFAE770B500220B4B04001E
:101790000D00EEF783FD00280BD0084B002220003F
:1017A000290001F09FFD02F06FF880231B06C0188E
:1017B00070BD2000290002F067F8F9E70000E04161
:1017C000F0B587B006000F00059204938B4200D954
:1017D00066E001D1824263D804990598EEF7F8FDDE
:1017E000390001903000EEF7F3FD019B04991B1ABC
:1017F0001A0005980193EEF7C1FD04000D00B942EF
:1018000046D801D1B04243D801200021019AEEF719
:10181000B5FD361BAF4102900391019B002B2ED0EA
:10182000E90762080A4301996B088C4601240025E8
:10183000BB4232D801D1B2422FD830003900801AD1
:101840009941001849410019694106000F00012122
:1018500049428C4461460029EAD1029C039D300034
:101860003900019AEEF77EFD019AA4197D41060028
:101870000F00EEF783FD241A8D41029403950C9B13
:10188000002B01D01E605F600298039907B0F0BD85
:101890000022002302920393BFE7B6197F41D6E7E7
:1018A0000023002402930394E9E70000F0B5C30F7E
:1018B00085B0440245000391640A2D0E01932ED099
:1018C000FF2D39D08023E400DB047F3D1C430295CB
:1018D0000027039B5D025E00DB0F6D0A360E03934B
:1018E00030D0FF2E3BD08023ED00DB041D433300BE
:1018F0007F3B00210398019A42400298D2B2C31A5A
:10190000B800084301380E2842D8EEF7D9FB6CA87E
:101910007EA89DA87E6C6C9D7E2E2E2E72000127C7
:101920000294002CD5D02000EEF734FD773F431F02
:101930009C403B1A0293CBE703270295002CC8D1A9
:10194000013FC6E72B000121002DD3D02800EEF780
:1019500021FD431F9D4076235B421B1AC9E73300DC
:101960000321002DC6D10139C4E73900019A0229AB
:1019700039D0032900D170E00025280001291ED1AB
:101980006D026D0AC0052843D207104305B0F0BDB3
:1019900064016D01AC4228D31A200121641B012689
:1019A000270049006400002F01DBA54201D8641B19
:1019B000314301380028F3D1601E84410C431800E4
:1019C0007F30002824DD610704D00F212140042945
:1019D00000D00434210103D58033180023490C4082
:1019E000E508FE28CCDD00250DE01B200021013B91
:1019F000D5E78023DB031C4201D01D4229D080257E
:101A0000019AED032543FF20BAE72C00039AAEE7C5
:101A100001210025091A28001B29B1DC9E3325006D
:101A20009C40CD40631E9C4125436B0704D00F238F
:101A30002B40042B00D0043580232800DB04184001
:101A40001D420FD1ED089BE7002380240193E4039E
:101A5000D5E7039B2C000193D1E70192CFE7002546
:101A600028008DE7002501208AE7C046FFFFFFF729
:101A700070B54B00440245004E02C20F640A0120BB
:101A80002D0E760A1B0EC90FFF2D06D1002C13D187
:101A9000FF2B11D1002E06D00EE0FF2B0CD09D4263
:101AA0000AD1B44208D100208A4205D00130002D6D
:101AB00002D12000431E984170BD30B5420245005E
:101AC0004C02C30F4800520A2D0E640A000EC90FC3
:101AD000FF2D01D1002A19D1FF2801D1002C15D1E9
:101AE000002D20D1002813D1002A1ED1002C21D096
:101AF000012000291ED102381CE08542F8DBA242F9
:101B00000CD80020A24215D20130F2E7022008E0F2
:101B1000002AEDD099420AD18542EEDD012000294C
:101B200008D0404206E00028F4D1002CF2D1012078
:101B3000002BF6D130BD30B5420245004C02C30F38
:101B40004800520A2D0E640A000EC90FFF2D01D164
:101B5000002A19D1FF2801D1002C15D1002D20D148
:101B6000002813D1002A1ED1002C21D001200029E9
:101B70001ED102381CE08542F8DBA2420CD80020BE
:101B8000A24215D20130F2E7022011E0002AEDD086
:101B900099420AD18542EEDD0120002908D0404259
:101BA00006E00028F4D1002CF2D10120002BF6D160
:101BB00030BD0000F0B5C30F85B04702440003916B
:101BC0007F0A240E02930AD0FF2C71D080227F3C22
:101BD00026000023FF00D204174301930CE00123E9
:101BE0003E1E019308D03800EEF7D4FB7626431F43
:101BF0009F407642361A0194039B5C025D00DB0F26
:101C0000640A2D0E03935AD0FF2D64D08023280040
:101C1000E400DB041C437F38002301998619880007
:101C2000721C18430A2800DD7EE00299039D69407A
:101C30000291022855DC0138012864D9B9B20D009F
:101C40003B0C200CA4B2654341435C434343091958
:101C50001F002B0C5B189C4202D9802149027F187F
:101C60001904ADB24D19AC01611E8C411B0CAD0EB7
:101C7000DB192C439B011C431B0167D50123610821
:101C80001C400C4310007F30002861DD630704D046
:101C90000F232340042B00D00434230103D58032CA
:101CA00010003F4B1C40E108FE2834DD00214BE0D2
:101CB000032326000193002F9ED1013B8DE72000D6
:101CC0000123002CA9D0EEF765FB431F9C4076232F
:101CD0005B42181AA0E728000323002C9DD1013B8A
:101CE0009BE701218140A6200D00C0000540014274
:101CF0001ED190208000014246D1B938FF38014200
:101D00009CD003990291022BD0D0032B42D000210A
:101D10000800012BB6D1029B4902490AC0050843BD
:101D2000DB07184305B0F0BD0F2804D00B28E8D01E
:101D30003C00019BE7E78023DB031F4201D01C42EC
:101D400026D08021C9033943FF20E4E7320099E718
:101D5000012300211B1A08001B2BDCDC9E32210012
:101D60009440D940631E9C4121434B0704D00F236C
:101D70000B40042B00D0043180230800DB04184002
:101D8000194209D1C908C6E780270295FF03D8E7A1
:101D9000039B02932700D4E700210120BBE7C04644
:101DA000FFFFFFF7F0B543025A0A85B04F02440027
:101DB00002924E007A0A9446C50F0092240E9B09A7
:101DC000360EC80FD200FF2E02D10100002A01D129
:101DD00001214140A01BA94200D093E0002836DD3C
:101DE000002E13D1002A07D0461E012802D101245B
:101DF0009B181EE0FF2810D1DB08FF285ED1002BC6
:101E00005CD08022D203FF20134357E0FF2C00D187
:101E10003DE180210600C9040A4301211B2E07DC95
:101E20002020801B11008240F140501E824111434E
:101E30005B185A0100D411E1601CFE2C00D1D5E0E2
:101E4000012296491A405B080B40134358E00028D2
:101E500020D0301B002C08D1002B04D0441E0128B8
:101E6000C5D0FF2808D11300C6E7FF2E00D107E137
:101E700080210400C9040B4301211B2C07DC202016
:101E8000001B19008340E140581E83411943340070
:101E90008B18CEE7FE21601C08422DD1002C18D1F2
:101EA000002B00D1EAE0002A00D1DEE09A182000E1
:101EB000D308520102D50120794A1340FF22C00500
:101EC000D2055B0210405B0A1843ED07284305B0BA
:101ED000F0BD002B00D1D5E0002A00D1D3E0802155
:101EE0000298C903884203D30098884200D21300A5
:101EF000DB089C46019580E0FF2877D09B185B08A3
:101F00000400ABE0002827DD002E1DD1002A00D1FF
:101F100072E7461E012802D19B1A01240EE0FF2819
:101F200000D169E701211B2E07DC2020801B110056
:101F30008240F140501E824111435B1A5A0100D485
:101F40008CE09B019E096FE0FF2C00D19FE0802177
:101F5000C90406000A43E5E7002824D0301B002C02
:101F60000BD1002B07D0441E012802D10D00D31A3B
:101F7000D3E7FF2808D10D0075E7FF2E00D184E0DC
:101F80008024E4042343040001201B2C07DC1800F8
:101F90002025E0402C1BA3405C1EA34118433400C5
:101FA0000D00131ACAE7FE27661C03963E400196F1
:101FB000039E3E4233D1002C1AD1002B06D11D00C6
:101FC000002A00D17AE70D00009B77E7002A4CD069
:101FD0009E1A770106D50D00D31A0020834200D146
:101FE0006CE78DE7331E00D006E72500002365E788
:101FF000002B05D1002A4CD001916346019D00E7DA
:10200000002A40D08020029CC003844200D26FE7A7
:10201000009C844200D36BE713000D0068E79E1A12
:10202000770114D50D00D61A3000EEF7B3F933005E
:102030000538834084420EDC2022001B0130121A36
:1020400019009340C1405A1E93410B43C5E7002E2F
:10205000EAD10500CAE7134A241A13405A0704D0EC
:102060000F221A40042A00D004335A010FD5601CF5
:10207000FE2CBBD00A4ADB0813401FE71300ACE775
:102080003000F0E61300FF20B6E6300073E72000D2
:10209000B2E68023DB039C46AFE7C046FFFFFF7D2F
:1020A000FFFF7F1FFFFFFFFB41024300C20F490AF2
:1020B00000201B0E7E2B03DD9D2B02DD084BD0186C
:1020C0007047802000040843952B05DD963B98401F
:1020D000002AF5D04042F3E79621CB1AD840F7E723
:1020E000FFFFFF7F70B503000400051E0ED0C2176E
:1020F00085185540C40F2800EEF74CF99E231B1A93
:10210000962B0ADC08282BD0083885406D026D0A12
:10211000D8052843E407204370BD992B1BDD02003E
:1021200029001B3291400A00511E8A410521091ADB
:10213000CD4015430B4A2A4069070FD00F210D40AF
:10214000042D0BD00432D508510107D59F23064A30
:102150001B1A1540DAE7421F9540EBE7D508D5E793
:102160009623D3E7FFFFFFFBFFFF7F1F002310B580
:102170000400984209D0EEF70DF99E231B1A962B06
:1021800008DC082829D0083884406402D805640A8D
:10219000204310BD992B1BDD020021001B32914012
:1021A0000A00511E8A410521091ACC4014430C4AE9
:1021B000224061070FD00F210C40042C0BD00432B9
:1021C000D408510107D59F23064A1B1A1440DCE7A7
:1021D000421F9440EBE7D408D7E79623D5E7C046E3
:1021E000FFFFFFFBFFFF7F1FF7B5DF0FBC460D03AF
:1021F0004C001E03C90F00916D0A410F760A570F5C
:10220000294337435D00009E640D6D0DC000D20070
:10221000631B664500D02EE1002B00DC7AE0002D28
:102220003CD13D0015431ED05D1E012B18D18218F4
:1022300082428041C9194042091810000A0200D4A4
:1022400002E1BA4A0133934200D18AE2B84C420813
:102250000C40012101400A43E00710436108F3E00C
:10226000B24EB34222D14C07CA08B049C008044359
:102270008B4206D12100114300D175E28021090370
:102280000A432000AB4C1B0512032340120B1343DF
:10229000009AD2071343190003B0F0BDA34DAC421E
:1022A00000D1DDE180252D042F431D00382D2CDCCD
:1022B0001F2D19DC20233E005B1B9E40B4461600F8
:1022C0000193EE4063461E43019BEF409A4013008A
:1022D0005A1E934133431B18834280417918404270
:1022E000091818002300A9E72B003E00203BDE4020
:1022F0000023202D03D040335B1B9F403B00134342
:102300005A1E934133430027E5E73B0013435A1E0F
:102310009341F8E7002B50D02B1B002C12D10C005E
:1023200004430CD05C1E012B06D1801890429241D0
:10233000C9195242891881E77C4EB3420AD139004B
:10234000100090E7794CA54200D104E280242404D7
:1023500021431C00382C2BDC1F2C18DC20230E0002
:102360001B1B9E40B44606000193E64063461E4395
:10237000019BE14098400300581E83413343981865
:1023800090429241C91952422B00891856E7230006
:102390000E00203BDE400023202C03D040331B1BCB
:1023A00099400B000343591E8B4133430021E6E75C
:1023B0000B000343591E8B41F8E75F4D631C2B4212
:1023C00034D10B000343002C14D1002B00D1BDE10C
:1023D0003B00134300D11EE1821882428041C9199B
:1023E000404209180B0200D4B1E1514B10001940D2
:1023F000012338E7002B00D1ADE13C004B4B1443E7
:1024000000D130E74B07C0081843CB0880210903EF
:102410000B4206D0FC080C4203D12300D0087F07F2
:102420003843410FDB001943C00019E13F4CA34280
:1024300000D196E1821882428041CF1940423F1874
:10244000F807520810437908420709D00F220240CA
:10245000042A05D0021D8242804140420918100022
:102460000A0200D4FFE6314A0133934200D178E1F9
:102470002F4A1140F7E6002B60DD002D36D13D00DC
:10248000154300D1EFE65D1E012B0DD1821A90425B
:102490008041C91B4042091A10000A02D4D54902E2
:1024A0001C004D0A019008E1204EB34200D1DAE64B
:1024B000382D35DC1F2D22DC20233E005B1B9E4087
:1024C000B44616000193EE4063461E43019BEF4065
:1024D0009A4013005A1E93413343C31A98428041D5
:1024E000C91B4042091A18002300D6E70F4DAC4221
:1024F00000D1B5E080252D042F431D00D8E72B0027
:102500003E00203BDE400023202D03D040335B1BE8
:102510009F403B0013435A1E934133430027DCE79F
:102520003B0013435A1E9341F8E7C046FF070000E3
:10253000FFFF7FFF0000F07FFE070000002B54D05C
:102540002B1B002C15D10C0004430FD05C1E012B5B
:1025500009D1101A824292416346791A524200937D
:10256000891A012399E7814EB3420AD1614600914D
:10257000E5E67E4CA54200D1EBE080242404214313
:102580001C00382C2CDC1F2C19DC20230E001B1BFC
:102590009E40009333000600E6401E43009BE1404E
:1025A00098400300581E83413343D01A824292411F
:1025B000791A5242891A62462B0000926DE7230075
:1025C0000E00203BDE400023202C03D040331B1B99
:1025D00099400B000343591E8B4133430021E4E72C
:1025E0000B000343591E8B41F8E7614E651C3542D1
:1025F00050D10E003D0006431543002C28D1002E7B
:102600000FD1190018000093002D00D12BE63900DE
:1026100010006346009303000B4300D19EE00023AB
:1026200012E7002DF7D0851AA842B641CC1B76429E
:10263000A41B260206D5101A82429241791A5242F0
:10264000891AE6E7280020435CD021002800E2E751
:10265000002E07D1002D7CD1802118000093C903E2
:10266000424B00E6414B002D00D1FCE54B07C00872
:102670001843CB08802109030B4200D1D1E6FC08A6
:102680000C4200D0CDE6D00862467F0723003843D5
:102690000092C6E6851A0195A842AD416D422E0012
:1026A000CD1BAD1B2E022AD5131A9A4292410193DB
:1026B00063467F1A5242BD1A0093002D25D0280090
:1026C000EDF768FE0300083B202201990198D21A19
:1026D0009D40D140984029439C4233DC1B1B5A1C2F
:1026E0001F2A1EDC20230D009B1A040098409D40E9
:1026F000D440431E98412543D14028438BE701989D
:102700002843DAD101000090ADE50198EDF742FED3
:10271000030018331F2BD7DD0199083881402800AA
:10272000DAE70C001F3BDC400023202A03D04033B3
:102730009B1A99400B0003435A1E9341200000212D
:10274000184368E70B4AE31A11407DE63900100090
:1027500061E7634600933900100081E71900180013
:1027600081E5002108007EE50A008AE5FF070000F8
:10277000FE070000FFFF7FFFF0B589B000920193D4
:102780000D034B00CA0F060004002D0B5B0D0392D6
:1027900045D0644A93426BD0420FED00154380222E
:1027A00012042A430292604AC4009F180026019B2B
:1027B000019A1D03D20F5B0000982D0B5B0D069252
:1027C00066D0584A934200D189E0ED005649420F45
:1027D0002A4380255B189C462D041543C200002126
:1027E000069B03985840C3B205936346B000084364
:1027F000FB1A013804930E2800D999E0EDF774FC18
:102800008E002D02D3012D021E022D02D3018E0057
:102810008E001E02D3017E007E007E00C5012B00CB
:10282000034302932CD0002D15D02800EDF7B2FD04
:10283000010003000B391D22521A31001800D1404B
:10284000083885400A002A43350085400292374FF8
:102850002C00FF1AAAE7EDF79DFD010003001531DA
:1028600020331C29E7DD3200083882400292EEE76F
:1028700002002A43029207D114001F00022696E7A5
:10288000029C0126270092E71F00032602958EE78F
:10289000009A2A432AD0002D15D02800EDF77AFDA2
:1028A000010002000B391D2310005B1A0099083843
:1028B0008540D9402943009D85401C4B9B1A9C466E
:1028C0002A000D008BE7EDF765FD010002001531D0
:1028D00020321C29E7DD009908388140EDE7009A95
:1028E0002A4307D115009C46022179E7150094463A
:1028F000012175E702009C46032171E73100039B2B
:102900000593022900D1ACE1032900D1A2E10129FC
:1029100000D001E100242300220026E100231C0056
:10292000004A22E1FF07000001FCFFFF0DFCFFFF52
:10293000029B9D4204D300D022E1A24200D91FE1B4
:10294000029BE607D907630819430C00029B5B084A
:10295000029313022D02170E00932B0C2F430693A4
:102960000699BBB202980393EDF704FCBBB2434354
:102970000A04210C050011438B4207D9C919013DF6
:102980008F4203D88B4201D9851EC919C81A0699EE
:10299000EDF7F0FBBAB242430904A4B203000C43C2
:1029A000A24207D9E419013BA74203D8A24201D9A8
:1029B000831EE4192D041D43A41A009B009A1B0CCE
:1029C00012040393120CABB207925A430798029277
:1029D000039A290C484353435143029A1B18120C83
:1029E00094466344984202D9802252028918029A7E
:1029F000180C12041B04120C40189A18844203D3BA
:102A000002951ED196421CD26B1E0293009BF618B3
:102A10009E429B415B42DB19E418A74203D310D1CD
:102A2000009BB3420DD8A04202D80AD1B24208D9C5
:102A3000AB1E0293009BF6189E429B415B42DB1942
:102A4000E418B51AAE42B641201A7642801B87427E
:102A500000D1ADE00699EDF78DFBBBB243430A040C
:102A6000290C040011438B4207D9C919013C8F423C
:102A700003D88B4201D9841EC919C81A0699EDF7EB
:102A800079FBBBB243430904ADB202000D43AB4234
:102A900007D9ED19013AAF4203D8AB4201D9821EE2
:102AA000ED19ED1A2304039E1343079907981C0C94
:102AB0009AB2514360437243744312180E0CB21819
:102AC000904202D9802040022418100C09041204FC
:102AD000090C00195118854204D31C00854219D1F4
:102AE000002919D07D195C1EBD420ED3854203D347
:102AF00010D1009A8A420AD29C1E009B5A009A4228
:102B00009B415B42DB19ED180092854202D1009B8C
:102B1000994201D001231C43049B554A9A18002A6C
:102B200049DD63070BD00F232340042B07D0231D5F
:102B3000A342A4410299644209191C000291029B1C
:102B4000DB0108D54B4B029A1A408023DB009C46E0
:102B50000292049A6244484B9A4200DD81E0029B53
:102B6000E4085B071C43029BDB081B0312051B0BDD
:102B70001343059A2000D2071343190009B0F0BD92
:102B8000049B0026013B0493E3E6802302991B0388
:102B9000194201D01D4258D08023029A1B031343CF
:102BA000039A0592BCE6069B140005930295A8E6DD
:102BB00001246442B0E70121891A382900DDA9E621
:102BC0001F2926DC2D4A049B9446634420009C4028
:102BD000029AC8409A4023000243581E83411A4378
:102BE000029B1400CB40620709D00F222240042A26
:102BF00005D0221DA242A44164421B191400802169
:102C00001A0009040A400B422ED1E1085C070C436C
:102C1000AAE71F235B429B1A029ADA40002320296D
:102C200006D01749049B8C460299634499400B00D7
:102C30001C43631E9C4100231443D4E700231C0063
:102C4000039380231B030293A6E7069B14000393C0
:102C50000295A1E7059B03939EE700231C001A0041
:102C600083E7002423005BE6002301221C007CE7AD
:102C7000FF030000FFFFFFFEFE0700001E04000030
:102C80003E040000F0B50F0087B006000490F80F76
:102C900003901803000B5C000290600D0190D80FA8
:102CA000844618480D0349002D0B490D05928142B9
:102CB00007D12C00012034431FD1019C8C421CD130
:102CC00002E0019C844204D1029802430120002AC0
:102CD00013D1019B012099420FD1029B9D420CD13F
:102CE000049B059A934208D1039B634507D00029B2
:102CF00003D128003043431E984107B0F0BD0020A7
:102D0000FBE7C046FF070000F0B587B000900191D7
:102D100000990198049101992C4F0903090B8C46E5
:102D20000199C50F4900490D1C03580003910592F4
:102D3000240B400DDE0FB94203D1674600990F43C3
:102D400035D12249884202D1270017432FD10027CD
:102D50000399B94205D16146009F0F4339004F42A4
:102D60004F41002825D12243002F06D0002A2AD027
:102D70000120002E27D1023825E0002A1BD1012096
:102D8000002D20D040421EE0039B8342F0DBA4458F
:102D9000F5D808D1049B059A9342F0D8049B059A74
:102DA000002093420FD20120002D0CD1E3E7022036
:102DB000E8E7002FDCD1AE42E1D1039B8342E3DDA3
:102DC0000120002EDED107B0F0BDC046FF07000095
:102DD000F0B587B000900191009901980491019994
:102DE0002C4F0903090B8C460199C50F4900490D69
:102DF0001C03580003910592240B400DDE0FB942CD
:102E000003D1674600990F4335D12249884202D148
:102E1000270017432FD100270399B94205D16146F6
:102E2000009F0F4339004F424F41002825D12243D4
:102E3000002F06D0002A2AD00120002E27D10238E8
:102E400025E0002A1BD10120002D20D040421EE0A9
:102E5000039B8342F0DBA445F5D808D1049B059A77
:102E60009342F0D8049B059A002093420FD2012090
:102E7000002D0CD1E3E7022009E0002FDCD1AE42A7
:102E8000E1D1039B8342E3DD0120002EDED107B0B8
:102E9000F0BDC046FF070000F0B58BB00092019373
:102EA0000D034B00CA0F06002D0B5B0D039200D1E2
:102EB00011E1CE4A934200D135E1ED00420F2A43A1
:102EC00080252D041543CA4AC4009B181F00002307
:102ED0000293019B00981E035A00DB0F360B520D24
:102EE000049300D12EE1C14B9A4200D150E1430F2F
:102EF000F60033438026BE4936041E43C3005018F3
:102F00000022C119069101310091029988001043F5
:102F10000A2800DD76E10399049F79400391022895
:102F200000DD44E10138012800D853E1190C9BB2BF
:102F300002911900220CA4B2514320008C46029F3A
:102F4000029958435143674305916744010CC919DD
:102F500004908C4505D9802040028446059F674433
:102F60000597080C84466846008A090409180991E7
:102F7000310CB6B2049130003100049F61435043DC
:102F80007C437A4324180F0C3C19A04202D98020BC
:102F900040021218200C8218240489B20792621889
:102FA0000892089962468C46290CADB22800029F0F
:102FB00058436F434B4362449446029CFF18020CF3
:102FC000D2194C43934202D980235B02E418130CBC
:102FD0001B1902932B0080B2120412180498734339
:102FE00045434E434143A8191D0C2D18AE4202D94A
:102FF000802040020918059F089867448742B6411F
:10300000BF189742924128049BB2C018079B764292
:10301000C01853420493029B84199C46A4446346FF
:10302000049AB442A4419B18079A6442904280419A
:10303000029A4042044394458041049A2D0C9342E5
:1030400092414042524210436419099A241864186C
:10305000790211434A1E9141FF0DDE0D640239438E
:103060005B0226430B43E40100D4DEE001215A0851
:103070000B401A43F307CE401343009A5D495218A0
:10308000002A00DCD4E0590709D00F211940042997
:1030900005D0191D99429B415B42F6180B00F101C6
:1030A00006D58021C9008C46534A1640009A6244D6
:1030B00052498A4200DD07E17407DB081C43F60829
:1030C00013053603039A360B3343D207134320000C
:1030D00019000BB0F0BD2C0004432BD0002D16D0EE
:1030E0002800EDF757F9040002000B3C1D233000C7
:1030F0001B1B1100D84008398D4003002B433500BD
:103100008D403F492C008A1A17001D00DFE6EDF7BD
:1031100041F904000200153420321C2CE6DD330096
:1031200008388340EDE704002C4307D11F00250039
:103130000223CDE6250027000123C9E61F00040075
:103140000323C5E6009B334329D0002E14D0300062
:10315000EDF720F9010003000B391D221800521A67
:10316000009908388640D1403143009E864024486B
:10317000C01A33000E00C3E6EDF70CF9010003009E
:10318000153120331C29E8DD009908388140EEE72D
:10319000009B334307D110001E000222B1E61E003F
:1031A00018000122ADE6030010000322A9E6012168
:1031B0008140A6200F00C0000740014226D1902088
:1031C0008000014276D1B938FF38014200D1ADE626
:1031D00004990391022A77D0032A72D0012A00D0E1
:1031E0004BE70026340032006AE7C046FF070000C4
:1031F00001FCFFFFFF030000FFFFFFFEFE070000D2
:103200000DFCFFFF0F2805D00B28E1D02E00230076
:10321000029ADFE780221203154201D016424ED0F7
:10322000802636032E432C4A4AE7069A009224E76A
:103230000120801A3828D4DC1F2827DC2749009A6F
:103240008C461C006244310093409140C4401A00F7
:103250002143531E9A410B00C64013435A0709D01D
:103260000F221A40042A05D01A1D9A429B415B4244
:10327000F618130080213000090408400E4226D1C0
:103280007407DB0802001C43F60819E71F214942B6
:103290008A1A3100D1400022202805D01048009A17
:1032A000844662449640320013435A1E93410026DE
:1032B0000B43D3E780253C0003972D03B0E7049A26
:1032C000039235001C00ABE700263400ABE7002674
:1032D00001223400F4E6C046FF0700001E0400008F
:1032E0003E040000F0B585B002920393CB0F0D03AE
:1032F0000193039B4C006D0A410F1F032943DE0F0E
:103300005D00029B7F0A5B0F029A3B43BD4F640D39
:10331000C0006D0DD200BD4203D11F00B44617435B
:1033200002D101277740BC46019E671BB44500D0FF
:103330002DE1002F00DC7AE0002D3CD11D0015436B
:103340001ED07D1E012F18D1821882428041C918DB
:103350004042091810000B0200D401E1A94B0137CB
:103360009F4200D185E20122A74B02401940430849
:103370001343C80718434908F2E0A24EB74222D1CE
:103380004A07CB089F49C00802438F4206D111006B
:10339000194300D170E2802109030B4310009B4ABE
:1033A0003F051B0317401B0B1F43019BDB071F43FC
:1033B000390005B0F0BD934DAC4200D1D8E1802575
:1033C0002D042B433D00382D2CDC1F2D19DC20262D
:1033D0001F00761BB740BC4617000296EF406646BA
:1033E0003743029EEB40B2401600721E96413E43A8
:1033F000361886428041591840420918270030008B
:10340000A9E72E001F00203EF7400026202D03D004
:103410004036761BB3401E001643731E9E413E434A
:103420000023E5E713431E00731E9E41F8E7002FBB
:1034300050D02F1B002C12D10C0004430CD07C1E4A
:10344000012F06D1801890429241C9185242891822
:1034500081E76C4EB7420AD11900100090E7694C21
:10346000A54200D1FEE18024240421433C00382CF5
:103470002BDC1F2C18DC20260F00361BB740BC4667
:1034800007000296E74066463743029EE140B0409F
:103490000600701E86413E43B01890429241C91802
:1034A00052422F00891856E726000F00203EF740B1
:1034B0000026202C03D04036361BB1400E000643B8
:1034C000711E8E413E430021E6E701430E00711E4E
:1034D0008E41F8E74E4D671C2F4233D10D00054356
:1034E000002C14D1002D00D1B7E11C00144300D1F1
:1034F00019E1821882428041C918404209180B0222
:1035000000D4ABE1404B10000127194038E7002DF3
:1035100000D1A7E11C00144300D129E14C07C008E9
:1035200020438024C9082403214206D0DD08254217
:1035300003D12900D0085B071843CA00410F11438B
:10354000C00015E12F4CA74200D192E182188242BF
:103550008041CB1840421B18D80752081043590825
:10356000430709D00F230340042B05D0031D8342DA
:1035700080414042091818000B0200D400E7214B9B
:1035800001379F4200D174E11F4B1940F8E6002F2C
:103590005FDD002D3ED11D00154300D1F0E67D1EFC
:1035A000012F0DD1821A90428041C91A4042091A56
:1035B00010000B02D4D549023C004D0A029003E1F1
:1035C000104EB74200D1DBE6382D3DDC1F2D2ADC42
:1035D00020261F00761BB740BC4617000296EF401E
:1035E00066463743029EEB40B2401600721E96417B
:1035F0003E43861BB0428041C91A4042091A270047
:103600003000D6E7FF070000FFFF7FFF0000F07FDC
:10361000FE070000994DAC4200D1A9E080252D04A1
:103620002B433D00D0E72E001F00203EF740002630
:10363000202D03D04036761BB3401E001643731E68
:103640009E413E430023D4E713431E00731E9E4158
:10365000F8E7002F51D02F1B002C14D10C0004438D
:103660000ED07C1E012F08D1101A82429241591AA5
:103670005242891A634601939BE7804EB7420AD1B2
:1036800061460191E8E67D4CA54200D1E8E0802446
:10369000240421433C00382C2ADC1F2C17DC202674
:1036A0000F00361BB74001963E000700E740374346
:1036B000019EE140B0400600701E86413E43901BD3
:1036C00082429241591A52422F00891AD2E72600AB
:1036D0000F00203EF7400026202C03D04036361B3A
:1036E000B1400E000643711E8E413E430021E6E7C5
:1036F00001430E00711E8E41F8E7614E651C354294
:103700004FD11D000E0015430643002C28D1002E7A
:103710000FD1210020000194002D00D130E61900C6
:1037200010006346019303000B4300D19DE0002786
:1037300016E7002DF7D0851AA842B641CC1A76427A
:10374000A41B260206D5101A82429241591A5242EF
:10375000891AE6E7280020435BD021002800E2E731
:10376000002E07D1002D7BD1802138000197C9039D
:10377000424F05E6002DFBD04C07C00820438024B3
:10378000C9082403214208D0DD08254205D15B0782
:10379000D0081843634629000193CB00410F194319
:1037A000CEE6851A0295A842AD416D422E00CD1A93
:1037B000AD1B2E022AD5101A824292415B1A524248
:1037C0009D1A634602900193002D25D02800ECF746
:1037D000E1FD08380700202302990298DB1BBD4059
:1037E000D940B8402943BC4233DC3F1B7A1C1F2A16
:1037F0001EDC20230D009B1A040098409D40D440FD
:10380000431E98412543D14028438CE70298284322
:10381000DAD101000190B3E50298ECF7BBFD070097
:1038200018371F2FD7DD0299083881402800DAE7C2
:103830000C001F3FFC400023202A03D040339B1A7A
:1038400099400B0003435A1E934120000021184366
:1038500069E70C4BE71B194082E61900100062E78C
:10386000614601911900100082E7190018001F003D
:1038700086E50021080083E50B008FE5FF070000C7
:10388000FE070000FFFF7FFF0B0070B5114E0C0319
:1038900049000200240B0020490DDD0FB14204DD78
:1038A0000D48814202DD0D4BE81870BD80204003B9
:1038B00020430B4C641A1F2C08DC0A4EE240891985
:1038C00088401043002DF0D04042EEE7064B5B1AD3
:1038D000D840F7E7FE0300001D040000FFFFFF7F54
:1038E00033040000EDFBFFFF1304000070B503007C
:1038F00004000200051E11D0C21785185540C40FE0
:103900002800ECF747FD0C4B1B1A0A280FDC0B2292
:103910002900121AD14015300A0085401203120BFB
:103920001B051343E40723432800190070BD2A0038
:103930000B3882400025F1E71E04000010B503009B
:103940000400021E0CD0ECF725FD0B4A121A0A28BF
:103950000DDC0B2321001B1AD94015300B008440CD
:103960001B031B0B12051A432000110010BD23007E
:103970000B3883400024F3E71E040000FE2270B5DC
:103980004400240E4302611C5D0AC60F11420DD093
:10399000E0229200A4181B0B6D071B031B0B2405D0
:1039A000F6071C4334432800210070BD002C18D1B9
:1039B0002300002DF1D02800ECF7ECFC0A280ADCEB
:1039C0000B232A001B1ADA4013000200153295401F
:1039D000094C241AE1E703000B3B9D402B00250016
:1039E000F6E7002D06D01A0B80231B036D07134347
:1039F000024CD2E72B00FBE789030000FF07000021
:103A00000A03F0B5520A4B00460F5B0D1643304ACD
:103A10005D1CCC0FC700154241D02E4A9D18FE2DCB
:103A200054DC002D32DC2A0017324BDB80210904E4
:103A300031431E26761B1F2E16DC274A9B183A00A0
:103A40009F409940781E8741F2400F433A4300233C
:103A5000510739D00F211140042935D004325101CA
:103A600032D50133002228E0022208005242521BC4
:103A7000D04002000020202E03D018481B18994087
:103A800008003843431E98410243E0E78201531E79
:103A90009A41F6007F0F32432B003A43D8E73A00B1
:103AA0003243002B03D1002A07D00122D6E7FF239F
:103AB000002A02D08022D2033243D8051043E40703
:103AC0002043F0BD0023F0E7D208F6E7FF23C9E763
:103AD000FE07000080FCFFFF82FCFFFFA2FCFFFF4F
:103AE00010B50A22002100F08FF810BDF0B585B0A6
:103AF00017001E0003900191242B23D80C00012BEA
:103B000020D03D4B08229C46230061461D7801349D
:103B1000485D010011401042F6D12D2D19D12578B4
:103B20009C1C012300931022330093431DD1302DA0
:103B300015D1202123788B43582B10D1657802347E
:103B4000102612E000F0EAF816230360002005B00A
:103B5000F0BD00912B2DE6D125789C1CE3E7002ECB
:103B6000EED10A36302D00D1023E244A009B944605
:103B70006344310018000293ECF7FCFA00228446FB
:103B800010002B00303B092B11D81D00AE421DDD6B
:103B9000531C09D001225242844505D301D1A942C8
:103BA00011DB01227043281825780134E9E72B0046
:103BB000413B192B01D8373DE8E72B00613B192B1E
:103BC00004D8573DE2E701225242EDE7531C08D1E9
:103BD0002223039A02981360002FB8D0631E01932A
:103BE00007E0009B002B00D04042002FAFD0002AFE
:103BF000F4D1019B3B60AAE717770108FFFFFF7F25
:103C000010B5FFF773FF10BD10B5044C13000A0088
:103C100001002068FFF76AFF10BDC0465C0100206C
:103C20000EB48123F0B500269CB021AD02AC9B0000
:103C300080CDA3811B9602900690ECF7DFFB0B4B27
:103C400003900B930123079009485B42E3813A00FC
:103C50002B00210000680F961496019500F054FB8C
:103C60001CB0F0BC08BC03B01847C046753C010846
:103C70005C0100200020704770B5060014000800A9
:103C80001A009AB0002C05DA8B23012033604042E1
:103C90001AB070BD8223694600259B008B8119955F
:103CA00000900490AC4200D0651E01235B42CB81A2
:103CB00030001E9B8D604D6100F0C6F9431C01DA97
:103CC0008B233360002CE3D00022009B1A70DFE7C7
:103CD00013B5044C009313000A0001002068FFF79D
:103CE000CBFF16BD5C01002003008218934200D177
:103CF000704719700133F9E730B50500101E0BD07D
:103D00000024013A2B5D085D834204D1944202D025
:103D10000134002BF6D1181A30BD0000014B186891
:103D20007047C0465C01002070B500260C4C0D4D5C
:103D3000641BA410A64209D1002601F0F5F90A4C33
:103D40000A4D641BA410A64205D170BDB300EB5808
:103D500098470136EEE7B300EB5898470136F2E793
:103D600020780108207801082478010820780108CB
:103D700070477047002310B59A4200D110BDCC5C4B
:103D8000C4540133F8E7000070B505000C1E10D0D4
:103D9000043C2368002B00DAE418280000F0E0F867
:103DA0001D4A1368002B05D163601460280000F0E1
:103DB000DFF870BDA34208D9206821188B42F3D1E7
:103DC00019685B6809182160EEE71A005B68002B30
:103DD00001D0A342F9D911685018A0420BD1206834
:103DE0000918501811608342E0D118685B684118C7
:103DF00011605360DAE7A04202D90C232B60D5E7AB
:103E0000206821188B4203D119685B68091821606A
:103E100063605460CAE7C0466C18002070B50F4E4E
:103E20000D0031680400002902D100F031FF30603C
:103E30002900200000F02CFF431C03D101256D4216
:103E4000280070BD0323C51C9D43A842F8D0291A41
:103E5000200000F01DFF0130F2D1EFE768180020CC
:103E6000F7B50322CB1C9343083305001F000C2B2E
:103E700034D20C27B94233D8280000F071F8374EFD
:103E800033681C00002C2FD139002800FFF7C6FF33
:103E90000400431C5FD134680094009B002B4AD17E
:103EA000002C52D023682800E3180099019300F0F9
:103EB000EFFE019B834248D123682800FF1A390096
:103EC000FFF7ACFF013040D02368DB192360336873
:103ED0005A68002A33D1009B336019E0002BC9DAFD
:103EE0000C232B600020FEBD2168C91B20D40B29A8
:103EF0000AD9E2192760A34204D1326063681160D5
:103F0000536005E05A60F9E76268A3420ED132605F
:103F1000280000F02DF8200007220B30231D9043CD
:103F2000C21A9842DFD01B1AA350DCE75A60EFE7B1
:103F300023006468A6E7009C63680093ADE71A005D
:103F40005B68A342FBD10023DAE70C2328002B6037
:103F500000F00EF8C6E70760DAE7C0466C180020EC
:103F600010B50248FFF704FF10BDC04664180020DA
:103F700010B50248FFF7FDFE10BDC04664180020D2
:103F8000F0B58E6885B01F000C00330002900392DC
:103F9000BE4254D80C22885E9022D20010422CD00F
:103FA0000322096923685B1A019363695343019AE9
:103FB000DD0FED187B1C6D109B182A00AB4201D958
:103FC0001D001A00400527D511000298FFF748FF91
:103FD000061E2AD0019A2169FFF7CCFEA289194B4F
:103FE0001A4080231343A381019B2661F6182660A3
:103FF00065613E00ED1A3B00A5601F003A00039981
:10400000206800F033FE0020A3689B1BA360236898
:10401000DB19236005B0F0BD029800F056FE061EC5
:10402000E2D121690298FFF7AFFE0C230120029A2A
:1040300040421360A28934331343A381EAE73E0070
:10404000DCE7C0467FFBFFFFF0B59FB002901C008D
:104050008B890E0015001B0611D50B69002B0ED1A4
:104060004021FFF7FDFE30603061002805D10C23B0
:10407000029A136001204042D4E040237361002380
:10408000292102AA52180B9320331370013102AA7E
:1040900010335218137005942C002378002B01D094
:1040A000252B48D1671BAC420BD03B002A003100C6
:1040B0000298FFF765FF013000D1AEE00B9BDB19E2
:1040C0000B932378002B00D1A7E00122532100237A
:1040D0005242079202AA5218651C0693099308934C
:1040E00013701C93554F29780522380000F0E2FD2B
:1040F0006C1C069906AB00281FD1CA0604D55327AD
:10410000202202A8C01902700A0704D553272B22C7
:1041100002A8C01902702A782A2A15D02C00002083
:104120000A27DA682178651C3039092950D9002816
:1041300011D009920FE00134AFE70123C01B834087
:104140000B4325000693CDE7059A101D12680590D4
:10415000002A37DBDA6022782E2A0CD162782A2AEC
:104160003BD1059A0234111D12680591002A01DA2B
:10417000012252425A60324D03222800217800F079
:1041800099FD06AF002806D04023401B8340069AC5
:10419000013413430693217806222A48651C397698
:1041A00000F088FD00283FD0274B002B29D10722A3
:1041B000059B07339343083305930B9B03995B18C7
:1041C0000B9369E75242DA6002220A430692C2E781
:1041D0007A432C0001205218A4E700220A205A60DA
:1041E0001100130001342278651C303A092A03D9E2
:1041F000002BC0D00791BEE741432C000123891852
:10420000F1E705AA009239003200104B029800E055
:1042100000BF0390039B0133CFD1B3890B985B069A
:1042200000D527E71FB0F0BD05AA00923900320083
:10423000064B029800F03AFAEBE7C046216C010801
:10424000276C01082B6C010800000000813F010869
:1042500070B514004B1C03D101256D42280070BDC0
:10426000938920229343626BA381CEB26368CDB25F
:10427000002A10D0A26B9A4207DD2368013B23601D
:104280001E70636801336360E8E7210000F0B0FC52
:104290000028F2D0E0E721692268002907D0914286
:1042A00005D2511E0878A84201D12160EAE72364B3
:1042B0002300443363630323A36323004633E26391
:1042C0001E7023600123DEE710B50C00496B002946
:1042D0000ED023004433994201D0FFF755FD002052
:1042E000236C60636360834202D0E36B236010BD84
:1042F0002369012023600023A289636020331343D4
:10430000A3814042F3E70000F0B5AA4C0D00002164
:10431000A5440190BE204891499105A94A91A6491A
:1043200045AC40002150A549043021500493137836
:104330000293002B00D13BE1A14E0820F15C082341
:10434000571C0B4001421CD06B68002B10DD08216C
:104350002B681A78B25C0A4201D13A00E7E7226979
:104360000133013222616A682B60013A6A60EBE72F
:10437000C0235B002900E358019898470028E6D045
:10438000EBE70299252962D1A360236053782A2B99
:1043900002D11A3B2360971C3E000A223178771C19
:1043A0000B00303B092B1FD9864B032218000393C7
:1043B00000F080FC002807D0039B3E00C01A0123B8
:1043C00083402268134323603378771C782B06D808
:1043D000572B10D8252B3AD034D8002B55D0032397
:1043E000A3610733636077E0A3683E005343303B2B
:1043F0005B18A360D2E7180058382028EFD8EBF7F5
:1044000069FE4B00EEFFEEFF6000EEFFEEFFEEFFF9
:10441000EEFFEEFFEEFFEEFF89005E0024002400B9
:104420002400EEFF5500EEFFEEFFEEFFEEFF9100E1
:1044300059004700EEFFEEFF8F00EEFF5E00EEFF3B
:10444000EEFF4B00453B022BC9D8052335E06B68D6
:10445000002B0EDD2B6802991A788A4200D0A7E063
:1044600001336A682B602369013A01336A60236172
:1044700073E7C0235B002900E358019898470028A0
:10448000E8D04898002800D08AE0012040428BE024
:10449000202221680A4322608022216892000A4378
:1044A0002260102246926E2B06D801E0002346932C
:1044B000032302E00823469304234B930CE00A22D3
:1044C000F0E7390005A800F059FB402322680700F7
:1044D000134323600123A3616B68002B31DD236844
:1044E0005B0608D4C02676002B6835491A788A5CAA
:1044F00008210A422ED14B9B022B3DDC2A002100D1
:10450000019804AB00F0DEF9012851D0022800D058
:1045100023E7B6E740232268134323600023DAE74A
:104520000223CAE72268D30600D516E7049B216957
:10453000181D04901B68D60701D519800DE7196076
:104540000BE7C0235B002900E35801989847002837
:10455000C5D096E72269013222616A68013A6A6031
:10456000002A02DD01332B60BEE72900A359019820
:1045700098470028B8D084E7042B06DC2A002100E5
:10458000019804AB00F0FEF9BEE70F4B002B00D101
:10459000E3E62A002100019804AB00E000BFB3E786
:1045A000AB895B0600D570E7A7239B009D44F0BD57
:1045B0004898F9E764FDFFFF51420108C94201082C
:1045C00017770108276C010800000000F7B51600F6
:1045D00001938A680B690C000090934200DA130083
:1045E0002200336043321278002A01D00133336055
:1045F00023689B0602D533680233336022680623A2
:1046000015001D401A4227D0230043331B785A1E41
:1046100093412268920630D4220001990098089DA7
:104620004332A847013025D00622236800251340D5
:10463000042B05D13368E568ED1AEB43DB171D4009
:10464000A3682269934201DD9B1AED180026B5424A
:1046500020D1002010E00135E36832689B1AAB429C
:10466000D2DD2200012301990098089F1932B84732
:104670000130F0D101204042FEBD3020E11843312D
:10468000087021005A1C45310978A21843320233C0
:104690001170C1E72200012301990098089F1A3286
:1046A000B8470130E6D00136D1E70000F0B58BB055
:1046B00006920A0043320793059003920A7E0C008B
:1046C000109B782A09D8622A0BD8002A00D1BAE0B8
:1046D0007A490491582A00D18EE0250042352A708B
:1046E00022E0100063381528F7D8EBF7F3FC16002A
:1046F0001F00F6FFF6FFF6FFF6FF1F00F6FFF6FFBE
:10470000F6FFF6FF9F0036007E00F6FFF6FFB000D2
:10471000F6FF3600F6FFF6FF820025001A684235E4
:10472000111D196013682B7001239EE01868096839
:10473000021D0D060BD506681A60002E03DA2D2324
:10474000039A764213705D4B0A27049318E00668BB
:104750001A604906F1D536B2EFE70868196840C912
:10476000050602D4400600D5B6B21960534B0A279D
:1047700004936F2A00D1023F2300002243331A70B2
:104780006368A360002B06DB04212268039D8A4333
:10479000226033430CD0039D30003900EBF7EAFC74
:1047A000049B013D5B5C2B70330006009F42F3D9F4
:1047B000082F09D12368DB0706D5626823699A426E
:1047C00002DC3023013D2B70039B5B1B2361079BA5
:1047D000210000930598069B09AAFFF7F7FE013018
:1047E00048D1012040420BB0F0BD202209680A43A5
:1047F0002260782232490491210045310A701968FB
:10480000226840C9100602D4500600D5B6B219601D
:10481000D30702D5202313432360002E01D0102795
:10482000AAE72022236893432360F8E71A680D68FB
:10483000101D4969186013682E0601D5196002E041
:104840006D06FBD519800023039D2361BFE71A681D
:10485000111D1960156800212800626800F02AFA0D
:10486000002801D0401B6060636823610023039A25
:104870001370ACE72A00236906990598079DA8479D
:104880000130AED023689B0715D4099BE06898429D
:10489000A9DA1800A7E72200012306990598079EC8
:1048A0001932B04701309CD00135E368099A9B1A50
:1048B000AB42F0DCE9E70025F7E7C046326C0108BF
:1048C000436C0108F7B515008A680C000190002AB6
:1048D00004D18A69002A17D10132A2602268D20667
:1048E00003D41A68111D196017680026A0690028F2
:1048F00016D001280BD12B6862691B78D35C002B82
:104900000ED1002E3BD029E001225242E5E70228D9
:1049100024D12B681A4A1B78D35C082213421DD17C
:10492000102223680136134203D12B681B783B7099
:1049300001372A686B6801322A60A268013B013A9C
:104940006B60A260002A09D0002BCFDCC0235B0083
:104950002900E358019898470028C7D022681023FF
:10496000110019401A4206D1E3680133E360A369DC
:10497000002B00D03970002023699B192361FEBDF4
:1049800017770108F0B58BB00193764B16000490B1
:1049900007AAA1CBA1C2744A8B690C000592032B14
:1049A00001D1724B0593AE220020A3685200591E1C
:1049B0000390914205D95E3BFF3B03935E23FF3397
:1049C000A36023001C330093D023002722681B011F
:1049D00013432360009B0293336807A81978BB0038
:1049E0000222185800F066F9002829D0012F5DD165
:1049F0006368002B06D1083322686360F933FF3304
:104A00001343236023685A4A13402360A3685A1E45
:104A1000A260002B14D033685A1C32601B78029AB3
:104A200013707368551C013B7360002B07DCC023B7
:104A30005B003100E3580498984700287DD1029527
:104A40000137032FC8D16368002B01D10A3363609B
:104A5000002748496069C91A00F090F8029DA368D0
:104A600020680293002B3FD0316863690A789B5C11
:104A7000002B39D0302A28D180231B01184224D0A2
:104A8000039B0137002B05D01A00029B013A01332A
:104A90000392A3607368013B7360002B1CDD3368D5
:104AA00001333360A368013BA360D8E7022FADD187
:104AB000C02380212268DB00134089008B42C2D1D1
:104AC00010236360F03313439FE72B4B03402360B5
:104AD0000B782B700135DDE7C0235B003100E35814
:104AE000049898470028DDD02368DB050ED5009B8D
:104AF0009D4207D9BE23013D5B0032002978E3586F
:104B000004989847009B01209D4228D021681023DB
:104B10000A001A4019421BD12A7063680099049850
:104B2000059EB047019B21681B681A1D8E0606D59D
:104B300001990A601B68186007E00027D4E7CE07D8
:104B4000F6D501990A601B681880E3680133E360B9
:104B50000020009BED1A2369ED195B1923610BB04E
:104B6000F0BDC046785101082D4E0108013C0108F6
:104B7000FFFAFFFF646C0108FFF6FFFF70B50B78CA
:104B800004005E2B19D04D1C00212200601CFF3058
:104B9000117001328242FBD1681E002B26D0012603
:104BA0004E402800E6540178451C2D2909D05D2986
:104BB0001BD000291AD00B00F3E74B788D1C012184
:104BC000E3E742785D2AF6D09342F4DC1900023024
:104BD000013166548A42FBDC934203DB002201333D
:104BE000D318E0E7D21A013AF9E7280070BD0000B7
:104BF0000B00F7B54D6B44330C009D421CD1802651
:104C0000F6003100FFF72CF9002802D101204042C4
:104C1000FEBD23006063A66346331A78104BC2546E
:104C2000230045331A780F4BC2542A780E4BC254D6
:104C3000C01820600020EBE78E6B290073001A007B
:104C4000019300F042F8051EE0D087190100320000
:104C50003800FFF78FF8019B27606563A363E9E7DE
:104C6000FF030000FE030000FD03000010B58842B2
:104C700002D98B18984208D300239A4207D0CC5C03
:104C8000C4540133F9E78B5C8354013AFBD210BD65
:104C9000002370B5064D040008002B6000F0D2F828
:104CA000431C03D12B68002B00D0236070BDC0468D
:104CB00060180020C9B28218904201D100207047CC
:104CC00003788B42FBD00130F6E7F7B506000C0005
:104CD0001500002905D11100FFF7C2F804002000DB
:104CE000FEBD002A03D1FFF74FF82C00F7E700F0D4
:104CF000A1F80700854202D84308AB42EFD3290050
:104D00003000FFF7ADF80190002801D1019CE6E7E3
:104D10002A00BD4200D93A0021000198FFF72AF885
:104D200021003000FFF730F8F0E70000F0B51E007A
:104D30003D4B17000C009C46082285B00390009163
:104D4000230061461D780134485D01001140104286
:104D5000F6D12D2D12D125789C1C0123029310220F
:104D60003300934316D1302D0ED1202123788B436D
:104D7000582B09D16578023410260BE002912B2DB7
:104D8000EDD125789C1CEAE7002EF5D10A36302DAE
:104D900000D1023E012031004042EBF7AFF9019013
:104DA000012031004042EBF7E5F9002318002A000A
:104DB000303A092A12D81500AE421EDD5A1C0AD01C
:104DC0000123019A5B42824205D301D1A94211DB42
:104DD00001237043281825780134E8E72A00413A76
:104DE000192A01D8373DE7E72A00613A192A04D881
:104DF000573DE1E701235B42EDE75A1C07D1222230
:104E0000039918000A60002F09D105B0F0BD029A7D
:104E1000002A00D04042002FF7D0002B01D0631EA3
:104E20000093009B3B60F0E71777010810B5FFF790
:104E30007DFF10BD0B1F1B68181F002B01DA0B58DC
:104E4000C0187047044A03001068002802D0C31835
:104E5000136070470148FAE77018002078180020A6
:104E6000F0B54F464646D6463B4A4B005B0DC0B5B3
:104E70009E1804000D000F0089468046132E24DC86
:104E8000002E51DB354B33419A460B40034317D07C
:104E9000334A344BFDF7A8F900220023EBF7F4F96D
:104EA00000280BD0002D04DD80235B03334199469D
:104EB000A94453464F469F43002398463900404635
:104EC000E0BCBA46B146A846F0BD332E08DD8023CB
:104ED000DB009E42F4D102000B00FDF785F9EFE7FD
:104EE000214A9446012263445242DA4091460242EA
:104EF000E6D01B4A1B4BFDF777F900220023EBF7A6
:104F0000C3F90028DAD02300002D09DD142E06D0C5
:104F100034210122891B8A40A3189C4200D96F1CAE
:104F20004A4693439846C9E70D4A0E4BFDF75CF994
:104F300000220023EBF7A8F90028BFD0002D06DBE4
:104F4000270000232F439846B8D0084FB6E7002328
:104F5000802798463F06B1E701FCFFFFFFFF0F00E7
:104F60009C7500883CE4377EEDFBFFFF0000F03FBE
:104F7000F0B54F464646D6463E4A4B005B0DC0B59F
:104F80009E1804000D000F0089468046132E24DC75
:104F9000002E47DB384B33419A460B40034317D072
:104FA000364A374BFDF720F900220023EBF76CF966
:104FB00000280BD0002D04DA80235B03334199468F
:104FC000A94453464F469F43002398463900404624
:104FD000E0BCBA46B146A846F0BD332E08DD8023BA
:104FE000DB009E42F4D102000B00FDF7FDF8EFE775
:104FF000244A9446012263445242DA4091460242D6
:10500000E6D01E4A1E4BFDF7EFF800220023EBF717
:105010003BF90028DAD02300002D1BDB4A469343DE
:105020009846D3E7154A164BFDF7DEF80022002319
:10503000EBF72AF90028C9D0002D03DB0023002755
:105040009846C3E76B005B08234398460DD1802741
:105050003F06BBE7142E06D034210122891B8A406B
:10506000A3189C42DAD96F1CD8E70023064F984654
:10507000ACE7C04601FCFFFFFFFF0F009C750088F6
:105080003CE4377EEDFBFFFF0000F0BFF8B5020007
:105090000B000D0020484900490D0C18132C12DCA0
:1050A000002C30DB1D4E1000264135001D4019003C
:1050B000154307D080252D032541ED180023B54366
:1050C00029001800F8BD332C08DD802510001900D8
:1050D000ED00AC42F6D1FDF787F8F3E71048012761
:1050E00084467F426144CF40100019001742E9D046
:1050F00033200121001B81408918914200D25D1CA0
:105100000B00BB43DCE7DD0FED0700230134D7D1F3
:10511000044A1543D4E7C04601FCFFFFFFFF0F0020
:10512000EDFBFFFF0000F03FF8B5C046F8BC08BC3F
:105130009E467047F8B5C046F8BC08BC9E4670470E
:105140005A050700665A06030100640008E6D333D7
:1051500003000000A027BE33000000005001000043
:10516000E034C13300000000500100002042C4338D
:105170000000000050010000666C0108696C010825
:105180006C6C01086572726F7220696E2045455023
:10519000524F4D205772697465206572726F720D9F
:1051A000006572726F7220696E20454550524F4DF6
:1051B000204572617365206F7065726174696F6EEE
:1051C0000A0D007278446F6E652841434B290D0A21
:1051D000007278446F6E650D0A00527373693D204A
:1051E00025640D0A007478446F6E650D0A007278AC
:1051F00054696D654F75740D0A0001008000080048
:10520000050004004261743A252E336620560D0ACB
:1052100000504231345F636F756E74313A25750DFD
:105220000A00504231345F7374617475733A2564B7
:105230000D0A00504231355F7374617475733A25FD
:10524000640D0A005041345F7374617475733A25BC
:10525000640D0A00504231355F636F756E74323AE7
:1052600025750D0A00445331384232305F74656D44
:1052700070313A252E31660D0A00445331384232DE
:10528000305F74656D70313A6E756C6C0D0A004458
:105290005331384232305F74656D70323A252E31A9
:1052A000660D0A00445331384232305F74656D70C8
:1052B000323A6E756C6C0D0A00445331384232300C
:1052C0005F74656D70333A252E31660D0A004453C4
:1052D00031384232305F74656D70333A6E756C6C84
:1052E0000D0A004144435F5041303A252E33662079
:1052F000560D0A006C696461725F6C6974655F6465
:10530000697374616E63653A256420636D0D0A00EC
:10531000554C545F64697374616E63653A252E3130
:105320006620636D0D0A0054465F64697374616E94
:1053300063653A256420636D2C54465F737472650F
:105340006E6774683A25640D0A004368616D656C88
:10535000656F6E20666C6167733A307825303278FD
:105360002074656D703A256420636F6D703A256C0A
:10537000752F256C752F256C75207261773A256C19
:10538000752F256C752F256C750D0A004144435F00
:105390005041313A252E336620560D0A00414443D0
:1053A0005F5041343A252E336620560D0A00485886
:1053B0003731315F5765696768743A256420670D36
:1053C0000A00504131325F7374617475733A256419
:1053D0000D0A000D0A4368616D656C656F6E2049AA
:1053E000324320696E6974206661696C65640D0AD8
:1053F000000D0A4368616D656C656F6E204932432C
:105400002064697361626C65643B2075706C696EC1
:105410006B732077696C6C2073657420493243206C
:105420006D697373696E670D0A000D0A4368616DDB
:10543000656C656F6E206465746563746564206176
:105440007420307830380D0A000D0A4368616D65AC
:105450006C656F6E204E4F5420646574656374658F
:105460006420617420307830380D0A000A0D5573BD
:10547000652053656E736F72206973204C494441F7
:10548000525F4C6974655F763348500D0A000A0D0F
:105490005573652053656E736F7220697320756C48
:1054A000747261736F6E69632064697374616E6393
:1054B00065206D6561737572656D656E740D0A00AA
:1054C0000A0D5573652053656E736F7220697320E2
:1054D00054462D7365726965732073656E736F72C0
:1054E0000D0A000A0D4E6F2064697374616E636566
:1054F000206D6561737572656D656E742064657687
:105500006963652064657465637465640D0A000AE7
:105510000D5573652053656E736F72206973204853
:10552000583731310D0A0073776974636820746FDE
:1055300020636C61737320256320646F6E650A0DB0
:105540000041424300526563656976652064617479
:10555000610A0D0025643A0025303278200042753A
:10556000666653697A653A25642C52756E204154FB
:105570002B52454356423D3F20746F207365652092
:1055800064657461696C0D0A00434F554E543120B7
:1055900069732025750D0A00434F554E543220691A
:1055A000732025750D0A005A050701670025303262
:1055B0007820253032782025303278202530327816
:1055C000202530327820253032782025303278205E
:1055D0002530327820253032782025303278202549
:1055E000303278202530327820253032782025302E
:1055F0003278202530327820253032780D0A00416B
:10560000545F504152414D5F4552524F5228496EAE
:10561000636F7272656374204C656E677468290DE0
:105620000A002568687820256868782025686878E9
:1056300020256868782025686878202568687820A3
:10564000256868782025686878202568687820258E
:10565000686878202568687820256868782025683B
:10566000687820256868782025686878202568682B
:105670007800456E746572204465627567206D6FB1
:1056800064650D0A004F4B0A0D00256868750041DE
:105690007474656E74696F6E3A54616B65206566EB
:1056A000666563742061667465722041542B4144C1
:1056B000523D300D0A00417474656E74696F6E3A24
:1056C00054616B6520656666656374206166746508
:1056D000722041545A0D0A0025630D0A0025753ABF
:1056E0000041542B53454E4420776974686F75749C
:1056F00020746865206170706C69636174696F6E95
:1057000020706F72740025730054686520524A54EB
:1057100044432072616E6765206973203120746F85
:105720002036353533350A0D0054686520726573AF
:10573000706F6E7365206C6576656C2072616E6744
:1057400065206973203020746F20350A0D00763192
:105750002E382E30200025642C25642C256400254D
:10576000642C25642C25640D0A000A0D53746F7097
:10577000205478206576656E74732C506C65617367
:1057800065207761697420666F7220616C6C20639C
:105790006F6E66696775726174696F6E7320746F7E
:1057A000207072696E740D0A000A0D537461727470
:1057B000205478206576656E74730D0A0054444356
:1057C0002073657474696E67206D757374206265EB
:1057D000206D6F7265207468616E2036530A0D006B
:1057E0004D6F6465206F662072616E676520697316
:1057F000203120746F20390D0A00494E544D6F64DA
:105800006531206F662072616E6765206973203094
:1058100020746F20330D0A00494E544D6F64653279
:10582000206F662072616E67652069732030207476
:105830006F20330D0A00494E544D6F646533206F5D
:10584000662072616E6765206973203020746F2056
:10585000330D0A0025642E25640025302E31660D97
:105860000A0025642C256C750025642C256C752C8C
:10587000256C75005468652074696D656F757420BA
:1058800072616E6765206973203120746F20363530
:105890003533350A0D0041542B3C434D443E3F20E7
:1058A000202020202020203A2048656C70206F6E38
:1058B000203C434D443E0D0A41542B3C434D443E55
:1058C0002020202020202020203A2052756E203CCD
:1058D000434D443E0D0A41542B3C434D443E3D3C18
:1058E00076616C75653E203A205365742074686556
:1058F0002076616C75650D0A41542B3C434D443E46
:105900003D3F202020202020203A2047657420742D
:1059100068652076616C75650D0A002B4445554914
:10592000002B415050455549002B4150504B455993
:10593000002B4441444452002B4E574B534B455986
:10594000002B415050534B4559002B53454E444278
:10595000002B53454E44002B525844415445535458
:10596000002B534554434E54002B47455453454E4A
:10597000534F5256414C554500415425733D002B21
:1059800044454255470041542B44454255473A53FC
:105990006574206D6F726520696E666F20696E7028
:1059A00075740D0A005A0041545A3A2054726967BE
:1059B0002061207265736574206F662074686520AD
:1059C0004D43550D0A002B4644520041542B46448A
:1059D000523A20526573657420506172616D65742E
:1059E00065727320746F20466163746F727920440E
:1059F000656661756C742C204B65797320526573F4
:105A0000657276650D0A0041542B444555493A208C
:105A1000476574206F722053657420746865204454
:105A20006576696365204555490D0A0041542B414F
:105A300050504555493A20476574206F7220536590
:105A40007420746865204170706C69636174696F5B
:105A50006E204555490D0A0041542B4150504B458D
:105A6000593A20476574206F72205365742074681A
:105A700065204170706C69636174696F6E204B655D
:105A8000790D0A0041542B44414444523A20476561
:105A900074206F72205365742074686520446576A5
:105AA00069636520416464726573730D0A00415433
:105AB0002B4E574B534B45593A20476574206F7214
:105AC0002053657420746865204E6574776F726B1F
:105AD0002053657373696F6E204B65790D0A004121
:105AE000542B415050534B45593A20476574206F11
:105AF000722053657420746865204170706C69630E
:105B00006174696F6E2053657373696F6E204B65A6
:105B1000790D0A002B4144520041542B4144523A22
:105B200020476574206F7220536574207468652067
:105B300041646170746976652044617461205261CA
:105B400074652073657474696E672E2028303A205E
:105B50006F66662C20313A206F6E290D0A002B5497
:105B600058500041542B5458503A20476574206FC8
:105B7000722053657420746865205472616E736D71
:105B8000697420506F7765722028302D352C204D98
:105B900041583A302C204D494E3A352C20616363F0
:105BA0006F7264696E6720746F204C6F5261574149
:105BB0004E2053706563290D0A002B445200415456
:105BC0002B44523A20476574206F7220536574202D
:105BD000746865204461746120526174652E2028C8
:105BE000302D3720636F72726573706F6E64696EEB
:105BF0006720746F2044525F58290D0A002B4443DC
:105C0000530041542B4443533A20476574206F722C
:105C100020536574207468652045545349204475A9
:105C20007479204379636C652073657474696E6759
:105C3000202D20303D64697361626C652C20313DFC
:105C4000656E61626C65202D204F6E6C7920666FE9
:105C5000722074657374696E670D0A002B504E4D87
:105C60000041542B504E4D3A20476574206F7220EE
:105C700053657420746865207075626C6963206E6A
:105C80006574776F726B206D6F64652E2028303AD3
:105C9000206F66662C20313A206F6E290D0A002B8A
:105CA00052583246510041542B52583246513A20F4
:105CB000476574206F7220536574207468652052A4
:105CC00078322077696E646F7720667265717565CA
:105CD0006E63790D0A002B52583244520041542B06
:105CE00052583244523A20476574206F72205365EF
:105CF0007420746865205278322077696E646F77FB
:105D0000206461746120726174652028302D372011
:105D1000636F72726573706F6E64696E6720746F03
:105D20002044525F58290D0A002B525831444C0030
:105D300041542B525831444C3A20476574206F72BD
:105D400020536574207468652064656C61792062F5
:105D500065747765656E2074686520656E64206F74
:105D6000662074686520547820616E6420746865CC
:105D70002052782057696E646F77203120696E2039
:105D80006D730D0A002B525832444C0041542B5273
:105D90005832444C3A20476574206F722053657422
:105DA000207468652064656C61792062657477652C
:105DB000656E2074686520656E64206F6620746867
:105DC0006520547820616E642074686520527820C4
:105DD00057696E646F77203220696E206D730D0AEB
:105DE000002B4A4E31444C0041542B4A4E31444C16
:105DF0003A20476574206F7220536574207468657B
:105E0000204A6F696E204163636570742044656C3D
:105E10006179206265747765656E207468652065B8
:105E20006E64206F662074686520547820616E640B
:105E300020746865204A6F696E2052782057696E19
:105E4000646F77203120696E206D730D0A002B4A34
:105E50004E32444C0041542B4A4E32444C3A204777
:105E60006574206F722053657420746865204A6FD2
:105E7000696E204163636570742044656C617920AC
:105E80006265747765656E2074686520656E642050
:105E90006F662074686520547820616E6420746891
:105EA00065204A6F696E2052782057696E646F775B
:105EB000203220696E206D730D0A002B4E4A4D0072
:105EC00041542B4E4A4D3A20476574206F7220533F
:105ED000657420746865204E6574776F726B204A14
:105EE0006F696E204D6F64652E2028303A20414244
:105EF000502C20313A204F544141290D0A002B4E9D
:105F0000574B49440041542B4E574B49443A204784
:105F10006574206F722053657420746865204E6527
:105F200074776F726B2049440D0A002B464355006D
:105F300041542B4643553A20476574206F722053D5
:105F4000657420746865204672616D6520436F75C5
:105F50006E7465722055706C696E6B0D0A002B466D
:105F600043440041542B4643443A20476574206F14
:105F7000722053657420746865204672616D6520D7
:105F8000436F756E74657220446F776E6C696E6BCB
:105F90000D0A002B434C4153530041542B434C41B9
:105FA00053533A20476574206F72205365742074F0
:105FB00068652044657669636520436C6173730D81
:105FC0000A002B4A4F494E0041542B4A4F494E3A42
:105FD000204A6F696E206E6574776F726B0D0A00D0
:105FE0002B4E4A530041542B4E4A533A2047657476
:105FF00020746865206A6F696E20737461747573AC
:106000000D0A0041542B53454E44423A2053656ECD
:10601000642068657861646563696D616C206461A2
:10602000746120616C6F6E67207769746820746892
:1060300065206170706C69636174696F6E20706F48
:1060400072740D0A0041542B53454E443A20536557
:106050006E642074657874206461746120616C6F73
:106060006E67207769746820746865206170706C51
:1060700069636174696F6E20706F72740D0A002B12
:1060800052454356420041542B52454356423A2012
:106090005072696E74206C617374207265636569F7
:1060A000766564206461746120696E2062696E6146
:1060B000727920666F726D61742028776974682028
:1060C00068657861646563696D616C2076616C7583
:1060D0006573290D0A002B524543560041542B523B
:1060E0004543563A205072696E74206C6173742077
:1060F0007265636569766564206461746120696EA8
:106100002072617720666F726D61740D0A002B52E8
:106110004A5444430041542B524A5444433A204782
:106120006574206F722073657420746865205265F1
:106130004A6F696E2064617461207472616E736D60
:10614000697373696F6E20696E74657276616C2015
:10615000696E206D696E0D0A002B52504C0041543F
:106160002B52504C3A20476574206F72207365742F
:1061700020726573706F6E7365206C6576656C0D4B
:106180000A002B5645520041542B5645523A20479F
:1061900065742063757272656E7420696D616765E0
:1061A0002076657273696F6E20616E642046726539
:1061B0007175656E63792042616E640D0A002B4330
:1061C000464D0041542B43464D3A20476574206F9D
:1061D00072205365742074686520636F6E666972FF
:1061E0006D6174696F6E206D6F64652028302D318C
:1061F000290D0A002B4346530041542B4346533A82
:106200002047657420636F6E6669726D6174696F93
:106210006E20737461747573206F662074686520D6
:106220006C6173742041542B53454E442028302D0B
:1062300031290D0A002B534E520041542B534E521C
:106240003A204765742074686520534E52206F666B
:1062500020746865206C617374207265636569766B
:106260006564207061636B65740D0A002B52535393
:10627000490041542B525353493A204765742074C6
:1062800068652052535349206F6620746865206CFE
:1062900061737420726563656976656420706163FB
:1062A0006B65740D0A002B5444430041542B544435
:1062B000433A20476574206F7220736574207468B8
:1062C00065206170706C69636174696F6E206461D0
:1062D0007461207472616E736D697373696F6E207F
:1062E000696E74657276616C20696E206D730D0A3B
:1062F000002B504F52540041542B504F52543A20CF
:10630000476574206F72207365742074686520611E
:1063100070706C69636174696F6E20706F72740D58
:106320000A002B52583157544F0041542B525831C8
:1063300057544F3A20476574206F7220536574207C
:10634000746865206E756D626572206F6620737962
:106350006D626F6C7320746F206465746563742064
:10636000616E642074696D656F75742066726F6DFF
:1063700020525877696E646F7731283020746F200F
:10638000323535290D0A002B52583257544F0041EF
:10639000542B52583257544F3A20476574206F722D
:1063A0002053657420746865206E756D6265722077
:1063B0006F662073796D626F6C7320746F206465F3
:1063C0007465637420616E642074696D656F7574A3
:1063D0002066726F6D20525877696E646F7732282D
:1063E0003020746F20323535290D0A002B44454387
:1063F000525950540041542B444543525950543A39
:1064000020476574206F722053657420746865207E
:1064100044656372797074207468652075706C6966
:106420006E6B207061796C6F616428303A446973D7
:1064300061626C652C313A456E61626C65290D0AAA
:10644000002B4D4F440041542B4D4F443A47657447
:10645000206F72205365742074686520776F726BAB
:10646000206D6F64650D0A002B494E544D4F443129
:106470000041542B494E544D4F44313A47657420E6
:106480006F72205365742074686520747269676741
:10649000657220696E74657272757074206D6F64B8
:1064A0006520666F72205042313428303A44697357
:1064B00061626C652C313A66616C6C696E67206F45
:1064C0007220726973696E672C323A66616C6C690E
:1064D0006E672C333A726973696E67290D0A002B57
:1064E000494E544D4F44320041542B494E544D4F68
:1064F00044323A476574206F722053657420746883
:1065000065207472696767657220696E746572725E
:10651000757074206D6F646520666F722050423113
:106520003528303A44697361626C652C313A666192
:106530006C6C696E67206F7220726973696E672C6C
:10654000323A66616C6C696E672C333A72697369B2
:106550006E67290D0A002B494E544D4F44330041BC
:10656000542B494E544D4F44333A476574206F7253
:10657000205365742074686520747269676765725A
:1065800020696E74657272757074206D6F64652019
:10659000666F722050413428303A44697361626CEE
:1065A000652C313A66616C6C696E67206F7220727F
:1065B0006973696E672C323A66616C6C696E672C20
:1065C000333A726973696E67290D0A002B57454982
:1065D0004752450041542B5745494752453A536568
:1065E00074207468652077656967687420746F200B
:1065F00030670D0A002B5745494741500041542B45
:106600005745494741503A476574206F722053659A
:1066100074207468652047617056616C7565206FE1
:1066200066207765696768740D0A002B355654003B
:1066300041542B3556543A476574206F7220536588
:106640007420657874656E64207468652074696D63
:1066500065206F6620355620706F7765720D0A00D1
:1066600041542B534554434E543A20476574206F90
:1066700072207365742074686520636F756E742072
:1066800061742070726573656E740D0A002B434847
:10669000530041542B4348533A20476574206F728E
:1066A00020536574204672657175656E6379202884
:1066B000556E69743A20487A2920666F72205369B2
:1066C0006E676C65204368616E6E656C204D6F640B
:1066D000650D0A0041542B47455453454E534F52C4
:1066E00056414C55453A2052657475726E7320744C
:1066F00068652063757272656E742073656E736F62
:10670000722076616C75650D0A002B444445544532
:1067100043540041542B444445544543543A204784
:106720006574206F72207365742074686520646FCF
:10673000776E6C696E6B20646574656374696F6EE7
:106740000D0A002B5345544D41584E425452414E70
:10675000530041542B5345544D41584E42545241DD
:106760004E533A20476574206F722073657420740D
:106770006865206D6178206E627472616E73206945
:106780006E204C696E6B4144520D0A002B444953F4
:1067900046434E54434845434B0041542B444953D0
:1067A00046434E54434845434B3A20476574206F57
:1067B00072207365742074686520446F776E6C690D
:1067C0006E6B204672616D6520436865636B28308F
:1067D0003A456E61626C652C313A44697361626C52
:1067E00065290D0A002B4449534D4143414E530046
:1067F00041542B4449534D4143414E533A20476540
:1068000074206F722073657420746865204D414355
:1068100020414E532073776974636828303A456E7F
:1068200061626C652C313A44697361626C65290D53
:106830000A0041542B52584441544553543A205372
:1068400065742074686520646F776E6C696E6B2068
:106850006461746120646574656374696F6E0D0AA8
:10686000002B4346470041542B4346473A20507281
:10687000696E7420616C6C20636F6E6669677572F7
:106880006174696F6E730D0A000D0A4F4B0D0A009B
:106890000D0A41545F4552524F520D0A000D0A41F4
:1068A000545F504152414D5F4552524F520D0A00C4
:1068B0000D0A4552524F523A4E6F7420696E205263
:1068C000616E67650D0A000D0A4552524F523A52E9
:1068D000756E2041542B4644522066697273740DC4
:1068E0000A000D0A41545F425553595F4552524FB9
:1068F000520D0A000D0A41545F544553545F5041F4
:1069000052414D5F4F564552464C4F570D0A000DB0
:106910000A41545F4E4F5F4E4554574F524B5F4AAA
:106920004F494E45440D0A000D0A41545F52585FCD
:106930004552524F520D0A000D0A6572726F722055
:10694000756E6B6E6F776E0D0A0045553836380AD6
:106950000D004465764575693D2025303258202567
:1069600030325820253032582025303258202530FA
:1069700032582025303258202530325820253032E8
:10698000580A0D004C4F52414D414320535441543D
:106990005553204552524F520A0D000A0D4C534E8A
:1069A0003530204465766963650A0D00496D61677D
:1069B000652056657273696F6E3A2076312E382ED7
:1069C000300A0D004C6F526157616E205374616341
:1069D0006B3A2044522D4C57532D3030370A0D005E
:1069E0004672657175656E63792042616E643A2006
:1069F00000506C6561736520736574207468652050
:106A0000706172616D6574657273206F722072655A
:106A10007365742044657669636520746F206170C6
:106A2000706C79206368616E67650A0D0076312E9F
:106A3000382E30005258206F6E2066726571202506
:106A40006420487A2061742044522025640D0A0095
:106A50005258206F6E20667265712025642E256461
:106A6000204D487A2061742044522025640D0A008C
:106A70005458206F6E206672657120256420487A14
:106A80002061742044522025640D0A005458206F60
:106A90006E20667265712025642E2564204D487A2B
:106AA0002061742044522025640D0A004144522084
:106AB0004D6573736167653A0D0A0054582044614F
:106AC000746172617465206368616E676520746FBC
:106AD0002025640D0A005478506F77657220636832
:106AE000616E676520746F2025640D0A004E625246
:106AF0006570206368616E676520746F2025640D82
:106B00000A00545820446174617261746520746F86
:106B10006F20736D616C6C20666F7220746869738E
:106B2000207061796C6F61642073697A652C2063D1
:106B300068616E676520746F2025640D0A005265D8
:106B40006365697665643A20414452204D657373EC
:106B50006167650D0A004A6F696E20416363657065
:106B6000743A0D0A0052783144724F666673657448
:106B70003A25640D0A00527832446174617261747E
:106B8000653A25640D0A005265636569766544655A
:106B90006C6179313A256C75206D730D0A00526570
:106BA000636569766544656C6179323A256C752058
:106BB0006D730D0A000A0D5B256C755D000A0D50A2
:106BC0006C65617365207573652041542B444542A3
:106BD000554720746F207365652064656275672072
:106BE000696E666F0D0A002A2A2A2A2A2055704CDF
:106BF000696E6B436F756E7465723D202575202A32
:106C00002A2A2A2A0A0D004F6E204365727469668B
:106C1000207478206E657874207061636B65740DE4
:106C200000232D302B2000686C4C006566674546BC
:106C300047003031323334353637383941424344F6
:106C40004546003031323334353637383961626386
:106C500064656600412D46612D6638393031323326
:106C6000343536375D002B2D003030007858000069
:106C7000000000008084FE400000000080840E417F
:106C80000000000080841E41280A00001700000058
:106C90001C0C00000F0000003C0F0000070000006B
:106CA00050140000160000009C1800000E000000A8
:106CB000781E000006000000A0280000150000005B
:106CC000D43000000D000000F03C00000500000082
:106CD0004051000014000000A86100000C000000FA
:106CE000447A000004000000E4A200001300000049
:106CF00050C300000B00000024F40000030000005B
:106D00008545010012000000A08601000A00000075
:106D100048E80100020000002C8B02001100000076
:106D2000400D03000900000090D0030001000000A6
:106D3000E093040000000000000C23000D1E000E74
:106D4000D2001A01001FAA0024070027120028C140
:106D5000002994002AC10030D800358F003B020082
:106D60004000004130012340592E0008BD2E00088C
:106D7000610F000825070008F50E0008CD07000880
:106D8000F90F0008411000087D1000089D1300084D
:106D9000032E00080D090008B5170008C90B0008EC
:106DA0006D0B0008010C0008C10E00081116000848
:106DB000F10A0008BB070008610800087D07000809
:106DC00021080008CD1C0008FD1C0008E51D000876
:106DD000030406080C101820300000000001020314
:106DE0000400000000000000000102030406070880
:106DF000091F1D1F1E1F1E1F1F1E1F1E1F1F1C1FC2
:106E00001E1F1E1F1F1E1F1E1F0005010201010164
:106E100007010101030400007F590108060000007A
:106E2000F99E0008F99E0008199F0008865901087C
:106E3000A559010801000000F99E0008F99E00080C
:106E4000FD9E0008A7590108C6590108040000006A
:106E5000F99E0008F99E0008399F0008CB590108E7
:106E60001B59010805000000799F0008899F000850
:106E7000F99E0008075A010821590108070000007F
:106E8000ED9F0008FD9F0008F99E00082C5A01089C
:106E90002959010807000000A7A00008B5A00008B4
:106EA000F99E0008585A01083159010806000000EF
:106EB0009DA0000861A00008F99E0008845A0108FE
:106EC0003859010808000000D7A00008E5A0000814
:106ED000F99E0008AE5A0108415901080800000057
:106EE00007A1000815A10008F99E0008DF5A010853
:106EF000145B01080400000037A100085BA1000832
:106F0000F99E0008195B01085E5B0108040000009F
:106F100081A10008A9A10008F99E0008635B01088F
:106F2000BA5B010803000000E5A100080DA20008FB
:106F3000F99E0008BE5B0108FD5B0108040000002B
:106F400061A2000845A20008F99E0008025C010841
:106F50005C5C0108040000008DA20008B1A20008DA
:106F6000F99E0008615C01089F5C010806000000B2
:106F7000D7A20008FDA20008F99E0008A65C01083F
:106F8000D65C01080600000039A300085DA30008D4
:106F9000F99E0008DD5C0108295D0108060000007B
:106FA000A1A30008C5A30008F99E0008305D0108F0
:106FB000855D010806000000F1A3000815A4000883
:106FC000F99E00088C5D0108E15D010806000000E3
:106FD00041A4000865A40008F99E0008E85D0108C6
:106FE0004E5E010806000000A1A40008C5A4000828
:106FF000F99E0008555E0108BB5E01080400000010
:1070000001A5000815A50008F99E0008C05E01084A
:10701000FE5E0108060000003DA500087DA50008F1
:10702000F99E0008055F01082B5F010804000000BD
:10703000C1A50008E5A50008F99E0008305F010819
:107040005E5F01080400000011A6000835A60008D4
:10705000F99E0008635F0108935F010806000000C5
:1070600061A6000891A60008F99E00089A5F010831
:10707000C25F010805000000F99E0008F99E0008A3
:10708000C9A60008C85F0108E05F0108040000000D
:10709000D3A60008F99E0008F99E0008E55F0108E4
:1070A0004A59010806000000F99E0008F5A60008EC
:1070B000F99E00080360010851590108050000000D
:1070C000F99E000895A70008F99E00084560010890
:1070D0007F600108060000000DA80008F99E000866
:1070E0000DA8000886600108D660010805000000B0
:1070F0005DA80008F99E00085DA80008DC60010892
:107100000E61010806000000E5A80008A9A8000813
:10711000F99E00081561010859610108040000008A
:1071200035A90008F9A80008F99E00085E61010869
:10713000826101080400000049A90008F99E0008C6
:10714000F99E000887610108BE6101080400000083
:10715000F1A9000861A90008F99E0008C3610108AF
:10716000F4610108040000001DAA0008F99E00084F
:10717000F99E0008F9610108356201080400000069
:1071800031AA0008F99E0008F99E00083A62010839
:107190006C620108050000003FAA0008F99E000883
:1071A000F99E000872620108A6620108040000004E
:1071B0005DAB00081DAB0008F99E0008AB6201083A
:1071C000F16201080500000099AB000871AB0008EE
:1071D000F99E0008F7620108226301080700000019
:1071E000F1AB000805AC0008F99E00082A6301080D
:1071F000876301080700000035AC000849AC0008AF
:10720000F99E00088F630108EC6301080800000084
:10721000A5AC000879AC0008F99E0008F5630108E8
:10722000416401080400000009AD0008C1AC000879
:10723000F99E00084664010868640108080000001F
:107240005DAD00081DAD0008F99E000871640108DD
:10725000DF64010808000000B1AD000871AD00084E
:10726000F99E0008E864010856650108080000005E
:1072700005AE0008C5AD0008F99E00085F6501086D
:10728000CC65010807000000F99E0008F99E00087F
:10729000ADB10008D4650108F565010807000000DC
:1072A00081AE000819AE0008F99E0008FD650108CE
:1072B0002B66010804000000CDAE0008A5AE000852
:1072C000F99E0008306601086159010807000000B6
:1072D000F99E0008E1AE0008F99E0008606601080A
:1072E0008D66010804000000E1AB0008A9AB0008AE
:1072F000F99E000892660108695901080F00000014
:10730000F99E00081DAF0008F99E0008D466010828
:107310000A67010808000000E1AF000871AF00082B
:10732000F99E000813670108436701080E0000007A
:1073300051B000080DB00008F99E0008526701081E
:107340008C6701080D000000A5B0000875B00008AA
:10735000F99E00089A670108E56701080A00000025
:10736000F1B00008C1B00008F99E0008F0670108FC
:107370005759010809000000F99E00080DB10008E6
:10738000F99E0008326801086168010804000000E5
:10739000F99E0008F99E00084DAA000866680108D9
:1073A00089680108906801089D680108B0680108B3
:1073B000C7680108E2680108F46801080F6901085C
:1073C000286901083869010833333373DEDEDEDEF5
:1073D00033333373F2F2F2F248E8010048E8010077
:1073E00048E8010048E8010048E8010048E80100D9
:1073F00090D00300000000000C0B0A0908070732B8
:10740000080A0C0D0E10121415181A1B1D1E21242B
:10741000A584998D0DBDB1545003A97D1962E69ADA
:10742000459D408715EBC90BEC67FDEABFF7965BFE
:10743000C21CAE6A5A41024F5CF434089373533F46
:107440000C52655E28A10FB509369B3D2669CD9F7C
:107450001B9E742E2DB2EEFBF64D61CE7B3E7197D6
:10746000F568002C601FC8EDBE46D94BDED4E84A53
:107470006B2AE516C5D75594CF100681F044BAE3C0
:10748000F3FEC08AADBC4804DFC17563301A0E6DCF
:107490004C14352FE1A2CC3957F28247ACE72B953B
:1074A000A098D17F667EAB83CA29D33C79E21D7652
:1074B0003B564E1EDB0A6CE45D6EEFA6A8A4378B2C
:1074C000324359B78C64D2E0B4FA0725AF8EE9187D
:1074D000D5886F7224F1C751237C9C21DDDC868521
:1074E0009042C4AAD8050112A35FF9D0915827B9D8
:1074F0003813B333BB7089A7B622922049FF787A3C
:107500008FF88017DA31C6B8C3B07711CBFCD63A02
:10751000C6F8EEF6FFD6DE916002CE56E7B54DEC2A
:107520008F1F89FAEFB28EFB41B35F452353E49B73
:1075300075E13D4C6C7EF5836851D1F9E2AB622A6E
:107540000895469D30370A2F0E241BDFCD4E7FEA6B
:10755000121D583436DCB45BA476B77D52DD5E1361
:10756000A6B900C140E379B6D48D67729498B0850E
:10757000BBC54FED869A66118AE904FEA078254BBB
:10758000A25D80053F2170F16377AF4220E5FDBF2A
:10759000811826C3BE35882E9355FC7AC8BA32E6C8
:1075A000C0199EA344543B0B8CC76B28A7BC16ADD7
:1075B000DB647414920C48B89FBD43C43931D3F2D4
:1075C000D58B6EDA01B19C49D8ACF3CFCAF4471021
:1075D0006FF04A5C38577397CBA1E83E96610D0F68
:1075E000E07C71CC9006F71CC26AAE6917993A2705
:1075F000D9EB2B22D2A907332D3C15C987AA50A558
:107600000359091A65D784D082295A1E7BA86D2C8C
:10761000637C777BF26B6FC53001672BFED7AB764F
:10762000CA82C97DFA5947F0ADD4A2AF9CA472C0FA
:10763000B7FD9326363FF7CC34A5E5F171D8311567
:1076400004C723C31896059A071280E2EB27B27588
:1076500009832C1A1B6E5AA0523BD6B329E32F8400
:1076600053D100ED20FCB15B6ACBBE394A4C58CFF8
:10767000D0EFAAFB434D338545F9027F503C9FA8CC
:1076800051A3408F929D38F5BCB6DA2110FFF3D29A
:10769000CD0C13EC5F974417C4A77E3D645D19734E
:1076A00060814FDC222A908846EEB814DE5E0BDB48
:1076B000E0323A0A4906245CC2D3AC629195E4797F
:1076C000E7C8376D8DD54EA96C56F4EA657AAE08D9
:1076D000BA78252E1CA6B4C6E8DD741F4BBD8B8A74
:1076E000703EB5664803F60E613557B986C11D9EDA
:1076F000E1F8981169D98E949B1E87E9CE5528DF51
:107700008CA1890DBFE6426841992D0FB054BB167C
:1077100021222311121300202020202020202020AD
:107720002828282828202020202020202020202031
:107730002020202020202088101010101010101061
:1077400010101010101010040404040404040404A5
:10775000041010101010101041414141414101012D
:107760000101010101010101010101010101010109
:107770000101101010101010424242424242020217
:1077800002020202020202020202020202020202D9
:107790000202101010102000000000000000000085
:1077A00000000000000000000000000000000000D9
:1077B00000000000000000000000000000000000C9
:1077C00000000000000000000000000000000000B9
:1077D00000000000000000000000000000000000A9
:1077E0000000000000000000000000000000000099
:1077F0000000000000000000000000000000000089
:107800000000000000000000000000000000000078
:08781000000000000000000070
:08781800A89FFF7F01000000A2
:047820003504000823
:047824000D04000847
:10782800B1180008C11B000891160008511700087C
:10783800FD060008000000000000C843012E0008F3
:10784800FD2D0008112F0008072E00088D2F0008B5
:10785800CD2F000880841E00010001C89195000802
:107868002D950008A993000889930008257D000834
:1078780079840008DD7C0008200700200000000053
:10788800120000001400000030750000EF0A00200C
:1078980000000000010101010101010101010000D6
:1078A80001010101010101010101010101010101C0
:1078B80001010101010101010101010101010101B0
:1078C80001010101010101010101010101010101A0
:1078D8000101010101010101010101010000000094
:1078E800000000000000000000000000110000007F
:1078F800640000000000000000000000000000001C
:10790800640000000000000000000000000000000B
:10791800E803000000000000000000000000000074
:107928000A00000000000000000000000000000045
:1079380064000000000000000000000000000000DB
:10794800E803000000000000000000000000000044
:10795800010101010100000000000000000000001A
:1079680000000000490000000000000000000000C6
:10797800000000000100000001000000600100207C
:10798800000000002817002090170020F81700209A
:1079980000000000000000000000000000000000DF
:1079A80000000000000000000000000000000000CF
:1079B80000000000000000000000000000000000BF
:0C79C800000000000000000000000000B3
:040000050800045596
:00000001FF
