:020000040800F2
:10000000005000205504000861960008639600081F
:1000100000000000000000000000000000000000E0
:1000200000000000000000000000000067960008CB
:100030000000000000000000699600086B960008B0
:10004000A5040008A50400088B960008A504000874
:10005000A504000893960008A3960008B59600082A
:10006000A5040008A5040008A5040008839600085C
:10007000A5040008A5040008A5040008A5040008BC
:10008000C5970008A5040008A504000800000000AA
:10009000BD970008A5040008A5040008A5040008F1
:1000A000A5040008A5040008A5040008739600082C
:1000B000A50400087B96000800000000A5040008C5
:1000C00002B4714649084900095C49008E4402BCEB
:1000D0007047C04603B47146490840004900095EB4
:1000E00049008E4403BC704703B471464908400080
:1000F0004900095A49008E4403BC7047002934D096
:100100000123002210B488422CD301242407A142E9
:1001100004D2814202D209011B01F8E7E400A142A6
:1001200004D2814202D249005B00F8E7884201D341
:10013000401A1A434C08A04202D3001B5C08224319
:100140008C08A04202D3001B9C082243CC08A0428A
:1001500002D3001BDC082243002803D01B0901D076
:100160000909E3E7100010BC704701B5002000F05A
:100170005FF802BD0029F8D003B5FFF7C1FF0EBC40
:100180004243891A1847C046002941D010B40400E0
:100190004C40A44601230022002900D549420028F2
:1001A00000D5404288422CD301242407A14204D226
:1001B000814202D209011B01F8E7E400A14204D206
:1001C000814202D249005B00F8E7884201D3401A1D
:1001D0001A434C08A04202D3001B5C0822438C083F
:1001E000A04202D3001B9C082243CC08A04202D3A9
:1001F000001BDC082243002803D01B0901D0090999
:10020000E3E710006446002C00D5404210BC704764
:1002100001B5002000F00CF802BDC0460029F7D05F
:1002200003B5FFF7B3FF0EBC4243891A1847C04617
:100230007047C0468446100062468C4619006346EB
:1002400000E0C0461FB512F001FF002801D40021D4
:10025000C8421FBD10B512F05BFE4042013010BD18
:1002600010B512F0F3FE002801DB002010BD0120C4
:1002700010BDC04610B512F0E9FE002801DD0020D7
:1002800010BD012010BDC04610B512F07BFE002845
:1002900001DC002010BD012010BDC04610B512F0D9
:1002A00071FE002801DA002010BD012010BDC046FB
:1002B000844608006146FFE71FB511F078FD00286D
:1002C00001D40021C8421FBD10B511F017FD4042F6
:1002D000013010BD10B511F06AFD002801DB0020CF
:1002E00010BD012010BDC04610B511F060FD002802
:1002F00001DD002010BD012010BDC04610B511F079
:1003000020FD002801DC002010BD012010BDC046EA
:1003100010B511F016FD002801DA002010BD0120F3
:1003200010BDC046002B11D1002A0FD1002900D1E9
:10033000002802D00021C943080007B4024802A1E6
:100340004018029003BDC046E9FEFFFF03B46846B3
:1003500001B5029811F062FB019B9E4602B00CBCF5
:100360007047C046D0400B00D1409C46203AD34055
:10037000184352426346934018437047914003002C
:1003800090409C46203A9340194352426346D340E2
:10039000194370471C2101231B04984201D3000C10
:1003A00010391B0A984201D3000A08391B099842E8
:1003B00001D30009043902A2105C40187047C046FE
:1003C000040302020101010100000000000000001E
:1003D00010B5002903D1FFF7DDFF203002E008004F
:1003E000FFF7D8FF10BDC04602780B78002A03D073
:1003F000013001319A42F7D0D01A70470023C25C15
:100400000133002AFBD1581E7047000010B5064C7E
:100410002378002B07D1054B002B02D0044800E0C5
:1004200000BF0123237010BDAC01002000000000BC
:1004300068530108044B10B5002B03D0034904484E
:1004400000E000BF10BDC04600000000B001002069
:10045000685301080D488546002103E00C4B5B58AA
:10046000435004310B480C4B42189A42F6D30B4AC6
:1004700002E0002313600432094B9A42F9D302F0E0
:1004800063FD13F083FD08F069F8FEE700500020DB
:10049000387A010800000020AC010020AC010020E7
:1004A00070180020FEE70000F7B506000F0001926B
:1004B000EFF3108572B606F03FFB0024019BA342C8
:1004C0000EDDA3000220FA58F11806F063FB0028A5
:1004D00001D10134F2E785F31088044810F0EAF9FD
:1004E00006F03CFB85F31088F7BDC046BC530108FD
:1004F0000268024B1A6018687047C046C8010020A5
:1005000070B50500EFF3108472B606F015FB2800F5
:1005100006F02EFB002804D084F31088034810F066
:10052000C9F906F01BFB84F3108870BDD95301088C
:1005300070B5EFF3108572B606F0FEFA094C200094
:1005400006F016FB002804D085F31088064810F04A
:10055000B1F9064B04349C42F1D106F0FFFA85F361
:10056000108870BD60000808D9530108D800080839
:10057000304B10B51A6D8022196D120492B00A43E7
:100580001A650021342205A813F0E0FC082304A812
:100590000493073B099303F017FE002801D007F0EE
:1005A00083F8254C254B264A2360002320006360F6
:1005B000A360E260236105F0D5FB002801D007F0BD
:1005C00073F81421200005F055FD0123002201934A
:1005D00069460B33200000920293039205F002FC5F
:1005E000002801D007F060F80021200005F0F0FBA2
:1005F000002801D007F058F8124A1368022BFCD1EA
:100600000021200005F0E9FB200005F0C7FB0E4BA0
:100610000E481A681A600E4B0360062343600D4BA8
:100620008360C36006F06EFB002801D007F03CF841
:1006300012B010BD00100240D80100200008014097
:10064000FFFF0000CC010020D0010020100200209C
:1006500000300040FF0F0000002110B50D4805F0EC
:100660005DFC0D490B685A1C0A600C4A5B00D052B5
:100670000B68012B0CD951881288094B891A18680C
:1006800089B2FFF73BFD074B18601A68D2001A6069
:1006900010BDC046D8010020CC010020D4010020AC
:1006A00034000020D001002010B5024805F05AFCAB
:1006B00010BDC046D801002010B5044806F04EFB1E
:1006C000002801D006F0F0FF10BDC0461002002047
:1006D000094A0023110010B51468844202D89468B6
:1006E000844204D801330832152BF5D1FEE7DB0034
:1006F000C918087910BDC046686E0108054B5A79C3
:10070000002A05D130331A78002A01D101321A703B
:100710007047C0465C020020014B18607047C0461D
:10072000C4020020014B18797047C0465C020020CB
:1007300010B586B001241422002101A813F006FC94
:100740000323210001AA0C480493029406F0CAFF77
:1007500021000022084807F037F820000FF0E2FEE1
:100760000023210001AA0448029306F0BBFF0620E3
:100770000FF0D8FE06B010BD0004005070B50600A2
:100780008D180C00A0208021C0050022090207F06E
:100790001BF88020304307F085FAAC4207D1802156
:1007A000A02001220902C00507F00EF870BD2078D4
:1007B00007F078FA0134F0E707B56B46D9710122EA
:1007C000D91DFFF7DBFF07BD114B70B511499860CC
:1007D0000500FFF7CFFC104B0802C0180D49FFF7CA
:1007E0008DFC0C4904002800FFF788FC0002241847
:1007F000210C0620C9B2FFF7DFFF210A0720C9B28A
:10080000FFF7DAFF0820E1B2FFF7D6FF70BDC04660
:100810005C020020093D0000841E000070B5060047
:100820008D180C00A0208021C0050022090206F0CE
:10083000CBFF7F20304007F035FAAC4207D1802152
:10084000A02001220902C00506F0BEFF70BD0020F5
:1008500007F028FA20700134EFE713B56B46DC1D72
:1008600001222100FFF7DAFF207816BD70B50920BC
:10087000FFF7F3FF05000620FFF7EFFF0400072056
:10088000FFF7EBFF06020820FFF7E7FF1B4A2304F0
:100890003343C4B2544303431B0A5A4380340021F8
:1008A0000920240AA418FFF787FF3B20FFF7D5FF94
:1008B00040210143C9B23B20FFF77EFF20263B20A9
:1008C000FFF7CBFF3042FAD10D48FFF77DFF3B2009
:1008D000FFF7C3FF40210143C9B23B20FFF76CFF84
:1008E00020263B20FFF7B9FF3042FAD1290009202A
:1008F000FFF762FF2000FFF767FF70BD093D0000B2
:1009000000A1BC33F0B587B00191002804D00128C4
:1009100055D0002007B0F0BD694C2720258CFFF78B
:100920009CFFF82398430130401913F01BF9E31C96
:10093000DB7F0022002B3ED0002311F083FD060058
:1009400030200F00FFF789FFF9230022984300238E
:10095000002800D05B4B3000390011F073FD060019
:1009600001980F0013F0FEF802000B003000390070
:1009700011F068FD631DDB7F0022002B1DD080235A
:10098000DB0511F05FFD00224F4B12F0C3FB0600A8
:10099000E0690F0013F00EF902000B00300039007F
:1009A00012F01CF80022494B12F0B4FB14F08CFC3E
:1009B00011F018F8AEE7434BBFE70023E1E7404DE5
:1009C0006B6C073B022B78D8414ADB00D218C0CAB7
:1009D0000120AC6CA04013F0C5F802000B00300001
:1009E000390011F0FBFF02000B000020354911F027
:1009F000F5FF2B00029003914E33188813F0B2F8E4
:100A00000022344B11F01EFD029A039B12F082FB70
:100A1000019B04900591DA002B0052331B78A10052
:100A20001B015B1A0021503528781C33884200D006
:100A30001431D018401A13F0BDF8274B06001B786C
:100A40000F005B00E01A800013F0B4F802000B0006
:100A50003000390011F0C2FF14F018FB06000F003F
:100A6000174D4D352878043013F07CF832003B00E8
:100A700012F050FB0022002304000D00FFF704FCDD
:100A8000002801D1002400250022200029000E4B5F
:100A900011F0D8FC029A039B12F03CFB049A059BD0
:100AA00011F0D0FC0022094B12F034FB0B4A0C4B26
:100AB00011F0C8FC14F076FB7AE70026002787E7E0
:100AC0005C0200200000F03F0000204000408F400A
:100AD000506E010800001140A80200202B8716D993
:100AE000CEF7EF3F10B5002804D001280AD001202E
:100AF000404210BD1120FFF7B0FE4008C0B2404296
:100B000000B2F6E7064B074A9B681B20934203D9C5
:100B1000FFF7A3FE9D38F3E7FFF79FFEA438EFE74A
:100B20005C02002040DD4A1F70B504000B4D01201F
:100B30002B681B6898472B6800201B6998472B6817
:100B400020005B6998470120FFF787FE0723984341
:100B50000443E1B20120FFF72FFE70BDC402002064
:100B600010B506480FF0DAFD05480FF0D7FD01205B
:100B7000FFF7DAFF0022034B1A7110BD3402002088
:100B8000480200205C02002070B5041E11D1012033
:100B9000FFF763FEF82101400120FFF70DFE064D2F
:100BA00001202B681B6998472B6820001B68984719
:100BB00070BDFFF7B9FFFBE7C402002010B509487C
:100BC0000FF0ACFD08480FF0A9FD0020FFF7DCFF97
:100BD000064B00201B681B6898470022044B1A71C3
:100BE00010BDC0463402002048020020C40200208C
:100BF0005C020020F8B5060075480FF08FFD754CBB
:100C00006579002D2ED00027012D50D123005533BA
:100C10001B7841273320002B69D0FFF71EFE384395
:100C2000C1B23320FFF7C8FD19213B20FFF7C4FDF7
:100C3000636C3120082B00D9B1E0FFF70EFE7F2155
:100C400001403120FFF7B8FD30200021FFF7B4FD4F
:100C5000606C08285ED8FFF733FA547A81888F9643
:100C60009D9D9D00E31D4020DF7FFFF7F6FD0323E0
:100C70000C21184001434020FFF79EFD4120FFF763
:100C8000ECFD3F2149420143C9B24120FFF794FDE9
:100C90003520FFF7E2FD3F23184023003E33187054
:100CA0001E210D20FFF788FD2586A58765878022F8
:100CB00000214948520013F049F901232371002E05
:100CC00006D0464831000FF055FD44480FF0BAFCFD
:100CD0006379002B00D073E00520FFF725FF404823
:100CE000E16A0FF047FD3E480FF0ACFCF8BDFFF79E
:100CF000B4FDB8430543E9B23320FFF75DFD1D2184
:100D000093E72F204821FFF757FDA068354BC01807
:100D1000FFF75AFD230056331F78230053331B7807
:100D2000002B44D01D211120FFF746FD4020FFF786
:100D300094FD332101404020FFF73EFD00210F20AC
:100D4000FFF73AFD00210D20FFF736FDAFE72F201A
:100D50004421FFF731FDA068234BD8E72F20442121
:100D6000FFF72AFDA068214BD1E72F204421FFF790
:100D700023FDA0681E4BCAE72F204421FFF71CFD6E
:100D8000A0681C4BC3E72F204421FFF715FDA06886
:100D9000194BBCE740212F20FFF70EFDBAE7FFF704
:100DA0005CFD802149420143C9B23120F4E71F2193
:100DB0001120FFF701FD4020FFF74FFD3F21B9E76C
:100DC0000520002F00D10620FFF7AEFE8EE7C046BB
:100DD000480200205C020020C802002034020020EB
:100DE00020020020821E0000B4280000043D000004
:100DF0005E510000127A0000C6A2000070B5040027
:100E000026480FF08BFC210025480FF0B3FC254C41
:100E10006379002B0AD0012B23D0022320482371B1
:100E20000FF010FC0320FFF77FFE70BD4020FFF79E
:100E300014FD03231021184001434020FFF7BCFCA0
:100E40004120FFF70AFD3E2101404120FFF7B4FC9D
:100E50003520FFF702FD3F23184023003E33187072
:100E6000DBE7230053331B78002B0ED0F521112034
:100E7000FFF7A2FC4020FFF7F0FC332301004020E5
:100E800019400143FFF798FCC7E7F7211120FFF74E
:100E900093FC4020FFF7E1FC3F23EFE73402002002
:100EA000480200205C02002070B50B4C6379012BD6
:100EB00010D1FA211120FFF77FFC4020FFF7CDFC75
:100EC0000325A843C1B24020FFF776FC0720257117
:100ED000FFF72AFE70BDC0465C02002010B504007A
:100EE0000120FFF7BAFC174BC009C0B25C71844205
:100EF00000D110BD012C12D0FFF760FE0120FFF7DA
:100F0000ACFC7F2101400120FFF756FC002140206E
:100F1000FFF752FC30214120FFF74EFCE9E7FFF7D5
:100F20004DFE2000FFF799FC802149420143C9B2E0
:100F30002000FFF741FC00214020FFF73DFC00218D
:100F4000E9E7C0465C0200201A4B70B51A491860E8
:100F50001A480FF06FFB1A4817490FF06BFB164940
:100F600018480FF067FB184D01202B681B68984745
:100F7000FFF7DEFBFFF77AFC0020FFF705FE2B688A
:100F800012489B689847124C124E2078FFF7A6FF34
:100F9000A17860780334FFF70FFCB442F5D100204C
:100FA000FFF79CFF00220C4B1A712B685B68984777
:100FB000023070BDC8030020ED1C0008480200206C
:100FC0003402002020020020C40200200000002083
:100FD000186F0108486F01085C020020F8B50E0088
:100FE00017001D000400FFF779FF3000FFF7ECFB4E
:100FF0000520FFF799FD01200FF094FA0FF0CBFBCD
:10100000060030000FF0CDFBA84204D30124FFF707
:10101000D5FD2000F8BD2000FFF764FDB842F0DDEB
:101020000024F4E770B500240120FFF757FFFF21EB
:101030001120FFF7C1FB0520FFF776FD25000126F3
:1010400030000FF06FFA2C20FFF707FC3040A04073
:1010500001340543202CF3D1FFF7B0FD280070BD0B
:10106000F0B58DB0099312AB160004CB04001B88B9
:101070000892019314AB1B880CAA059315AB1B783F
:101080000D00029316AB1B78039317AB1B780493E8
:1010900018AB1B780A9319AB1B780B9338239F5C12
:1010A00004339B5C0693FFF719FF002C04D0012C3E
:1010B00000D184E00DB0F0BDA94C089B029AA36159
:1010C000E31CDA77039A231DDA77049A631DDA7733
:1010D000069AA31DDF77E31DDA77019BE66123847F
:1010E0003000656112F066FD02000B0006000F0083
:1010F00000209C4911F072FC00229B4B12F00AF870
:1011000006900791059812F02DFD02000B0006983D
:10111000079911F0FFFF0022944B11F0FBFF10F034
:1011200061FC32003B00E0629149002011F056FC66
:1011300010F058FC0400010AC9B20220FFF73CFB82
:10114000E1B20320FFF738FB2800FFF7C1FA0100E6
:101150001220FFF731FB0898FFF7BAFA01001320BD
:10116000FFF72AFB019B2520190AFFF725FB6B4699
:1011700026201979FFF720FB029B0399002B00D151
:10118000FF213220FFF718FB3020FFF766FB01211B
:10119000029B5940049BC9011B0119436F2318404E
:1011A0000143C9B23020FFF707FB3120FFF755FBA1
:1011B000402101433120C9B2FFF7FEFA7AE7022D40
:1011C00000D9FEE7664B09991A004D3211701A00DA
:1011D00001994E3211801A000299503211701A0092
:1011E0000399513211701A000499523211701A0089
:1011F0000A99533211701A000B99543211701A0067
:10120000553207351770069A5D649E645633340074
:101210001A70062E00D381E00624072D00D082E04C
:101220002200002301210B3A91425B414C4A514F6D
:101230001D2008923B70FFF710FB099B1D205900F1
:10124000029B240119432B011943C9B2FFF7B4FAD9
:101250001E20FFF702FB059B9905049B890F9B004D
:1012600019432143082420400143C9B21E20FFF73F
:10127000A3FA2620FFF7F1FA3978A043C900014309
:10128000C9B22620FFF798FA6B461F20197DFFF799
:1012900093FA019B2020190AFFF78EFA6B46212052
:1012A0001979FFF789FA029B002B03D022200399BA
:1012B000FFF782FA089B53331B78002B0FD0442092
:1012C000FFF7CBFA802149420143C9B24420FFF71E
:1012D00073FA089B242054331978FFF76DFA092D0F
:1012E0002FD1089A244B9268022136209A4224D9A1
:1012F000FFF762FA64213A20FFF75EFA07243120F3
:10130000062E21D8FFF7A9FA0521A0430143C9B24F
:101310003120FFF751FA0C2137204DE70C2E00D871
:101320007BE70C2479E72A00083A53425A410B2301
:10133000B3429B415B42134078E7FFF73DFA7F21C0
:10134000D9E703213620D7E7FFF787FA0321A04327
:101350000143C9B23120FFF72FFA0A21DCE7C0466A
:101360005C0200200000F03F0000204000408F4061
:1013700080847E41A802002040DD4A1FF0B50D00A8
:1013800089B01F000EAB10CB06001B7806920393AA
:1013900010AB1B88009311AB1B78019312AB1B7829
:1013A000029313AB1B78049314AB1B78079315AB14
:1013B0001B780593FFF792FD874B28001B68DB68BD
:1013C0009847002E03D0012E61D009B0F0BD834BA9
:1013D000069A01991A61009A1D731A84DA1CD17752
:1013E00002995A1DD17705999A1DD177169ADC6119
:1013F0009A6206985F6112F0DDFB0022784B11F0D3
:10140000EDFA10F0EFFA0500010AC9B20420FFF767
:10141000D3F90520E9B2FFF7CFF9200012F0CAFB9B
:1014200002000B0000206F4911F0D8FA10F0DAFA30
:101430000400010AC9B20220FFF7BEF90320E1B29D
:10144000FFF7BAF9009B2520190AFFF7B5F96B469B
:1014500026201978FFF7B0F93020FFF7FEF90121B7
:10146000019B5940029BC9011B0119436F2318407E
:101470000143C9B23020FFF79FF93120FFF7EDF9A2
:10148000402101433120C9B2FFF796F99DE7564A42
:10149000524B1570022F00D9FEE71A0003994D3206
:1014A00011701A0000994E3211801A0001995032C1
:1014B00011701A000499533211701A0007995432AE
:1014C00011701A000299523211701A0005995532A2
:1014D0001170169AFE1D25005E649C649A65062CA8
:1014E00061D20625072E62D12A00002301210B3A82
:1014F00091425B413D4A394F1370049B002B0FD042
:101500004420FFF7AAF9802149420143C9B244208F
:10151000FFF752F93B00543324201978FFF74CF9B8
:101520001D20FFF79AF9039B36015900019B1D20EE
:101530000B4319003143C9B2FFF73EF91E20FFF7F4
:101540008CF9029B2D019B001D430B231840054382
:10155000E9B21E20FFF730F92620FFF77EF90823B5
:101560004C3739789843C9000143C9B22620FFF7A8
:1015700023F9009B2020190AFFF71EF96B46212052
:101580001978FFF719F907253120062C19D8FFF72C
:1015900064F90521A8430143C9B23120FFF70CF9D2
:1015A0000C21372070E70C2C9CD90C259AE73200CF
:1015B000083A53425A410B23A3429B415B421340DA
:1015C00098E7FFF74AF90321A8430143C9B2312044
:1015D000FFF7F2F80A21E4E7C40200205C020020D1
:1015E00080844E4080847E419C020020A80200201E
:1015F00030B5FA248BB0A40054430D00FFF7E4F893
:1016000005230293962300205B0102002900079026
:1016100006900590049003900190009308940300B5
:10162000FFF7ACFE3120FFF718F94025A843C1B2FF
:101630003120FFF7C1F82800F021FFF7BDF8A02105
:101640004120FFF7B9F8210006480FF093F8022275
:10165000054B04481A710EF0F5FF0320FFF764FAFA
:101660000BB030BD480200205C02002070B52B4C4E
:101670002579012D02D0022D47D070BD6379002B52
:1016800017D0AB42F9D1533423780221002BF4D088
:101690001220FFF791F8224B1B68002BEDD05C69FC
:1016A000002CEAD01C20FFF7D8F83F231840A047B1
:1016B000E3E72300260030331D7031363378002BEA
:1016C000DBD118480FF02AF811203570FFF7C5F864
:1016D000230040083233404218701B20FFF7BDF84A
:1016E00005021C20FFF7B9F80F4B0543C0B2584361
:1016F0002D0A6B438030000AC01860630C20FFF78E
:10170000ACF8383440092070B7E76379012BB4D1C5
:1017100053342378002BB0D02900B9E75C020020B5
:10172000C803002020020020093D000070B5124BC4
:101730005C79012C12D11220FFF78FF805000F4EB3
:10174000254020420BD005211220FFF735F83368E1
:10175000002B03D09B692000002B0BD170BD04210E
:101760001220FFF729F83368002BF7D09B69002B74
:10177000F4D028009847F1E75C020020C80300205D
:1017800010B50A0001000020FEF7F8FF10BD0000B0
:10179000F7B56B46374CD9716579DE1D0700002D12
:1017A00035D00020012D52D1230055331B78332032
:1017B000002B54D0FFF751F841239843C1B2332096
:1017C000FEF7FAFF19213B20FEF7F6FF23003578DC
:1017D0006433290022201D70FEF7EEFF00210E2049
:1017E000FEF7EAFF00210D20FEF7E6FF0120FFF7DC
:1017F00034F8F823984304D1FFF7B2F901200EF032
:1018000091FE38002900FFF7BBFFA06D1FE0A58700
:101810003578E31C6587DB7F002B1BD1012130006D
:10182000FFF7AEFF6B1E3F2B05D92A003900124887
:101830000EF0EBFF2025260038003F3629003570DA
:10184000FFF79EFF3378A28FA06A9B18A387FFF74C
:10185000D5FAF7BD29003220FEF7AEFFE2E7FEF72A
:10186000FCFF412398430543E9B23320FEF7A4FF70
:101870001D21A8E75C020020C802002010B50A0064
:1018800001000020FEF7CAFF10BD0000F0B585B0D2
:1018900002ABDD1D0023AC4C2B702379012B04D04F
:1018A000022B00D127E105B0F0BD6379002B24D0D5
:1018B000012BF8D140211220FEF77EFF1220FEF707
:1018C000CCFF202128702B78A04EA14D0B4200D1D7
:1018D0008FE01220FEF770FF230056331B78002B99
:1018E00000D1237130000EF019FF2B68002BDAD0E5
:1018F0001B69002BD7D09847D5E7631DDB7F934A40
:10190000944E934F0192002B32D03F20FEF7A5FF5B
:1019100028702B789B072BD40B213E20FEF74CFF21
:1019200010213F20FEF748FF01980EF0F7FEE31D5F
:10193000DD7F002D0FD130000EF0F0FE25713B68E9
:10194000002B03D01B69002B00D09847002323866F
:10195000A3876387A7E70D20FEF77FFF40210143A0
:10196000C9B20D20FEF728FF30000EF06BFEE6E74F
:10197000618FA08F0B00784D034309D1E31CDB7FFF
:10198000002B24D101217548FFF778FFA08F618FCC
:10199000091AC9B22818FFF771FF638F0198A3874E
:1019A0000EF0BCFEE31DDB7F002B15D13000237150
:1019B0000EF0B4FE3B68002BC8D09E68002EC5D048
:1019C000322200232800A256618FB047BEE73220A2
:1019D000FEF743FF6087D9E70D20FEF73EFF402169
:1019E0000143C9B20D20FEF7E7FE30000EF02AFEDB
:1019F000E0E71920FEF731FF270040B202306037E0
:101A0000801038701A20FEF728FF0023FB5602B220
:101A1000A76853491211002B60DA8F425CD99D3BB5
:101A2000C318D21823001320623327001A80FEF750
:101A300014FF643738701020FEF70FFF01000D20EF
:101A4000FEF7BAFE3978444F3800FFF717FF23003E
:101A500056331B78002B00D1237130000EF05EFE50
:101A60002B68002B00D11EE79D68002D00D11AE7DE
:101A70002200230062320021525E210060331B7875
:101A800064315BB238000978A847364D2B78002BBB
:101A90001FD1354B1B78002B08D00EF07CFE0600C2
:101AA000310032480EF006FF0028F9D1304E33786D
:101AB000002B1AD02F480EF0FDFE0028FAD130700E
:101AC000230062330021595E2B480EF0F3FE0028FC
:101AD000F6D100232B70E6E6A43BA1E78F4202D9A2
:101AE0009D3812189EE7A438FBE724480EF0E2FE6A
:101AF0000028FAD1E4E722480EF010FE6379012BAA
:101B000003D108211220FEF757FE00232371104B4A
:101B10001B68002B00D1C6E61B68002B00D1C2E673
:101B20009847114B1B78002B08D00EF034FE0400B0
:101B300021000E480EF0BEFE0028F9D111480EF02B
:101B4000B9FE0028FAD1AEE65C0200203402002083
:101B5000C803002020020020C802002096020020B6
:101B600040DD4A1F6B120020E70A0020946D010837
:101B70006E120020FB530108125401080954010899
:101B8000480200201D54010870B53A4C2579012DFA
:101B900002D0022D58D070BD6379002B25D0AB4206
:101BA000F9D135480EF0BAFD80211220FEF704FE6F
:101BB00000232371314B1B68002BECD0DB68002B1A
:101BC000E9D098472E4B1B78002B08D00EF0E3FD90
:101BD000040021002B480EF06DFE0028F9D12A48A0
:101BE0000EF068FE0028FAD1D5E728480EF096FDE1
:101BF000638FA28F13439BB2002B07D1E31CDB7FC3
:101C0000002B17D129002248FFF738FE25003E356A
:101C1000A28F638F1F48297810189B1A8B420EDB06
:101C20000139C9B2FFF72AFEA28F2B78013A9B181F
:101C3000A387B0E73220FEF710FE6087E6E7D9B24F
:101C4000FFF71CFE638FF3E76379002BA3D1250018
:101C50003F35A28F638F0F48297810189B1A8B424B
:101C600004DDFFF78DFD2B78A28FE0E7D9B2FFF7F7
:101C700087FDE7E75C02002034020020C803002053
:101C8000E70A0020946D0108265401082002002074
:101C900096020020C802002070B504000D00FFF776
:101CA0001DF9002C02D0012C09D070BD054BDB7F43
:101CB000A342FAD129003220FEF77EFDF5E7290084
:101CC0002320F9E75F02002010B504000120FFF790
:101CD00005F9054B34211C70002C00D1122139204C
:101CE000FEF76AFD10BDC046B802002070B52B4C4F
:101CF0002379012B02D0022B2CD070BD6379002BED
:101D00001AD10B213E202386A3876387FEF754FD5B
:101D100010213F20FEF750FDE31DDB7F002B14D088
:101D20000D20FEF79AFD40210143C9B20D20FEF7B8
:101D300043FD1B480EF086FC1A4B1B68002BDCD0C1
:101D4000DB68002BD9D09847D7E7154823710EF0F0
:101D5000E5FCF1E7FEF7ECFCFEF788FD0020FEF75E
:101D600013FF114D114E2878FFF7B8F8A97868785D
:101D70000335FEF721FDB542F5D10020FFF7AEF89F
:101D800023005C331878FFF79FFF00232371054B76
:101D90001B68002BB1D05B68D3E7C0465C02002013
:101DA00020020020C8030020186F0108486F0108B6
:101DB000034B10B51B685B689847023010BDC046E6
:101DC000C40200200023022130B587B005930D4BDB
:101DD0002024DA6A01250A43DA62DB6A0A480B40EA
:101DE0000093009B112301A902930E3B04930194DD
:101DF000039502F0ADFF2A002100034803F0E6F846
:101E000007B030BD00100240000400507FB50C2226
:101E1000002103A812F09AF80221094B0948DA6A56
:101E20000A43DA62DB6A0B400093009B202301A97E
:101E300001931D3B029302F08BFF07B000BDC0462B
:101E4000001002400004005030B5102587B02A0071
:101E50000021040002A812F079F80121124BDA6A7D
:101E60000A43DA62DB6A01950B400093009B022C67
:101E700016D0032C16D08C4201D10C4B0293A0201B
:101E800001A9C00502F064FF002C07D00720002242
:101E9000022102F021FF072002F046FF07B030BD0B
:101EA000034BEBE7034BE9E7001002400000311061
:101EB000000021100000111010B586B01022002182
:101EC000040002A812F042F80221134BDA6A0A4316
:101ED000DA62DB6A0B400093009B80231B020193B4
:101EE0008C4215D0032C15D0012C01D10B4B029341
:101EF0000B4801A902F02CFF002C07D0072000227C
:101F0000022102F0E9FE072002F00EFF06B010BD2C
:101F1000044BECE7044BEAE70010024000003110EC
:101F20000004005000002110000011107FB51022A5
:101F3000002102A812F00AF801210A4BA020DA6A57
:101F4000C0050A43DA62DB6A01AA0B4000938021D4
:101F5000009B022349010191039305F0C3FB07B0E5
:101F600000BDC046001002407FB50C22002103A82E
:101F700011F0ECFF01210A4BA020DA6AC0050A43E8
:101F8000DA62DB6A01AA0B4000938021009B0323E5
:101F900049010191029305F0A5FB07B000BDC046C1
:101FA0000010024010B586B00C22002103A811F0E9
:101FB000CDFF02210C4B1024DA6A0C480A43DA6286
:101FC000DB6A01940B400093009B012302935B1892
:101FD00001A9049302F0BCFE00222100034802F094
:101FE000F5FF06B010BDC0460010024000040050CE
:101FF0007FB50C22002103A811F0A8FF0221094B94
:102000000948DA6A0A43DA62DB6A0B400093009BF4
:10201000102301A901930D3B029302F099FE07B032
:1020200000BDC046001002400004005000B589B059
:10203000012813D102211B4B1B48DA6A0A43DA62DA
:10204000DB6A0B400093009B08230393002303A942
:102050000493059302F07CFE09B000BD022812D162
:102060000121104BDA6A0A43DA62DB6A0B40019302
:10207000019B80239B00A0200393002303A90493CA
:102080000593C005E6E70328E6D10121054BDA6A8E
:102090000A43DA62DB6A0B400293029B8023DB0077
:1020A000E9E7C046001002400004005000B589B0C6
:1020B000012812D102231C4AD16A1943D162D26A83
:1020C00004901A400092009A08221848039206933E
:1020D00003A902F03DFE09B000BD022811D1012381
:1020E000114AD16A1943D162D26A04931A4001920B
:1020F000019A8022920003920690A02003A9C005B5
:10210000E7E70328E7D10123074AD16A1943D162DF
:10211000D26A04931A400292029A8022DB18D200FB
:1021200003920693E9E7C046001002400004005005
:1021300010B5040001280CD1FFF7B8FF00220821D8
:10214000144802F043FF22000821124802F03EFF2B
:1021500010BD02280ED1FFF7A9FF8021A020002288
:102160008900C00502F032FF802101228900A020F1
:10217000C005EBE70328EBD1FFF798FF8021A020F3
:102180000022C900C00502F021FF80210122C90000
:10219000EDE7C0460004005070B50400012821D1CD
:1021A000FFF744FF00260821344802F009FF051E0E
:1021B00006D0C82E01D1200070BD0136F6B2F2E77C
:1021C000C82EF8D008212D4802F0FAFE002801D1CF
:1021D000F02D04D1F03D6B425D41ECB2EBE70135EF
:1021E000EDB2EFE7022825D1FFF720FF002580217F
:1021F000A0208900C00502F0E3FE041E06D0C82D11
:1022000001D10124D7E70135EDB2F0E7C82DF8D0B0
:102210008021A0208900C00502F0D2FE002801D153
:10222000F02C04D1F03C63425C41E4B2C3E70134DA
:10223000E4B2EDE703281ED1FFF7F8FE0025802168
:10224000A020C900C00502F0BBFE041E04D0C82DAA
:10225000D7D00135EDB2F2E7C82DD2D08021A02031
:10226000C900C00502F0ACFE0028DBD1F02CD9D0AB
:102270000134E4B2F2E700249DE7C04600040050B8
:1022800010B50400012813D1FFF710FF0821002228
:10229000194802F09BFE2000FFF7C8FE08211648EF
:1022A00002F08EFE013843425841C3B2180010BDFF
:1022B000022810D1FFF7FAFE8021A0208900002219
:1022C000C00502F083FE2000FFF7B0FE80218900E8
:1022D000A020C005E4E70328E8D1FFF7E7FE80214E
:1022E000A020C9000022C00502F070FE2000FFF708
:1022F0009DFE8021C900EBE70004005070B500246A
:10230000050026002800FFF7BBFFA040013406436C
:10231000F6B2082CF6D1300070BD0000080010B5F0
:10232000012911D1FFF7C2FE0824002208211E480E
:10233000013C02F04BFEE4B2012208211A4802F0EF
:1023400045FE002CF1D110BD022915D1FFF7AEFEDC
:1023500008248021A02000228900C00502F036FE5A
:102360008021A020013C01228900C005E4B202F0D6
:102370002DFE002CEDD1E6E70329E4D1FFF796FE10
:1023800008248021A0200022C900C00502F01EFE02
:102390008021A020013C0122C900C005E4B202F066
:1023A00015FE002CEDD1CEE70004005010B504005E
:1023B000FFF7BEFE2000FFF7EFFE2100CC20FFF765
:1023C000ADFF10BD10B50400012803D12000FFF7B8
:1023D000AFFE03E00228F9D00328F7D02000FFF772
:1023E000DBFE10BD00B589B0012814D102211D4BC0
:1023F0001D48DA6A0A43DA62DB6A0B400093009BED
:1024000008230393053B0493002303A9059302F0DB
:102410009FFC09B000BD022814D10121114BDA6ADA
:102420000A43DA62DB6A0B400193019B80239B0025
:102430000393FE3BFF3B04930023A020059303A9D5
:10244000C005E4E70328E4D10121064BDA6A0A4318
:10245000DA62DB6A04900B400293029B8023DB006C
:102460000393E9E70010024000040050F0B50200B9
:1024700041180126002073278A4200D1F0BD0824AC
:10248000157803006B4033405B42BB434008584023
:10249000013CC0B26D08002CF3D10132ECE7000022
:1024A000F0B503230026040087B0019300962000B6
:1024B000FFF788FF051E56D12000FFF777FF2100A8
:1024C0004420FFF72BFF314806F084FE2000FFF781
:1024D0006DFF2100BE20FFF721FF2000FFF70EFF58
:1024E00003AF78550135092DF7D108213800FFF7E2
:1024F000BDFF3B7A83422DD10023F85E002817DA16
:10250000404211F02FFB0022214B10F003FE11F08E
:10251000B3FB051C00262000FFF764FF002E05D149
:102520001C49281CFDF7D6FEB04225D01A4D29E0E3
:1025300011F018FB0022194B10F0ECFD11F09CFB80
:102540001749051CFDF7C0FE0028E3D00136F6B29E
:10255000022EDFD0019B013BDBB20193002B07D1A0
:1025600001260F4DD7E7009B0133DBB20093F1E763
:10257000009B032B9BD1F3E70A49281CFDF7BEFE05
:102580000028D3D1281C07B0F0BDC04602030000CC
:102590000000B0BF00005CC233CB4C450000B03F30
:1025A0000000AA420000FA4210B50E4B0E4C236008
:1025B0000E4B200063600123E36000232361A361CD
:1025C000E3612362F033A3600E33636103F076FFAF
:1025D000002801D005F068F80021200004F088FAF6
:1025E00010BDC04600540040CC030020563EA11050
:1025F000F0B5FA27002401260D4B87B01B7805ADF6
:102600002B70BF000123C5211A000A4802970196CA
:10261000009504F011F92B78013433402B70A4B2EB
:10262000002B02D0044B9C42ECD1200007B0F0BD3F
:1026300032540108CC03002010270000F0B589B007
:102640006A46224B04AD1B7805AF2B70204BFA264F
:102650001B7801243B701F4BB6001B7813761E4B72
:102660001B781377FFF7C4FF1C4800950500230073
:102670000222C4210296019404F022F8FFF7B8FF69
:1026800023000422C421280002960194009704F03C
:1026900017F8FFF7ADFF06AB1222C4210093280004
:1026A00023000296019404F00BF8FFF7A1FF07AB9B
:1026B0001C22C4210093280023000296019403F0F9
:1026C000FFFFFFF795FF09B0F0BDC0463454010885
:1026D000365401083854010833540108CC03002053
:1026E000F0B5FA2501241D4B89B01B7805AFAD006C
:1026F0003B70FFF77DFF23000022C421184802959C
:102700000194009703F0DCFFFFF772FF154B98422E
:1027100022D806AF23000F22C5210295104801944C
:10272000009704F089F8029507AD23001022C52117
:102730000B480194009504F07FF83A782B78120248
:102740009B18FA229BB200201201934202D80A2061
:10275000584380B209B0F0BD0348FBE73A54010882
:10276000CC0300200E270000FFFF00001FB5154C12
:1027700005222100684611F02FFC611D062202A8E7
:1027800011F02AFC07F016F907F02EF901220E4984
:102790000E4800F03BFEFA20800006F01BFD694663
:1027A00005220B4B094801F001FA322006F012FD18
:1027B0000622074B02A9054801F0F8F9322006F07D
:1027C00009FD1FBD80530108B3080020B808002090
:1027D000FFFF000037B5174B0193FFF7C7FF164BFC
:1027E000042201A9154801F0E1F90122144C154910
:1027F0001248227000F00AFEFA20400006F0EAFCBF
:102800000023237007F01AF90F4B1A785A2A01D0C7
:1028100000203EBD5A78052AFAD19A78112AF7D1BC
:10282000DA78002AF4D11879703843425841C0B29E
:10283000EFE7C0465A04116FFFFF0000B808002000
:102840001F040020B30800201804002037B5072219
:1028500000210400684611F079FB07F0C5F8FA2062
:10286000800006F0B7FCFA216D466846C90007F003
:102870007FF907F0E3F868782B7829790343A87883
:102880006A790343E87803430B43A879134303436E
:10289000DBB2002B04D1084823606060A36037BD21
:1028A0000A2328881202434352189BB22360D31094
:1028B000013B6888FF3BF0E7FEFF00007FB5102278
:1028C000002102A811F042FB02210B4BA020DA6A82
:1028D000C0050A43DA62DB6A01AA0B400093009B41
:1028E000802101230901039302330191049304F031
:1028F000F9FE07B000BDC046001002407FB50C22B3
:10290000002103A811F022FB01230A4A0A48D16AD8
:102910001943D1628021D26A49011A400092009A7B
:10292000029301AA02330191049304F0DBFE07B085
:1029300000BDC04600100240000400507FB50C22CC
:10294000002103A811F002FB02210A4BA020DA6A41
:10295000C0050A43DA62DB6A0B400093009B8023C8
:102960001B010193032301A9029302F0F1F907B0BF
:1029700000BDC046001002407FB50C22002103A814
:1029800011F0E4FA0121094B0948DA6A0A43DA62D4
:10299000DB6A0B400093009B80235B0101930323C0
:1029A00001A9029302F0D4F907B000BD0010024063
:1029B0000004005002230D4A10B5916B0C480B43E4
:1029C00093630C4B0C4A03601F2343600023C260D7
:1029D0008360036103F04CF9002801D004F064FE29
:1029E00000220521102002F077F910BD00100240EE
:1029F0002004002000040040E7030000034B98423D
:102A000003D1034A13880133138070472004002048
:102A1000580400200300F7B504000C33009300268F
:102A20008021314D314F2B6801225E6249013048CF
:102A30003E8002F0CBFA012006F0CCFB8021320070
:102A40002B48490102F0C2FA0DF0A5FE06008021D4
:102A5000A0200901C00502F0B3FA002834D00026F6
:102A6000280003F01FF90DF096FE01908021A020B0
:102A70000901C00502F0A4FA00282DD1280003F0B6
:102A80001BF92B685B6A012E1DD0FA203A88800062
:102A900050439BB2C01811F065F8164A164B10F05F
:102AA00039FB0022154B10F035FB154B002210F0BE
:102AB00031FB0EF097FF2080322006F08BFB009B4D
:102AC00002349C42ABD1F7BD30000DF06AFE0D4BD5
:102AD0009842BCD90126C3E701980DF062FE094B6C
:102AE0009842C3D90126C9E72004002058040020D9
:102AF00000040050006F8104C58FA13F0000E03F3B
:102B000000002440E7030000020030B50A32030051
:102B100001211C885D88AC4202D900211D805C80A7
:102B200002339342F5D1002902D1023A8242EED11A
:102B300030BD10B50400FFF7E7FFE2886388208905
:102B40009B18A2889B18C018800880B210BD000096
:102B50001FB58021A0200901C00502F031FA041E32
:102B600002D00B4804B010BD0A4B1B888342F8D03A
:102B700001A8FFF74FFF01A8FFF7DBFF0300B42216
:102B8000F03B9BB252019A42644164422040E9E723
:102B9000FFFF0000E00A002010B586B00C220021E3
:102BA00003A811F0D3F901238024A0200C4A2401AA
:102BB000D16AC0051943D162D26A21001A4000923D
:102BC000009A029301AA02330493019404F08AFD4F
:102BD000A02000222100C00502F0F8F906B010BDC7
:102BE000001002407FB51022002102A811F0AEF9BA
:102BF0000221084B0848DA6A0A43DA62DB6A01AA52
:102C00000B40802100934901009B019104F06AFD73
:102C100007B000BD00100240000400507FB50C2238
:102C2000002103A811F092F901210A4BA020DA6AD1
:102C3000C0050A43DA62DB6A0B400093009B8023E5
:102C40001B010193032301A9029302F081F807B04D
:102C500000BDC046001002407FB50C22002103A831
:102C600011F074F90221094B0948DA6A0A43DA6261
:102C7000DB6A0B400093009B80235B0101930323DD
:102C800001A9029302F064F807B000BD00100240F1
:102C9000000400508021A020002270B50901C00569
:102CA00002F094F980211B48490102F089F90028BB
:102CB000F8D1182504008021A02001220901C005B7
:102CC00002F084F98021A02000220901C00502F051
:102CD0007DF980210F48490102F072F90138434221
:102CE0005841013D6400EDB22418002DE3D180214C
:102CF000A02001220901C00502F068F98021A0206E
:102D00002A000901C00502F061F98020000460403A
:102D100070BDC0460004005010B5FFF7BBFF014B6B
:102D2000186010BD5C04002010B5FFF7B3FF094A1E
:102D300003001060084A00201268934208D0981AD5
:102D40000FF002FB054B19680EF0D8FE0FF0DEFA0B
:102D500010BDC046600400205C0400201800002064
:102D60000020704770470120704770B505000920AA
:102D7000FDF773FD4D20FDF770FD0724112D12DDC9
:102D80000443E4B22B1C142D00DD1423053B102159
:102D9000494219430920C9B2FDF70EFD21004D201B
:102DA000FDF70AFD70BDA04304240443E4B22B1CCC
:102DB000022D00DA0223023BE9E700007FB514226E
:102DC000002101A811F0C2F81148FDF7A5FC114B34
:102DD00080210293022301AA03930F480133890142
:102DE000049304F07FFC802101AA0C48C90004F080
:102DF00079FC802101AA0948090104F073FC8021B3
:102E0000064801AA490004F06DFC07B000BDC046A9
:102E10001C000020000011100008005000040050A9
:102E20007FB51422002101A811F090F80E4B8021EB
:102E30000293022301AA0D488901039304F052FC76
:102E4000802101AA0A48C90004F04CFC802101AA93
:102E50000748090104F046FC8021054801AA490001
:102E600004F040FC07B000BD000011100008005045
:102E700000040050802110B50368040000220D48B2
:102E8000890104F07BFC8021636800220A48C900A4
:102E900004F074FC8021A36800220748090104F0B3
:102EA0006DFC80210022E3680348490004F066FCC1
:102EB00010BDC04600080050000400507FB5142229
:102EC000002101A811F042F801238021A0200293E3
:102ED00001AA02334900C005049304F003FC8021D9
:102EE000A02000224900C00504F06EFC07B000BD20
:102EF0000D4B10B51A78824204D01870002802D108
:102F0000FFF7DCFF10BDFFF7D9FF084C2378002B3B
:102F1000F8D08021A02001224900C00504F054FC13
:102F200000232370EEE7C046640400206E060020F4
:102F3000012210B5032800D000228021A0204900E2
:102F4000C00504F041FC10BD8022104B52001968EE
:102F50000A431A60DA680E490A40DA601A680D49B5
:102F60000A4001211A609A688A439A601A680A49DD
:102F70000A401A60DA6809490A40DA6000221A61D8
:102F80008022074B12059A607047C046001002402D
:102F90000C40FF88F6FFF6FEFFFFFBFFFFFF02FF7E
:102FA00000ED00E0F7B504000F0015001E0001F071
:102FB00075FE0190002D2ED0226893683B40BB42E5
:102FC00030D000252CE0731C26D0002E05D001F057
:102FD00065FE019BC01AB0421DD9E02123685A68E2
:102FE0008A435A601A68A0398A4380211A60A26A0B
:102FF00089018A4206D11968104801401960196890
:103000000A431A602300012251331A7000235034FE
:103010000325237004E0226893683B40BB42D2D171
:103020002800FEBD731CC8D0002ED6D001F036FE9D
:10303000019BC01AB042BFD9CFE7C046FFDFFFFFF8
:103040007047000070B504000120002C36D0250028
:1030500051352B78002B05D12200503220001370FF
:10306000FFF7EEFF022340222B702168A0680B6857
:1030700093430B606368A2690343E06803432069DC
:10308000034360690343E0690343206A0343A06A82
:10309000034380208000104003430B600423120C84
:1030A0001A40636A00201A43E36A4A600B61CB69E5
:1030B000034A1340CB61012360652B7070BDC0468D
:1030C000FFF7FFFFF7B504006E460020F0802600F2
:1030D00051363078089D012802D0307822280DD151
:1030E000002900D14CE1002A00D149E1002B00D198
:1030F00046E1200050300778012F02D10222100053
:10310000FEBD012707703078B84201D132203070FF
:1031100000206065A064E0648020A263A26AE38767
:10312000A387A386E386216323688001824206D1B8
:103130001868964F3840186018681043186040208F
:103140001F68074202D11F6838431860E76860684B
:10315000BC4680273F01BC4500D07AE0002806D05D
:1031600082277F00B84209D1E08E012806D1088865
:103170000231D8602163E18E0139E186E18E0029B8
:1031800009D080277F01E38E002B32D162689A42FA
:103190001BD12B000AE0802189018A4204D18022C0
:1031A000196852010A431A602B00002201212000F5
:1031B000FFF7F8FE002824D12368DA68A36B1A8091
:1031C0000233A363E38F013BE3878023A26A9B0161
:1031D0009A4200D0B0E02B00002201212000FFF72E
:1031E000E1FE002800D1A1E00223626D1343636574
:1031F00007E02B00002202212000FFF7D3FE002869
:1032000001D003227BE7236B226819880233D16047
:103210002363E38E013BE386E38E834207D1802163
:10322000A36A89018B4202D113683B4313602B00D0
:10323000002201212000FFF7B5FE0028E1D123681C
:10324000DA68A36B1A800233A363E38F013BE38741
:1032500099E7002806D082277F00B84209D1E08E86
:10326000012806D1481C20630978D960E18E013914
:10327000E186E18E002914D080277F01E38E002BA8
:1032800025D162689A42A0D12B0001212000FFF7CE
:1032900089FE0028B5D12368DA68A36B591CA163A5
:1032A00013E0802189018A4204D1802219685201E9
:1032B0000A431A602B00002201212000FFF772FE52
:1032C00000289ED12368DA68A36B1A707AE72B0076
:1032D000002202212000FFF765FE002891D1226B19
:1032E000531C236312782368DA60E28E013AE28687
:1032F000E28E824207D18021A26A89018A4202D1EC
:103300001A683A431A602B00002201212000FFF7BF
:1033100049FE002800D074E72368DA68A36B591CC3
:10332000A1631A70E38F013BE387A7E76A4623682E
:10333000DB68D3806B46DB8801222B0080212000D4
:10334000FFF730FE021E02D02023626D4EE70123FC
:10335000250033708023A16A9B015035994211D119
:1033600023689E68F6060DD50222666D32436265BB
:103370001A68064C22401A601A68114319602870B6
:103380000122BCE600232B70B9E6C046FFDFFFFF39
:10339000036806491A686A300A401A609A6823313D
:1033A000FF318A439A60202303707047DFFEFFFFDE
:1033B00030B5050069352B78202B01D0022030BDB7
:1033C000002901D10120FAE7002AFBD0802384687C
:1033D0005B019C4204D10369002B01D1CB07F1D4DE
:1033E000040068342378012BE8D003005033C16413
:1033F0005A801A8000232122C3662A702370016834
:103400005F32086802430A601800D8E770B505000B
:103410006A352B78202B01D0022070BD002901D104
:103420000120FAE7002AFBD0802483686401A342CC
:1034300004D10469002C01D1CC07F1D40400683414
:103440002678012EE8D04165010058310A804A8073
:1034500080225201934219D10369002B14D1134ADF
:1034600003005C331A80002322220121C3662A70E4
:1034700023700268906801439160902110684900B0
:10348000014311601800C8E7FF22E9E7002B04D1CF
:103490000369002BF8D07F22E2E780225205934295
:1034A000E1D10369002BF6D03F22D9E7FF010000EC
:1034B0001300020070B5693204001078202801D092
:1034C000022070BD002901D10120FAE7002BFBD0BA
:1034D0008020A5684001854204D12069002801D1DF
:1034E000C807F1D42600683630780128E8D00120DA
:1034F000307020005030E16400250380438021209B
:10350000E5661070206E0A4A8563C262094A02634A
:10351000094A42632268283201F000FE40222368F3
:1035200028001A623570996892180A439A60C8E7B1
:103530003D35000873350008F33500080268836ADA
:1035400011682022080010B5104011420CD11A0059
:1035500080211B68523210809A688A439A60402208
:1035600019680A431A6010BD180006F05BF9FAE703
:10357000704710B5806AFFF7FBFF10BD010070B502
:103580006A310A780368222A2BD1020080245C3237
:10359000168885685A6A6401436D3240A5421CD181
:1035A0000469002C19D11A800233436502005A3293
:1035B0001388013B9BB21380002B0DD103680B4C89
:1035C0001A6822401A609A682334FF34A2439A6032
:1035D00020230B7006F048F970BD5C1C44651A701E
:1035E000E4E7082299690A439A61F5E7DFFEFFFFE5
:1035F000704710B5846A210069310B78212B0DD1F9
:1036000023689A68120609D52200002052321080E1
:103610001A68C03082431A6020230B7023006A337B
:103620001B78222B0AD123689B685B0606D52300F2
:1036300000225A3320001A80FFF7AAFE1023E26E00
:1036400020001343E366FFF7D3FF10BDF8B503680E
:103650000400DA691968100708D12020024262D0FC
:10366000014260D02000FFF789FFF8BD9D689027D8
:1036700001202E007F0006400F40374354D0024205
:1036800005D0CD0503D51862E56E2843E06602201B
:10369000024206D0002E04D01862E56E00182843BE
:1036A000E0660420024206D0002E04D01862E56EC7
:1036B00002382843E0660820024207D020250D404A
:1036C000354303D01862E36E1843E066E36E002BC7
:1036D000CBD020231A4204D0194202D02000FFF799
:1036E0004DFFE36E20001B0706D423689A68402331
:1036F00015001D401A422BD0FFF74AFE40212368D7
:103700009A680A4220D09A68606E8A439A600028BC
:103710001AD0324B836301F02DFD0028A5D0606ED6
:10372000836B9847A1E79D6880204003024213D035
:103730006D0211D522001862202369321370200017
:10374000537002F055FD90E72000FFF751FF8CE722
:10375000FFF74EFFE56688E780252A422CD02942F4
:103760002AD0220069321278212A00D07DE7200079
:1037700052300288002A07D11A68AA431A604022F0
:1037800019680A431A6070E78021A568E26C490154
:103790008D420CD12169002909D111880232C90555
:1037A000C90D9962E2640388013B03805DE7511C07
:1037B000E16412789A62F6E74020024200D154E7B1
:1037C000014200D151E71A6882431A602300202287
:1037D000693320001A7006F025F846E7E137000843
:1037E000806A0023020010B55A321380083A138011
:1037F000FFF7FEFE10BD0000F8B505000368826803
:1038000000691968024368698A4E0243E869024305
:10381000894801400A431A605A6888490A40E968A1
:103820000A435A60A969B34201D02A6A11439A68CF
:10383000834802400A439A60824A93421FD103227E
:10384000814BDB6C1340022B22D0934212D108240F
:10385000022001F01BF92F680300B7426CD1082C3D
:1038600000D9E4E02000FCF72BFC35E23BE261E20A
:10387000E2E264000424012BEAD0033CE8E7734A47
:1038800093420ED1704BDC6C0C231C40082C01D1F0
:103890000224DDE70C2CDAD0043C63425C41A40036
:1038A000D6E76B4A934201D10024D1E7694A93429B
:1038B000FAD01024B342CBD1634B8022DC6CC023FE
:1038C0001B011C4012019442E2D09C42BFD0624BCB
:1038D000E418E2E700F0E4FF002809D100244AE000
:1038E000594B18685D4BC006C01718405C4BC01898
:1038F00003236A685343834200D998E01303834249
:1039000000D294E00021070E0602500836184F41FD
:103910000B0030003900FCF705FD524BC218524B2A
:103920009A4200D983E02B68D860D7E700F0BEFE4A
:10393000D2E780200002DBE78022E969120291428F
:103940003ED1082C39D82000FCF7BAFB05171D37EB
:103950002F3737373200696858004B08C018FCF71A
:10396000CDFB80B20F2302009A43130000072A68A0
:10397000400F0343D3602000F8BD00F0A1FF696849
:1039800040004B0809E0304B69681A6810231400A6
:1039900048081C401A4206D0344BC018FCF7AEFB56
:1039A000002480B2DEE7324BD8E700F07FFEE6E786
:1039B000802369685B024808EFE701240020D1E713
:1039C000082C34D82000FCF77BFB05101B322A3270
:1039D00032322D0000F064FF69682D684B0818181A
:1039E000FCF78CFB80B2E860C5E700F069FF69680E
:1039F0002C684B081818FCF781FB80B2E0606DE77B
:103A0000114B69681B684808DB0606D5194BC018BE
:103A1000FCF774FB80B2F86060E7114BF7E700F049
:103A200045FEE4E7802369681B024808EFE70124AC
:103A3000A1E7C04600480040F369FFEFFFCFFFFF5A
:103A4000FFF4FFFF00380140001002400044004036
:103A5000004C00400050004000FCFFFF00E548FF24
:103A60000024F40000FDFFFFFFFC0F0000127A00AD
:103A70000048E80100093D00436A30B5DA0706D581
:103A80000168284C4A682240846A22434A609A07A7
:103A900006D50168244C4A682240C46A22434A6021
:103AA0005A0706D50168214C4A682240046B22431C
:103AB0004A601A0706D501681D4C4A682240446BCB
:103AC00022434A60DA0606D501681A4C8A68224009
:103AD000846B22438A609A0606D50168164C8A6870
:103AE0002240C46B22438A605A0610D50168134DE8
:103AF0004A68046C2A4022434A608022520394425E
:103B000005D14A680E4C2240446C22434A601B0691
:103B100006D502680B4953680B40816C0B43536018
:103B200030BDC046FFFFFDFFFFFFFEFFFFFFFBFFB5
:103B3000FF7FFFFFFFEFFFFFFFDFFFFFFFFFEFFF55
:103B4000FFFF9FFFFFFFF7FFF8B504000E00150011
:103B50001F002268D36933409B1B59424B41AB4243
:103B600001D0002018E0069B0133F3D0069B002B08
:103B700013D123680C491A6803200A401A609A6816
:103B8000A331FF318A439A602200202369321370E7
:103B90005370002368342370F8BD01F07FF8069B52
:103BA000C01B9842D5D9E4E75FFEFFFFF0B50600E1
:103BB00085B002936936337804000D001700202B7E
:103BC00015D1002901D0002A02D1012005B0F0BD95
:103BD000802382685B019A4204D10369002B01D1E2
:103BE000CB07F2D4230068331A78012A01D10220CE
:103BF000ECE701221A700023E3662133337001F0F1
:103C00004DF8230050331F805F80802703907F0191
:103C1000230052331A88002A0AD1029B40210093C4
:103C20002000039BFFF790FF00281FD00320CDE763
:103C30001A888021013A1A80029B002200932000FA
:103C4000039BFFF781FF0028F0D1A3682268BB42E5
:103C500008D12369834205D12B880235DB05DB0DB2
:103C60009362D5E72B7801359362D1E7202368343E
:103C700033702070AAE7000073B500260400C66602
:103C800001F00CF8236805001B681B0717D4236894
:103C90001B685B070AD580210F4B00220093200090
:103CA0002B00C903FFF750FF002813D12200202367
:103CB0000020693268341370537020700BE080214B
:103CC000054B32000093890303002000FFF73CFFFF
:103CD0000028DCD0032076BDFFFFFF0170B5040093
:103CE0000120002C2CD0250069352B78002B05D124
:103CF000220068322000137005F0C6FE2423012143
:103D00002B70226813688B431360636A002B02D008
:103D10002000FFF7B1FE2000FFF76EFD01280FD055
:103D2000236808495A6820000A402A215A609A6884
:103D30008A439A60012219680A431A60FFF79CFFC0
:103D400070BDC046FFB7FFFF084B13B5040008491C
:103D50001868FCF7D3F944430194019B002B00D170
:103D600013BD019B013B0193F7E7C04634000020DF
:103D700040420F000321036870B59A6804000A40AE
:103D8000012A04D11968114201D0002070BD996840
:103D9000134A114209D01023A26D1343A3650123D6
:103DA000E26D13430120E365F0E701259A682800DE
:103DB0002A439A60FFF7C8FF00F070FF06002368EF
:103DC0001B682B42E1D100F069FF801B0A28F6D95D
:103DD0001023A26D1343A365E36D2B43E2E7C046B6
:103DE000170000807047000070B5041E01D101204B
:103DF00070BD836D002B05D102005432C365137072
:103E0000FFF7F0FFA36DDB0603D423689A6852071F
:103E100007D51023A26D543413436360002323702D
:103E2000E5E7A16D534A11400632FF320A43A2650D
:103E3000032299681140504A012902D118680842AA
:103E400019D180256168ED0548004008A84203D0DB
:103E500080200006814272D11869800080081861B4
:103E60001869014319611820D9688143D960D9685C
:103E7000A0680143D9601168404801401160A16BFE
:103E80001068490601431160802299685205114269
:103E900002D199680A439A60DA683949656B0A4029
:103EA000DA60E268D868216A2A4302434803024381
:103EB000206B40000243A06980030243E069C00315
:103EC0000243206902384542684180000243C22013
:103ED000DA60A26AFF30824204D0E56AD8682A43D9
:103EE0000243DA60626A012A06D1002933D18022B6
:103EF000D96852020A43DA60216C1A69012932D169
:103F00002048A56C02401A61626C18692A43E56C6E
:103F10002A4302431A611A691143196107215A6938
:103F200000208A435A615A69E16B0A435A610323AC
:103F3000E065A26D9A43023B1343A36558E71869F5
:103F4000114D8000800818611068284010601068CA
:103F50000143116087E72021A06D0143A165E16D58
:103F60000A43E265C8E701210A42D7D01A698A43A9
:103F70001A61D3E7FDFEFFFF08270140FFFFFFFDA9
:103F80001902FEFF03FCFFFFFFFFC3FF036870B5CC
:103F90009B6804005B0701D5022070BD0500543505
:103FA0002B78012BF8D001232B70C369012B11D181
:103FB000A26D0B4B00201A4080235B0013431C2290
:103FC000A365E065287023681A609968183A0A4367
:103FD0009A60E2E7FFF7CEFE0028E9D0DDE7C046B1
:103FE000FEF0FFFFF8B5456904000E00082D0DD066
:103FF00003680120DB680C25034207D02023A26D53
:1040000054341343636000232370F8BD00F046FE70
:10401000070023681A68154222D08022A16D920001
:104020000A43A265C022D9681201114213D1226A43
:10403000002A10D11A6812070DD59A68520722D4A7
:104040000C215A688A435A60A16D154A1140043206
:10405000FF320A43A265A269002A1DD00020D4E7DE
:10406000721CD7D0002E08D10423A26D5434134300
:104070006360002303202370C7E700F00FFEC01B1E
:10408000B042C6D9F0E72022A16D0A43A265012201
:10409000E16D0A43E265DEE70C221A60DEE7C04606
:1040A000FEFEFFFF0368186C70470000F8B50400BF
:1040B0005434237805000220012B0CD001232370F7
:1040C0002A689068400707D52022A96D18000A4386
:1040D000AA6500222270F8BD802380260D68194F42
:1040E00049686803DB02400B2B40B602B94218D086
:1040F000916A01439162002B08D08023124A1B046D
:1041000011680A200B431360FFF71EFE354205D0ED
:1041100080230D4ADB0311680B43136000202070DD
:10412000D9E7916A81439162002B04D0064A07497E
:1041300013680B4013603542F0D0034A04491368FA
:104140000B40EAE70110000008270140FFFF7FFF56
:10415000FFFFBFFF174B70B5DC68F0222100114054
:10416000144225D18024C0229E6B6405124D520159
:10417000264213D02B681A40C0235B019A4203D118
:104180000E4BC1184B42594101240D4A1368A343F9
:104190000B43136010682040484070BD9E6B344351
:1041A0009C632C68074D22409C6B2C409C63E3E78A
:1041B0000021E9E700100240007000400040FFFFCE
:1041C00000200240FFFFFFEFF0B50368040085B058
:1041D000DB074ED423689B0700D59FE02368DB06EE
:1041E00035D50C23BD4DEA681A4200D0EBE02B68B0
:1041F0009B0502D5E369002B50D0E0226B68666A0C
:10420000120213409E4200D8C9E03000FFF7A2FF1F
:10421000002800D0D5E06B68B14A134033436B608F
:104220006A68236A12021B06120A13436B6080231A
:10423000760B01361B02B340EA68AA481206120F39
:10424000825CA949D34003200B6004F0C1FF2368BE
:104250001B0700D5EEE023685B0700D511E123685A
:104260009B0600D593E1A16A002900D0C3E100209C
:10427000A7E00C21994DEB680B40082B08D0802358
:10428000EA685B020A408A420AD1EA681A4207D009
:104290002B689B039ED56368002B9BD1012090E087
:1042A00062689A4212D12A6813432B6000F0F6FC30
:1042B00080260700B6022B6833428BD100F0EEFC5B
:1042C0008A4BC01B9842F6D903207AE0A021C9028C
:1042D0008A4205D180222968D2020A432A60E2E795
:1042E000296883480140296029680B400393039B98
:1042F00080492B680B402B60002AD7D100F0CEFC00
:1043000080260700B6022B68334200D162E700F036
:10431000C5FC764BC01B9842F5D9D5E70C226F4DF2
:10432000EB681340042B06D0EB681340934210D186
:10433000EB68DB030DD42B685B0702D5E368012B28
:10434000ACD16A6823696C491B020A4013436B6055
:1043500044E7E2682B68002A10D009218B431343FD
:104360002B6000F09BFC042607002B683342E8D149
:1043700000F094FCC01B0228F7D9A5E70122934363
:104380002B6000F08BFC042607002B68334200D121
:1043900024E700F083FCC01B0228F6D994E76B6881
:1043A0004F4A3000134033436B606A68236A12023D
:1043B0001B06120A13436B60FFF7CCFE002800D1E6
:1043C00035E705B0F0BDE369002B20D080232A68D3
:1043D0005B0013432B6000F061FC80260700B600F1
:1043E0002B6833420DD06B683D4A1340626A134319
:1043F0006B606A68236A12021B06120A13436B6021
:1044000025E700F04BFCC01B0228E9D95CE72B68CC
:104410003A4A802613402B6000F040FC0700B600AB
:104420002B68334200D112E700F038FCC01B022891
:10443000F6D949E762690123284D002A10D02A6D78
:10444000022613432B6500F029FC07002B6D334235
:1044500000D000E700F022FCC01B0228F6D933E7A9
:104460002A6D02269A432A6500F018FC07002B6D7E
:10447000334200D1EFE600F011FCC01B0228F6D950
:1044800022E780230021154D5B05AA6B00911A429B
:1044900004D1AA6B1343AB63012300938027184E0A
:1044A0007F0033683B4208D08022A36852009342C9
:1044B00028D12A6D13432B6549E033683B433360B1
:1044C00000F0ECFB019033683B42EDD100F0E6FBDD
:1044D000019BC01A6428F6D9F6E6C04600100240D7
:1044E000FF1FFFFFC16F0108340000208813000088
:1044F000FFFFFEFFFFFFFBFFFFE0FFFFFFFEFFFFF1
:1045000000700040002B16D12B6D5F4A80271340AE
:104510002B652B6D5D4ABF0013402B6500F0BEFB81
:1045200006002B6D3B421AD000F0B8FB584B801BA5
:104530009842F6D9C8E6A021C9008B4218D1802341
:10454000296DDB000B432B652B6D1A432A6500F0A8
:10455000A5FB80270600BF002B6D3B4210D0009BBF
:10456000012B00D07BE6AB6B4A4A1340AB6376E687
:104570002B6D454A13402B652B6D444A13409AE737
:1045800000F08CFB424B801B9842E5D99CE6A16968
:104590000123414D414A002918D0A9680226194338
:1045A000A960696B0B436B638023116A9B010B430A
:1045B000136200F073FB0700AB68334200D052E691
:1045C00000F06CFBC01B0228F6D97DE6A968022624
:1045D0009943A960136A32490B40136200F05EFBF5
:1045E0000700AB68334200D13DE600F057FBC01B2B
:1045F0000228F6D968E60C22274DEB681340934257
:1046000000D14BE62B68274A13402B6002292BD19F
:1046100000F044FB80260700B6042B6833421DD10E
:10462000216BE36AEA680B431F490A401343626B3C
:1046300080241343EB6080232A685B0413432B60C0
:1046400000F02CFB0600A4042B68234200D00EE6E9
:1046500000F024FB801B0228F6D935E600F01EFB93
:10466000C01B0228D9D92FE600F018FB80240600D1
:10467000A4042B68234200D1F9E500F00FFB801B56
:104680000228F6D920E6C046FFFEFFFFFFFBFFFF32
:1046900088130000FFFFFFEF001002400000014000
:1046A000FFDFFFFFFFFFFFFEFFFF02FF0C221A4BA1
:1046B00010B5D9680A40082A2CD00C2A0CD0042A3C
:1046C00020D118681023184043425841134B4042F0
:1046D0001840134BC01810BD12488A02120F825C9A
:1046E0000902D868890F0131C00304D50E48504330
:1046F000FBF704FDEFE71B68DB0601D50848F6E78A
:104700000A48F4E780205B6800021B045B0F01335A
:104710009840E0E70448DEE700100240001BB700C5
:1047200000093D00B06F010800127A000024F40077
:10473000F7B50122534D06002B68019113408B42BF
:1047400028D33268930731D4D20737D401232A689B
:1047500001991A408A4200D985E032684A4C5307D1
:1047600000D588E0120706D5E26833694749DB00C7
:104770000A401343E360FFF799FFE368444A1B06CE
:104780001B0FD35C4349D8400860032004F020FD90
:1047900000200AE02B68019993430B432B602B68A0
:1047A0001340019A9342CCD00120FEBDF02036493F
:1047B000CB688343B0680343CB60C5E7324C726873
:1047C0002368022A19D19B03EED50321E3688B43AA
:1047D0001343E36000F062FA73680700022B19D1FB
:1047E0000C22E3681340082BB0D000F057FA2A4B94
:1047F000C01B9842F4D90320D7E7032A02D19B01BA
:10480000E3D4D1E7012A02D15B07DED4CCE79B05D4
:10481000DBD4C9E7032B0CD10C22E368134093428D
:1048200000D193E700F03AFA1B4BC01B9842F3D932
:10483000E1E7012B11D00C22E368134200D185E798
:1048400000F02CFA144BC01B9842F4D9D3E700F0C7
:1048500025FA114BC01B9842CDD80C22E3681340B7
:10486000042BF4D172E72A689A432A602A681A4214
:1048700000D172E798E7E36808490B40F1680B4301
:10488000E3606FE70020024000100240FFC7FFFF17
:10489000C16F01083400002088130000FFF8FFFFFB
:1048A000044B054ADB6805495B055B0FCB5C106870
:1048B000D84070470010024034000020B96F010852
:1048C000044B054ADB6805499B045B0FCB5C106811
:1048D000D84070470010024034000020B96F010832
:1048E0000368F7B505009B0667D5802300215C4C63
:1048F0005B05A26B00911A4204D1A26B1343A36320
:10490000012300938027574E7F0033683B4209D133
:1049100033683B43336000F0C1F9019033683B4298
:1049200000D185E0686822680100C0234240C020B1
:104930009B0280031940024205D0994203D12268AC
:104940000120920373D4226D100018401A421BD02C
:10495000884219D02B689B0616D58021236D206DC7
:10496000090301432165216D3F4A40481A40014037
:1049700021652265DB0507D500F090F98027060048
:10498000BF00236D3B425CD06968C0230A009B02D4
:104990001A409A4207D1236835480340C02080035B
:1049A00001400B432360236D1A43009B2265012BBA
:1049B00003D1A36B2F4A1340A3632B68DA0706D5F4
:1049C00003202749CA6C8243A8680243CA649A0735
:1049D00006D50C202249CA6C8243E8680243CA64A7
:1049E0005A0706D51E492448CA6C0240286902436A
:1049F000CA641A0706D51A492048CA6C0240686979
:104A00000243CA64DA0506D515491748CA6C024044
:104A1000A8690243CA645A0606D511491848CA6CE7
:104A20000240286A0243CA641B0611D40020FEBD5E
:104A300000F034F9019BC01A642800D86EE7032007
:104A4000F5E700F02BF90F4B801B984299D9F6E758
:104A5000034A0D49D36C0B40E9690B43D364E5E786
:104A60000010024000700040FFFFFCFFFFFFF7FF57
:104A7000FFFFCFFFFFFFFFEFFFF3FFFFFFCFFFFFC2
:104A8000FFFFFFFB88130000FFFFF3FF10B51028A6
:104A900000D1B9E008D80138072827D8FBF710FB68
:104AA000697F268F262626A040283AD080235B00E7
:104AB000984200D1AEE0202818D1C02480215F4A5E
:104AC000A402106D136D490223408B4203D180056F
:104AD000C00FC0030BE0802189028B4204D1800704
:104AE000574BC017184002E0A34201D0002010BD70
:104AF00013680B42FAD0C023106880229B03184031
:104B00009203904200D194E0984200D193E04D4B43
:104B1000C018434258414C4B404218404B4BC018C0
:104B2000E5E7464BDA6C52011ED41A689201DDD5D6
:104B3000DA684748D9689202120F805C0902DA6885
:104B4000890F0131D2030DD410221B6813405A4241
:104B50005341404A5B4213403C4A9B185843FBF781
:104B6000CDFAC4E73C4BF9E798683C4B8007C01787
:104B7000B8E7324B0321D86C02000A40084202D148
:104B8000FFF79EFEB3E7022A04D118684007344BB2
:104B9000C017A7E7012A10D1FFF788FDA7E7274B29
:104BA0000C21D86C02000A40084202D1FFF778FEBF
:104BB0009DE7082AE9D0042AEED0186D87E71F4B3D
:104BC000C021D86C090102000A400842EED08021C1
:104BD00009018A42D9D08021C9008A42EDD1DBE7A0
:104BE000164AC021D06C890103000B400842DDD079
:104BF000802189018B4201D11068C7E780225201D0
:104C0000934200D072E7C7E70C4B9B6B5B0200D46A
:104C10006CE7CBE7094AC021D06C890203000B4046
:104C20000842C3D0802189028B42E5D08022520203
:104C3000E6E70C485BE70C4859E7C0460010024025
:104C4000889000000000F0FF807BE1FF00093D003C
:104C5000B06F0108001BB70000127A00006CDC0284
:104C60000024F40040420F0020A107000223064A5E
:104C700010B5116803200B43136004F0A9FA04F087
:104C8000AFFA002010BDC04600200240024A13685F
:104C9000013313607047C04668040020014B186858
:104CA0007047C046680400200121024A53688B43C4
:104CB00053607047005801400221024A53688B43F9
:104CC00053607047005801400421024A53688B43E7
:104CD000536070470058014010B5FF2403232200A1
:104CE00003408901DB0021409A40994000280BDAFB
:104CF0000F23184008380A4B80088000C018C36989
:104D000093430B43C36110BDC024064B8008800051
:104D1000C018A400035993430B430351F3E7C04663
:104D200000ED00E000E100E01F2318401E3B83403F
:104D3000014A13607047C04600E100E01F2318409D
:104D40001E3B8340014AD3677047C04604E100E040
:104D50000023F0B585B00A681400DC4001D105B02D
:104D6000F0BD012714009F403C40A4463A4200D1C8
:104D700097E04A681600019210229643022E13D142
:104D800007241C40B4400F25DA08B240A540821821
:104D90000292126A03951500039A95432A000D6941
:104DA000A5401543029A156203255C00013EA5400B
:104DB000012E0CD8CA688668A240AE433243826096
:104DC000019A466812099A40BE4332434260032763
:104DD000019A06683A40A240AE4332430260C2687C
:104DE000AA4315008A68A24080242A43C260019A1F
:104DF0006405224255D001252B4C626B2A43626325
:104E00003D002A4A9C08A400A4180F221D40AD00B2
:104E1000AA40A027A668FF0596430022B84214D0F6
:104E2000234F0132B84210D0224F0132B8420CD089
:104E3000214F0132B84208D0204F0132B84204D08D
:104E40001F4A8218571EBA410532AA403243A26057
:104E500064461C4A019E15682C43F60302D42C00BC
:104E60006546AC43146064465568019E2C43B60306
:104E700002D42C006546AC43546064469568019E9C
:104E80002C43F60202D42C006546AC439460644681
:104E9000D568019E2C43B60202D42C006546AC4373
:104EA000D460013357E7C0460010024000000140C3
:104EB0000004005000080050000C0050001000508A
:104EC00000E4FFAF00040140F7B500220091009B11
:104ED000D34000D1F7BD01259540009C009B2C409C
:104EE0002B425CD0032651008E40036831003343CF
:104EF0000360D3089B00C3181E6A0727B4460F2619
:104F00001740BF00BE4037006646BE431E6283683E
:104F10000F278B4383604368AB434360C36803251B
:104F20008B43C36091081F4B8900C918A02315400B
:104F3000AD00DB05AF409C468E6800233E400196E5
:104F4000604518D0184B9C460123604513D0174B81
:104F50009C46022360450ED0154B9C4603236045BA
:104F600009D0144B9C460423604504D0124BC3184F
:104F70005E1EB3410533AB40019DAB420FD18B6840
:104F8000BB438B600D4B1968A14319605968A1435D
:104F900059609968A1439960D968A143D9600132E9
:104FA00095E7C04600000140000400500008005092
:104FB000000C00500010005000E4FFAF000401405E
:104FC00000690840431E9841C0B27047002A01D0D2
:104FD000816170478162FCE7044B10B55A69104249
:104FE00002D0586104F046F910BDC04600040140EB
:104FF000030030B50120002B29D0981DC27F002A64
:1050000001D1591DCA770222C2771968354A0C6846
:10501000DD6814409A682A431D692A435D692A4362
:105020009D692A43DD692A431D6A2A4322430A6097
:105030002D4A91420CD10F242C4A1168A1431160D2
:1050400011685B68194311600123C377002030BDEC
:10505000274A91420AD1F024244A1168A1431160E1
:105060005B6811681B010B431360EDE7214A914215
:1050700008D11E4A204C1168214011605B681168FC
:105080001B02F0E71D4A914208D1184A1C4C1168D6
:10509000214011605B6811681B03E4E7194A9142E3
:1050A00008D1124A184C1168214011605B681168E0
:1050B0001B04D8E7154A914208D10C4A144C1168D8
:1050C000214011605B6811681B05CCE7114A9142D1
:1050D000BAD1064A104C1168214011605B68116812
:1050E0001B06C0E70FC0FFFF08000240A8000240F7
:1050F0001C00024030000240FFF0FFFF440002406D
:10510000FF0FFFFF58000240FFFFF0FF6C0002405E
:10511000FFFF0FFF80000240FFFFFFF0F0B5022508
:10512000471DFE7F2C00012E1ED00126841DFE7718
:10513000E57704682568B543256063608368102BB4
:1051400014D1A260E1600223226813432360042388
:10515000226813432360082322681343236001233A
:1051600022681343236000242000F0BDA160E260A8
:10517000E9E7000010B5841DE37F022B03D0042370
:10518000C363012010BD0E2103681A688A431A60A8
:10519000012219689143196018498B4217D01849A8
:1051A0000F328B4213D0174A93421CD0164A9342B7
:1051B0001CD0164A93421CD0154A9B185A1E934184
:1051C0005A42F0231B041A4080235B03D218114B70
:1051D0005A6001230022E377431DDA77836B934201
:1051E0000AD10020CEE780225200F0E7802252014F
:1051F000EDE780225202EAE79847F2E70800024012
:105200001C000240300002404400024058000240AE
:1052100094FFFDBF0000024070B50368994D9A4E9F
:10522000040008222968B3421AD098487832834291
:1052300016D0974A934200D1EEE0964A934200D1AD
:10524000EDE0954A934200D1ECE0944A9A18501E42
:105250008241F0205242C004024080200004121813
:105260000A4233D00822196811422FD0196891439D
:105270001960B3421AD0854978328B4216D0844ADD
:10528000934200D1D1E0834A934200D1D0E0824AD8
:10529000934200D1CFE0814A9B185A1E93415A4253
:1052A000F023DB041A4080231B04D21801236A6018
:1052B000E26B13430422E363A31DDA770022631D2C
:1052C000DA77636B934201D0200098472368042269
:1052D0002968B3421AD06D483C32834216D06C4ADA
:1052E000934200D1AAE06B4A934200D1A9E06A4AF6
:1052F000934200D1A8E0694A9A18501E8241F020DA
:105300005242800402408020C00312180A4230D06A
:1053100004211A680A422CD01A68920602D41A682C
:105320008A431A600422B3421AD058493C328B4255
:1053300016D0574A934200D189E0564A934200D191
:1053400088E0554A934200D187E0544A9B185A1E80
:1053500093415A42F0239B041A408023DB03D21866
:105360006A600522A31DDA77236B002B01D0200091
:105370009847236802222968B34217D043481E3257
:10538000834213D0424A93426AD0424A93426AD03F
:10539000414A93426AD0414A9A18501E8241F020F5
:1053A0005242400402408020800312180A4232D048
:1053B00002211A680A422ED01A68920602D41A688C
:1053C0008A431A600222B34217D030491E328B4200
:1053D00013D02F4A93424CD02E4A93424CD02E4A9F
:1053E00093424CD02D4A9B185A1E93415A42F023A7
:1053F0005B041A4080239B03D2186A600122E36B8E
:10540000E363A31DDA770022631DDA77E36A934230
:1054100001D02000984770BD8022120120E7802231
:1054200012021DE7802212031AE7802212013DE7D3
:10543000802212023AE78022120337E78022D2004C
:1054400064E78022D20161E78022D2025EE78022F7
:10545000D20085E78022D20182E78022D2027FE754
:1054600080229200A2E7802292019FE7802292028E
:105470009CE780229200C0E780229201BDE7802253
:105480009202BAE700000240080002401C000240FD
:1054900030000240440002405800024094FFFDBF2B
:1054A0001021024A13688B4313607047007000405C
:1054B00010B50324084A1368A34303430420136070
:1054C000064A136983431361012901D130BF10BD1E
:1054D00040BF20BF20BFFAE70070004000ED00E0B1
:1054E00010B503240A4A1368A3430343136004223C
:1054F000084B186902431A61012905D130BF042104
:105500001A698A431A6110BD40BF20BF20BFF6E769
:105510000070004000ED00E08023034ADB001168CA
:105520000B4313607047C046007000408023034A5D
:105530009B0011680B4313607047C0460070004029
:10554000F7B50227451CEB7F04003800012B33D050
:105550000123CA22E619EB77F77723685A62773A74
:105560005A62AD32914228D19A6825490A409A6020
:105570009A6824490A409A60FFF790FB009001273F
:1055800001212368DA6817400A4206D0FF22002072
:105590005A620123F377E8770EE0FFF77FFB009B69
:1055A000C01AFA239B009842E9D9FF2223685A6265
:1055B0000323F377EF770320FEBD9A6812490A4070
:1055C0009A609A6811490A409A60FFF767FB019058
:1055D0002368DA681100394000913A42D6D1FFF7CA
:1055E0005DFB019BC01AFA239B009842F0D9FF2271
:1055F00023685A620323F377009BEB77DBE7C0460F
:10560000FFFEFFFFFFEFFFFFFFFDFFFFFFDFFFFFDD
:10561000A0210268F8B5D36804008B43D360FFF77C
:105620003DFBFA2607002025B6002368DB682B42E5
:1056300001D00020F8BDFFF731FBC01BB042F4D908
:105640000320F7E7F8B5402403680500DA68224232
:1056500001D00020F8BD01225242DA60FFF71EFBA4
:10566000FA260700B6002B68DB682342F1D1FFF76A
:1056700015FBC01BB042F6D90320EBE770B5041E42
:1056800001D1012070BD851CEB7F002B03D1421C92
:10569000D37703F0BDFD0223CA22EB7723682000F5
:1056A0005A62773A5A62FFF7CDFF2368002804D088
:1056B000FF225A620423EB77E3E79A6812492669CE
:1056C0000A409A60626899683243A66932430A4385
:1056D0009A60E2681A61A268196912040A4380217B
:1056E0001A61DA688A43DA60DA6C7D398A43DA64EF
:1056F000E2696469D96C22430A43DA64FF225A6280
:105700000123EB77BEE7C046BFFF8FFF00230928C8
:1057100003D81B011843C0B270470A380133C0B226
:10572000F5E70000F0B5431C85B001930C00D97F6C
:10573000022305001F00012935D001214018C1773F
:10574000E918CB7702912F68207866783E33002ADB
:105750002CD1BA68110019401A4200D1E170FFF74C
:10576000D5FF03903000FFF7D1FF0602A078FFF7C6
:10577000CDFFE378039A1B040343120413431E4333
:10578000CA237B62773B7B622800FFF75BFF2B68B5
:10579000071E19D0FF225A620423029AD3770023EE
:1057A000019AD3770127380005B0F0BDBA6811001F
:1057B00019401A4200D1E170A37800043602064372
:1057C0001E43E3781B04DAE7174A184916401E60A7
:1057D0009A6820690A409A60E268996802430A431D
:1057E00080219A60DA688A43DA609A68202314007C
:1057F0001C401A420DD12800FFF70AFFB84208D01A
:10580000FF222B685A620423029AD377019BDC772C
:10581000C8E7FF222B685A620123029AD37700233C
:10582000019AD377BFE7C0467F7F7F00FFFFFBFF72
:105830000223F0B5461C0500F07F1C0085B001284E
:1058400036D00120EF18F077FB770B785B030193DC
:105850008B784C780293C878002A2CD110231C42F4
:1058600003D09C430A34E4B24C70FFF74FFF03901F
:105870002000FFF74BFF04020298FFF747FF019A51
:10588000039B10431B04034323430193CA222B6849
:1058900028005A62773A5A62FFF7D4FE2B68041E3A
:1058A00012D0FF225A620423FB7700230124F377EE
:1058B000200005B0F0BD019B00041843029B2402A8
:1058C000184320430190E1E7114A019911405960C2
:1058D0008021DA688A43DA609A682023110019402F
:1058E00001911A420BD12800FFF792FEA04206D088
:1058F000FF222B685A620423FB77019BD6E7FF2225
:105900002B685A620123FB770023F377D0E7C04668
:105910003FFFFF000223F7B50D00411CCE7F0400BE
:105920001800012E00D195E00138C877E118CB7737
:105930006978266800912878AF783E33002A61D1D3
:10594000B268110019401A4200D1E970FFF7DEFE7B
:1059500001900098FFF7DAFE00903800FFF7D6FEBE
:1059600007006B1CD87FFFF7D1FE6A69EB69000660
:105970001343EA78120413431F43019B1B041F4384
:10598000009B1B021F430743AB696A681A43CA2383
:10599000009273626A6A773B7362AD339A425AD15E
:1059A000B368414A01251340B360F2683F4BD2B25D
:1059B0001343F360FFF772F901902368DA68160069
:1059C0002E402A4235D0009ADF615A6480229968BD
:1059D00052000A439A608022996852010A4380214A
:1059E0009A60334A89021068084310609068014346
:1059F0009160FF2200205A62FE3AA31CA418DA77B5
:105A0000E07727E0B268110019401A4200D1E9702E
:105A1000EB696A69000413431F43009B07431B02A1
:105A20001F43EB781B041F436B1CDB7F1B061F43CC
:105A3000AAE7FFF733F9019BC01AFA239B009842AB
:105A4000BBD9FF22032023685A62A31CFC3A01340D
:105A5000DA77E677FEBDB368164A02251340B360D5
:105A6000F268154BD2B21343F360FFF717F90190B8
:105A70002368DA6816002E402A420BD0009A1F6273
:105A80009A648022996892000A439A6080229968F9
:105A90009201A3E7FFF702F9019BC01AFA239B00CA
:105AA0009842E5D9CDE7C046FFFEFFFF7FFEFFFF2E
:105AB00000040140FFFDFFFF7FFDFFFF0A230209F5
:105AC00053430F2210401818C0B2704770B50C0035
:105AD00001683F208B6A63600B695B045B0CA36009
:105AE0000B680D490B40190C1E0ADDB2402308401B
:105AF000194020706670A570E170002A0AD1FFF786
:105B0000DDFF2070F0B2FFF7D9FF60702800FFF7CB
:105B1000D5FFA070002070BD7F7F7F0070B50C00A6
:105B200003680E495B680B40180CDD04DEB21B04F1
:105B3000ED0E5B0FE0706570A6702370002A0AD12D
:105B4000FFF7BCFFE0702800FFF7B8FF607030007F
:105B5000FFF7B4FFA070002070BDC0463FFFFF00FC
:105B6000022210B5411CCC7F03001000012C10D084
:105B70009818C2771B68C8325A62773A5A629C6892
:105B8000333A22439A60FF225A620123C3770020EE
:105B9000C87710BD80220368D205904208D0134A0E
:105BA000904205D0124A904202D0124A904214D13B
:105BB000702293434A6813438022D205904208D052
:105BC0000A4A904205D00A4A904202D0094A9042BD
:105BD00003D1094A1A40CB68134303608B68C36240
:105BE0000B688362012343617047C0460004004094
:105BF0000008014000140140FFFCFFFFF0B5012642
:105C00000327046AB44304628469056ABC4380279D
:105C1000FF05B84217D00D4FB84214D00C4FB84210
:105C200011D00C4FB8420ED03443F02294432200DE
:105C30001C01FF231C40F53B9D431940294314439D
:105C400084610162F0BD1443EFE7C04600040040E8
:105C5000000801400014014010B501248C408A4026
:105C6000036AA3430362036A1A43026210BD7047CA
:105C700070B504000120002C13D0250035352B7899
:105C8000002B05D12200343220001370FFF7EFFF04
:105C900002232B702068211DFFF77CFF01230020C9
:105CA0002B7070BD012203680020D9681143D960B0
:105CB00019680A431A60704701210368DA688A4349
:105CC000DA60186A034A104202D11A688A431A60DD
:105CD000002070471111000010B50468082917D082
:105CE0000DD8002910D0042912D020000122FFF77E
:105CF000B3FF0123226800201343236010BD0C2949
:105D0000F3D11023E26801E00223E268134301E0CB
:105D1000E3680B43E360E8E710B5046808291BD08B
:105D200011D8002914D0042916D000222000FFF732
:105D300093FF226A0A4B1A4203D10122236893433C
:105D40002360002010BD0C29EFD11022E36801E090
:105D50000222E368934301E0E3688B43E360E4E7F6
:105D60001111000070B504000120002C13D0250093
:105D700035352B78002B05D12200343220001370EA
:105D800003F07CFA02232B702068211DFFF702FF2D
:105D9000012300202B7070BD7047000070B5050016
:105DA000022335352B700368084A196A0400114232
:105DB00003D101211A688A431A602000FFF7ECFF23
:105DC000002034342870207070BDC04611110000CE
:105DD00010B5FFF781FF002010BD10B5FFF79CFF45
:105DE000002010BD0300F7B5343317001A780223E2
:105DF00005000E001800012A1AD02A00353213704F
:105E00002C6809687268F368002F12D12000FFF730
:105E1000F5FE0C22A3699343A361A369B2681343FF
:105E2000A3612B0001220020353334351A7028700D
:105E3000FEBDB068266A0190042F1ED10C37BE4308
:105E40002662A7692E48120207403A432D4F1B07CE
:105E50003A401B0C1343A022266A090196431140C5
:105E60003143A3612162A369274A1340A361019AC8
:105E7000A36910021843A061D3E7082F1FD10320A4
:105E8000224F1B013E402662E669276A864316437D
:105E9000F02296430F3213401D4A09021740A022F8
:105EA000120111400C2233433943E3612162E3695B
:105EB0009343E361E369019A1343E361B1E7154F4B
:105EC0000F483E402662E769120207403A430D4FF1
:105ED0001B073A401B0C266A13430F4A090316405E
:105EE000A022120211403143E3612162E369064AB4
:105EF0001340E361019AE36910021843E06190E7FF
:105F0000FFFCFFFFFF0FFFFFFFF3FFFFFFFEFFFFA1
:105F1000FFF5FFFFFFEFFFFFFF5FFFFF020010B580
:105F2000343214780223012C09D0082914D008D85F
:105F300000290BD004290CD0002300211170180077
:105F400010BD0C29F8D103681B6CF6E703685B6B86
:105F5000F3E703689B6BF0E70368DB6BEDE77047E3
:105F6000704770470222036810B519690400114296
:105F70000DD0D96811420AD0053A1A61043202756F
:105F80009B699B075ED0FAF767FB00232375042209
:105F900023681969114210D0D96811420DD0093A0D
:105FA0001A61073222759A69C0239B0020001A42A9
:105FB0004ED0FAF751FB0023237508222368196994
:105FC00011420ED0D96811420BD0113A1A610D322C
:105FD0002275DB6920009B0740D0FAF73DFB0023C8
:105FE0002375102223681969114210D0D968114213
:105FF0000DD0213A1A6119322275DA69C0239B004B
:1060000020001A4230D0FAF727FB00232375012223
:1060100023681969114207D0D968114204D0033AA4
:1060200020001A61FCF7EAFC40222368196911423A
:1060300007D0D968114204D0813A20001A61FFF7D5
:1060400090FF10BDFFF78BFF2000FFF789FF9CE753
:10605000FFF785FF2000FFF783FFACE7FFF77FFF27
:106060002000FFF77DFFBAE7FFF779FF2000FFF779
:1060700077FFCAE7020010B5343214780223012CEE
:1060800006D00368353019650123037000231370AF
:10609000180010BDF8B5050054352B780400022017
:1060A000012B43D0012303222B70236898681040F2
:1060B000012809D11A68024206D02023A26D134399
:1060C000A36500232B7031E0A16D194A11400632FF
:1060D000FF320A430321A265DE68DA688A43DA6088
:1060E0008022996812060A439A60FEF7D7FD0700DE
:1060F00023689A68002A0BDB0321DA680E401643F6
:10610000DE600123A26D00208A431343A365D8E714
:10611000FEF7C4FDC01B0A28EAD91223A26D012094
:106120009A43023B1343A36500232B70F8BDC0467E
:10613000FDFEFFFFF0B5050085B0029103926835C2
:106140002B78040002AF0220012B32D0260024233A
:10615000013869362870337023681A6882431A60E0
:106160009A68164802400A439A6000290CD1102010
:106170005A68B9798243B888090602435A605A6856
:106180001202120A0A435A60012219680A431A606D
:10619000FEF784FD80210A4A0300009220000022BD
:1061A000C903FDF7D1FC002805D12023337000235B
:1061B0002B7005B0F0BD0320F9E7C046FFFFCFFF0D
:1061C000FFFFFF01020010B56832117803000220C2
:1061D00001290CD019002230693108701868022397
:1061E000046823430360202300200B70107010BD4F
:1061F000704703689A69920701D500229A620122CA
:106200009969114202D199690A439A617047000065
:10621000006830B54468064D12042C40039D890582
:106220002B431A43890D0A432243426030BDC046C6
:10623000009800FCF8B504000E0017001D0022684D
:10624000936933409B1B59424B41BB4201D0002014
:106250000EE06B1CF4D0002D0BD123002022413323
:106260001A7022000023032042324034137023703E
:10627000F8BDFEF713FD069BC01AA842DFD9ECE774
:10628000F7B5036801929A690400102310000F000B
:10629000202618401A4216D1FEBD7B1C14D0002FB8
:1062A00005D0FEF7FBFC019BC01A87420BD22300EE
:1062B000202241331A7022000023423240341370EE
:1062C00003202370E8E72568AB693342E5D010234B
:1062D0002000EB61EE61FFF78CFF6B68074A01203D
:1062E00013406B60042363642300220041331E705B
:1062F00000234232403413702370CDE700E800FEE3
:10630000F8B504000D001600022723689B693B4284
:1063100001D0002018E0320029002000FFF7B0FF74
:10632000002818D16B1CF0D085420ED12022636C5E
:10633000032013436364230041331A7022000023B7
:106340004232403413702370F8BDFEF7A7FC801B67
:10635000A842DAD9EAE70120F6E7F7B515001F00F1
:10636000DAB280239B01009380230400099E5B0422
:10637000FFF74EFF320020000899FFF7C1FF002809
:1063800005D0636C0120042B1ED003201CE0236881
:10639000012F0BD1EDB29D62002280212000089BCD
:1063A0000096FFF747FF00280ED0EEE72A0A9A6210
:1063B000200032000899FFF7A3FF002805D0636C86
:1063C0000120042B00D00230FEBD2368E2E7F7B5C0
:1063D00015001F00DAB280230400099E9B01009380
:1063E0000023FFF715FF320020000899FFF788FF10
:1063F000002805D0636C0120042B1ED003201CE074
:106400002368012F0BD1EDB29D62002240212000B4
:10641000089B0096FFF70EFF00280ED0EEE72A0A31
:106420009A62200032000899FFF76AFF002805D021
:10643000636C0120042B00D00230FEBD2368E2E72C
:10644000F8B504000D001600202723689B693B4225
:1064500001D0002016E0320029002000FFF710FFD5
:10646000002816D185420ED12022636C03201343ED
:106470006364230041331A70220000234232403407
:1064800013702370F8BDFEF709FC801BA842DCD90D
:10649000EAE70120F6E70000006810B54368054C04
:1064A000890523401343890D034A0B43134343607B
:1064B00010BDC046009800FC0000FF0170B504004C
:1064C0000120002C3ED0250041352B78002B05D132
:1064D000220040322000137000F072FC24230121BE
:1064E0002B702368E0681A68A6688A431A601B4903
:1064F00062680A401A619A6819490A409A6001283C
:1065000021D18022120232439A605868154A024310
:106510005A60DA6800200A40DA60616922690A4339
:10652000A16909020A43DA60216AE2690A431A6032
:10653000012219680A431A60202360642B702063CB
:106540004234207070BD8422120232439A600228C5
:10655000DBD1802212015A60D7E7C046FFFFFFF06F
:10656000FF7FFFFF0080000270B504000120002CB7
:1065700013D02500242341352B70226813688343F0
:106580001360200000F078FF002023006064423395
:106590002870206340341870207070BDF0B507007B
:1065A00085B00292039341373B7804000E00202B04
:1065B00002D0022005B0F0BD030040331A78012A52
:1065C000F7D001221A70FEF769FB802105000090C8
:1065D0001923012220000902FFF72CFE002801D018
:1065E0000320E7E721233B702700113B42373B7034
:1065F000029B60646362039B60636385638DFF2B12
:106600001FD9FF2380222385920131002000FFF74C
:1066100043FF638D2A0020000A99002B1ED1FFF74B
:106620000FFF00281ED120212368244DD9615A680C
:106630002A405A602300403441331970387020706A
:10664000B8E78023628D9B012285D2B2009380231C
:10665000310020009B04FFF7DBFDDAE7FFF750FE77
:10666000002805D0636C0120042BA3D00230A1E7E1
:10667000636A5A1C62621B7822689362228D638D62
:10668000013A013B92B2638522858242C1D1638D7A
:106690008342BED0802120000A9B0095FFF7CAFDEF
:1066A00000289DD1638DFF2B03D9FF230200238592
:1066B000ABE7628D2285D2B20090C8E700E800FE09
:1066C000F0B5070089B007930EAB069204CB029198
:1066D0001B880492059341373B780400202B02D09D
:1066E000022009B0F0BD049B002B34D0059B002B89
:1066F00031D00300403303931B78012BF0D00126E7
:10670000039B1E70FEF7CAFA80213200009005003C
:10671000192320000902FFF78DFD061E1FD121233A
:106720003B7027001F3342373B70049B60646362F9
:10673000059B60636385109B20000093069A079B6E
:1067400002990195FFF709FEB0420AD0636C042B51
:1067500003D1039B1E700120C3E7039B1E7003201F
:10676000BFE7638DFF2B13D9FF230200029920009E
:106770002385FFF791FE2A0020001099FFF7C0FD46
:10678000002810D0636C0120042BAAD00230A8E7A7
:106790008023628D029922859B040090D2B2200052
:1067A000FFF736FDE7E7636A5A1C62621B782268CE
:1067B0009362228D638D013A013B92B263852285FB
:1067C000824214D1638D834211D080212000109B1E
:1067D0000095FFF72FFD0028C1D1638DFF2B1ED937
:1067E000FF230200029920002385FFF755FE638DE9
:1067F000002BC0D12A0020001099FFF721FE0028AD
:10680000C0D1202123680B4DD9615A682A405A60B3
:1068100023004034413319703870207061E78023C1
:10682000628D029922859B040090D2B22000FFF76E
:10683000EFFCDCE700E800FEF0B5070089B0079345
:106840000EAB069204CB02911B880492059341374C
:106850003B780400202B02D0022009B0F0BD049B3D
:10686000002B34D0059B002B31D003004033039321
:106870001B78012BF0D00126039B1E70FEF70EFA49
:106880008021320000900500192320000902FFF743
:10689000D1FC061E1FD122233B7027001E33423736
:1068A0003B70049B60646362059B60636385109B1F
:1068B00020000093069A079B02990195FFF787FD38
:1068C000B0420AD0636C042B03D1039B1E700120DD
:1068D000C3E7039B1E700320BFE7638DFF2B45D9E1
:1068E000FF2390222000029923859201FFF7D4FD17
:1068F000002204212000109B0095FFF79BFC00283C
:10690000E9D123685A6A636A591C61621A70228D40
:10691000638D013A92B2013B22856385824214D194
:10692000638D834211D080212000109B0095FFF7DA
:1069300081FC0028CFD1638DFF2B24D9FF230200D7
:10694000029920002385FFF7A7FD638D002BCFD18F
:106950002A0020001099FFF773FD00281ED0636CF9
:106960000120042B00D178E7023076E79023628D76
:106970009B0122850093802320000299D2B29B04C0
:10698000FFF746FCB4E78023628D029922859B04C1
:106990000090D2B22000FFF73BFCD6E7202123680D
:1069A000054DD9615A682A405A602300403441336A
:1069B00019703870207050E700E800FEF0B51D0037
:1069C000002387B005930300039241331A78040033
:1069D000202A00D086E00268906980220600120218
:1069E0001640104200D07DE022004032107801288D
:1069F00000D177E001201070242289051A708B0DD8
:106A000066640293A0230299E2689B010B43012A6A
:106A100001D1354B0B4322685360FEF73FF9060066
:106A200027002368413720219A690A4206D19A69D2
:106A300010390A4202D13A78A02A17D19B6910274F
:106A40001A0000963A403B421FD12B002021200023
:106A5000FFF7F0FB002820D120232268D361220019
:106A6000403441321370207007B0F0BD6A1CDAD098
:106A7000002D04D0FEF712F9801BA842D0D92023A4
:106A80003B7000234034237007E000222B002021BC
:106A90002000FFF7CFFB021E01D00320E4E72368AC
:106AA000DF612027DF610599481C0590039881422A
:106AB0000ED180215868C9010143596020002B0084
:106AC00039000096FFF7B6FB0028E6D12368DF61A6
:106AD000059B039A934200D294E72300202241337E
:106AE0001A70CEE70220BFE700200002406C70471A
:106AF000F0B5040041342678202E01D00220F0BDEC
:106B0000050040352B78012BF8D024230122237077
:106B10000368084F18689043186018683840186078
:106B2000186808431860002019680A431A60267024
:106B30002870E4E7FFEFFFFF0122054B10005968C2
:106B4000114204D00020034ADA60034ADA60704739
:106B500000200240EFCDAB89050403020123034A64
:106B6000002051680B4353607047C046002002402C
:106B700010B50400054800F08BF8002805D1044B3F
:106B800058612060014800F083F810BD50C3000038
:106B90006C040020F8B5114C0700237C0D00160092
:106BA0000220012B0CD001230D48237400F070F853
:106BB000002803D16061022F03D12E6000232374CB
:106BC000F8BD012F01D12E80F8E7002F01D12E70E2
:106BD000F4E7034800F05CF8F0E7C0466C040020DE
:106BE00050C30000284A802190694900030030B555
:106BF0000B40084205D002232448446923434361E3
:106C00000B00802091698000014205D001211F4CBA
:106C1000034365692943616180209169C000014295
:106C200005D00821194C034365692943616180201F
:106C300091690001014205D00421144C03436569A8
:106C400029436161802091698001014205D01021B2
:106C50000E4C03436569294361619169890305D538
:106C600020200A4C034361690143616180209169DE
:106C70004002014205D04021044C03436569294389
:106C80006161936130BDC046002002406C04002069
:106C900070B50400FEF702F801250600184B9A694A
:106CA0002A4221D102229969114200D09A619A693F
:106CB000D20515D49A69920512D49A6952050FD457
:106CC0009A6912050CD49A69920409D499698022B0
:106CD000080092021040114202D19B69DB0308D5E3
:106CE000FFF780FF012004E0621CD8D0002C01D106
:106CF000032070BDFDF7D2FF801BA042CED9F7E77D
:106D00000020024070B504000120002C15D023683B
:106D10000F4A1A600F4A1A6062685A60A2689A6045
:106D2000FDF7BCFF05002368DA68002A06D119695F
:106D3000E268914209D01A61002070BDFDF7AEFFF4
:106D4000401B3028EFD90320F7E7034A1A60F3E726
:106D5000CCCC000055550000AAAA00000368024AE6
:106D600000201A607047C046AAAA00000048704779
:106D700084040020F8B5FF235B4243800F4B0A21B7
:106D80001C8805002000F9F7B9F90A2187B2200014
:106D9000F9F7F0F90E00642C0DD964212000F9F701
:106DA000ADF90A2104023800F9F7E4F90901214399
:106DB00031432980F8BD39023601F9E7B80C0020CB
:106DC00010B52C4B02682C4C90B09A4224D1022270
:106DD000E36A1343E362E36A13400793079B80234C
:106DE000A26BDB031A43A263A26A1343A362A36AE2
:106DF000224A1340A362C023DB01029312230393B0
:106E00000023049303330593023306931C4802A91D
:106E1000FDF79EFF10B010BD08230793802307A83D
:106E20005B010C93FDF75CFD0223E26A14481A43F0
:106E3000E262E26A02A91A400092009AE26A1A43E8
:106E4000E262E26A13400193019B8023A26B9B03E1
:106E50001343A363402302932E3B03930023012497
:106E60000493033305930694FDF772FF8023069481
:106E70000293CBE70058004000100240FFFFBFFF25
:106E800000040050F0B593B00D00040002F066FB62
:106E9000012D26D1AE4809F00DFD0028FAD1AD4BE9
:106EA00018880CF05FFE0022AB4B0BF097FD020040
:106EB0000B00AA4809F0FEFC0028F0D1A84B187876
:106EC0000338062800D9C5E0F9F7FAF8BEC4C404AF
:106ED00082C4A400A34BA448196809F0EBFC002865
:106EE000F8D1F9F7E9FB9E4B06931B78032B1DD0D5
:106EF0000120FBF7D5FA061C6060012D16D19B49D5
:106F0000F9F706FA002800D1B0E09949301CF9F7EA
:106F1000EBF9002800D1A9E060680CF06BFE0200DC
:106F20000B00944809F0C6FC0028F5D1069B1B789D
:106F3000012B00D0A0E0904F3B88002B0DD0002209
:106F400020218E48FEF742F8002664213888F9F7A0
:106F5000D5F880B2B04200D9E9E0069B1B78032B3C
:106F600000D1CAE0083B012B00D8C6E0FBF71AF8B5
:106F70000026012002F072FA09AF7300F8520136C0
:106F80000A2002F027F9062EF3D1012210217B48B6
:106F9000FEF71CF83800FBF7CCFD6E4B78491B88D8
:106FA0005843F9F7F1F80BF0CFF92061012D00D02B
:106FB000A3E020690CF01EFE0022674B0BF00EFDD3
:106FC00002000B006F4809F075FC0028F1D194E035
:106FD00080216A48C901FDF7F3FF01006A4809F002
:106FE00069FC0028F4D1802164480902FDF7E8FF1C
:106FF0000100664809F05EFC0028F4D1A0201021B1
:10700000C005FDF7DDFF0100614809F053FC0028D1
:10701000F4D166E7534B5448196809F04BFC00283B
:10702000F8D15C4B5C48196809F044FC0028F8D1A1
:10703000A0201021C005FDF7C3FF0100544809F04E
:1070400039FC0028F4D14CE7544809F033FC0028FF
:10705000FAD146E780214948C901FDF7B1FF010097
:10706000494809F027FC0028F4D13AE74C4809F0D8
:1070700021FC0028FAD159E7042B01D0092B37D184
:107080000220FBF70DFA061CA060012D14D1374930
:10709000F9F73EF900283ED03549301CF9F724F9BC
:1070A000002838D0A0680CF0A5FD02000B003D4878
:1070B00009F000FC0028F5D10320FBF7F1F9061CCC
:1070C000E060012D14D12949F9F722F9002828D0D0
:1070D0002749301CF9F708F9002822D0E0680CF0A5
:1070E00089FD02000B00304809F0E4FB0028F5D1CF
:1070F000069B1B78032B00D01DE7069B18780238EF
:10710000062873D8F8F7F0FF5A00D70072007A010A
:1071100072007200D700254809F0CCFB0028FAD194
:10712000CAE7234809F0C6FB0028FAD1E0E764204B
:1071300002F050F81F4B204A73439BB2934203D88E
:10714000002E01D0F9F7B8FA0136B6B2FDE6C04616
:107150000F6401087406002000408F403C54010871
:10716000B50C0020800600204954010800005CC2D4
:107170000000FA42B4540108E00A00200004005064
:10718000FF0F0000325501085A5401086B540108E2
:107190007C5401087C0600208C5401089D54010891
:1071A000C9540108DE54010808550108F3540108C8
:1071B0001D5501084B81FFFF950200009A4B1B787B
:1071C000012B36D19948FFF7FBFDFBF737FAFBF7A8
:1071D00087FAE084012D09D10A21E08CF8F78EFFAF
:1071E00081B2934809F066FB0028F5D1FAF79EFEBC
:1071F000052001F0EFFF8021A0204901C005FDF727
:10720000DFFE2070FAF7B0FE012D05D12178894804
:1072100009F050FB0028F9D1012220218648FDF712
:10722000D5FE012D03D1FA20400001F0D3FF13B0A9
:10723000F0BD022B21D1FBF741FBFBF75FFB1020D8
:10724000FDF772FDFBF784FCE0841020FDF776FD6E
:10725000FBF774FBFBF790FB012DC7D1E08C0CF022
:1072600081FC0022754B0BF0B9FB02000B00744847
:1072700009F020FB0028F1D1B8E7032B16D1714E9D
:107280003000FBF7E3FA3368E38473682385012D4C
:10729000ACD10A21E08CF8F731FF268D81B23200A3
:1072A000694809F007FB0028F3D19FE701235B42FF
:1072B000E38423859AE7FAF775FE0026012002F0A1
:1072C000CDF809AF7300F85201360A2001F082FFB1
:1072D000062EF3D13800FBF72CFC5C4B5C4907937E
:1072E0001B883E005843F8F74FFF0BF02DF8206144
:1072F000322001F06FFF574802F0B0F8B0810A2049
:1073000001F068FF02360CABB342F4D10CA8FBF7D6
:1073100010FC079B4E491B885843F8F735FF0BF0CC
:1073200013F86061322001F055FF4B4802F096F8E7
:1073300038830A2001F04EFF02370CABBB42F4D178
:107340000FA8FBF7F6FB079B41491B885843F8F74A
:107350001BFF0AF0F9FF069BA0611B78032B1AD1D3
:10736000FA213E4EC90030000AF0F4FA012D12D184
:107370000C23F25E736AB17A0493336A384803933C
:10738000F3690293B369019373690093336909F058
:1073900091FA0028ECD1012210212748FDF716FEB2
:1073A000012D00D022E720690CF024FC00222D4B97
:1073B0000BF014FB02000B002B4809F07BFA0028AD
:1073C000F1D160690CF016FC0022264B0BF006FB95
:1073D00002000B00254809F06DFA0028F1D1A069E0
:1073E0000CF008FC00221F4B0BF0F8FA02000B0017
:1073F0001F4809F05FFA0028F1D1F7E6FBF7CCFB54
:10740000FBF7F0FBFBF790FCE062FBF707FCFBF7F8
:1074100023FC012D00D0E9E61648E16A09F04AFA9A
:107420000028F9D1E2E6C046C0040020CC030020C9
:107430004355010811560108000400500000244083
:107440005F550108B4040020765501087406002039
:10745000FF0F000002000004100000108404002050
:107460009955010800408F4032550108DB5501084D
:10747000EC550108FD550108134A016810B5134B7E
:10748000914211D18022996AD2030A439A629A6A80
:107490000F490A409A629A6B0A40C0219A63C90157
:1074A0000C48FDF711FD10BD8022996A92030A4332
:1074B0009A629A6A084907480A409A624021FDF791
:1074C00003FD8021ECE7C046005800400010024058
:1074D000FFFFBFFF00040050FFFFDFFF70B586B065
:1074E000FAF770FC494C2078023807280AD8F8F7D8
:1074F000E7FD0D04095D097D097D0AF035FA444870
:1075000009F0D8F9FAF712FD06B070BD414B002220
:107510001B782021404805AC2370FDF757FDFBF791
:1075200043F8FBF765F8FA2301259B000022C421EC
:10753000029300942B0039480195FFF7C1F8FBF73F
:1075400057F8374B374C984209D83748257009F01F
:10755000B1F9012220213048FDF738FDD2E72F484C
:10756000FFF78AFFFBF7AAF9FBF7C8F98021A020F3
:107570000901C005FDF724FD002806D10223237070
:10758000FBF718FA294809F095F9FBF7D7F9FBF74B
:10759000F3F92378002BDCD1FBF71CF9012803D188
:1075A000032323482370D2E72248D0E7002220217A
:1075B0001948FDF70BFDFBF7EFFAFBF713FBFBF7A1
:1075C000ABFBFA20400001F005FEFBF7A5FBFBF743
:1075D00025FBFBF741FB012220210F48FDF7F6FCBC
:1075E000154809F067F90028FAD18BE7134B187892
:1075F000FAF762FC124B1878FAF726FC2378092B6D
:1076000000D07FE7FAF7F4FC7CE7C046B50C002019
:10761000225601083354010800040050CC03002016
:107620000E270000C0040020495601086B560108CF
:107630009D560108C0560108EC560108B20C002006
:10764000B10C002030B587B00C22002103A80CF04B
:107650007DFC03230293C0230125A020104CDB01F5
:107660000193E36A01A92B43E362E36AC0052B405F
:107670000093009BFDF76CFBE36AAB43E36280235E
:10768000626BDB0313436363FDF70EFBFDF714FB33
:10769000FDF71AFB636B034A1340636307B030BD09
:1076A00000100240FFFFBFFFFEE70000FF23834200
:1076B0009B4102005B42D800074B1A4201D00423D1
:1076C0001843064B1A4201D002231843044B1A42B6
:1076D00001D0012318437047F0F0FFFFCCCCFFFF2F
:1076E000AAAAFFFF30B5214C214B87B0A04233D06E
:1076F0000FD8A024E405A04217D01E4CA04222D0EF
:107700008025DC6A2C43DC62DB6A2B400593059BF9
:1077100013E0194CA042F3D10825DC6A2C43DC624B
:10772000DB6A2B400493049B07E00125DC6A2C43B1
:10773000DC62DB6A2B400193019B11601100FDF7B5
:1077400007FB07B030BD0225DC6A2C43DC62DB6A34
:107750002B400293029BF0E70425DC6A2C43DC6299
:10776000DB6A2B400393039BE7E7C0460008005009
:107770000010024000040050000C005070B50800DA
:107780001C000D001600FFF791FF084B80001C50F5
:10779000002C0AD0280001F081FD040000223100F5
:1077A000FDF79AFA2000FDF7BFFA70BDC40400206F
:1077B00010B5FFF77BFF034B8000C358002B00D0B0
:1077C000984710BDC404002010B5D2B2FDF7FEFBEF
:1077D00010BD0000F8B50022050021480C00FEF79E
:1077E00075F9002229001E486768FEF797F9002204
:1077F00021001B48FEF76AF96268BA42F1D10323FF
:10780000E878184F184947431840431E98414342AF
:107810000B40164968785B183D2141430138400010
:10782000C34003200340E120AD783C39CE0F03373D
:10783000BF088919013DED1949104919CB1A0C49A6
:10784000000159432378657858433C236B43C018A3
:10785000A378C0184018074B8002801AC018F8BDE2
:1078600048050020B505000050555500505544000E
:1078700080510100FF0300000320704710B5410E46
:107880007D220023C001F8F74DFD10BD10B57D220B
:10789000002300210AF070F84906C009081810BD3D
:1078A0007FB5684601A9FFF795FF024B1B68C01A18
:1078B00007B000BD040500207FB5684601A9FFF7A9
:1078C00089FF07B000BD00000648074B016810B5EE
:1078D000CA68D2B21343CB6080214900FDF730FE65
:1078E00010BDC046480500207FFEFFFFF0B5464EA4
:1078F00087B005000023F45EFFF7D2FF03340021B8
:10790000281A844200D30121042008F025FE08F043
:1079100039FE012802D10022B35EED1A3B4B9A7961
:107920001E795F790192DA7902929A6803925A7EFF
:1079300004929C7EDB7E0593FFF7C6FF2000039A2E
:10794000334B9B1AAA05920D9B18324A9BB2AD0A83
:10795000954239D8304A95423BD83B2D3ED8019AC2
:107960009C0A1219A40255191C1BADB2A4B23B2DDE
:1079700038D83B2F3BD8172E3ED8049B059A013BA5
:1079800092073ED1254AD15C884202D9F8F746FCDD
:1079900008001F4B22491C1BA0231B058B614B1C9D
:1079A000D877029B0022CB7080231E485B004C607E
:1079B0008D704F700E70CA614A614B62CA600A6175
:1079C000FDF7A8FF07B0F0BD174901306D1880B270
:1079D000BEE7164901366D18B6B2BCE701373C3D2B
:1079E000BFB2BAE73C3D0137ADB2BFB2BFE73C3FE3
:1079F0000136BFB2B6B2BCE7183E0130B6B280B2B3
:107A0000B9E70B4ABFE7C0466C050020040500201B
:107A1000FF0300007F5101000F0E0000D16F01082D
:107A2000200500204805002080AEFEFFF0F1FFFF9A
:107A3000DD6F01080420002110B508F08DFD0A4813
:107A400003689A68D2040DD5DA68D2050AD5D968D8
:107A5000064AC9B20A43DA608022054B92025A6193
:107A600001F004FC10BDC046480500207FFEFFFF6A
:107A70000004014070B57D220023410EC001F8F7DB
:107A800051FC0400FFF718FF0500FFF715FF401B2E
:107A9000A04200D370BDC046F7E7000010B503490F
:107AA0000348FFF797FE034B186010BD0805002040
:107AB0001C0500200405002070B5184E86B03578EE
:107AC000002D29D1164C174B200023601F23A360E3
:107AD000154B6560E3602561A561E561FDF7CEFDAD
:107AE000124B2A00694620000093FDF7A1FE2A00F0
:107AF00001A920000195029505950495FDF712FE58
:107B00002000FEF72DF8802120004900FDF718FD28
:107B1000FFF7C4FF0123337006B070BD6E0500206F
:107B20004805002000280040FF030000010101007B
:107B3000014B18687047C0460405002010B586B098
:107B40001422002101A80CF001FA0223A0200293C4
:107B5000039301AA01332021C0050493FFF7C2FD5E
:107B6000A02001AA4021C005FFF7BCFDA02001AA6A
:107B70008021C005FFF7B6FD8021A020012401AAC5
:107B80000902C00502940394FFF7ACFD8021A020F8
:107B900022000902C005FFF717FE06B010BD000065
:107BA0001A4B1B4810B503601A4B1B491A68002377
:107BB0008A4203D901335208072BF9D19A07590792
:107BC000D20FC90F490112010A430821DB000B4003
:107BD0001343C36100238222836003614361C36056
:107BE000836203624362802352004260FC328261FE
:107BF0000A4A5B01516B0B435363FBF723FA0028DE
:107C000001D0FFF751FDFFF799FF10BD0030014093
:107C1000700500203400002080969800001002407B
:107C200030B587B01422002101A80CF08FF9A020F4
:107C30000124022501AA8021C00502940395FFF7C3
:107C400051FDA02000228021C005FFF7BDFDA0202E
:107C500001AA4021C0050395FFF744FDA0200022A2
:107C60004021C005FFF7B0FDA02001AA2021C005DA
:107C70000395FFF737FDA02000222021C005FFF764
:107C8000A3FD8021A02001AA0902C0050394FFF7EB
:107C900029FD8021A02022000902C005FFF794FDE4
:107CA00007B030BD10B50E211624012386B06944FB
:107CB0006C445B4208802200009303480233FBF7C8
:107CC00001FA208806B010BD700500200A4B10B5DF
:107CD00019680A4808F04EFD084808F0B3FC012274
:107CE000074B1A70074B1A6811231A4203D0064A31
:107CF00013780133137010BD680000204006002087
:107D000065060020800E00205B06002010B50549A6
:107D1000054808F02FFD044808F094FC0122034BAD
:107D20001A7010BD50460000180600207206002090
:107D300010B5074808F0F2FC8021A020002249007D
:107D4000C005FDF743F90022024B1A7010BDC04672
:107D5000F00500206E060020012210B5024B0348FA
:107D60001A7008F0DBFC10BD56060020C805002084
:107D700010B5034808F0D2FC0122024B1A7010BD66
:107D8000040600206C060020064B10B5195C06485E
:107D900008F090FD802305489B000021838003F0BC
:107DA0001DFC10BD1E570108045701085800002093
:107DB00010B503F093FC012801D1034B1870034860
:107DC00008F0ACFC10BDC04668060020DC050020B1
:107DD0000123F0B50400BB4D87B02B7002792168F8
:107DE000407902F021F8236818780A2800D97AE04F
:107DF000002868D1B44F3B78012B12D103F056FE16
:107E0000B249B34808F016FCB24BB148196808F003
:107E1000B1FCAF4808F016FCAF4808F013FC002393
:107E20003B70AE4808F046FD0028FAD1AC4808F097
:107E300041FD0028FAD12379082B00D9A1E2A94BF2
:107E40001B78834200D19CE26179A74808F032FD9B
:107E5000061EF9D12379B34200DD89E2A34808F078
:107E600029FD0028FAD1A24B9E4A1B780192002BD3
:107E700024D0032B22D013789E4F9F4A3B700123BE
:107E80001370002216002079D1B2814200D27FE225
:107E9000002E01D0984A13700023984A13700228CC
:107EA00000D07FE222681078262800D07AE252784B
:107EB000012A00D076E2924A2B7013700023019AB7
:107EC000137007B0F0BD0138092800D992E7F8F720
:107ED00001F9280091FF91FF44005C00AE00DB0037
:107EE000E7004D0174012038C2B2132A00D981E79E
:107EF000132800D97EE7F8F7EDF86E017C019501B3
:107F0000C4017DFF7DFFD0017DFF7DFF7DFF7DFFF3
:107F10007DFF7DFF7DFF7DFF7DFF7DFF7DFFE60116
:107F200023022279042A00D064E75A78997812044F
:107F3000DB7809020A431343724A1360052B0ADDFA
:107F40000121614A1170FA2292005343614A136081
:107F50000122644B0CE06C4BF8E72279022A00D036
:107F600048E75B78FF2B05D10122684B1A705D4B07
:107F70001A703FE7FE2B00D03CE7012264496548B8
:107F8000F8F792FAF8F7D4FAEEE701215B4A11709C
:107F90002179042927D15878012800D92AE75E4F92
:107FA0005E4E18D103F01AFC23689A78DB783A7099
:107FB000337003F07BFD01224A4B59491A70227934
:107FC000584B1A7000239A4200DC13E72068C05C0B
:107FD000C8540133F7E79A78DB7800203A703370A1
:107FE00003F0FCFBE5E702291ED15878012802D1F5
:107FF00003F0F4FB01E00028FAD000260722474BEB
:108000001E70454B1A7003F051FD0122354B444957
:108010001A702279434B1A70B24200DCEAE62068FB
:10802000805D88550136F7E700231370E2E6227978
:10803000042A00D0DEE65A78002A00D0DAE69E78DC
:10804000964206D1DB78384A032B00D9D2E613706A
:1080500017E0012E0AD1D878032800D9CAE6334B9D
:108060001870F9F729FF03F021FD27E0022E00D058
:10807000C0E6D878032800D9BCE62D4B1870F9F774
:10808000E3FE03F013FD63E72279032A00D0B1E693
:1080900059789B78274A1B020B435BBA1380F0E7A1
:1080A000254A1278052A00D0A4E62279022A45D171
:1080B0005E78012E00D09DE603F010F8094B1E708B
:1080C00098E6C0466D06002078060020CD7C0008AA
:1080D0004006002068000020180600200F640108F8
:1080E000225701089006002031570108E16D010870
:1080F0006106002097060020CA06002063060020C3
:1081000066060020D00700207017000076060020C9
:108110006000002000000808590600205A060020D0
:10812000CC060020CB060020B30C0020B20C0020AF
:10813000B10C0020E00A0020B50C0020042A00D079
:1081400058E65A78022A00D054E6D8789A78000285
:10815000104340BA80B20BF005FD0022934B0AF0A9
:108160003DFC0BF089FD924E30608AE72279062AA9
:1081700000D03FE6597801290FD1D8789A780002CB
:1081800010431A795B79120402431B061343894A90
:108190001BBA1360884B19702CE6022900D029E61F
:1081A000D9789A78090211431A795B7912040A4343
:1081B0001B0613431BBA814AC9E62279022A00D062
:1081C00018E65B785A1E082A00D913E67C4A137019
:1081D00003F06CFCC8E62279022A00D00AE658783F
:1081E000012800D906E602D103F072FAF0E7002078
:1081F000FAE72279022A05D15B78052B00D9F9E547
:10820000704A24E7032A00D0F4E55A78002A00D007
:10821000F0E59B78012B00D9ECE501266A4A334052
:10822000137020E72279022A09D15E78012E00D04E
:10823000E0E503A80270067107F09CFB13E7042A2F
:1082400000D0D7E55A78002A00D0D3E59F780223E2
:1082500003AE30003370327107F08CFB381C052FF1
:1082600000D9052040B203F0DDFA2368DB78FF2B4C
:1082700000D106E7162230003270337107F07AFB26
:10828000FFE62279022A00D0B4E55878002800D110
:10829000B0E540B203F0B4FAF3E62279022A07D13E
:1082A0005B78012B00D0A5E5484A1370424ABCE632
:1082B000032A00D09EE55A789B781B02134300D115
:1082C00098E5434AE9E62279062A00D092E55A78F1
:1082D0004049012A00D80A70DA78987812020243DD
:1082E00002D03D4852BA02801A795B791B021343CF
:1082F00002D03A4A5BBA13800B78394F002B06D173
:10830000380008F00BFA374808F008FAB9E6334BA2
:10831000354E19883800714308F02CFA380008F0FF
:1083200091F903F061FA002800D0AAE62A4B2D4803
:108330001988714308F01EFA2A4808F083F9A0E66C
:108340002279032A00D055E559789878274A284B96
:1083500011701870002907D101311170012800D85F
:108360008FE601221A708CE60F29F7D90F21F4E766
:1083700023682048995D08F09DFA0028F8D101365D
:1083800068E521791C4808F095FA0028F9D16AE5DA
:10839000322B05D821685E1C895CF954F3B20126A2
:1083A000013271E50122154B1A7087E50000244067
:1083B0001800002080060020900600207C06002087
:1083C000B50C002061060020AF0C002062060020E2
:1083D0006400002060060020540600205E06002095
:1083E000DC050020C805002060EA000057060020D8
:1083F00058060020355701083B5701086406002045
:1084000070B5274D2B78002B0BD1FA212548490058
:1084100008F0B0F9234808F015F92B7801332B70D8
:1084200070BD012BFCD11F4808F078F91E4B1B785A
:10843000012B24D103F0D8F91C4E00280FD11C4980
:108440001C4808F0F7F81C4B1A481988714308F0CB
:1084500091F9184808F0F6F8052000F0BBFE17491E
:10846000174808F0E7F8174B15481988714308F0CA
:1084700081F9134808F0E6F8052000F0ABFE124938
:10848000124808F0D7F8124B1048196808F072F932
:10849000FFF71CFC052000F09DFE0023BFE7C0464F
:1084A000770600202C0600206006002060EA00000D
:1084B000597D0008C805002054060020B17D000841
:1084C000DC0500205E060020CD7C00084006002070
:1084D000680000200023164A10B51360154A136087
:1084E000154A1360154A01331370154A1370154A63
:1084F0001370154808F0DEF90028FAD1134B1870F4
:1085000003F0ECF8012801D106F040F9104808F01A
:1085100005F9002003F0A8F80E490F4808F08AF882
:10852000FA210D48490008F025F9FFF769FF10BD51
:108530008C0600208806002084060020700600209B
:108540006F06002071060020FC6A01086706002003
:1085500004060020018400082C060020F0B59DB020
:10856000FCF784FB00F0AAFEFFF76CF800F05AFF5E
:1085700002F0FAFDF7F7FCFF6D496E4808F05AF873
:108580006D496C4808F0F6F86A4808F05BF86B4BE8
:108590001B68002B12D16A4B1B68002B0ED1694B54
:1085A0001B68002B0AD1684B1B68002B06D103F017
:1085B0002FFA03F0F1F9C82000F00CFE03F098FE4A
:1085C0000121080007F0B2FF6049614803F0E4FDB3
:1085D00002F0D6FD5F4B1A78002A1CD000228021C1
:1085E000A02001251A705C4B4900C0051D70FCF7E6
:1085F000EDFC5A495A4808F01DF85A49584808F005
:10860000B9F88021A0202A00C0054900FCF7DEFC53
:10861000534808F017F8544A1378002B0DD0534BE9
:108620001121186803000B40084206D1504913700D
:108630000B7050490B7002F06BFF4F4B1B78002BF7
:1086400018D04A4B196811230A001A40194211D157
:1086500001214A4B4A481970454B1A70454B1A7014
:1086600008F05CF8474808F059F8474808F056F811
:1086700002F04EFF454B1B78002B00D1F2E1444C39
:108680002368012B0CD1434A1278062A34D0092AD8
:1086900032D0364A11681122114201D13E4A13707C
:1086A0003E4D2B68012B0AD13A4A1278092A31D063
:1086B0002E4A11681122114201D1374A1370384BEA
:1086C0001B68012B06D1294A11681122114201D1E0
:1086D000314A1370264B1A78042A71D9002264207B
:1086E0001A7000F077FDBFF34F8F2E4B2E4ADA60E1
:1086F000BFF34F8FC046FDE72C4B1B78002B06D0F5
:108700002B4B2C48196808F0D5F80028F8D1002325
:108710002360C5E7254B1B78002B06D0264B274846
:10872000196808F0C7F80028F8D100232B60C6E7C5
:108730000D7D0008180600205046000000000808C3
:1087400004000808080008080C0008083800002089
:108750003C0000206F0600206E060020317D0008DE
:10876000F0050020881300006C060020800E002019
:108770005B060020560600206806002067060020E1
:1087800040060020DC050020C805002070060020FF
:108790008C060020B50C002065060020880600200D
:1087A0008406002000ED00E00400FA05E70A00203E
:1087B00080060020665701087C06002075570108D6
:1087C000C54D2B78012B00D075E1FA20400000F058
:1087D00001FD1122C148002103681A70C04B83803B
:1087E00002F0FCFE2B7801332B70BE4B1B78002B64
:1087F00010D0BD4B1A68112315001D401A4209D133
:10880000BA4B1D7002F0E0FE012800D1C0E1002249
:10881000B44B1A70B64E3378002B46D0B24B1A6860
:10882000112317001F401A423FD18021B14D090288
:10883000B1482F70FCF7C4FBB04C10212070A02071
:10884000C005FCF7BDFB37702E78AD4DAD492B78D8
:10885000AD4AB34209D0AD4B1B78062B05D0092B8E
:1088600003D0AB4B1B78012B18D00F7823789F4295
:1088700007D0A64B1B78072B03D1A64B1B78012BE7
:108880000CD01378834210D0FD27A04B1B78073BF8
:108890003B420AD1A04B1B78012B06D1107001225C
:1088A00023782E700B708F4B1A709C4A1378002B14
:1088B00003D09B490978032929D09A4909780029CE
:1088C00007D08A490978002903D0954909780129F8
:1088D0001DD095490978002901D100F058FC834941
:1088E0000978002901D100F058FC8D490978022946
:1088F0000DD08B490978042909D0002B03D17B4B7B
:108900001B78002B2ED0864B1B78052B2AD1764B5B
:10891000196811230C001C40194223D1814B14709B
:108920001C70814B1C70714B1C70804B1978002996
:1089300001D100F020FC1C7002F046FE012811D18C
:10894000642366487A4D437123002A78794993421B
:1089500001DA00F009FC0021774B297002711A70CE
:1089600002F03CFE754C2378012B27D102F02CFE3F
:10897000012823D1724B1B7883421FD1714B198878
:1089800000291BD0704E3388002B17D00023237092
:108990006E4C6F4A61436F48137007F0EBFE6D48F1
:1089A00007F050FE02F020FF002807D131886A4806
:1089B000614307F0DFFE684807F044FE674A13781A
:1089C000002B14D0484B1121186803000B400842BB
:1089D0000DD11370624A4148127862499A4200DD13
:1089E000D0E30C2300210271437102F0F7FD5E4ECB
:1089F0003378002B36D03C4B1A68112317001F40E8
:108A00001A422FD1594B1C68384B1F7002F0DCFD05
:108A1000012825D1FA2120008900F7F76FFB10AC5F
:108A200005002000FEF7A6F905232C484371A27823
:108A300003681A70E27803685A7023880268190A7A
:108A4000917002683900D37003682A0C1A712A0ADF
:108A50005A719D710723384A0371137002F0BEFDED
:108A600000233370424B1A78002A17D00022414D60
:108A70001A70414B01321A702B88002B01D114332C
:108A80002B803E493E4807F0D5FD2B882F493C48B6
:108A9000594307F06FFE3A4807F0D4FD394C23786C
:108AA000002B03D0F7F708FE0023237072B607F0FF
:108AB00081FD62B68CE5022B00D096E60A4B1B685E
:108AC000DB0700D591E6BFF34F8F2F4B2F4ADA60BB
:108AD000BFF34F8FC046FDE7760600205800002008
:108AE0000104000065060020800E00206D060020B5
:108AF00091060020930600200004005092060020FA
:108B0000960600209506002094060020B50C002053
:108B1000B30C0020B20C0020B10C0020660600202F
:108B2000610600206A060020690600206406002015
:108B3000CA06002097060020730600205C0600206D
:108B4000600600205E0600205406002060EA000057
:108B500056060020DC050020C80500206306002022
:108B6000CB060020CC060020620600206800002012
:108B70006B0600206400002067060020717D00085D
:108B8000040600207206002000ED00E00400FA0553
:108B9000E14F04AE39783000FEF774F93D70276874
:108BA000FBB20393DD4B1B780193DD4B1B680293F3
:108BB0006B461B7A009302F029FEDA4CDA4B6071A7
:108BC0001878013808283DD8F7F78EFA09006A00AE
:108BD000B100E20034017301C80122026602D34AE7
:108BE0002168138804AD1B0A0B7023681288D049D2
:108BF0005A70686809F010F909F088FB26680012BD
:108C0000B070CB49686809F007F909F07FFB266866
:108C1000F070286909F07AFB246800122071286935
:108C200009F074FBFAB2C34B6071002A00D11F70C7
:108C30002A781B785200DB011343012207253A40B2
:108C40001343A371039B012B02D10022BA4B1A607C
:108C5000019B012B02D10022B04B1A60009B012B1B
:108C600002D10022AE4B1A60B44B1B78012B07D007
:108C7000B34B1B78012B03D0B24B1B78012B02D1D5
:108C80000122B14B1A70B14BA64C1D70B04B25712F
:108C90001978012900D063E2200002F09FFCB6E5BC
:108CA000A24A2168138804AD1B0A0B70236812883E
:108CB0009F495A70686809F0AFF809F027FB2668E9
:108CC0000012B0709A49686809F0A6F809F01EFB16
:108CD0002668F070286909F019FB246800122071D9
:108CE000286909F013FBFAB2924B6071002A00D197
:108CF0001F7001221B783A40DB0113432A7852008F
:108D0000134304221343A371EB8C1B0AE371EB8C16
:108D10002372904B1B78032B06D12B8D1B0A637299
:108D20002B8DA3720B258DE7FF236372F9E70023D8
:108D3000804E10AD33700296FEF718F82B0046C82F
:108D400046C346C846C346C846C346C846C30122B2
:108D50003A400827029B04AE1B780898DB011343B6
:108D60003278520013431F4308F025FE28800998EB
:108D700008F021FE68800A9808F01DFE8021A88076
:108D80002A00AF712068490008F016FC050059E779
:108D9000664A216813881B0A0B702368128864498D
:108DA0005A70059809F038F809F0B0FA25680012F1
:108DB000A8705F49059809F02FF809F0A7FA25680F
:108DC000E870089809F0A2FA246800122071089847
:108DD00009F09CFAFAB2574B6071002A00D11F705B
:108DE00001221B783A40DB0113433278504952008C
:108DF00013430C221343A371B06809F00DF809F076
:108E000085FA0012E0714A49B06809F005F809F0E6
:108E10007DFA20724649F06808F0FEFF09F076FA04
:108E2000001260724249F06808F0F6FF09F06EFA2D
:108E3000A07277E73D4A2168138804AD1B0A0B70C6
:108E4000236812883A495A70686808F0E5FF09F00B
:108E50005DFA26680012B0703549686808F0DCFFDA
:108E600009F054FA2668F070286909F04FFA24686E
:108E700000122071286909F049FAFAB22D4B60718D
:108E8000002A00D11F7001221B783A40DB011343F6
:108E90002A785200134310221343A371EB6A1B126A
:108EA000E371EB6A2372EB6A1B166372EB6A134180
:108EB00037E71E4A2168138804AD1B0A0B7023682C
:108EC00012881B495A70059808F0A6FF09F01EFA8F
:108ED00026680012B0700598154908F09DFF09F04A
:108EE00015FA2668F070089809F010FA2468001244
:108EF0002071089809F00AFA142360712A78520048
:108F00001343A371144B1B681A0EE2711A0C2272E0
:108F10001A0A627205E7C046E60A002088060020A9
:108F20008406002058000020B50C002074060020A4
:108F300000002041960600208C060020B30C002083
:108F4000B20C0020B10C0020910600207306002016
:108F500056060020C004002080060020924A2168A6
:108F6000138804AD1B0A0B70236812888F495A704E
:108F7000686808F051FF09F0C9F926680012B0705E
:108F80008A49686808F048FF09F0C0F92668F0705F
:108F9000286909F0BBF9246800122071286909F0DA
:108FA000B5F9FBB26071824C002B00D12770019B98
:108FB000002B06D180217F480902FCF701F87E4B87
:108FC0001870009B002B06D1A0201021C005FBF7D4
:108FD000F7FF7A4B18700121794B39401A682378D2
:108FE000DB010B43297849000B4318210B437249DD
:108FF0009371019B09781B010B437049D371009B4E
:1090000009781B010B431372FF235372937289E695
:10901000654A2168138804AD1B0A0B702368128807
:1090200062495A70686808F0F7FE09F06FF926681F
:109030000012B0705D49686808F0EEFE09F066F94C
:109040002668F070286909F061F92468001220711F
:10905000286909F05BF9FAB2554B6071002A00D11A
:109060001F7001221B7817402A78DB0152003B4316
:1090700013431C221343A371686909F047F90012D6
:10908000E071686909F042F92072A86909F03EF9B7
:1090900000126072A869C9E6434A2168138804ADCA
:1090A0001B0A0B702368128840495A70686808F0E0
:1090B000B3FE09F02BF926680012B07068683B49CE
:1090C00008F0AAFE09F022F926683849F070A8686D
:1090D00008F0A2FE09F01AF926680012307133492F
:1090E000A86808F099FE09F011F9009B7071334EE1
:1090F000002B05D1A0201021C005FBF761FF3070C7
:1091000001220299337811402A78DB010B43520087
:109110001343202224681343A371E868234908F00D
:109120007BFE09F0F3F80012E071E8681F4908F0CF
:1091300073FE09F0EBF8234B11251B6820721A0E01
:1091400062721A0CA27223731A0A1F4BE2721B6816
:109150001A0E62731A0CA2731A0AE273237471E571
:1091600002F042FB010097E5CF5C0668CC54F7544F
:109170000133FFF7ECFB124803681970134B83802F
:10918000FFF7EEFBCD5C0468E554013326E48B4227
:1091900001D0FFF7AEFBFFF7B2FB8B4201D0FFF728
:1091A000A8FBFFF7DFFBC04674060020000020414B
:1091B000960600200004005095060020940600202A
:1091C00058000020800600207C06002001040000DA
:1091D0000020704707B50190019807F0A3F907BD7B
:1091E0008023094A5B05916B10B50B439363FCF731
:1091F00057F9FCF79BF90823044A11680B431360E5
:10920000FCF78AF910BDC046001002400020024061
:10921000042300B599B00A93002314930133FF335C
:109220000AA80C93FAF7D0FF002801D0FEF73CFA09
:1092300020230193802301A85B020293FBF750FBDC
:10924000002801D0FEF730FA8023074ADB02116DB7
:1092500002200B43136500221100FBF73DFD0220A5
:10926000FBF762FD19B000BD0010024010B507F019
:109270001DFA10BD10B5FEF79BFA10BD0421064A79
:1092800010B5536B14200B4353630022FBF724FDEE
:109290001420FBF749FD10BD0010024006220428EF
:1092A00005D006D80138013A012800D90232100051
:1092B00070470838431E9841821DF8E700B595B005
:1092C0001422002101A80AF041FE2C22002107A847
:1092D0000AF03CFE02230693109380231B03012215
:1092E0001293802309921B040F3206A80A9213934B
:1092F000FAF76AFF002801D0FEF7D6F98023124A58
:109300005B05916B0B439363104A114B1168194035
:1093100080231B010B4310211360506803000B4096
:109320000842FAD10F220121019201A80C3A0292BF
:10933000039304930593FBF7FBF9002801D0FEF794
:10934000B3F915B000BDC0460010024000700040E7
:10935000FFE7FFFF044B1868044B1B685840044BA1
:109360001B6858407047C0465000F81F5400F81F53
:109370006400F81F1149124A10B50B6814681B19D4
:109380001B0EC37114680B681B191B0C83711468C6
:109390000B681B191B0A437112780B789B18037119
:1093A000084B1A68120EC2701A68120C82701A6882
:1093B000120A42701B68037010BDC0465000F81FAF
:1093C0006400F81F5400F81F124910B50B78002BE9
:1093D0001ED1012210480A701049036401608021E7
:1093E000090641600721C36183618360C360036232
:1093F0004362C3620363802382630261033242617A
:10940000074AC163516B9B000B435363FAF7ECFCB3
:1094100010BDC046D5070020D80700200024014019
:109420000010024010B50B4C2378002B10D1FFF731
:10943000CBFF094B1B689847FEF7B2FBFEF73CFBDE
:1094400007F024FA02F0DAFCFEF748F80123237053
:1094500010BDC046D4070020486F010873B5060050
:1094600000201E4B1B78834236D008231C494A68D3
:109470001A42FCD080231B4D1B4C6A6B9B0013438C
:1094800000216B632000FCF705FE184B6946009332
:10949000174B20000193FAF709FE802369465B0110
:1094A000200001930096FAF701FE2000FAF76EFD06
:1094B000012120004942FAF795FD2000FAF7F2FD5C
:1094C0000222236880B299680A439A6003221A60D4
:1094D0006B6B084A13406B6376BDC046D50700200E
:1094E0000070004000100240D8070020FFFF070076
:1094F00001100000FFFDFFFF70B51248FFF7AEFF3F
:1095000000240100A04206D00F4B18880F4B58438F
:10951000F6F7F4FD04000E48FFF7A0FF0D4B604383
:109520000A491D88F6F7EAFD431B502058430A4BB1
:1095300000021988491BF6F727FEF0235B01C018CB
:1095400080B270BD000002447800F81FB80B000024
:10955000000004487A00F81F7E00F81F10B511487B
:10956000FFF77CFF04000120002C16D00E4B0F48A3
:109570001B8821005843F6F7C1FD0D4A84B2FE2036
:1095800094420AD80B4A94420AD9C8210A4A89004F
:10959000A3185843F6F7B2FDC0B2084B1C8010BDAB
:1095A0000120FAE7000002447800F81FB80B000021
:1095B000E30C0000C30900003CF6FFFF7406002026
:1095C00010B5EFF3108472B6FEF72AFB084B5B6808
:1095D0009847F8F71BFC0423064A11680B431360F5
:1095E00084F3108801210800FBF77AFF10BDC04604
:1095F000486F01080070004010B5EFF3108472B698
:109600000122124B19680A431A6004221968114298
:10961000FCD08022196852040A431A608022920406
:1096200019681142FCD00322D9680A430C21DA6080
:10963000DA680A400C2AFBD1FEF780FA044B1B685B
:109640009847F8F7BFFB84F3108810BD0010024064
:10965000486F010810B501210020FBF729FF10BD5C
:109660007047C046FDE77047704710B5FBF70EFB2B
:1096700010BD10B500F068F910BD10B500F05CF930
:1096800010BD10B500F050F910BD10B5FEF7D2F9BD
:1096900010BD10B50120FBF79FFC0220FBF79CFCDE
:1096A00010BD10B50420FBF797FC0820FBF794FCD5
:1096B00010BD0000102110B5354C63690B421AD063
:1096C000344B1B78002B12D0334B1B78002B0ED061
:1096D000FD22324B1B78073B134208D1A020304BB0
:1096E000FC3AC0051A60FBF76BFC2E4B187010207B
:1096F0006061FFF7BFFD2020FBF76EFC4020FBF709
:109700006BFC8020FBF768FC80204000FBF764FCCA
:1097100080208000FBF760FC8020C000FBF75CFC31
:1097200080200001FBF758FC80204001FBF754FC2F
:1097300080208001FBF750FC8021636909020B4205
:1097400018D0194B1B78002B0FD0134A1278002A1F
:109750000BD0124A1278072A0DD1144B063A14483E
:109760001A60FBF72DFC134B18708020000260611B
:10977000FFF780FD10BD092AF7D1023B012BF4D879
:109780000A4B083A1A600C4A136801331360ECE77D
:1097900000040140B10C002071060020B50C00202F
:1097A0008406002094060020B20C002088060020C9
:1097B00000040050950600207C06002010B5F6F746
:1097C00073FF10BD10B50248FCF7CCFB10BDC046BE
:1097D000200400200B4B10B518600B480B4B0360A6
:1097E00096239B01436000238360C3600361836110
:1097F0000C334361FAF772FA002801D0FDF754FFE9
:1098000010BDC0467C080020280900200048004008
:1098100010B50A0001000248F9F74AFE10BDC04623
:1098200028090020034B10B51B68002B00D0984777
:1098300010BDC0467C08002013B58021074B019A5B
:10984000186089030648FCF775FC0548FCF7BAFC6C
:10985000012204490248F9F7D9FD13BD7808002018
:1098600028090020B60800200368224A70B50400C9
:1098700093420ED1204B1B68002B04D0C26E002AED
:1098800001D11E489847012220001C49F9F7BEFD6E
:1098900070BD1B4A20269342FAD11A4D1A4C012260
:1098A00029002000F9F7B2FD00280DD1174B2A78C6
:1098B0001A70174B187800280DD016490B78581CD1
:1098C00008701549CA54E3E723006A331E70002369
:1098D00068342370E1E711490B788342D8D0104DEA
:1098E0002C78631CDBB22B700E4D2A55082BCFD180
:1098F0000870CDE70048004078080020B608002036
:1099000000380140B3080020B8080020800800207B
:10991000B7080020B5080020810800201F0400209F
:10992000B40800201804002010B5024B186EFBF795
:1099300073FC10BD2809002010B50248F9F786FE17
:1099400010BDC0462809002010B50248F9F77EFE78
:1099500010BDC046B80800200023012210B588B011
:109960000593134BA020D96A06241143D962D96A02
:10997000C005114001910199D96A1143D962DB6A8E
:1099800003A913400293029B04230393023B049315
:109990009B1806930794FBF7DBF9A020082303A983
:1099A000C00503930794FBF7D3F908B010BDC04678
:1099B000001002400A480B4B10B50360E1235B0224
:1099C000436000238360C360036183610C334361A0
:1099D000FAF784F9002801D0FDF766FE10BDC046F5
:1099E000B8080020003801400023012110B586B0DE
:1099F0000393114BA020DA6A04240A43DA62DB6A7B
:109A0000C0050B400093009B80239B000193FF3B0C
:109A1000FF3B02935B1801A904930594FBF798F9A7
:109A20008023A020DB0001A9C00501930594FBF76A
:109A30008FF906B010BDC04600100240022130B5BB
:109A4000104B8DB0DA6AA0200A43DA62DB6A032584
:109A50000B400193019B802300249B0002A9C005B9
:109A6000029303950494FBF773F98023A020DB0095
:109A700007A9C005079308950994FBF769F90DB08C
:109A800030BDC0460010024070B50368334A06007E
:109A90008CB0934250D10125314C0021E36A04A8D7
:109AA0002B43E362E36A2B400093009BE36A2B4362
:109AB000E362E36A2B400193019B8023A26BDB02EC
:109AC0001343A36320220AF041FA04230393802363
:109AD00003A81B010793FAF703FF236B2B432363B0
:109AE000236B2B400293029BFFF736FF1D4C1E4B4E
:109AF000802223601023A36000232000E3606361C1
:109B0000A361E3612362053363602261FBF770FAAE
:109B10002A0029000B203466A662FBF7DDF80B2033
:109B2000FBF702F91D202A002900FBF7D5F81D20BC
:109B3000FBF7FAF80CB070BD0C4A9342FAD18023BF
:109B4000074ADB01516B0B435363FFF777FF1B2081
:109B500000220221FBF7C0F81B20E9E70048004083
:109B60000010024038080020800002400038014008
:109B7000F0B5002485B0052201910700274902A80D
:109B80000AF02AFA264B1C7006F005FE254E050049
:109B90000522300002A9F9F70BFC330069331B786A
:109BA000202B05D0280006F0FCFD1F4B9842F4D96D
:109BB00001221E4D30001E492A70F9F727FC01983A
:109BC000FFF708FB00232B7018001D009C46194E60
:109BD000F25C592C18D100281ED1A2421AD10130B2
:109BE0006446F4540133322B01D105B0F0BD290095
:109BF000012806D1F45C2918C9B27C55072900D187
:109C0000001814000D00E3E7592A01D10028E7D01D
:109C10002200E5E70200E3E75922E1E78457010863
:109C2000B5080020B808002087130000B7080020FE
:109C3000B30800208108002001230C2801D8024B22
:109C40001B5C18007047C046E96F010830B504007E
:109C500087B0E579A378627821780495A5790748DB
:109C600003956579029525790195E578009506F0CB
:109C700021FE0028EDD107B030BDC046B257010823
:109C800030B504008FB0E57BA378627821780C951D
:109C9000A57B0F480B95657B0A95257B0995E57A91
:109CA0000895A57A0795657A0695257A0595E5794B
:109CB0000495A57903956579029525790195E5784F
:109CC000009506F0F7FD0028DDD10FB030BDC0468D
:109CD0008A57010810B504002100034806F0EAFD88
:109CE0000028F9D110BDC0461854010810B5040071
:109CF0002100034806F0DEFD0028F9D110BDC04662
:109D000070570108F0B5002497B004AB15009C8093
:109D100001900391F6F772FB6B00984227D1270060
:109D200026001CE0019805A9005D7B1CC855012098
:109D3000184002900120DAB203420ED13718FFB268
:109D400006A8B60031503E00039A7B1ED2189B0035
:109D50000D4918580AF098F8029A17000134019832
:109D6000F6F74CFBA042DDD8280017B0F0BD032366
:109D70006B43013B984201D10125F5E7034806F00A
:109D800099FD0028FAD1F7E74A580108DC57010885
:109D900037B50C00042201A90500FFF7B3FF03004B
:109DA0000020012B07D00422280001A9FFF7AAFFF9
:109DB000019B1BBA23603EBD70B5102204000D004C
:109DC000FFF7A0FF03000020012B04D01022290080
:109DD0002000FFF797FF70BD0A0010B514008EB089
:109DE0000F340D94013C0C94013C0B94013C0A94FB
:109DF000013C0994013C0894013C0794013C069401
:109E0000D41D0594941D0494541D0394141D0294B0
:109E1000D41C0194941C4B1C0094024902F0F0FBEA
:109E20000EB010BDFF57010870B5140005000448BE
:109E300006F0EBFC034B1C60034B1D7070BDC0466D
:109E4000A00900209C0900209809002001207047EB
:109E5000BFF34F8F034B044ADA60BFF34F8FC04606
:109E6000FDE7C04600ED00E00400FA05012310B54F
:109E7000044C2370044806F01DFD0028FAD101238C
:109E8000237010BDE70A00204F58010810B50B4899
:109E9000F6F736FBF6F74CFB094806F00BFD0028F9
:109EA000FAD13230FFF796F9BFF34F8F054B064AD0
:109EB000DA60BFF34F8FC046FDE7C04600000808D8
:109EC0006258010800ED00E00400FA0510B501F049
:109ED0001DFCFFF7BBFE002010BD000010B588B0D0
:109EE000082206A90400FFF70DFF01281DD11F233A
:109EF0006B4405931E236B4404931D236B4403930F
:109F000007AB02931B236B4401931A236B4400930A
:109F10001923200009496B4406AA02F071FB06A828
:109F200001F0F8FB002008B010BD0822200006A9AF
:109F3000FFF7E8FE0828F2D0D9E7C0462758010805
:109F400010B501F02FFCFFF781FE002010BD0000CE
:109F500010B588B0082206A90400FFF7D3FE012837
:109F60001DD11F236B4405931E236B4404931D23B3
:109F70006B44039307AB02931B236B4401931A2397
:109F80006B4400931923200009496B4406AA02F090
:109F900037FB06A801F00AFC002008B010BD08221B
:109FA000200006A9FFF7AEFE0828F2D0D9E7C04688
:109FB0002758010830B585B003AD29000400FFF72C
:109FC000E7FE04280BD00D236B440F2200930E23D1
:109FD0002000064901956B446A4402F011FB039886
:109FE00001F0A2FB002005B030BDC0463B5801087F
:109FF00010B501F09FFB002010BD10B501F0E0FB93
:10A00000FFF73EFE002010BD1FB569460400FFF7B4
:10A01000D3FE102803D069462000FFF7DDFE684616
:10A0200001F0D2FB002004B010BD10B501F0A8FB78
:10A03000FFF726FE002010BD1FB569460400FFF79C
:10A04000BBFE102803D069462000FFF7C5FE684616
:10A0500001F08CFB002004B010BD10B501F09EFB98
:10A06000FFF70EFE002010BD1FB569460400FFF784
:10A07000A3FE102803D069462000FFF7ADFE684616
:10A0800001F082FB002004B010BD022330B585B082
:10A0900001AC2000237005F0D3FBFFF7CDFD051EBA
:10A0A00002D12079FFF716FE280005B030BD1FB59C
:10A0B0000223027801A9303A18000B70012A07D850
:10A0C000531E9A4108000A7105F054FCFFF7B4FDD5
:10A0D00005B000BD162330B585B001AC200023705B
:10A0E00005F0AEFBFFF7A8FD051E03D104202056A6
:10A0F000FFF7F0FD280005B030BD00001FB51623A6
:10A100006A460B49137102AA02F07AFA0224012866
:10A110000BD101A805F02EFCFFF78EFD041E04D123
:10A12000044806F0C7FB0028FAD1200004B010BD97
:10A13000675801086C580108152330B585B001AC8B
:10A140002000237005F07CFBFFF776FD051E03D190
:10A1500004202056FFF7BEFD280005B030BD0000EA
:10A1600013B56B46DC1D22000A4902F049FA0223AE
:10A1700001280CD1002020560133072807DC01F00C
:10A1800051FB054806F096FB0028FAD103001800A1
:10A1900016BDC046675801086C58010810B5037811
:10A1A000302B04D00220312B05D1012000E000200B
:10A1B00001F09AFA002010BD10B501F0A1FA0128B3
:10A1C00006D1064806F076FB0028FAD1002010BD23
:10A1D000034806F06FFB0028FAD1F7E700570108A3
:10A1E0008F580108072330B585B001AC20002370DB
:10A1F00005F026FBFFF720FD051E02D12079FFF7B1
:10A2000069FD280005B030BD1FB5072301AA1370F2
:10A2100003780220303B012B07D8591E8B411000D8
:10A22000137105F0A7FBFFF707FD05B000BD1FB5D3
:10A230000A236A4601A8137105F002FBFFF7FCFC34
:10A24000041E02D10298FFF745FD200004B010BDA6
:10A250001FB50A236A46040001A8137105F0F0FA3D
:10A26000FFF7EAFC00280DD12000074902AA02F0FE
:10A27000C7F903000220012B04D101A805F07AFBE5
:10A28000FFF7DAFC04B010BD425A01080A2330B5CA
:10A2900085B001AC2000237005F0D2FAFFF7CCFCAA
:10A2A000051E02D1207AFFF715FD280005B030BD4C
:10A2B0001FB50A236A46040001A8137105F0C0FA0D
:10A2C000FFF7BAFC00280FD12000084903AA02F0CA
:10A2D00097F903000220012B06D1054A01A813704B
:10A2E00005F048FBFFF7A8FC04B010BD6758010853
:10A2F000BA0C00201FB510236A4601A8137105F09F
:10A300009FFAFFF799FC041E02D10298FFF7EEFCBA
:10A31000200004B010BD00001FB510236A46084994
:10A32000137102AA02F06CF903000220012B04D180
:10A3300001A805F01FFBFFF77FFC05B000BDC0467C
:10A34000425A01081FB511236A4601A8137105F08E
:10A3500077FAFFF771FC041E02D10298FFF7C6FCE2
:10A36000200004B010BD00001FB511236A46084943
:10A37000137102AA02F044F903000220012B04D158
:10A3800001A805F0F7FAFFF757FC05B000BDC0467D
:10A39000425A01081FB512236A4601A8137105F03D
:10A3A0004FFAFFF749FC041E02D10298FFF79EFC0A
:10A3B000200004B010BD00001FB512236A460B49EF
:10A3C000137102AA02F01CF9022401280BD101A882
:10A3D00005F0D0FAFFF730FC041E04D1044806F063
:10A3E00069FA0028FAD1200004B010BD425A0108D1
:10A3F000935801081FB513236A4601A8137105F08D
:10A400001FFAFFF719FC041E02D10298FFF76EFC39
:10A41000200004B010BD00001FB513236A460B498D
:10A42000137102AA02F0ECF8022401280BD101A852
:10A4300005F0A0FAFFF700FC041E04D1044806F062
:10A4400039FA0028FAD1200004B010BD425A0108A0
:10A450009358010810B501F041F9013843425841C1
:10A46000FFF738FC002010BD10B50378302B0BD05F
:10A470000220312B07D1013801F02AF9034806F0F8
:10A4800019FA0028FAD110BD0020F5E79358010809
:10A490000323F0B589B002AA05A8137305F0D0F91B
:10A4A000FFF7CAFB071E10D1069C230E25022604C7
:10A4B00003932D0E360EE4B233002A0004480399AC
:10A4C000009406F0F7F90028F6D1380009B0F0BD85
:10A4D000C657010830B587B003236A4604AD29008A
:10A4E00004001373FFF754FC04280BD011236B44B2
:10A4F0001322009312232000064901956B446A44FD
:10A5000002F07EF803A805F035FAFFF795FB07B0D7
:10A5100030BDC0463B5801081FB518236A4601A844
:10A52000137105F08DF9FFF787FB041E02D1029825
:10A53000FFF7DCFB200004B010BD00001FB518239E
:10A540006A460849137102AA02F05AF80300022071
:10A55000012B04D101A805F00DFAFFF76DFB05B042
:10A5600000BDC046425A01081FB519236A4601A81A
:10A57000137105F065F9FFF75FFB041E02D1029825
:10A58000FFF7B4FB200004B010BD00001FB5192375
:10A590006A460849137102AA02F032F80300022049
:10A5A000012B04D101A805F0E5F9FFF745FB05B043
:10A5B00000BDC046425A0108002330B585B001AC49
:10A5C0002000237005F03CF9FFF736FB051E06D18D
:10A5D00021790448413106F06DF90028F8D12800AE
:10A5E00005B030BDB55801081FB50023022401AAEB
:10A5F00013700378413BA3420CD81000137105F08F
:10A60000B9F9FFF719FB041E04D1044806F052F90A
:10A610000028FAD1200004B010BDC04693580108AC
:10A6200010B500F075FF002010BD7FB5012601AD0B
:10A6300028002E7005F004F9041E05D12879FFF7D3
:10A6400049FB200004B070BD3400FAE7F7B5040000
:10A65000F5F7D4FE2149050001AA200001F0D0FF42
:10A660002300012805D01E4806F024F90220FEBD73
:10A6700001331A78110030390929F9D93A2AF2D16F
:10A680006E460027013C6419E41AE4B2B7705D1C01
:10A69000012C12D92B78300033706B78114973700C
:10A6A000114B1A68D21901F0ABFF0128DED1023C30
:10A6B0003F18E4B20235402FEAD1002CD6D10A4C23
:10A6C000019B2771637101F08FF80100200000F0F9
:10A6D00085FF431E9841C0B2C9E7C046BA58010879
:10A6E000BE5801084A5801086C00002037B5040024
:10A6F000F5F784FE1849050001AA200001F080FF4B
:10A700002100012805D0154806F0D4F802203EBDEE
:10A7100001310B781A00303A092AF9D93A2BF2D1D3
:10A72000013C6419641A251CE4B2402C00D9402570
:10A730000B4CEAB20131206806F067F8019B2571E5
:10A74000637101F051F80100200000F047FF431E43
:10A750009841C0B2DBE7C046BA580108BE580108AC
:10A760006C00002070B50E4B0E48197806F0A2F868
:10A770000028F8D104000C4D2B68A34206D80B48E2
:10A7800006F098F80028FAD1286070BD084B0948F7
:10A79000195D06F08FF80028F8D10134EBE7C046C8
:10A7A00098090020315701089C0900200F64010816
:10A7B000A00900203557010810B50C4B0C4819783A
:10A7C00006F078F80028F8D10A4C2368834206D0B6
:10A7D00009490A4806F06EF80028F9D120600848B7
:10A7E00006F068F80028FAD110BDC046980900208C
:10A7F000315701089C090020A0090020E3580108F6
:10A800000F64010837B56B4600249D1D2A000949D5
:10A810002C8001F0F5FE012801D002203EBD2B88DE
:10A82000002B03D0044A20001380F7E7034806F00A
:10A8300041F8F2E7425A010864000020E658010896
:10A8400010B5034B1888FFF745FA002010BDC0462D
:10A850006400002037B56B460024DD1D2A0009493D
:10A860002C7001F0CDFE012801D002203EBD2B78D6
:10A87000052B03D8044A20001370F7E7034806F0BD
:10A8800019F8F2E739590108610600200659010854
:10A8900010B5034B1878FFF71DFA002010BDC04615
:10A8A0006106002010B5044806F004F8041EFAD131
:10A8B00000F008FE200010BD2B590108F0B50E2550
:10A8C0000D240F2687B002ABE418F618ED182B0004
:10A8D00022001B490096070001F092FE032821D0B8
:10A8E00022003800174901F08BFE012803D0022412
:10A8F000200007B0F0BD07232B70002333702478AD
:10A9000033782343DBB2012BF1D80F4B0F4F039366
:10A91000002C0BD1200000F061FF2B783B70039BD3
:10A920001C70E5E72B78072BE9D9E0E7012000F060
:10A9300055FF2B78039A3B70337800241370D7E7C8
:10A9400033590108395901085A06002059060020D8
:10A9500010B500F049FF054B054A01001B7812783D
:10A96000044805F0A7FF0028F3D110BD5A060020C7
:10A97000590600203C59010810B500F05FFF01386E
:10A9800043425841FFF7A6F9002010BD10B500F072
:10A9900031FFFFF7ABF9002010BD10B500F03CFF10
:10A9A000FFF798F9002010BDF0B5012687B003AD80
:10A9B00028002E7004F044FF01902B790400002B36
:10A9C00003D0244B1B68334240D1234805F072FF6B
:10A9D0000028FAD1214805F06DFF061EFAD1204863
:10A9E00005F09CFE1F4B1800009305F097FE1E48D3
:10A9F00005F094FE1D4805F091FE1D4805F08EFE01
:10AA00001C4F380005F08AFE00F0BCFCFA20400024
:10AA1000FEF7E0FB019BB3421AD12B79B3420AD077
:10AA2000154805F047FF0028FAD1380005F00AFE66
:10AA3000200007B0F0BD114B1B78002BF8D10E4859
:10AA400005F038FF0028FAD10098EFE70524EFE77A
:10AA50003400EDE7800E0020475901080F6401081B
:10AA60006C0E0020340E0020C80D0020200E0020A7
:10AA70000C0E00204006002086590108AE0C002074
:10AA800013B50B4901AA01F0BBFD012801D002203A
:10AA900016BD019B074A084C934205D8074805F0AC
:10AAA00009FF074B2360F2E700202360F0E7C04670
:10AAB000425A01086F170000680000209A590108E7
:10AAC0007017000010B5034B1868FFF70FF900204E
:10AAD00010BDC0466800002013B56B46DC1D220087
:10AAE000064901F08DFD0223012804D100202056E3
:10AAF00000F086FE0023180016BDC0466758010806
:10AB000010B500F083FEFFF7E5F8002010BD00004F
:10AB100007B50A4901AA01F073FD012801D00220FE
:10AB20000EBD074B0198C218064B9A4201D9002866
:10AB3000F5D100F0C1FC0020F2E7C046425A0108FE
:10AB4000FF1E0AFAFDE8A43510B500F0AFFCFFF7D0
:10AB5000CDF8002010BD000010B5034B1878FFF7AA
:10AB6000B9F8002010BDC046E50A002007B5084925
:10AB700001AA01F045FD012801D002200EBD019B74
:10AB8000FF2BFAD8034A1070034A00201370F5E730
:10AB900039590108E40A0020E50A002010B5034BEA
:10ABA0001878FFF797F8002010BDC046E30A002090
:10ABB00007B5084901AA01F023FD012801D00220B0
:10ABC0000EBD019BFF2BFAD8034A1070034A0020E8
:10ABD0001370F5E739590108E20A0020E30A002062
:10ABE00013B56B46DC1D2200064901F009FD012862
:10ABF00001D0022016BD23788342FAD8024A0020F1
:10AC00001370F7E739590108B40C002010B5044B54
:10AC10000448197805F04EFE0028F8D110BDC04652
:10AC2000B40C00201854010813B56B46DC1D22003B
:10AC30000C4901F0E5FC012801D0022016BD237863
:10AC40005A1E082A07D8084A1370084805F032FE31
:10AC50000028FAD1F2E7064805F02CFE0028FAD1C8
:10AC6000EBE7C04639590108B50C0020935801089C
:10AC7000BD59010810B5034B1878FFF72BF80020D9
:10AC800010BDC046B50C002013B56B46DC1D22007C
:10AC9000094901F0B5FC012801D0022016BD237836
:10ACA000032B03D8054A00201370F7E7044805F08A
:10ACB00001FE0028FAD1F0E739590108B30C002051
:10ACC000D759010810B5034B1878FFF703F8002097
:10ACD00010BDC046B30C002013B56B46DC1D22002E
:10ACE0000A4901F08DFC012801D0022016BD207810
:10ACF000032805D8064B1870F7F7DEF80020F5E7B3
:10AD0000044805F0D7FD0028FAD1EEE739590108CB
:10AD1000B20C0020F559010810B5034B1878FEF766
:10AD2000D9FF002010BDC046B20C002013B56B4601
:10AD3000DC1D22000A4901F063FC012801D0022039
:10AD400016BD2078032805D8064B1870F7F77CF855
:10AD50000020F5E7044805F0ADFD0028FAD1EEE744
:10AD600039590108B10C0020135A010810B5034BE2
:10AD70001878FEF7AFFF002010BDC046B10C0020D0
:10AD8000F7B56B469E1D5C1D23003200124901F091
:10AD900037FC022801D00220FEBD2478092CFAD805
:10ADA000308808F0DFFE060020000F0007F00EFBE1
:10ADB00008F020FF0022094B07F010FE02000B00F4
:10ADC0003000390007F03EFB08F056FF044D2860C4
:10ADD000F7F7AAFF0020DFE7315A010800002440FE
:10ADE0001800002010B5064B186808F003FF020099
:10ADF0000B00044805F05EFD0028F4D110BDC046EC
:10AE000018000020375A010813B56B469C1D22001C
:10AE1000054901F0F5FB0223012803D1034B2288E9
:10AE20001A800023180016BD39590108E00A0020D5
:10AE300010B5034B1888FEF74DFF002010BDC0462B
:10AE4000E00A002013B56B46DC1C220001AB0A4966
:10AE500001F0D6FB0223984209D12378012B03D1BC
:10AE6000064B019A1A6001E0022B02D00023180061
:10AE700016BD034BF5E7C0463F5A01088006002087
:10AE80007C06002030B58FB06B46DD1D10492A00CE
:10AE900001F0B6FB02240100012807D12C78002C18
:10AEA0000BD10C4B1B68034203D0053420000FB0BC
:10AEB00030BD02A8FBF7E6FFF8E7012C05D1064BF1
:10AEC0001C70064B1C700024F0E70224EEE7C0461D
:10AED00039590108800E0020E60A0020650600208E
:10AEE0007FB50E240B26002303AD6C446E442B80EB
:10AEF000238032002B001049009401F081FB0328CD
:10AF000017D13378012B14D80C4A13702A88002AE1
:10AF10000CD02388002B09D009490A80094A1380E4
:10AF2000094805F0C7FC0028FAD103E0074805F0FE
:10AF3000C1FC022004B070BD465A01086006002022
:10AF4000540600205E06002093580108515A01085B
:10AF500010B5064B064A07491B881288097806482F
:10AF600005F0A8FC0028F4D110BDC0465E06002004
:10AF700054060020600600203C59010837B56B4696
:10AF80009D1DDC1D23002A00094901F039FB022820
:10AF900001D002203EBD2A78531E0E2BF9D823780B
:10AFA000012BF6D8034900200A70034A1370F1E719
:10AFB00036590108570600205806002010B5054BE9
:10AFC00005481A78054B197805F074FC0028F6D16D
:10AFD00010BDC046580600203F5901085706002002
:10AFE00013B56B46DC1D2200074901F009FB01285F
:10AFF00001D0022016BD23788342FAD8034A0340C9
:10B0000013700020F6E7C04639590108B00C002043
:10B0100010B5044B0448197805F04CFC0028F8D111
:10B0200010BDC046B00C00201854010813B56B4683
:10B03000DC1D2200074901F0E3FA012801D00220BB
:10B0400016BD23788342FAD8034A034013700020C8
:10B05000F6E7C04639590108AF0C002010B5044B83
:10B060000448197805F026FC0028F8D110BDC04628
:10B07000AF0C002018540108F0B58DB00600002573
:10B08000F5F7BCF901AFC4B2BD70012C0CD8002C8F
:10B0900016D1022302A8437104AB02930D4B057134
:10B0A0001B681B6998470CE0337804AA3B707378DF
:10B0B0003800094952197B7001F0A2FA012803D027
:10B0C000022420000DB0F0BD023C02362D18E4B27F
:10B0D000DBE7C046700B00204A58010810B500227B
:10B0E00020210C48F9F772FFF7F756FDF7F77AFDC4
:10B0F000F7F712FEFA204000FEF76CF8F7F70CFEA7
:10B10000F7F78CFDF7F7A8FD012220210148F9F798
:10B110005DFF10BD0004005010B5FFF7DFFF0020F9
:10B1200010BD0000044A054B1268017899540122B1
:10B13000034B1A707047C046EC0A0020F00A00204A
:10B14000E80A002010B5031C092800D90923054A84
:10B15000DBB29B009C58200005F0ACFB0028FAD124
:10B1600010BDC0468075010810B50348FEF764FBAA
:10B170000022024B1A7010BD25B10008E80A002019
:10B18000F7B56F4B1E78012E0BD100206D4A6E492A
:10B1900018701368CC5CB44204D110600830FFF71B
:10B1A000D1FFF7BD0D2C02D00A2C00D0BFE0002B40
:10B1B000F7D00025CD540B781560412B02D14B7888
:10B1C000542B02D037003800E9E78F78002FFAD0EF
:10B1D0003F2F11D15D4805F06DFB0028FAD13B24CB
:10B1E0005B4D686905F066FB0028FAD1013C183513
:10B1F0008442F6D10027E6E7564B554F01937B6812
:10B200003C681A0021000198009308F0A7FE00286E
:10B2100000D086E0009B019A00999A18019B5B5C24
:10B220003D2B17D03F2B0AD1273B6B43484AD318FD
:10B230005C69200005F03EFB0028FAD1DAE7002B1C
:10B24000C0D1100018336B434149CB181B69984794
:10B250000700B8E7182351786B43501C3F2906D1EB
:10B260009278002A03D13A4AD3189B68EFE7384A0C
:10B27000D318DB6898473849050007002000F5F728
:10B28000B3F8002801D102261DE020003349F5F76C
:10B29000ABF80028F7D020003149F5F7A5F80028D1
:10B2A000F1D020002F49F5F79FF80028EBD02000BF
:10B2B0002D49F5F799F80028E5D020002B49F5F73E
:10B2C00093F80028DFD020002949F5F78DF80028F1
:10B2D00000D178E720002749F5F786F8002800D14B
:10B2E00071E720002449F5F77FF8002800D16AE7CC
:10B2F00020002249F5F778F8002800D163E7200004
:10B300001F49F5F771F8002800D15CE7002D00D047
:10B3100059E7012E02D100F0C9FB54E700F03CFBD5
:10B3200051E7013518373B2D00D068E74AE77F2BFE
:10B3300002D11060062032E70133136031E7C046C6
:10B34000E80A0020EC0A0020F00A0020735A0108E5
:10B35000F86F0108F20A0020F85A0108FE5A0108A5
:10B36000065B01080E5B0108155B01081E5B010806
:10B37000275B01082E5B0108345B01083E5B010876
:10B38000465B010870B500250A4CA6680A4B9E4230
:10B3900009D00A48216805F08DFA0028F9D1B04794
:10B3A0003220FDF717FF013518343B2DEDD1012078
:10B3B00070BDC046F86F01084D9E0008565B01083D
:10B3C00070470000037810B50400002B02D0012B59
:10B3D0000CD010BD4378002B04D10A4B1B685B696D
:10B3E0009847F6E70122084B1A70F2E74378002BE2
:10B3F000EFD104F08DFF0028EBD0200004F096FF81
:10B40000E7E7C046700B00206B060020002373B5F1
:10B410001E4A1F4E1F4D137033702B70437804006B
:10B42000002B0FD104F074FF002801D004F076FF48
:10B43000637B002B06D0E178E02904D12000164977
:10B4400004F084FF73BD2378002B15D1134B1B78B8
:10B45000012B00D1337068464171237B0371A368CF
:10B460000093E2890E4B1A80227C0E4B1A700E4B11
:10B470001B681B699847E5E7012BECD1FD20074AC3
:10B480001278023A0242E6D12B70E4E76806002007
:10B490006A06002069060020940B00206106002047
:10B4A000BC000020BE000020700B0020014B18687B
:10B4B0007047C046A40B0020014B18607047C0467F
:10B4C000A40B002010B5034805F0F4F90028FAD1C8
:10B4D00010BDC046276B010830B587B00A4C0B4839
:10B4E000657A2379E278A1780495257A0395E57940
:10B4F0000295A57901956479009405F0DBF900289F
:10B50000ECD107B030BDC046740000202F6B01089D
:10B51000002370B5214A224D86B013702A78012A83
:10B5200015D101A803701F4B1F4A43601F4B836056
:10B530001F4BC3601F4B1B68DB78037402AB70CBDF
:10B5400070C21B68136004F095FB06B070BD032247
:10B55000194C20002270636004F00CFA042323705D
:10B56000EB682000636004F005FA05232370134B99
:10B570002000636004F0FEF906232370104B2000C6
:10B58000636004F0F7F9012320002370237104F0B5
:10B59000F1F90C4B1B685B699847D6E770060020F1
:10B5A0007400002076000020940B0020840000200E
:10B5B0008C000020900B0020740B00209C000020C9
:10B5C000AC000020700B00201FB5012301AC20004F
:10B5D000237004F035F9207904B010BD0022F0B5D5
:10B5E0001D4B87B004000E001A7004F091FE050098
:10B5F0000120002D13D101A9207904F0A7F8002122
:10B60000164B174F595602ABA8420BD01D709D60C8
:10B610009D811800997304F001FC431E984140423B
:10B6200007B0F0BD627925792068002E04D11E7024
:10B630001A719D819860ECE7140001221C711A7048
:10B640009D8198604C373878002802D0054A1278DE
:10B650000132DA73DDE7C0465B060020C800002037
:10B6600074000020590600207FB5002301AD0600BC
:10B6700028002B7004F0E4F82C79B44203D0002E9B
:10B6800005D0022E12D00024200004B070BDB442B8
:10B69000F9D1280004F06EF9002802D00124644298
:10B6A000F2E70A4B1B689B699847ECE728002E716C
:10B6B00004F060F90028F1D1631E9C41034B300077
:10B6C0001B6864429B699847DEE7C046700B002008
:10B6D000014B18707047C04674000020014B187869
:10B6E0007047C04674000020044B10B558700138F4
:10B6F00043425841C0B204F03DFC10BD740000202C
:10B70000014B58787047C0467400002000487047CD
:10B710007600002010B501000822024805F075F8F7
:10B7200010BDC04676000020014BD8607047C0466F
:10B730007400002013B50024094BDB681BBA019389
:10B7400001ABE15C074805F0B5F80028F8D10134F9
:10B75000042CF5D1044805F0ADF80028FAD113BD4A
:10B7600074000020355701080F64010810B501006E
:10B770001022024805F049F810BDC0469C00002088
:10B78000004870479C00002010B5010010220248BC
:10B7900005F03BF810BDC046AC00002000487047E3
:10B7A000AC000020004870478400002010B5010064
:10B7B0000822024805F029F810BDC0468400002088
:10B7C000004870478C00002010B50100102202488C
:10B7D00005F01BF810BDC0468C000020014B18700E
:10B7E0007047C046C0000020014B18787047C04623
:10B7F000C00000200020014B18567047BE000020FA
:10B80000014B18707047C046BF0000200020014B5C
:10B8100018567047BF000020014B0020185E70478B
:10B82000BC000020014B18707047C046C8000020C3
:10B830000020014B18567047C8000020024B1B6DBA
:10B84000181E00D0187970477400002030B5082801
:10B850000BD010282BD0012806D133490B781818AB
:10B86000087032499B005A5030BD4A780B788240AC
:10B870001A438B782C4C1B041343CA782B481206AE
:10B880001A43237812BA9D002A504A790D79120280
:10B890002A438D792D041543CA79991C12062A432F
:10B8A00012BA21700133DBB29B001A50DCE74A78F0
:10B8B0000B7812021A438B781B4C83401343CA78CF
:10B8C0001A4812061A43237812BA9D002A504A7960
:10B8D0000D7912022A438D792D041543CA79120677
:10B8E0002A435D1CEDB212BAAD002A504A7A0D7A95
:10B8F00012022A438D7A2D041543CA7A12062A436E
:10B900009D1CEDB212BAAD002A504A7B0D7B12028B
:10B910002A438D7B2D041543CA7B191D12062A4329
:10B9200012BA21700333BEE7AC0C0020AC0B002030
:10B9300030B5039D049C082802D010280FD030BDDC
:10B94000100E0870100C4870CA70100A1A0E0A7196
:10B950001A0C4A711A0A88708A71CB71EFE7100EBF
:10B960000870100C4870CA70100A1A0E0A711A0C6E
:10B970004A71CB711A0A2B0E0B722B0C4B722B0ACD
:10B980008B72230E0B73230C4B73230A88708A71FE
:10B99000CD728B73CC73D2E710B500220820134907
:10B9A000FFF754FF124B0021DA680120FFF74EFF2A
:10B9B000002210200F49FFF749FF002210200E49F6
:10B9C000FFF744FF002210200C49FFF73FFF002241
:10B9D00008200B49FFF73AFF0A4C0B4922780B4825
:10B9E000F4F762FD0023237010BDC04676000020EE
:10B9F000740000208C0000209C000020AC0000207F
:10BA000084000020AC0C0020AC0B002004000808CF
:10BA100030B5002595B01E4B03ACE818F4F768FD6F
:10BA200060510435442DF6D10025019500956368D9
:10BA3000039A08201749FFF77BFFA268164B1020D6
:10BA4000DA60A36915490193636900932369E26889
:10BA5000FFF76EFFA36A10200193636A10490093F9
:10BA6000236AE269FFF764FFA36B10200193636B05
:10BA70000C490093236BE26AFFF75AFF019500958A
:10BA800008200949236CE26BFFF752FF15B030BD67
:10BA90000091010876000020740000208C00002036
:10BAA0009C000020AC000020840000200223F0B5A0
:10BAB00087B003AC2000237003F0C2FE002802D040
:10BAC000AE4804F0F7FE1623257920002D062370DA
:10BAD00003F0B6FE002802D0A84804F0EBFE0423D1
:10BAE000A74AE356009252781B042B431343009A53
:10BAF000A44E54321278A44D52B21202134332783B
:10BB00002000511C9200535107233170237003F021
:10BB100097FE002802D0994804F0CCFE009B2779BC
:10BB20001B7820001B04019300233F06237003F0C1
:10BB300087FE002802D0914804F0BCFE009B019AC9
:10BB40004C331B7817431F43237920001B021F43EC
:10BB500033785A1C9B00EF500A233270237003F095
:10BB60006FFE002802D0854804F0A4FE33785A1CEA
:10BB7000327062689B00EA50844B1A78012A00D028
:10BB8000F5E000221A700A232000237003F058FE0B
:10BB9000002802D0794804F08DFE3378227A591CAF
:10BBA0009B003170EA5010232000237003F048FE00
:10BBB000002802D0714804F07DFE337820005A1C22
:10BBC000327062689B00EA501123237003F038FE44
:10BBD000002802D0694804F06DFE337820005A1C1A
:10BBE000327062689B00EA501223237003F028FE33
:10BBF000002802D0614804F05DFE337820005A1C12
:10BC0000327062689B00EA501323237003F018FE21
:10BC1000002802D0594804F04DFE337820005A1C09
:10BC2000327062689B00EA500323237003F008FE21
:10BC3000002802D0514804F03DFE37786268BB000E
:10BC4000EA50534A7B1C1268DBB29B00EA50514910
:10BC5000514B09781B7809041B060B430099BA1C49
:10BC60004B310978D2B20B434C49920009784C48C9
:10BC700009020B434B49AB50FB1C0A68DBB29B002B
:10BC8000EA50494B00781B8809793A1D00021B04D1
:10BC90000343D2B20B439200AB504449444B097862
:10BCA0001B7809041B060B4342497A1D0978D2B25E
:10BCB0000B43414992000978FC1D09020B43AB502C
:10BCC0003E4B3F491B7809781B0609040B433D494D
:10BCD000BA1D0988D2B292000B43AB503A4B3B4994
:10BCE000186806F099F805F066FE3A00384B3949B5
:10BCF0001B7809781B0409020B433749083209787D
:10BD0000E4B2D2B20B43A40092002851AB503B00E6
:10BD1000324A3349127809880933DBB212040A43E4
:10BD20009B00EA503A002F4B2F491B7809781B06DD
:10BD300009040B432D490A320978D2B20B432C492E
:10BD4000920009782B4809020B43AB503A002A4B6A
:10BD50000B371B880C32FFB2D2B22900BF00EB5167
:10BD60003270F4F7A1FB0023337007B0F0BD0B2352
:10BD70002000237003F064FD0FE7C046616B0108EB
:10BD800074000020AD0C00202C0C0020BA0C002008
:10BD900068000020B40C0020B00C0020DF0A002056
:10BDA00061060020A40B002064000020E40A0020AB
:10BDB000E50A0020E20A0020E30A0020B50C00207A
:10BDC000B30C0020E00A00201800002000002041F1
:10BDD000AF0C0020B10C0020B20C00206006002047
:10BDE0005E060020590600205A0600205806002052
:10BDF000570600206000080854060020F0B5002512
:10BE0000ABB0894B05ACE818F4F772FB6051043510
:10BE1000442DF6D1002501950095636808208349DB
:10BE2000059AFFF785FDA368814F1020FB60A36989
:10BE300080490193636900932369E268FFF778FD05
:10BE4000A36A10200193636A7B490093236AE26925
:10BE5000FFF76EFDA36B10200193636B774900938E
:10BE6000236BE26AFFF764FD01950095236CE26B9A
:10BE700008207349FFF75CFD2C00724B16ADE018EB
:10BE8000F4F736FB28510434502CF6D10223169EC9
:10BE900002AC2370330E5A1E93412000237103F02D
:10BEA00069FD162320002370330C237103F062FD1B
:10BEB000FF203B003040320A543301381A704342AD
:10BEC0005841C0B2787004F055F807236E682370AB
:10BED000330E5A1E93412000237103F04BFDFF23C4
:10BEE000594A1B0433409B185A4253413B7000236C
:10BEF00020002370330A237103F03CFDFF231E4012
:10BF0000013E73425E413B004C331E700A26AB6813
:10BF100020002670636003F02DFDEB682000267082
:10BF2000237203F027FD102323702B692000636028
:10BF300003F020FD112323706B692000636003F080
:10BF400019FD12232370AB692000636003F012FD1A
:10BF500013232370EB692000636003F00BFD0323C0
:10BF600023702B6A2000636003F004FD6A6A374B7C
:10BF70004B371A60AB6A364A190E481E8141117060
:10BF8000344A190C1170344A190A11703B70EA6A6C
:10BF9000324B33491A602A6B100C08801A713149F0
:10BFA0006B6B100A304A0870190E11702F4A190C69
:10BFB00011702F4A190A11702E4A1370AB6B2E4A5A
:10BFC000190E11702D4A190C11702D4A3100138071
:10BFD000E86BF4F793F806F0F9F9FF232A6C294C83
:10BFE0001B0413402060581E834127490B70274BC8
:10BFF000110A1970264B1A706A6C264B110C1970B5
:10C00000254B1A80AB6C254A190E1170244A190C65
:10C010001170244A190A1170234A1370234BEA6CD9
:10C020001A802BB0F0BDC04604000808760000203E
:10C03000740000208C0000209C000020AC00002038
:10C0400084000020600008080000FFFF6800002056
:10C05000B00C0020B40C0020DF0A0020A40B00204C
:10C060006400002061060020E50A0020E40A0020A8
:10C07000E30A0020E20A0020B50C0020B30C0020E7
:10C08000E00A002018000020AF0C0020B10C0020B6
:10C09000B20C0020600600205E0600205906002039
:10C0A0005A0600205706002058060020540600209B
:10C0B000F8B500260225234B234C5E704B331D70D0
:10C0C0000B23224F23702000083B6760A36003F01E
:10C0D00051FC0A2320002370073B6760A36003F034
:10C0E00049FC01231A4A1B4913701B4A15701B4A4D
:10C0F00015701B4A15701B4A116014211A4A1180D1
:10C100001A4A1B491160FA211A4A49001180B421C8
:10C11000194AC9001370194A1180B421184A09013B
:10C1200011800721174A1170174A1670174A1670A6
:10C13000174A1370174A1370FFF7B8FCFFF75EFE3B
:10C14000F8BDC04674000020740B002008E6D3330D
:10C15000B50C0020E0930400B30C0020B20C0020CA
:10C16000B10C0020680000206400002018000020AE
:10C170000000C843E00A00206006002054060020AA
:10C180005E060020590600205A06002058060020AE
:10C1900057060020AE0C0020F8B50127334E344C72
:10C1A00031602060FFF72AFE324804F083FB3248FA
:10C1B00004F080FB314804F07DFB314804F07AFB49
:10C1C000FFF780F9FFF788F92E482F4B2F4D0360BA
:10C1D0002F4B2F7043602F4B2F498360236805221C
:10C1E0001B6854350B6003F069F902232B4C237054
:10C1F000336820001B78237103F0BCFB07232370F6
:10C20000336820009B78237103F0B4FB00232000E7
:10C210002370237103F0AEFB3368214C5B782B70E5
:10C220002368002B0AD1FFF743FF20003A001D4985
:10C23000F4F73AF91C4804F03DFBF8BD2368122BD3
:10C240000FD1FFF735FF3A0020001649F4F72CF91B
:10C25000BFF34F8F154B164ADA60BFF34F8FC046BE
:10C26000FDE7FFF7CBFDFFF753F9E6E7900B002062
:10C27000700B0020786B0108896B0108A16B010825
:10C28000BD6B0108840B0020C1B3000874000020BE
:10C290000DB40008C5B30008800B0020740B00200B
:10C2A00000000808CC000020CE6B010800ED00E083
:10C2B0000400FA0537B508220021684607F046FE5B
:10C2C0006C46072300220949013B002B04D12000C2
:10C2D00007F040FD80B23EBD487801310500303D99
:10C2E000092DF1D8551CA054EAB2EDE70A6C0108FB
:10C2F000122337B518480093F4F7FAF80623174DC0
:10C3000004002B80FFF7D6FF154B220C18802B88DA
:10C31000934202D1A4B2A0421DD01B04034301A941
:10C3200001220D480193F4F7BFF80E48F4F7E8F83E
:10C33000F4F7FEF8012269460A48F4F7B5F832200E
:10C34000FCF748FFBFF34F8F074B084ADA60BFF393
:10C350004F8FC046FDE737BD58000808B60C0020D7
:10C36000B80C00200000080800ED00E00400FA0509
:10C37000F0B59F4C1700A54402900491F4F73EF8E5
:10C380000023060003930593049B1C78002C00D126
:10C390007EE0581C252C00D07FE000252900431C9E
:10C3A00004930378642B00D18EE053D8392B4AD8FC
:10C3B0002F2B00D981E0002B00D115E10498252B0B
:10C3C00000D16AE0002E5ED0032BDDD1894B01390C
:10C3D000994200D91900A023DB011D4315AB0A9334
:10C3E000029B01315B181393002300240B9300235D
:10C3F000009301940A9B1293029B1C78392C68D8F5
:10C400002F2C00D9A5E02B2C00D1D1E02D2C00D170
:10C41000C7E080212800C90108400D4238D10A9B9D
:10C4200018700B9B002B06D0009A019B00215042F4
:10C430009941009001913B68391DE80700D4C2E0A2
:10C44000009A1A60C4E0442B3CD0582B14D0002E24
:10C450009AD118E06C2B2ED00AD8682BF7D14378EC
:10C46000682B26D1831C049308231D43049896E768
:10C47000752B2BD0782BEAD180231B011D43102371
:10C480000393002EA2D1059B002B01D1013B059304
:10C49000059897239B009D44F0BD002EF3D0029B8E
:10C4A0001B78A342F4D1029B013E01330293049016
:10C4B0006AE70423D9E70123D7E70A20414330394B
:10C4C0005918D3E701231D430A23D9E780231B0111
:10C4D000F9E7462C1CD8402C9BD9039B0A2B98DDEE
:10C4E0004549009B0D40190F019B0E941B01CB1871
:10C4F0000793009B1B01069337225242D3170698DD
:10C50000079912184B4100210F910E980F9933E0B3
:10C5100021006139052900D97BE7039B0A2B00DC48
:10C5200077E73549009B0D40190F019B10941B01C3
:10C53000CB180993009B1B01089357225242D31733
:10C540000898099912184B410021119110981199DE
:10C5500012E02949039B03980D40D917009A019BCB
:10C5600005F00AFA30225242D31712184B4100212B
:10C570000C940D910C980D9912184B410092019357
:10C580000A9B013E01330A93129B1C70002E00D1BE
:10C590003FE7029B139A01330293934200D029E7AD
:10C5A00037E70121A8040B9BC00F41400B430B93BD
:10C5B00080235B011D4200D12BE7104B1D408023DF
:10C5C0009B011D43DCE7680707D56A4612881A807D
:10C5D000059B0F0001330593D6E62D0700D42FE706
:10C5E0006A4612781A70F3E701235B424FE7C046B0
:10C5F000A4FDFFFFFF010000FFAFFFFFFFEFFFFF04
:10C600000EB403B503AA02CA0192FFF7B1FE02B04D
:10C6100008BC03B01847053843425841C0B27047C0
:10C62000002310B5052803D1080000F01BFB030010
:10C63000180010BD10B5052802D1080000F078FBE5
:10C6400010BD10B5052802D1080000F085FB10BD13
:10C6500010B5002304000800052C03D1110000F0E0
:10C66000C3FB0300180010BD10B5052802D1080057
:10C6700000F0F0FF10BD002310B5052803D108001D
:10C6800000F0DEFB0300180010BD10B50400080028
:10C6900011001A000023052C03D1029B00F0E6FBD9
:10C6A0000300180010BD10B50400080011001A00A6
:10C6B000052C02D1029B00F00FFC10BD10B5002329
:10C6C00004000800052C03D1110000F03DFC03001C
:10C6D000180010BD70B50500002408001100052DDC
:10C6E00003D11A0000F0D8FC0400200070BD13B57F
:10C6F0000400080011001A000023052C05D1059B39
:10C700000093049B00F08AFD0300180016BD00236F
:10C7100010B5052803D1080000F01AFE0300180028
:10C7200010BD002310B5052803D1080000F0C7FF95
:10C730000300180010BD002310B5052803D1080020
:10C7400000F026FE0300180010BD002310B50528D8
:10C7500003D1080000F020FE0300180010BD0023E4
:10C7600010B5052803D1080000F034FE03001800BE
:10C7700010BD10B5052802D1080000F03DFE10BD27
:10C7800010B50400080011001A000023052C03D185
:10C79000029B00F04BFE0300180010BD10B50528E9
:10C7A00002D1080000F0A8FF10BD70B50500D4B29A
:10C7B00008001100052D03D11A0000F0C3FF04008A
:10C7C000200070BDF7B508AC2478019164B29A429C
:10C7D00001DA0020FEBDA242FBDC0F2300249C46B0
:10C7E0001FE0019965004D5B002600950C256B4309
:10C7F000099DEF18009B012533412B420BD0614668
:10C800003B7A1D072D170D40AA4204DB5BB21B11BA
:10C810000B409A420ADD01360C37102EEAD1013462
:10C82000E4B22301DBB29842DBD8D2E70120D1E7A2
:10C83000030010B5C00FD4179A4260410200CC0F1C
:10C84000D8178B4260411040C0B210BD10B50B0923
:10C8500014099C4201D2002010BD9142FBD25B0022
:10C86000C3180F220120114002008A4011001A88CB
:10C870008A431A80F0E7F7B5031E009205D04800FE
:10C880001B180020009A914200D3FEBD00263500FF
:10C890001F880124B44022003A40A21A5442544155
:10C8A00001362D19102EF4D140190131C0B2C9B290
:10C8B0000233E7E710B5002805D0002903D0002394
:10C8C0005200934200D110BDCC5AC4520233F8E753
:10C8D0008A60002800D070474A60FCE7F7B501265F
:10C8E0000F0014001B01D318019000937642009BA7
:10C8F000A34201D13000FEBD019B002B1CD160681A
:10C9000003F04FFF0500002F32D0A06803F049FF6D
:10C9100085420CD9606803F044FF0500E368AB4230
:10C9200007D95B1B9E4200D91E001034DFE7A068C8
:10C93000F1E70023E360F8E7002F16D0A068E56870
:10C9400003F02FFF854201D80023E360E568002D46
:10C95000EBD0A06803F025FF2D1AB542E5D2A06800
:10C96000E66803F01EFF361ADFE73E00E760DCE70B
:10C97000B842D3D0CEE710B5027803000020032AD6
:10C9800013D15A780F301400120904408C704A7089
:10C990009A788A80DC78240222438A801B795A069E
:10C9A000520F0340CA700B700A3810BDF0B504274F
:10C9B00087B0039104920593437804000578C75724
:10C9C000002B2AD002230326C3560293A657002D1C
:10C9D00019D010236269E356207A01921122A256DF
:10C9E0000092E168029AFFF7EDFE002801D10223D0
:10C9F0009D431923E356B3421CDC1823E356B3428C
:10CA000019DA04239D432800039B029A1A70049BA1
:10CA10001E70059B1F7007B0F0BD0A4A0220215E00
:10CA2000914202D007271D00E7570523E35606264B
:10CA30000293CBE71E00072DE5D1002FE3D1072796
:10CA4000E757E0E70F0F000001238340D0B518003F
:10CA50000C0007F087F8060020000F0007F0AAF886
:10CA600002000B003000390005F0B8FF0022024B35
:10CA700006F050FBD0BDC04600408F4010B507F017
:10CA800099F802000B000020014905F0A7FF10BD36
:10CA900000002040F7B504000D00101F40001F00EB
:10CAA000160007F05FF822002B0006F033FB009021
:10CAB0000191780007F07EF802000B0000980199C0
:10CAC00005F0C0FC22002B0005F088FF08F0DEFA1C
:10CAD00004F088FF0700B04200D23700099B002213
:10CAE0001F602000144B290006F014FB00900191F8
:10CAF000380007F05FF822002B0006F00BFB002245
:10CB00000E4B06F007FB02000B000098019906F09F
:10CB100023FD040008980D0007F04CF802000B00FC
:10CB20002000290006F018FD08F0B0FA06F0E6FF34
:10CB30000A9B1860F7BDC046000010400000E03FAF
:10CB40000300283BDBB270B50D1C141C0A2B02D865
:10CB50001E3840B270BD400005F038FC011C281C96
:10CB600005F056FA211C05F053FA07F043F808F0D7
:10CB700019FB06F0C3FFECE70C22C17A10B54A435B
:10CB800003689B185B7A42681B01D118D25A0023B4
:10CB9000CB60447A837A002C0ED1A34202D1037A6F
:10CBA000A34208D0131C642A00D264239BB20269FA
:10CBB000013B5343CB6010BD002BFCD00369013A0D
:10CBC000F7E700001A4B70B59B6A04000D00984708
:10CBD000002806D0174B184AE318934202D80223C4
:10CBE0002B7070BD154B164AE318934201D80023F1
:10CBF000F6E7144B144AE318934201D80123EFE7F8
:10CC0000124B134AE318934201D80523E8E7114B6E
:10CC1000114AE318934201D80323E1E70F4BE418CC
:10CC20000F4B9C4201D80423DAE70020D9E7C04625
:10CC3000486F010840AA8FCC7F841E00C02571CCAC
:10CC4000C0C62D00FF5E43CCBF270900A0B038CC82
:10CC500020A1070040022ECC90D00300606E29CCAA
:10CC6000E09304000300007810B50D3817280DD8A4
:10CC7000F3F726FA161B461D1F222527292C0C35F3
:10CC80000C37393B3D0C0C3F4244440E002010BD94
:10CC90000120185603005A1E9341C01A40B2F6E70D
:10CCA000184A5B785BB2D05CF1E7174AF9E717489E
:10CCB000EDE7FA208000EAE7FA20C000E7E7144831
:10CCC000E5E71448E3E78020C001E0E7FA211248D5
:10CCD000890003F08FFDFA23DB00C018D7E70F4867
:10CCE000D5E70F48D3E70F48D1E71020CFE70E482C
:10CCF000CDE78320C005CAE70C48C8E71220C6E785
:10CD00000120C4E7B0750108A8750108B80B000040
:10CD1000881300007017000018FCFFFF08E6D333EB
:10CD2000BE0C0020BC0C0020C00C00209A990940C9
:10CD30000C2102000078064B414310B55B18597A6C
:10CD4000044B09015078C9185268FFF7C1FD10BDA6
:10CD5000C00C0020D0000020F7B50400FEF7A6FBB1
:10CD60000200002C02D0012C22D0F7BD1A481B4B28
:10CD70001B490190A24212D11A001A481833E0C888
:10CD8000E0C2944602006046E0CAE0C070CA70C3C8
:10CD9000072301220B800198FFF78CFDE5E71A605D
:10CDA000A82252001A81503AFF3A5C600A80F2E7EA
:10CDB000094B0B491A8809880A431A80074B094A0C
:10CDC0001800110070C970C0E0C9E0C018331832F3
:10CDD00013CA13C3C9E7C046BE0C0020C00C002014
:10CDE000BC0C00208C530108030010B50F290ED88D
:10CDF00004290ED9481F0A280BD8F3F761F9160C3D
:10CE0000160A16160A0A0A0A0600012010BD22296F
:10CE10000FD00020FAE70020052218560021FFF766
:10CE200007FD431E9841C0B2F0E7002007221856C4
:10CE3000F4E703781120984280414042E6E7000081
:10CE400010B50279002A03D0012A08D0002010BDB5
:10CE5000012201680348FFF72DFD0120F7E7016873
:10CE60000148F8E7BE0C0020BC0C0020F0B585B0EE
:10CE70000192092608220F004168825686571960E0
:10CE800044780500002C03D0002A07D11A60002442
:10CE90002000019B3A701E7005B0F0BD3F29F6D905
:10CEA00000265F29F4D91F2319400129F0D103A8D6
:10CEB000053342700370FFF7D5FE42B2B242E7D1AC
:10CEC0002C789442E4D007230249140008880343D5
:10CED0000B80DDE7BE0C0020F0B587B01E00170008
:10CEE0000591031C072800DD07235AB27370124B0B
:10CEF0009100C958114BCB185C426341B3700628AE
:10CF000015DD3220FFF7BAFD0D4B04005B6E0D00FE
:10CF10009847330008360C33029300903B00200002
:10CF20002900059A0196FFF7B5FD07B0F0BD054B46
:10CF3000985CFFF789FDE7E7B8750108702FFCFFE3
:10CF4000486F0108D8750108F0B5012643688FB015
:10CF5000454F0D9186570B93FB68050098470400D9
:10CF60000020844250D1EB7C83420AD10C232978E3
:10CF70003E4A4B43D11849680B91814201D19B58DD
:10CF80000B933B4B0B989B570C937B6998472989D4
:10CF90003F6AAB7C89B2072E38D1FA22099301236C
:10CFA0000C98920042430020059304330193314BC7
:10CFB0000291009303003049089007900690049076
:10CFC0000390B8476B7C002B33D02C4B995D264BDC
:10CFD0000D31DB6D2000C9B29847294B1B78002B1F
:10CFE00029D003F0D8FB04002100264803F062FC9E
:10CFF0000028F9D1320024480B9903F05BFC00288B
:10D00000F8D101200D9B1E700FB0F0BDA87801244F
:10D0100008220993002302910793010006930593C8
:10D020000493039301920093200023000C9A089428
:10D03000C7E7164BCAE716490B98F3F75FF8144990
:10D0400004000B98F3F796F80800FA218900F3F72B
:10D0500055F8050033002A0021000E4803F02AFC91
:10D060000028F7D1CDE7C046486F0108C00C00206A
:10D07000D87501088545010050C30000A875010856
:10D08000E70A0020946D0108116C0108B0750108D1
:10D0900040420F002D6C0108F0B591B00E910121B6
:10D0A0000F920400415605780C2068434E4A4F4BBE
:10D0B000121802205B56527A0A934D4B12019B18AC
:10D0C0009B7820565DB2A278854200DA131C5BB2D1
:10D0D0000B93484B8900CB58474A61689B185A42CA
:10D0E0005A410B980C92A268FFF72AFD0C21227876
:10D0F000424D51433C4B6A690D90C85890470122FC
:10D100006F6A0025A2563E4B079508930695059534
:10D11000072A3CD10123049304330293FA230A9A89
:10D120009B00534328000093364A0C9B0D990395AE
:10D130000195B8472E00344B1B78002B35D003F0F7
:10D140002AFB05002900314803F0B4FB0028F9D17F
:10D150000C2501222178244B6943A2562C48C9583A
:10D1600003F0A8FB0028F4D1244D217B3000EB6DA7
:10D17000C9B29847217BEB6A3000C9B298470F9B30
:10D180000B9A186001200E9B1A7011B0F0BD082395
:10D19000012602930A9B2A00009330000C9B0D99F4
:10D1A000049603950196B847C5E70C2221780E4BEB
:10D1B0004A43D55817492800F2F7A0FF1549070040
:10D1C0002800F2F7D7FF0800FA218900F2F796FF4E
:10D1D000050001232A003900E3560F4803F06AFBDB
:10D1E0000028F6D1C0E7C046C00C0020D875010861
:10D1F000D0000020B8750108702FFCFF486F0108AF
:10D20000B80B0000A8610000E70A0020946D010837
:10D210004D6C010840420F00696C0108F0B5002414
:10D220000500072691B0059306AB039104925C803C
:10D230002B79A34241D809A80670AB7907AE437099
:10D24000737806AA8370B37806A9C3703378063260
:10D250000371EB79053143712B7A83716B7AC3715A
:10D260001023037206AB9D1CE023DB000382344BCA
:10D27000C5604361072303833300FFF797FB07284B
:10D2800002D1304B2A881A800123F356DAB2022ADF
:10D2900007D82D4A1278322A03D901222B4B1A7053
:10D2A0000323039A1370B378049A13703378059AA2
:10D2B0001370169B1C7011B0F0BD286807AF3900C1
:10D2C0000019FFF758FB0028B5D0BB8806AA538089
:10D2D0002418F878E4B200281FD1834220D0184ADD
:10D2E000072601920022029206281ED101990F689A
:10D2F000002F05D00127974001213B439BB20291AB
:10D30000019901320C310191102AEDD1029A002AC3
:10D3100000D18DE706AA53808AE7421E042A01D86D
:10D32000062685E70628FBD1D9E71F000121174112
:10D330000F42E5D0019909680029E1D10626DFE70F
:10D34000C00C0020BE0C0020730600206D120020CF
:10D350000E4B70B59B6A0500406898470630C4B212
:10D360000020072200212856FFF762FA002801D189
:10D3700002239C430120052200212856FFF758FA7A
:10D38000002801D104239C43200070BD486F010890
:10D39000012040427047000013B56B460400D91DC0
:10D3A0004068FFF70FFC0C222178094B4A43D15803
:10D3B0000230C0B2002902D10223984316BD0328CF
:10D3C00003D19B1862685A60F8E70220F6E7C0466E
:10D3D000C00C002003880520032B0CD90138062B34
:10D3E00009D90138092B06D901380C2B03D90020A3
:10D3F0000F229A42404170477FB50A4A01AB019221
:10D40000094A41680292427804911A7202785A726B
:10D4100082684088059258811800FFF7ADFB07B07D
:10D4200000BDC046C00C0020D0000020F0B58BB07D
:10D430000491059200211022060006A81D0006F0A6
:10D4400085FD3B4C012200212000FFF714FA002843
:10D4500003D107232288134323807068346803F0C4
:10D46000A0F984424ED800242C600623B17A707A49
:10D47000304AFFF733FA737A050002930823F35614
:10D4800026002D4F03930194294B01221B88234131
:10D4900013420FD101340C37102CF5D1002E3BD0A4
:10D4A0000020711E03F0A6F906AB1B5C049A002550
:10D4B00013702CE03B68002BECD0029B002B1BD0A0
:10D4C0000822397ABA560907039812110917FFF78B
:10D4D000AFF90028DED07B7A164A1B019B18DB6867
:10D4E000002B04D1731C06AA9455DEB2D2E7019B2F
:10D4F0000133DBB20193CDE707230122234113421D
:10D50000DED1C7E77068356803F04BF92D1A0120AA
:10D51000059B1D600BB0F0BD019B0120B342F7D10C
:10D520000723034A019D118828000B431380EFE76E
:10D53000BE0C0020D0000020C00C0020F0B500255B
:10D5400085B002ABDD7103790600009303200F2B39
:10D5500046D833680722187A290000070017FFF71A
:10D5600067F90400082033682900185607220011C3
:10D57000FFF75EF961424C41414248413768012161
:10D580003B7A20431A075BB212171B119A4200DC48
:10D59000291C08430099C4B2022914D8D5170521C3
:10D5A0001800AD1A0722FFF743F90C22ED0F2543AF
:10D5B00044424441009937684A43184B3968D3586C
:10D5C0002C43994226D102AB3868D91DFFF7FAFAED
:10D5D00001256840C0B2002C04D004000534E0B23C
:10D5E00005B0F0BDA04201D00420F9E70C22009F55
:10D5F0000A4B5743FF183800316806F0EDFC009ADB
:10D6000002AB9540DB7920007B72054B1A881543ED
:10D610001D80E5E7002CE1D1E6E7C046C00C002004
:10D62000BE0C002010B504780021022C0CD90C226D
:10D63000130063430548C01806F088FC210010223F
:10D640000348FFF703F90100080010BDC00C0020DB
:10D65000BE0C00205023F0B587B003AC23720379D1
:10D660000700102B29D100260325072D16D83B686B
:10D67000995D9B1921605A7812020A4322609B78B7
:10D680001B041343642253430022236062609342CD
:10D6900009D168460570FFF7C5FF09E00023236044
:10D6A00023726360F5E701A801940571FFF746FF57
:10D6B0000135EDB20336102DD7D107B0F0BD13B54B
:10D6C0000268037914686846002C06D10370FFF7DE
:10D6D000A9FFA0420ED003340CE000920371FFF7C3
:10D6E0002DFF0224042805D0013C052802D0002487
:10D6F000A042F0D0200016BD0C2102780E4B514301
:10D7000070B5CD585B185B7A0C4A1B01D218040027
:10D71000837890780222A25641B2914200DA181C16
:10D72000A268616840B2FFF70BFA054B0100A289BD
:10D7300028005B6C984770BDC00C0020D000002012
:10D74000486F0108891A081C090600D50020C0B2DC
:10D75000704700000023214A70B51370204A214908
:10D760001360214A1360214A1360214A1370012279
:10D770000A7020490A7020490B7020490B7020491B
:10D780000A8020490B7020490B7020490A702049FB
:10D79000204A08888C1C1080E47F901CC4771000FD
:10D7A0000C002430243460CC60C0888D9085086BD8
:10D7B000496B10635163184A1370184A1370184A62
:10D7C0001370184A1268002A04D1174B1A70174BAD
:10D7D0001A7070BD5362926AF5E7C04615100020BA
:10D7E0001C10002031010020181000201010002013
:10D7F000970E002030010020C40D0020960E00205E
:10D80000940E002009100020081000203201002092
:10D81000980E0020D00E00200C1000200B100020CD
:10D820000A100020241200208A0E0020890E0020F9
:10D8300037B584180B4A01AB127859709A700A4AAE
:10D84000190012780D321A70084A1078FEF7E8FEB7
:10D85000031C80B2FF2800D9FF2300209BB2A34203
:10D8600040413EBDFC0E002021120020601200202D
:10D8700010B50C4802F052FF0B4B1B78002B07D061
:10D8800001220421094B1A70094A13688B43136063
:10D89000084B1B78022B04D1074A0E3311780B4337
:10D8A000137010BDC80D00200C100020C40D002006
:10D8B000800E002023120020800D002040230D4AFE
:10D8C00010B511680B43136000220B4B1A700B4B01
:10D8D0001B78934201D0FFF7CBFF1223084A094877
:10D8E00011780B430121137002F044FF054802F048
:10D8F000A9FE10BD800E0020091000200C10002091
:10D90000800D00206C0E0020044B10B5DB6B00284E
:10D9100002D10800984710BD0020FBE7486F0108BE
:10D9200070B5194802F0FAFE184B194C1B78194DC6
:10D9300023706B6A63602B002D331B782374164BA6
:10D940001B7863740123E374144B1A78144B002A78
:10D9500017D1A2681A70134B21001B78023B5A4260
:10D960005341A374104B114A1878FEF7A7FE002804
:10D9700006D0A07CE968FFF7C7FF0D4BE27C1A7068
:10D9800070BD1B78A360E6E70C0E00208A0E002015
:10D99000DC0D0020D00E002021120020E20A002021
:10D9A000E30A00202312002060120020A80D0020AE
:10D9B000810D002010B50A4B1B78022B0DD0094BAE
:10D9C0005B6B98470222084B5A70084B5A70102321
:10D9D000074A11780B43137010BDFFF7A1FFF1E761
:10D9E00023120020486F0108900D0020840D0020B4
:10D9F000800D0020F0B589B002F0CDFE3A4E0390C4
:10DA00003378022B4DD0394B5B6B9847384B394AF2
:10DA10001B78394F394C0292002B55D0384B39487E
:10DA2000196802F0A7FE374802F00CFE3378364D35
:10DA3000022B39D1162304AA1371029B05A9187869
:10DA4000FEF7EEFD29684118304802F093FE2F489A
:10DA500002F0F8FD22780023120703D52C4B1B7827
:10DA60005A4253412B4A06A913702B4B2B4A1B7861
:10DA700013700B702A4B1B784B70039B4B60029BFF
:10DA80001878FEF7D7FD274B039A1A603B78002BD6
:10DA900005D1254A5370254A13780133137009B014
:10DAA000F0BDFFF73DFFB1E7214B29681800019356
:10DAB00002F060FE019802F0C5FD3378022BB9D068
:10DAC0003B78002BB6D1C5E7174A53700422104BA0
:10DAD0005A702378002B01D1013323701023227850
:10DAE00013432370B6E7C04623120020486F010895
:10DAF00032010020601200200C100020800D002058
:10DB0000080E0020200E0020040E0020C80D00206A
:10DB1000840D0020880E00208A0E0020890E00202F
:10DB200015100020900E0020900D0020970E002070
:10DB30000C0E002070B5194802F0F0FD0022184BC1
:10DB4000184C1A70184B194D1B782370184BDB7F3B
:10DB5000E3702B002D331B7862822374154B1B78E6
:10DB60006374154B1A78154B002A13D1A2681A70EA
:10DB7000134B1B78022B02D1124B9B6B9847124B15
:10DB80002100124A1878FEF799FDE968A07CFFF79A
:10DB9000BBFE70BD1B78A360EAE7C046200E0020E4
:10DBA000810D0020F00D00208A0E0020D00E0020F4
:10DBB000D20E002021120020E40A0020E50A0020F5
:10DBC00023120020486F010860120020A80D0020D9
:10DBD00010B5184C2378022B1ED0174B5B6B98475F
:10DBE000164A174B11781B78164A002917D18B4219
:10DBF00002D0154B0331597003235370134B18682F
:10DC000002F0CFFD124B1B68984204D31023114A37
:10DC100011780B43137010BDFFF782FEE0E7002B75
:10DC200002D00421084B5970042353702378022B2F
:10DC3000ECD1F0E723120020486F0108810D00208D
:10DC40000C100020840D0020900D0020900E00206C
:10DC5000040E0020800D002010B5184B1B78022BFD
:10DC60001ED0174B5B6B9847164A174B11781B78E1
:10DC7000164A002917D18B4202D0154B0531597035
:10DC800005235370134B186802F08BFD124B1B6871
:10DC9000984204D31023114A11780B43137010BD1E
:10DCA000FFF73EFEE0E7002B02D00621084B59703B
:10DCB00006235370094A0A331178EEE72312002035
:10DCC000486F0108810D00200C100020840D0020F9
:10DCD000900D0020900E0020040E0020800D0020EA
:10DCE000F0B58FB00793002307000C000492039354
:10DCF000049B9C4201D30FB0F0BD385D651C023817
:10DD0000EDB20828F7D8F2F7EFF909001900E200A0
:10DD1000010149016F01E3010B023F020122D24BD5
:10DD20001A700022D14B5A707A5DE51C02341A72C7
:10DD3000E4B23A5DEDB25A722C00D9E700230B260B
:10DD400006AA53729372B61809AA33701370039B14
:10DD5000002B00D08DE06B1EFB180B93049B0BA9CE
:10DD60001C1BC34B0C711B78C24C8B71C24B1B78B4
:10DD70004B716378CB7123780B72631CDB7F4B7222
:10DD8000BE4B1B7801929C460A2306AA10009B18E2
:10DD90000922009612186046FEF7A9FCC3430590BD
:10DDA0005B0745D10122B04B1A7006AB5B7AB44ACF
:10DDB000637006AB9B7A127823703378934201D953
:10DDC00013003270AF4AD377AF4C200002F072FDDF
:10DDD0000028F9D1AD4B1B7883425DD0AC4802F0EE
:10DDE00069FD0028FAD1AB4B1A78012A00D11870CE
:10DDF000A94B1B78002B3FD1092106AA5156A748F1
:10DE000002F058FD0028F7D10A2106AA5156A4486D
:10DE100002F050FD0028F7D106AAD17AA14802F0FD
:10DE200049FD0028F8D1200002F044FD0028FAD175
:10DE300009AB1C7805212000F2F760F99A4AC3B2B9
:10DE4000117880225242521A00219C46974BD2B23E
:10DE5000013A1B78964E06928C4528D1039A002AE7
:10DE600004D00121934A1170904A1370013C2D197E
:10DE7000EDB2012303935FE7092106AA51568E48AC
:10DE800002F018FD0028F7D1200002F013FD002851
:10DE9000FAD1814B1870CBE7884802F00BFD0028BF
:10DEA000FAD1200002F006FD0028FAD1C0E7069A58
:10DEB000934209DA0322581CF254059AC0B2325434
:10DEC00001220233DBB203920131C9B2C4E701225D
:10DED0001000654B02341A70795D794B88401970D7
:10DEE000784B1880704B71481D7880235B425B1B18
:10DEF0000178DBB28B4201D8E5B21DE74B1C037001
:10DF000004206B4B58546B4B1A70F5E707217B5D6F
:10DF10000BAE1A090A4072700F2213403370221D93
:10DF2000E31CDBB2D2B2FB5CBA5C651D02341204A6
:10DF30001B02E4B213433A5D31001343642253439E
:10DF40000C934E4BEDB21878FEF7E1FB072303402C
:10DF5000072B0BD10122444B31781A705A4A454B9A
:10DF600011700C9A5A6272780233DA774E4A4F492E
:10DF7000147880225242121BD2B20B78013A93429B
:10DF800000DBD9E605244A4AD4549C1C0133DBB299
:10DF90000C70D0540122474B1A70CDE60122324B4F
:10DFA0001A704A4B1B68002B02D01B68002B19D13A
:10DFB000FE203D4A3D49147880225242121BD2B2C3
:10DFC0000B78023A934200DBB6E60624384AD45472
:10DFD0005C1CE4B21055D81C087002330799DBB200
:10DFE000D154D7E79847E4E701221F4B211D1A704F
:10DFF000E21CD2B2C9B2BA5C795C120209041143C4
:10E00000A21CD2B2BA5C7B5D114364224A430B92DC
:10E010000022A51D0534E4B20C9209AE3A5D3371BD
:10E020000BAB1A720993FDF741FAEDB203210028F8
:10E0300005D1124B31001878FEF773FB01001A4A24
:10E040001A48147880225242121BD2B20378013A45
:10E05000934200DB70E60724154AD4549C1C01331C
:10E060000470DBB2BCE7C04666060020840D0020C9
:10E0700014100020D00E0020FC0E002060120020A2
:10E0800057060020D10E00200F640108E70A002087
:10E09000896C0108330100206D120020986C010882
:10E0A000B36C0108CA6C0108081000200910002098
:10E0B000880F00200A100020DF6C01081B6D01088A
:10E0C000960E0020940E0020F80E0020640E002012
:10E0D0000121464B023419700F237A5D1A40131C3C
:10E0E000002A00D10B1CDAB2FA23FA219B00534319
:10E0F0003F4A890013615B1853613E4B3E491878D3
:10E1000080235B421B1A0A78DBB2934200D8F3E605
:10E11000531C0B700821394B99540122384BF3E6FC
:10E12000A31C05937B5D0BAD9A06D20F6A70DA06CD
:10E13000D20F2A700F221340AB70324B290018788F
:10E14000FEF7F9FA01301CD00126284B284C1E702E
:10E150002B88A385AA782C4B985C04F037F9254BC3
:10E1600020631878802324495B421B1A0A78DBB2AB
:10E17000934206D993190B700921204B9954204BD7
:10E180001E706B461D7DD7E50126184B0BA91E702E
:10E190007B5D221D0B70E31CDBB2D2B2FB5CBA5C70
:10E1A000651D02341B02E4B212041A433B5DEDB25A
:10E1B0001A43642353434B60124B1878FEF7C5FA99
:10E1C0000C4A0D49147880225242121B0B78D2B2AD
:10E1D0009A4200D8B0E50A24084AD4549C1C9B19E2
:10E1E000DBB2D054064B0C701E70A5E5660600200D
:10E1F000D00E00200810002009100020880F0020F9
:10E200000A10002060120020E0750108F0B50F0030
:10E210000021D34D95B0DBB209932B74D14B049000
:10E220001B78D1486B74D14B01715B6B1191EA8102
:10E2300069806971A960A981A97469612970984789
:10E24000CB4802F06BFA049B1B78580901380893FD
:10E25000062800D970E2F1F747FF07006F02AE0011
:10E260006F02AE006F025F02C24B05931B78002B5A
:10E2700008D001236B70FFF721FB0122BE4B1A70FF
:10E2800015B0F0BDBD4D0498BD4B791E2A6889B20A
:10E290000130069301F072FFBA4C089B391F2A68BF
:10E2A000237089B211AB200001F042FFE219D31EA6
:10E2B000911E1B7809781B0209040B43111F013AB8
:10E2C000097812780B4312061343119AAE4E9A4204
:10E2D0006ED1AE49AE4AAF4B1288009128680699BC
:10E2E00001F06CFF6379A17920791B02AA4A090425
:10E2F00003430B431360237AE2791B021343627AD0
:10E30000A64912041A43A37AA54D1B0613430B60BA
:10E31000E37AA4495A06520FCA770F212A000B400C
:10E3200028321370227B0A40131C002A00D10123DB
:10E33000DAB2FA239B005343FA2292002B619B1816
:10E340006B61994B12AC113F12932771FDF7AEF838
:10E35000002804D1954B21001878FEF785F9002399
:10E36000059A737001331370914B1B78002B1BD0EF
:10E37000904B5B786B70904B1B78002B00D0E2E1E8
:10E380008E4B1B78022B02D18D4802F0C7F9102367
:10E390008C4A8D4811780B430121137002F0EAF981
:10E3A000894802F04FF96BE7FDF742FA6870E2E73F
:10E3B00007237370DFE7854B10A91B788B702B79CF
:10E3C0004B70834B1B780D330B70784B1878FEF72E
:10E3D00027F93B000D3B1A0403D41BB2834200D93A
:10E3E00047E7049A049B92785B7812021A43049BD5
:10E3F000DB781B041343049A127912061A43674B05
:10E4000006921B68934264D0724B1C68002C01D1A9
:10E410000B232FE72368069A934258D1231D0A93B2
:10E4200010330D930123666A0B93049B5B7907936A
:10E430001B071B0F0C93049BDA19D31E911E1B782C
:10E4400009781B0209040B43111F013A097812785D
:10E450000B4312061A43049B0E929A79DB79391FFB
:10E460001B0213439B1B9AB20F9218B289B211AAD6
:10E470001B0438D401250F9B0292F6180A9A069BBA
:10E4800004980196009501F087FD119B0E9A059561
:10E49000934208D0504B1B780593002B03D00022E9
:10E4A0004E4B05921A604C4B1B78002B30D1153324
:10E4B0000CAA13743D4B10A91878FEF7B1F80F9B06
:10E4C000834225D30A22264B5A705E61D3E6A46AA2
:10E4D0009CE7424B00241E6800230B932B4B0D93AB
:10E4E0002C4B0A93A1E780235B02F51801232D181A
:10E4F000029200930A9A069B0498019501F04CFD44
:10E50000119B0E9A9342C5D101232E000593CAE7B1
:10E51000059A134B002A00D1FCE00125304A0B99E3
:10E5200015700022997007995A70C906C90F597160
:10E530000D499A604A702B491A730A602A495E6134
:10E540000A700B99A94200D08FE002321A70636AF8
:10E55000B3424BD1002E49D00822014B5A708AE6B3
:10E56000A40D0020810D0020900D0020486F0108AF
:10E570000C0E0020151000206B12002054120020F9
:10E580002110002020100020840D002032120020D5
:10E5900030120020421200202C12002028120020ED
:10E5A000D00E0020D20E00202D100020601200207E
:10E5B00014100020980E00200C10002023120020C0
:10E5C000C80D0020800D00206C0E0020FD0E0020E4
:10E5D0002112002024120020B00C0020181000206E
:10E5E0005C06002010100020081000200023666246
:10E5F00008935B480C9A01780832012955D1079B92
:10E600009B060AD50024574B1C70079B9B06DB0F0B
:10E61000037155488374554B19700F23079C1C4098
:10E620003B1F934270DD0C9B093307930799049BB2
:10E630007D1A9B5C4C4F043DEDB2FB70002B48D122
:10E640009C4235D101234A4F04980A9A40180093FE
:10E650002900069B0297019601F05CFD2A0021002B
:10E660003800099BFFF73CFB27E01F20089C41492D
:10E67000844320000968404CA0280CD11D700B0079
:10E68000711A5A1E93414A4251411940257008910E
:10E69000384B1E60ADE722701A708E4202D1002EF8
:10E6A00000D059E700230893F2E700212D4BB3E790
:10E6B0002B4ABB741371059B0893089B06209A0094
:10E6C000022313432D4A0340117881430B431370F7
:10E6D00051E6002C04D00821099B0498FFF700FBA9
:10E6E00001960126079B0498214CC0182900069B1F
:10E6F0000D9A0294009601F00DFD089B002BDCD1D1
:10E70000BC603D737E73D8E7002CD6D00821099BEE
:10E710000498A7E70C2221E7154C04993A0001312F
:10E72000200002F072F80323144A2B807B1E2B7307
:10E7300011780223AC60C9E701246C70FFF7BEF8C2
:10E740000F4B1C7017E6064B1B79002B00D01BE605
:10E750000C4A0D4B12781B789A4200D817E613E644
:10E76000900D002009100020A40D00206E12002042
:10E7700020100020181000200B100020800D002019
:10E780006B1200203001002031010020174B70B5C2
:10E790001B78002B28D0164802F08CF80028FAD1FC
:10E7A000144802F087F80028FAD10725124C1348C4
:10E7B000E17A0909294002F07DF80028F6D10F25F9
:10E7C000E17A0F48294002F075F80028F8D10D4C85
:10E7D0000D48216902F06EF80028F8D10B486169F4
:10E7E00002F068F80028F9D170BDC046E70A0020A1
:10E7F0000F640108336D010820100020426D0108EC
:10E80000536D0108D00E0020646D01087B6D010876
:10E81000F0B58FB0059314AB06921A8800230C0054
:10E82000BE4DBF490A930B702B80059BBD4E591EF0
:10E830008B4101785B4231700078BB4F1A40D3B2F4
:10E8400000063B70400F072800D964E1F1F74CFC4B
:10E85000080063014900630146006301630154013C
:10E8600001232B80B14B08221968B14801F0D6FF73
:10E870002888B04B083080B21968082228803018E8
:10E8800001F0CCFF2B8808332B80AB4BDB6998471A
:10E89000AA4BAB4A18802B881268F054991C01339C
:10E8A0009BB2000AF05429803000C9B20AAB01F0D3
:10E8B0003FFC2B880A9A591C100A89B2F2547054F2
:10E8C000991C89B2100C7054191D03339BB2120E9F
:10E8D0002980F254002318000FB0F0BD0122904BA4
:10E8E0001A70984B1A780723002AF4D02378964E92
:10E8F0001B060BA9DB0F4B70336801254B60934B54
:10E900000D701A88924852BA0A811A002C32127875
:10E9100000788A728F4A0096FDF7B7FE40222840A1
:10E9200083012078904318438B4B20701A78002A7B
:10E9300004D000221A70202303432370874B794FA1
:10E9400007931B68864E1A0A7B70BA701A0C1B0E4E
:10E95000FA703B71237830787B71824B824D08933B
:10E960001B688249BB711B0AFB71814B40191A78E5
:10E97000099301F04AFF099B32781B780599D21858
:10E98000D2B27C4B3270002900D185E0664908780C
:10E99000002800D180E01B780826002B13D00F2A16
:10E9A00075D80F2023781907090F511801408343A8
:10E9B0000B4323707B7100236F4899B2914262D35D
:10E9C00016000836F6B200236A4967480B70190032
:10E9D000664D09908A4268D8654A1370002B02D0B0
:10E9E0000122644B1A70059B002B1AD04E4B1978EC
:10E9F000002916D05B4A4B4D584B1068741C069A80
:10EA0000E4B2AA551B686519002A6FD1544A069EC4
:10EA100016705A4A029501900096059801F0FEFA88
:10EA20002600574B404A1B78012B03D0554B1B78CF
:10EA3000012B0AD1544B06991970544B1178197057
:10EA4000534B05991E70534B19601178334C711854
:10EA50000AAB21800293089B38001B68474A019348
:10EA600000230093079B1B6801F096FA0A9A2188FD
:10EA7000100A7B187A5458700431100C120E9870DA
:10EA8000DA70218026E7E95CC154013395E70A700A
:10EA900000230595069396E70826002A93D01B7855
:10EAA000002B90D0204B1A70F2E70998445CE01ECE
:10EAB00007280FD8F1F704FB180E041618110E04DE
:10EAC000EC540131284CC9B2581C645CC0B202330A
:10EAD000DBB22C540131C9B27CE70824581CEC5439
:10EAE000C3B2F7E70231F5E70131F3E70190002007
:10EAF000294A0295009090E70599002900D1E9E69E
:10EB0000002B00D1E7E60A48D2B201F07EFE3B7846
:10EB100001332B80DEE60223DDE6C0462011002013
:10EB20000C100020221100201F110020581200207C
:10EB3000231100205C120020486F010830120020D1
:10EB4000541200201510002010100020D00E0020BC
:10EB500060120020D10E00200B100020281200208F
:10EB6000091000201C100020880F0020080F002032
:10EB7000081000200A1000202A1100204212002054
:10EB8000580600205A0600206A1200206912002050
:10EB9000681200206412002032120020F0B587B005
:10EBA0006B46DF1D002302AC334D3B7020706B7849
:10EBB00063702B78A3702B6B63606B6BA3602F4B20
:10EBC0001B88A381F1F778FD2D4B1B78002B42D0D9
:10EBD00001F0E1FD060031002A4801F06BFE00283B
:10EBE000F9D1294B2948196801F064FE284E294BB8
:10EBF0003A00210018783300FDF76CFD0121264A08
:10EC0000264B517059706978254891703978D170C8
:10EC1000316859609160FA21890001F0ABFD20480C
:10EC200001F010FD1F4B1B78002B03D11E4A1378F7
:10EC30000133137000241D4B1D481C700F4B1978B5
:10EC40001C4B1B6B9847012320001B4A11680B4388
:10EC5000136007B0F0BD194E3378002B06D1184869
:10EC600001F028FE0028FAD101233370154801F085
:10EC700021FE0028FAD1B4E7D00E00202011002098
:10EC8000E70A0020926D01081C100020C46D0108E5
:10EC9000C00D002060120020900D0020840D002087
:10ECA0006C0E002015100020BD0D00205B0600201A
:10ECB00022110020486F0108800E00206C120020F5
:10ECC0009A6D01080F6401080023F0B589B0049320
:10ECD000614B1A780923FF2A00D1A4E05F4E002A75
:10ECE00000D132605E4A5F4B5F4F1B78039212780F
:10ECF00005AD2A70EB703A785C4BAA70186801F089
:10ED000050FD5B4C686023682900AB60594B1B7851
:10ED10006B70594B1878FDF72CFD584B1A882368F7
:10ED2000013A53433268564C9B180593336063781D
:10ED30002B723B78AB72039B1B786B72514B1B6839
:10ED40006B60514B4C4F039338782900039A00961F
:10ED500004ABFDF715FD002836D021000122A31CCD
:10ED60003D78DB7F2D312800A25609785BB2FDF794
:10ED70001CFD464E227A009641B263682800FDF7DA
:10ED800092FC2821424D3878227A615600956368BA
:10ED9000FDF789FC324F3B78002B1CD1F168A36949
:10EDA0003C4A5B181360E968E3693B4A5B181360EF
:10EDB0003A4B04991B78002B4BD0002936D1324BAB
:10EDC0001878FFF7EBFE2DE0354B2D4A5B785BB2F0
:10EDD00053702B72B5E70121324B61561A78324BD2
:10EDE0001878FEF725FD082300281CD0F168236958
:10EDF000284A5B181360E9686369274A5B18136047
:10EE00003B780499002BD3D0039B0029D8D0102342
:10EE1000264A106803432648136001F0ABFC2448DF
:10EE200001F010FC0023180009B0F0BD10231F4AA8
:10EE30001F4C1068034313601E4B1A881E4B53432C
:10EE40008B4204D2200001F095FC2000E8E7190075
:10EE5000F8E79942B3D0DAE7960E00208C0E002036
:10EE600015100020890E00208B0E0020840E00203B
:10EE7000C00D0020880E002060120020940E00209B
:10EE8000D00E0020900E00208A0E0020F00D0020F1
:10EE9000DC0D0020080E0020040E00206706002074
:10EEA000980E0020091000201F110020800E002065
:10EEB000340E00206400002060EA000030B50D0030
:10EEC0000A4C85B0247803A9E4010C700093130068
:10EED0002A00FFF79DFC002806D1054A054B126861
:10EEE0009880DA60FFF7F0FE05B030BD1410002006
:10EEF0001C100020900D002010B5174886B001F0BE
:10EF00000DFC1021154A13688B431360144B1B78BA
:10EF10001B071CD5134B1C78002C18D1FEF71AFCCC
:10EF2000114B05A91B7801330B80104B1878FDF7A6
:10EF300016FC0F4B04A958700E4B03A81B780470E5
:10EF4000DB010B70220023000094FFF761FCFFF748
:10EF5000BBFE06B010BDC046340E0020800E00205F
:10EF6000800D0020840D0020BD0D002060120020C7
:10EF7000D00E002014100020F0B5934B8BB0180079
:10EF8000059301F0CBFB914C2178CB0639D5904B02
:10EF90001A68500602D5412082431A6009221142A4
:10EFA00000D06BE000228B480078002807D1824215
:10EFB00005D1080700D577E0CA0700D592E022788E
:10EFC000834D854B920700D43AE1844A1178844AF4
:10EFD0001079002804D183480078884200D32FE1BB
:10EFE000002018707B4B18707F4B1B78834203D135
:10EFF0007E48036801330360517101222B689343FB
:10F000002B600221724A13680B4201D08B431360BC
:10F01000002B00D0D2E1012523781D4207D0744B8C
:10F020006F481B681B6898472378AB4323700825FB
:10F0300023781D4207D06E4B6E481B689B6898472B
:10F040002378AB43237010222378934323702378D3
:10F050009B0711D5684B1B78022B01D1FEF760FC92
:10F0600023785B0704D4624B64481B685B6898474D
:10F0700006222378934323700BB0F0BD58484278A2
:10F08000022A04D05B4A5278022A00D08AE7012281
:10F090001D685B4E95431D60002535704F4E057110
:10F0A0003678856046717EE752480578002D19D183
:10F0B0005449097881724078A84208D14B490A60C6
:10F0C00051490A7001211A688A431A6077E74F4A4A
:10F0D00012788A42F6D91022237893432370FFF7DF
:10F0E0000BFF6CE7022248480A404949CD7F01786E
:10F0F0008D424FD9002A55D1464B1B78012BEAD1BE
:10F10000394B1F78002FE6D1384E434A35680997AE
:10F1100001352B0AD371414B95711868404B35600E
:10F120001978404B1B6806933F4B1B789C46130095
:10F130003E4A6344079313789C46BB423DD1304A14
:10F140001370079B3A4A0293634601950093069B0E
:10F1500000F064FF374D09AF2988029736682E48C2
:10F1600001960026009606002E4B0439304A1B6893
:10F1700089B200F011FF2888099B3018021F137014
:10F18000190AC21E1170821E190C01381B0E117053
:10F190000370A0E7002A05D119490A7026490A68B8
:10F1A00001320A60002202700F4A1278002A89D1C7
:10F1B0000E490A6801320A6084E7079B1F4A0293DE
:10F1C00001950097C3E7C0466C0E0020800D00201B
:10F1D000800E00200C100020C40D00203001002003
:10F1E000900D002031010020161000201C1000207E
:10F1F000680E0020840D002023120020A40D0020A2
:10F2000009100020BD0D0020970E0020BC0D00202D
:10F21000D10E002058060020221100206412002088
:10F220006912002028120020681200206A120020B3
:10F230004212002020110020101000203212002065
:10F240001A78002A00D1DCE6296810220800104054
:10F25000114200D0D5E65E4E5E4A187012783378BF
:10F260009A4200D88FE0082B00D98CE0013333702C
:10F27000594B1B78012B47D1584B1A78584B002A11
:10F2800002D11A6801321A60002294461E6809925F
:10F29000544A554D330A1278EB71544B5219186881
:10F2A0000692534B534A19781778534BAE711B682B
:10F2B000674544D1514A1770514A01960792069A00
:10F2C00000970292079A00F0A9FE4E4E09A83188D5
:10F2D00002904348484B0068043901900020009098
:10F2E000474A28001B6889B200F056FE3288099B05
:10F2F000AD182A1F1370190AEA1E1170AA1E190CE4
:10F30000013D1B0E11702B70314E3378DB070DD58C
:10F31000242309A90B703C4B3C4D1B788B706B78F8
:10F320004B703B4B1878FDF77BF96870FFF7CCFC0E
:10F3300000280BD1102223789343237061E60196B5
:10F340006646069F334A02970096BCE70922324B75
:10F350002A485A70002202700120304D1A71296823
:10F36000814329602E490A7032785A71274A5278AF
:10F370009A701A4B1B78002B00D042E6184A13688B
:10F380001B1813603DE6224B01211878FDF759F94F
:10F3900001222B6893432B600023184A1370204AE4
:10F3A00013701D4A1371337853710C4B1B78002B6B
:10F3B00000D026E60A4A13680133E2E7FA210598ED
:10F3C000890001F0D7F9059801F03CF93FE6C04605
:10F3D00030010020310100205A06002016100020C4
:10F3E0001C1000206812002022110020641200204E
:10F3F000691200206A120020281200200910002043
:10F400004212002020110020FC0E0020D00E00200F
:10F410006012002032120020900D0020800E00208B
:10F420000C1000201FB56946104B1B780B70104B59
:10F430005A7888814A701A788A701A6B5B6B0192CD
:10F4400002930C4B1878FDF7A9F9FA210A488900B4
:10F4500001F090F9084801F0F5F801230020074A6F
:10F4600011680B43136004B010BDC0468A0E002023
:10F47000D00E0020601200206C0E0020800E0020B4
:10F4800010B504000A4B08005B6C51B2220098478B
:10F49000FA210848890001F06DF9064801F0D2F818
:10F4A0000123054A002011680B43136010BDC046BC
:10F4B000486F01086C0E0020800E0020F7B5050093
:10F4C0000F001400002802D103263000FEBD03689F
:10F4D000002BF9D04368002BF6D08368002BF3D0C3
:10F4E0001000FDF798F80A260028EED00026764B8B
:10F4F0006A461D60754B764D1F600127754B01A94B
:10F500001E70754B20001E70744B2C701E60744B67
:10F510001E70744B1F70744B1E70744B1E60744BC6
:10F520001E600F231371FDF77BF8421E9041714B53
:10F530000A2118706B462878197101A9FDF770F837
:10F540006D4C6B462070062001A918712878FDF7D4
:10F5500067F810236070684601A903712878FDF7E9
:10F560005FF81123E060684601A903712878FDF770
:10F5700057F812232061684601A903712878FDF726
:10F580004FF813236061684601A903712878FDF7DD
:10F5900047F81423A061684601A903712878FDF794
:10F5A0003FF81723E061684601A903712878FDF749
:10F5B00037F8A31CD8771823684601A90371287867
:10F5C000FDF72EF819236062684601A903712878B7
:10F5D000FDF726F82300283318701E23684601A97A
:10F5E00003712878FDF71CF823002C3318701F23B3
:10F5F000684601A903712878FDF712F823002D331E
:10F6000018702023684601A903712878FDF708F8CF
:10F6100021232063684601A903712878FDF700F8CB
:10F62000310060632878FDF70CF8E319DF770623D3
:10F630000A222372314B62605A6006221A72E26813
:10F64000DA6022691A6162695A61A2699A61E269A3
:10F65000DA61DB19DF77FEF77DF82949294800F0E8
:10F66000E9FFFA212748890001F084F82649274854
:10F6700000F0E0FF2649274800F0DCFF2649274834
:10F6800000F0D8FF2649274800F0D4FF01F083F8A6
:10F69000254B264C18602648264B0360264B83607A
:10F6A000264B0361264B4360264BC360A3689847F3
:10F6B000E369984701F098F8234B38001F70236ED8
:10F6C0009847636B984700E7680E0020640E00209F
:10F6D00060120020800D002023120020800E0020E8
:10F6E000BD0D0020BC0D002021120020900E002036
:10F6F0008C0E00208B0E0020980E0020D00E0020D3
:10F7000079EF00086C0E0020F9EE0008340E00209E
:10F7100035DB0008200E002021D900080C0E002047
:10F7200071D80008C80D0020840E0020486F010821
:10F73000480E0020F5D900080DE2000859DC000849
:10F74000B5D90008D1DB000822120020F0B5334AF9
:10F750008FB0079053780E0006A98B730F23127891
:10F760005B181A700322002E4DD02D4A00270492F8
:10F770002C4A0BA90592049A2B4D1478059A0F7008
:10F78000127806A8A418294AE4B212784A70284AC6
:10F79000944612684A602A882C3552BA0A812A781F
:10F7A0008A72244A069212780392624600920E22CE
:10F7B00012180398FCF769FF2B780AA98B7006AB27
:10F7C0009B7B4B701C4B1B780D330B70069B187882
:10F7D000FCF726FFC0B27070A04217D3001B307038
:10F7E0000E2106AA515607982200FEF721F800289C
:10F7F00008D1124B08221B78834204D0049B187056
:10F80000059B1870002210000FB0F0BD049B3C0057
:10F810001F70059B30701F70E2E7C046980E0020F5
:10F820000910002008100020D00E00201410002025
:10F83000101000206012002021120020AF0C0020C8
:10F8400013B504000320002C17D020781D2800D900
:10F850006AE0F0F735FC0F13181A1D1F2224262822
:10F8600032373C3A3E4144474A4D50535755595B15
:10F870005D5F62652D4B1B78237116BD2C4B1B7889
:10F8800023710020F9E72B4BF9E72B4B1B6802E0B3
:10F890002A4BFBE72A4B6360F3E72A4BFBE72A4B33
:10F8A000EDE72A4BEBE71D236A461371284B01A9AC
:10F8B0001878FCF7B5FE6060E3E7264B043406CB0E
:10F8C00006C4DEE7244B0434F9E71B23ECE71A23D4
:10F8D000EAE7224BDB7FD3E7214BDB68DBE7204BFA
:10F8E0001B69D8E71E4B5B69D5E71D4B9B69D2E7C7
:10F8F0001B4BDB69CFE71B4B5B78C1E7184BFBE782
:10F90000184BBCE7164BBAE7174BBFE7174BBDE7E1
:10F91000174BBBE7124B5B68BDE7114B1B7AAFE798
:10F920000F4B5B6B6360ACE70220A6E7231200205D
:10F9300015100020141000202C1200202812002086
:10F940004212002032120020221200202112002038
:10F9500060120020F40E0020BC0E0020D10E00200A
:10F96000D00E0020980E00201C100020181000203F
:10F9700024120020F0B50400032685B0002836D0FC
:10F98000A44B1A6801231E001A4230D105781D2DA0
:10F9900000D93DE12800F0F7A7FB1E003300370037
:10F9A00039003E00400046004E0055003B01570024
:10F9B0009800BA00AA00C900D100D500D900DD0026
:10F9C000E100E500F50011010201250127013B01DD
:10F9D00029012F01350126798F4B1E70002E03D08F
:10F9E000022E07D02E0002E08C4B5B6B9847300054
:10F9F00005B0F0BD00228A4B1A70FDF791FFF1E7C8
:10FA0000884B22791A7004E0874BFAE7874B6268CB
:10FA10001A600026EBE7864BF9E761688548002904
:10FA200005D10326E3E761680029FAD08248102255
:10FA300000F0EBFEEDE72079804B1870774B1B6EE2
:10FA40009847E6E77E4BDCE7237A02A97D4F0B70EF
:10FA50003B787D4E072230784B707C4DFCF7F8FDEB
:10FA6000002800D1D2E02B000434243306CC06C396
:10FA7000694B1B78022BCCD16A4B1B78002BC8D06A
:10FA80002821734C30782A7A695600946B68FCF709
:10FA90000AFE704B30781B78210023706B6A6E4A27
:10FAA00063603B780C262374654B1B7863740223D8
:10FAB000FF336382FCF702FE002898D0A07CE9683F
:10FAC000FDF722FF654BE27C9CE7237A02A90B70CD
:10FAD0005C4B07221B784B705B4B1878FCF7B8FD2A
:10FAE00000289ED05E4B043406CC06C391E76368C1
:10FAF0006A46029301231373534B02A91878FCF74B
:10FB0000BAFD434258410326404206406FE763680E
:10FB1000002402936B461C734B4B02A91878FCF728
:10FB2000AAFD0326A04200D073E760E723795A1E9E
:10FB30000E2A00D975E74B4AD3776AE7434B6268D0
:10FB4000DA6066E7414B62681A6162E73F4B6268C0
:10FB50005A615EE73D4B62689A615AE73B4B6268C7
:10FB6000DA6156E7237902AD2B70374B06221878FD
:10FB70002900FCF76DFD3C4B002800D151E72A78A5
:10FB80005A7046E7237902AD2B702F4B05222900CE
:10FB90001878FCF75DFD002838D02C4BEFE723796F
:10FBA00002AD2B70284B0A2229001878FCF750FD73
:10FBB000002800D135E72C4B2A7823E7237902ADC2
:10FBC0002B70214B092229001878FCF741FD0022F7
:10FBD000AA56002804D11300283BDBB20A2B15D803
:10FBE0001A4B0FE7214B12E7214B10E763681E4ABF
:10FBF0005360164A53600CE723791B4A1372134A69
:10FC0000137206E7114B62685A6302E70B26EEE6B1
:10FC10000226ECE6800E002023120020486F010827
:10FC20000C10002015100020141000202C120020B1
:10FC3000281200204212002032120020221200203E
:10FC400021120020FD0E002060120020D00E0020A6
:10FC5000DC0D00208A0E0020A80D0020810D002060
:10FC6000BC0E0020D10E0020980E00201C10002099
:10FC700018100020F0B5040085B0002802D1032040
:10FC800005B0F0BD554E01273368190039403B429D
:10FC900001D00120F4E7524D0C22280000F0CAFDEB
:10FCA0006F702078032800D996E0F0F709FA026314
:10FCB0007D8832681023110019401A42E9D1494B5E
:10FCC0001A78002A04D01970474B1878FCF7B9FC51
:10FCD0006368002BD3D0A368002BD0D0E368002B3F
:10FCE000CDD0237C002BCAD03F4E02A922223078EF
:10FCF0000B70FCF7ADFC002807D123236A4630784F
:10FD000003A91373FCF78CFC20740823374A11787D
:10FD10000B431370237862682B70354B1A60A2680E
:10FD2000344B1A60E268344B1A60227C0024334B57
:10FD30001A70334B1C706B461C70FDF70BFD0123D2
:10FD40006A4601A930789380FCF709FD2D4B22000B
:10FD50005870210023006846FFF7B0F8A04200D198
:10FD60008EE700220821284B1A70204A13788B4313
:10FD7000137085E708231D4A244C11780B43012199
:10FD80001370234B29701D7880235B425B1B227804
:10FD9000DBB29342E5D90220531823701D4B9854CF
:10FDA0001D4B197000206BE70223104A2B7011784D
:10FDB00006330B431370A088FFF734FBF2E70323ED
:10FDC0000A4A2B70117805330B431370227BA088ED
:10FDD000A168FFF755FBE5E70220C2E7800E00208F
:10FDE000840D00206806002060120020800D002095
:10FDF0005C1200205812002054120020BC0D00207C
:10FE0000BD0D0020D00E00200C1000200910002095
:10FE100008100020880F00200A1000200023F0B5F1
:10FE200089B0050002930093984203D10324200077
:10FE300009B0F0BD454B01241A6811231100194087
:10FE400001911A42F3D10023414F190014223800C6
:10FE500005AE337000F0EEFC3E4B7C701C702B78CE
:10FE6000A34218D0032B60D000270197BB4225D1B5
:10FE7000394B32781C701F231A40213313433370DF
:10FE80002B790193AB680393AB8902930E23EB5656
:10FE90002700009312E0E97B2F4A1F0011701F22F8
:10FEA000317811409F3A0A4332702A790192AA6848
:10FEB0000392AA8902920E22AA560092022406A94F
:10FEC000264B0C701B78264E8B70264B1878FCF74F
:10FED000A7FB002FABD0244B1B78002B14D1009B29
:10FEE000984200D21800330007AC20702C331B78E6
:10FEF0000522A3701B4B21001878FCF7A9FB0028F2
:10FF000000D193E723787370029B039A019905A8A7
:10FF1000FEF7D4FF041E15D12A780D4B1A70012369
:10FF2000124A11780B43137081E70B4B32781C7027
:10FF300020235B42134333706B6803932B89029336
:10FF40000A23A4E700220A4B1A7070E7800E0020F3
:10FF5000900D00203001002031010020FC0E002017
:10FF6000D00E00206012002014100020800D002010
:10FF70000C10002013B5064B01A9040008700F22D5
:10FF80001878FCF765FB002801D0024B1C7013BDEC
:10FF9000601200208B0E0020F7B50E0007000192C2
:10FFA00008AA1B4C1178099A6171190AA371E171B1
:10FFB000190C1B0E6372130AA272E3721548130C1C
:10FFC000120E23736273E673217201F0CDF801996A
:10FFD000104801F0D9F8210010220E4801F0DBF89A
:10FFE000F2B239000B4801F0D6F80B4C0949200059
:10FFF00001F033F9637822781B021343A2781204CC
:020000040801F1
:100000001A43E3781B0613430A9A1360F7BDC046F0
:10001000440100207012002089140020F0B585B042
:100020001E000AAB1B7800240293364B0B9D1B78F5
:10003000009001910392012B45D0334FF0223800FC
:10004000210000F0F7FB3A001021039800F02AFE8F
:100050002E4B029A9E715A71320ADA71320C1A7260
:100060002A0A9D72DA72360E2A0C2D0E5E721A73EF
:100070005D73019B1F09BC422AD110235B4263437D
:10008000019AD518ADB2002D20D0214E1F48631C17
:100090001D4A3100C373240100F086FE009BE4B2C8
:1000A00018190C9B1A190023C15CF45C6140D154EF
:1000B000013399B28D42F7D808E0009B0C9A1B5D82
:1000C00013550134E4B2019B9C42F6D305B0F0BD58
:1000D0000F4E0E48631C31000B4AC37300F064FEE0
:1000E00000230C9A2501EDB25119009A5519EA5CCA
:1000F000F05C4240CA540133102BF8D10134A4B251
:10010000B9E7C046B40C0020881300203401002059
:100110007914002030B585B00A9D08AC247802958A
:10012000099D00940195FFF779FF05B030BD0000EF
:10013000F7B50D0007001E000E48019201F014F8FB
:1001400001990C4801F020F8EAB23900094801F0A1
:1001500022F8094C0749200001F07FF863782278E3
:100160001B021343A27812041A43E3781B061343BD
:100170003360F7BD7012002089140020F7B51D0010
:1001800004000F000C4800210192F02200F052FB05
:100190001021094A019800F085FD29002000064A37
:1001A00000F002FE0F2F06D929002000024A10316C
:1001B000103000F0F9FDF7BD88130020F0B587B0CE
:1001C00000936B460700DA800E00F02200212048E1
:1001D0009D1D00F02FFB102138001D4A00F062FD2C
:1001E00002A81022002100F025FB6A4601231372A9
:1001F00008336B4431001800062200F006FB0F2381
:100200006B4418002900022200F0FFFA0099104AFE
:1002100002A800F0C9FD02A81022002100F00AFB8C
:1002200002276B461F7209236B4431001800062217
:1002300000F0EBFA0F236B4418003A00290000F09D
:10024000E4FA034A0C9902A800F0AEFD07B0F0BD35
:100250008813002030B587B0274800F02BFB00281A
:10026000FAD1264B264D1A78824222D018700323E9
:10027000EB7002332B712B00F9331B786B712B0061
:10028000FA331B78AB7101236B70E87801A9FFF793
:100290005DFA02AC00281AD000232370A360A3816A
:1002A000A373184800F0CEF92000FFF7B7FD07B0A0
:1002B00030BD6B78012B02D0042BE6D1E3E702239B
:1002C000EB702B00F6331B885BBAAB80DDE70E4B7F
:1002D000E0201B78E9780D4A002B04D123702071AF
:1002E000A181A260DCE70123237080231B01207120
:1002F000A181A260E381D4E7E46D01089415002098
:100300009C140020981500209A140020A0140020AE
:10031000014B18787047C0469C140020024A13888D
:10032000013313807047C046921500200121054B10
:10033000054A11701A00017AF9321170427AFA33C3
:100340001A7070479C14002094150020F0B56D4C75
:10035000050026780F008BB0002E4FD1037B042BB5
:100360003DD183681A78012A39D15A78012A36D1C9
:100370009A78012A33D1DB78019393422FD1624BD3
:1003800005AF1E702300F6331E802300F8331E8055
:100390002300FA331E7002239218FF333A7038009C
:1003A000E2702380FFF74CFA3A79584B38001A7004
:1003B00002233B70019B3B71FFF7DCFA3000FFF733
:1003C000D9FD534800F0AAF95249534800F032F9D8
:1003D0005148524900F0CEF94F4800F033F92378E4
:1003E000002B09D14C4800F099F9AB681B78002B21
:1003F00002D1474800F026F90BB0F0BD83681878A9
:1004000060700728EBD8EFF75BFE0415181D233149
:10041000385422000023F63205A8138023700233DB
:1004200003703A4B1B780371FFF7A4FA0120FFF722
:10043000A1FDD4E70223E370D1E70122324B6270C1
:100440001A70CCE70022304B1A7001236370C6E7A4
:100450000422287B22710022314EE0700132D1B299
:100460008842BCD9995C0131B154F7E7012302AA53
:10047000137305A8FFF7FEFBB1E7274800F04EF91C
:10048000FA204000F8F7A6FE23000026F6331E806F
:10049000022302A803701D4B26701B780371FFF71F
:1004A00069FA02AB1E7306AB07CF07C33A681A603E
:1004B000DFE72A7B032A0CD1013A02A90A735A7892
:1004C0009B7805A81B0213435BBA0B82FFF7D2FB94
:1004D000BBE7072AB9D105A8043A02709A7859787F
:1004E00012020A4352BA8280DA7819791204090298
:1004F0000A4359790A4364214A4382609B79037312
:10050000E4E7C0469C1400209A14002099140020AF
:1005100040060020550201089815002070170000C1
:10052000A014002010B5F7F7A5FA10BD10B5EFF331
:10053000108472B6002908D0012903D1054A136836
:100540000343136084F3108810BD024A1368834389
:10055000F7E7C046AC15002010B5EFF3108472B673
:10056000002908D0012903D1054A13680343136009
:1005700084F3108810BD024A13688343F7E7C0462E
:10058000B0150020EFF3108372B60020054A126800
:10059000824204D1044A106842425041013083F340
:1005A00010887047B0150020AC15002070477047C8
:1005B000704700000B4B10B51B68002B04D0F9F7F7
:1005C00049F8FFF7F3FF10BD074B1B68002B04D061
:1005D000F8F7F6FFF9F710F8F5E7FFF7E8FFFFF790
:1005E000E7FFF0E7B0150020AC15002070B504005F
:1005F000F7F742F90123237205002668F7F750F94F
:100600002818864203D2F7F74BF92D182560206889
:10061000F7F76CF970BD0000054A10B51368002BA0
:1006200001D00021197203611060FFF7DFFF10BDD8
:10063000B41500200023036043600372C1600361AE
:100640007047000070B50400EFF3108572B6002803
:100650000ED0154E32681300002B0CD16168237246
:100660002160002A0BD1F7F719FA2000FFF7D4FF19
:1006700085F3108870BD9C42FAD01B69ECE7F7F750
:100680000FF923683268C018206013689842ECD3D1
:100690001369002B02D114612361E9E719688842CC
:1006A000F9D91A001B69F4E7B4150020F8B5F7F77B
:1006B0003FFA0500F7F7F2F9174C2268002A1AD022
:1006C0001300471B1B69002B05D113692360D368F6
:1006D000002B0FD1FEE719680026B94201D949194C
:1006E0000E1A1E60EEE723681A69DB682260002B91
:1006F00000D1FEE798472368002B04D01D68F7F768
:10070000CFF88542EFD32068002804D0037A002B6D
:1007100001D1FFF76BFFF8BDB415002070B5EFF302
:10072000108672B6124D2B68002B01D0002802D122
:1007300086F3108870BD1A00834213D11A7A1C699F
:10074000002A0AD0002C06D0002220001A722C6049
:10075000FFF74CFFECE7F7F7B7F82C60E8E70A0083
:10076000002BE5D019001B698842F8D11361DFE73F
:10077000B415002070B505000800F7F77FF80400F5
:100780002800FFF7CBFFF7F777F8844200D2040088
:100790002C606C6070BD10B5F7F78EF8F7F776F83F
:1007A00010BD70B50500F7F787F804002800F7F7CB
:1007B00065F8201AF7F76AF870BD0000064B074885
:1007C0001A6810B55043064A064980181860EFF7BA
:1007D000D1FC080010BDC046540100206D4EC6413A
:1007E00039300000FFFFFF7F014B18607047C046A3
:1007F0005401002070B505000C00FFF7DFFF611BFE
:100800000131EFF70BFD481970BD002310B593427D
:1008100000D110BDCC5CC4540133F8E7531EC0189E
:10082000002330B59A4200D130BDCD5C5C42055505
:100830000133F7E7002A00D17047013A017092B204
:100840000130F7E773B5EFF3108572B66B469E1D66
:1008500031000C4800F080F931000A4800F0DCF962
:10086000002805D085F310883188F8F7D1FF73BDD3
:1008700001002020FFF770FE0122034B1A7085F360
:100880001088F4E7B81600205801002007B5064884
:10089000F8F7A0FF022380220093044900230448B4
:1008A000520000F04BF807BD45080108B8150020BC
:1008B000B81600200FB48021F0B5C5B04AAB04CB08
:1008C000490004A8039303F035FB02AB9D1C28806C
:1008D000EFF3108672B601232A88164804A900F0A7
:1008E00040F800281DD0144F3B780193012B1DD1F7
:1008F0002900104800F090F90023040001992020FD
:100900003B70FFF729FE86F31088200063425C41AC
:100910002988F8F77DFF604245B0F0BC08BC04B000
:10092000184786F3108801204042F5E786F31088C7
:100930000020F1E7B81600205801002010B5016032
:10094000002102AC2478C160016141618161426093
:10095000038104770800A40702D55A1E9341584228
:1009600010BDF0B587B005930391078945697B42B7
:100970007B415B00029304000369002D11D00197B5
:10098000002F11D106686768591CF05CB94200D38A
:10099000C91B715C02300902081881B2019117006D
:1009A00002E00195AF42FAD0E26800209A4203D8F3
:1009B0006068C01A019BC01A029B059EF9184E433D
:1009C000864205D3EFF7D6FB029BC9B28B420AD30E
:1009D0000023002F04D0AD19ED1863689D420BD998
:1009E000002007B0F0BD227FD307DB171940029B20
:1009F0009207EED40B00ECE70026049604990598C4
:100A000023696268814207D102992068CB1893421A
:100A100000D39B1AC018E4E70199CB18934200D386
:100A20009B1A21892361002911D121685A1CCF54B6
:100A30006368934200D8D21A2168380A8854531C3C
:100A400062689A4200D89B1A616902316161D21AC8
:100A50001500BA4200D93D00BA4202D2227F002AD4
:100A600025D120682A00C018039903F0B5FA6369FC
:100A70002E005B196361029B7D1BDB199BB2019306
:100A80000023002D09D020682A00C018039BF1180C
:100A900003F0A2FA63695B196361A3690133A3617F
:100AA000049B01330493039BDB190393A6E7002DFA
:100AB000F3D001210A4222D02289002A08D12268DB
:100AC000FE31D218023A11702268D318013B197016
:100AD000636926895B196361002E38D13D00236864
:100AE0003A0A1F7023685A706369023363610223F4
:100AF000029A521992B2019200222261C1E70221A8
:100B00000A42F5D02289002A00D069E72268290A22
:100B1000D218023A157022682E00D218013A1170CC
:100B200020682A000399C01803F056FAA269636985
:100B300001325B19A261226863617B1B137022681A
:100B4000190A517062691D0002326261CFE7002606
:100B50003D003300CCE70000F7B5020000910389A7
:100B6000002055690880281E31D05842434116891B
:100B70005B001068D76854680193002E08D17B1C75
:100B8000C65DA34200D31B1BC35C1B02F618B6B2A2
:100B9000009B1E80137F9C46032361460B40012B64
:100BA00016D03300019ED16871180E00A14200D307
:100BB0000E1B8019019E9E19AD1B556104D05B1858
:100BC000A34200D31B1BD3609369013B9361FEBD1D
:100BD000104B9E4202D11389002B08D01369BB42EF
:100BE000DFD21389002BDCD0E11B9942D9D2002639
:100BF000ED192D1B5561D660B34208D1013603783B
:100C0000B44200D86640865D36029B199BB20099BB
:100C10000B80C7E7FFFF0000F7B5002203890A80B9
:100C200042690400101E39D05A4253415B000193BF
:100C30002389E66820686568002B08D1771C835DEE
:100C4000AF4200D37F1BC75D3F02DB199BB203227B
:100C50000B80277F1740012F1AD1114A93420ED1E2
:100C60002389002B0BD13C0003786C40BD4200D996
:100C70003C00045D24021B1900260B8008E0236958
:100C8000B34205D22389002B02D0AC1B9C42F3D384
:100C9000019B9A19AA4200D3521B8018FEBDC04680
:100CA000FFFF00000B00F0B5103BDBB20F0089B076
:100CB000102B04D83A49D9400023C90705D4002392
:100CC000FF20F032137009B0F0BDC15CD154013384
:100CD000BB42FAD111001C339B00DBB207931B0906
:100CE000013BF0310B700123140004932D4B151FB1
:100CF000ED19059706936B7839000193AB78059849
:100D00000293EB782E780393EFF734FAC9B20029F7
:100D100035D1069B019A02999A5C049B5A40069B26
:100D20005B5C03990193069B5B5C1B210293069B12
:100D30009B5DD6B20393049BDB095B420B40049995
:100D400049004B40DBB204932378019A5E402E7138
:100D5000637804355A406A70A378029A5A40AA70A0
:100D6000E378039A04345A40059BEA700433DBB2FB
:100D70000593059A079B9342BDD80020A3E7182F3F
:100D8000E2D91029E0D1074B019A9E5D9A5C01924D
:100D9000029A9A5C0292039A9B5C0393D4E7C04642
:100DA00001010100F07701088C461100F0B5F03127
:100DB0000978ADB003000B91FF20002900D1FAE0C3
:100DC000197810784140C9B2507801915978414062
:100DD000C9B29078239199784140C9B2D0782191D5
:100DE000D9784140C9B21079249119794140C9B2EA
:100DF0005079029159794140C9B29079039199791A
:100E00004140C9B2D0792591D9794140C9B2107A0F
:100E10002691197A4140C9B2507A0491597A4140D9
:100E2000C9B2907A0591997A4140C9B20691D97AAE
:100E3000D07ACA4C4140CFB2107B197B4140C9B235
:100E4000507B0791597B4140C9B2907B0891997BB7
:100E5000DB7B4140C9B20991D17BC1484B40DBB239
:100E60000A9313000B99090151182A91BD491D7C61
:100E700010332295019D2995069D4D5D18950A9D7B
:100E80004D5D1795019D4E5D039D4D5D1695029D2F
:100E90002895099D4D5D1595249D14954D5D1395DF
:100EA000029D4D5D1295059D4D5D1195049D279503
:100EB000219D1C9710954D5D0F95269D0E954D5DBE
:100EC0000D95049D4D5D0C95089D4D5D2095079DEC
:100ED0002B95239D1F95259D1E954D5D1D95CD5DE3
:100EE0001B95079D4D5D1A951F9D4D5D19952A9D7A
:100EF000AB4262D10B9B1032013BDBB21B019B1852
:100F0000229A16995640624616705A78179D51409B
:100F10000A0061464A709A781899002051400A00E8
:100F200061468A70DA785540CD701A79129951402D
:100F30000A0061460A715A79119951400A006146C6
:100F40004A719A79159951400A0061468A71DA7995
:100F5000139951400A006146CA711A7A0C9951409E
:100F60000A0061460A725A7A209951400A00614685
:100F70004A729A7A0F9951400A0061468A72DA7A67
:100F80000D9951400A006146CA721A7B1A99514064
:100F90000A0061460A735A7B199951400A0061465A
:100FA0004A739A7B1D9951400A0061468A73DB7B24
:100FB0001B9A5A40CA732DB0F0BD179D189F6F4001
:100FC000019D2197475D219D6F40039D655D6F40A9
:100FD000229D7D40EDB2039F0195179DC75D754031
:100FE0006F40069D655D7D405F787D40EDB2239545
:100FF000169D6E40069D455D75400A9EA65D6E403D
:101000009D786E40F5B22195189E169D6E40299DE3
:10101000655D75400A9E865D7540DE787540EDB26F
:101020002495139D159E7540029E865D6E40059D1C
:10103000655D75401E797540EDB2129E0295139D57
:101040007540059E865D6E40099D655D75405E79C3
:101050007540EDB2119E0395129D7540099E865D07
:101060006E40149D655D75409E797540EDB2159E8C
:101070002595119D6E40289D655D7540149E865D89
:101080007540DE797540EDB226950D9D0F9E754039
:10109000049E865D6E40089D655D75401E7A7540B4
:1010A000EDB20C9E04950D9D7540089E865D6E40C8
:1010B000109D655D75405E7A7540EDB2209E059588
:1010C0000C9D7540109E865D6E400E9D655D754061
:1010D0009E7A7540EDB20F9E0695209D6E40279D2D
:1010E000655D75400E9E865D7540DE7A7540EFB297
:1010F0001B9D1D9E7540079E865D6E401F9D655D14
:1011000075401E7B7540EDB21A9E07951B9D75407C
:101110001F9E865D6E401E9D655D75405E7B7540C1
:10112000EDB2199E08951A9D75401E9E865D6E4013
:101130001C9D655D75409E7B7540EDB2199E0995BD
:101140001D9D75402B9EA65D6E401C9D455D7540A6
:10115000DE7B7540EDB20A9589E6C046F075010860
:10116000F0760108F077010810B504001022002184
:10117000F130FFF75FFB23000021FC33F022200059
:101180009961FFF757FB10BD10B502000800102150
:10119000FFF788FD10BDF0B50700FC370400B86903
:1011A00089B00291019200282AD01026361A350003
:1011B000964200D915000230FF300299AAB22018D9
:1011C000FFF723FBBB69EB18BB610F2B43D9019BD6
:1011D0009E4240D22300F1331800A11CFF311A783F
:1011E0001E7C72401A7001338B42F8D1220001003C
:1011F000FFF7DAFD029B5B190293019B5B1B0193D6
:10120000A31CFF33019E039319E027000025F1374B
:101210007B5D4A5D53407B550135102DF8D12A0086
:10122000390004A8FFF7F1FA04A922000800FFF72B
:10123000BBFD2A00380004A9FFF7E7FA103E029B25
:10124000019A9918891B102EDFD80398B2B2FC348A
:10125000FFF7DBFAA66109B0F0BDF0B50D008BB069
:1012600002AC1022002101902000FFF7E3FA2A00CF
:1012700021002000FFF798FD2278230000217F2A1B
:101280003AD918785A784000D209024301311A70CD
:1012900001330F29F5D17923E27B5B4252005340A1
:1012A0002900FC31E3738B69102B32D10023A91C78
:1012B000FF31CA5CE05C4240CA540133102BF8D1C4
:1012C0002B00F1331900A81CFF301A781F7C7A40DC
:1012D0001A7001339842F8D106A81022FFF795FA48
:1012E0002A00019906A8FFF75FFD102200212000C7
:1012F000FFF7A0FA0BB0F0BD18785A784000D20979
:10130000024301311A7001330F29F5D1E37B5B00F1
:10131000C6E72078220000277F2829D91678507840
:10132000B4466646C009760030430137107001327A
:101330000F2FF3D17922E07B5242400042408020BF
:101340000027E273EA18FF329070A81C5A1CFF3085
:101350000F2A1CD90133102B00D210238B610023DC
:10136000C25CE15C4A40C2540133102BF8D1A7E7BC
:1013700016785078B4466646C00976003043013787
:10138000107001320F2FF3D1E27B5200D7E7875460
:101390000132DDE74278037812021A438378C0787D
:1013A0001B041343000618437047002210B51100B8
:1013B000082000F07FFA431E9841400010BD07B599
:1013C00040236A46D3716B4601220820D91D00F0E4
:1013D00071FA002800D003200EBDF0B585B00500DD
:1013E00000F0B4FA012706000E2400236C444122C9
:1013F00023700F216B460820DA736944230000979D
:10140000403A00F077FA00280FD12378012B0DD055
:1014100000F09CFA831BAB420AD27319181A3228C7
:1014200000D9322000F08EFADEE7042005B0F0BDCE
:101430000520FBE7F0B5040089B00620002C68D039
:10144000002603964C4B039A9D5C0223012D03D08A
:10145000DB18302D00D104330F2102AA891806AF02
:101460000D700122009308203B0000F043FA002891
:101470000BD10136212D00D16CE053D8122D64D050
:1014800049D8012D59D0112D5AD0039B0133039314
:10149000082BD7D1394B0C21625E9A4203D1042329
:1014A000A27A1343A3722300220028333032197822
:1014B000FF2906D101339342F9D10823A27A1343BD
:1014C000A37222692E4B9A4202D0E2699A4203D15A
:1014D0001022A17A0A43A27262699A4202D0226A59
:1014E0009A4203D12022A17A0A43A272A2699A42A7
:1014F00002D0626A9A4203D14023A27A1343A372B4
:101500000620002E05D0083E731E9E410130764213
:10151000304009B0F0BD132DB7D13800FFF73AFFC6
:10152000A061B2E7232D1AD0302D1DD0222DACD1D1
:101530003800FFF72FFF2062A7E73B88A381A4E7CD
:101540003800FFF727FF20619FE73800FFF722FFF1
:1015500060619AE73800FFF71DFFE06195E738000A
:10156000FFF718FF606290E720000822390028305A
:1015700002F032FD89E7C046F078010864CEFFFF33
:101580008096980070B504000D00FFF718FF030067
:101590000320002B07D12800FFF71FFF002802D1EE
:1015A0002000FFF747FF70BD0B0E03700B0C43705C
:1015B0000B0A8370C170704770B5040015000028D5
:1015C00001D1002070BD002AFBD02B29F9D9138846
:1015D00064211A0A027043706B881A0A8270C37001
:1015E000AB881A0A02714371AB7983712889EEF7CF
:1015F00085FD01237F22E07120002372AB7A0C303D
:10160000134063720C22AB5E1A0AE372A27229695C
:10161000FFF7CAFF200069691030FFF7C5FF2000FF
:10162000A9691430FFF7C0FF2000E9691830FFF7FF
:10163000BBFF2000296A1C30FFF7B6FF2000696A53
:101640002030FFF7B1FF002328352434EA5CE25450
:101650000133082BFAD12C20B4E70000014B188885
:101660007047C0467406002010B50800F7F7B2FDB9
:1016700010BD10B5F3F712FB10BD10B50800110036
:10168000FFF780FF10BD10B5FFF78FFE10BD000003
:1016900010B50248F4F768FF10BDC046D816002008
:1016A00010B544220021074802F050FC0648074BC1
:1016B0000360074B43600123C360F4F7FFFE43421E
:1016C000584110BDE0160020D816002000580040F8
:1016D0002E11B100802110B5002202484901F3F714
:1016E00075FC10BD000400507FB50221124B03A809
:1016F000DA6A0A43DA62DB6A0B400093009B0F4B05
:101700000F491A680A401A609A680A409A60DA68B3
:101710000A40DA608022D2015A6100210C2202F0D4
:1017200015FCC023DB0101930323064801A90293A2
:10173000F3F70EFB07B000BD0010024000040140AB
:10174000FFBFFFFF00040050022110B580240E4BA4
:1017500086B0DA6A64010A43DA62DB6A01220B406E
:10176000009321000948009BF3F730FC0C22002174
:1017700003A802F0EBFB1123044801A90194029392
:10178000F3F7E6FA06B010BD001002400004005066
:10179000F7B504000E000192002802D04368002B28
:1017A00002D101252800FEBD8368002BF9D0C36853
:1017B000002BF6D00369002BF3D04369002BF0D047
:1017C0008369002BEDD0C369002BEAD0036A002B9C
:1017D000E7D0436A002BE4D0836A002BE1D00029D4
:1017E000DFD0002730220021300002F0AFFB636819
:1017F00020689847A36820689847E368206898475E
:101800006421A36920689847236920689847031ECC
:1018100020680DD1A3689847636820689847012520
:10182000002F29D1C821A369206898470137D9E73B
:10183000E36998470500236A20689847002831D05B
:10184000E36920689847431B632B09D8290064315A
:10185000091A0A2900D90A21A36920689847EAE7EA
:101860000225636920689847A368206898476368E1
:1018700020689847002DD3D16B1EDBB2012B03D912
:10188000AB1FDBB2012B08D80123B27A1343B3722A
:10189000A36A20689847308184E7002DF8D002239E
:1018A000B27AF3E73100636A019A2068984705002D
:1018B000D7E7000037B50D004100002A10D10A23F8
:1018C0000B480132F5F77AF8002808D0032806D033
:1018D0000748F5F70BF90438431E984101303EBD27
:1018E00093B20A22024800922A00F4F757FEEBE76F
:1018F000D81600207FB5012A02D0022004B070BDA6
:10190000089C651E0D4CA542F7D80E7841000A20B0
:1019100002900898009384B21300094832000194A1
:10192000F4F78AFF0028E9D00328E7D00448F5F748
:10193000DDF80438431E98410130DFE7FEFF000068
:10194000D816002010B5F7F745FC10BD10B5F3F719
:10195000A5F910BD10B50A0001000248FFF718FFF5
:1019600010BDC046F878010810B50020FFF7ECFE66
:101970000020FFF7B9FE10BDF7B5019393B21F0029
:1019800084B2050C160C6B436743754366433C0CED
:10199000F618A419A34202D980235B02ED18019B1B
:1019A00051434343260C75192404BFB259184919F1
:1019B000E01903B0F0BD9E2110B5C905041CEEF777
:1019C000A7FC00280AD09E21201CC90500F020FB9E
:1019D00000F09CFC80231B06C01810BD201C00F0EA
:1019E00095FCFAE770B500220B4B04000D00EEF7F2
:1019F00055FC00280BD0084B00222000290001F0E4
:101A0000ABFD02F07BF880231B06C01870BD2000E0
:101A1000290002F073F8F9E70000E041F0B5060094
:101A20000F0015001C0085B08B4264D801D18242A2
:101A300061D821002800EEF7CBFC3900009030007F
:101A4000EEF7C6FC009B21001B1A1A002800039326
:101A5000EEF794FC00900191019BBB4245D802D166
:101A6000009BB34241D8009B019C01200021039AB6
:101A7000F61AA741EEF782FC04000D00039B002B31
:101A80002BD0019B009ADB0750081818019B5908BE
:101A9000039B9C46B9422BD801D1B04228D83200D2
:101AA0003B00121A8B41012692185B410027B618A1
:101AB0005F4101235B429C446346002BEAD1300026
:101AC0003900039AEEF74EFC039AA4197D410600F3
:101AD0000F00EEF753FC241A8D410A9B002B00D017
:101AE000C0C32000290005B0F0BD00240025C5E7D3
:101AF000B6197F41DDE700240025EEE7F0B5470287
:101B000085B0460002917F0A360EC40F002E0AD01F
:101B1000FF2E69D080220023FF00D2047F3E1743AE
:101B2000019600930EE0012301970093B74209D07C
:101B30003800EEF72FFC431F9F4076235B421B1AB1
:101B400001930096029B5D025E00DB0F6D0A360E6C
:101B5000039350D0FF2E5BD08022ED00D2041543BA
:101B600032007F3A0021019B039E9B1A0193009B48
:101B7000664098000296084307284FDC012831D0C0
:101B8000831E052B66D97B016C01A34200D273E052
:101B90001A2001211B1B01251F0049005B00002F9B
:101BA00001DB9C4201D81B1B294301380028F3D1DB
:101BB000581E83410B431F00019C7F34002C00DC26
:101BC00071E07B0704D00F233B40042B00D0043787
:101BD0003B0104D5019A484B803214001F40FB089A
:101BE000FE2C2EDD002357E0032301960093002FE7
:101BF000A8D1013B95E72A000121B542B3D02800C6
:101C0000EEF7C8FB7622431F52429D40121AA9E705
:101C100032000321002DA6D10139A4E70A38052896
:101C2000E0D8EEF74DFA253B0303032F0294009B07
:101C3000022BD7D0032B57D00023009A1C00012A77
:101C4000BAD15B02E0055B0A1843029BDE07304312
:101C500005B0F0BD0123834054261A0000231C0068
:101C60003242EED188331A4218D1052800D08AE7D3
:101C700080270024FF030BE0019A1B20013A00217A
:101C8000019288E78023DB031F4201D01D4228D048
:101C90008023DB033B430294FF24D2E7039B2F0006
:101CA00002930091C3E723001A331FDB019A01233B
:101CB0009E32390097401B1BD9403A000B00511E41
:101CC0008A4113435A0704D00F221A40042A00D035
:101CD000043380221C00D2041440134209D1DB08D3
:101CE000AFE72F00039CD3E7029CD1E700231C0041
:101CF000A7E700230124A4E7FFFFFFF730B5420266
:101D000044004D02C30F4800520A240E6D0A000E13
:101D1000C90FFF2C03D1002A10D0012030BDFF28AD
:101D2000FBD08442F9D19542F7D100208B42F5D007
:101D30008442F2D1531E9A411000EFE7FF28ECD104
:101D4000F1E770B54A0244024500640A2D0EC30F44
:101D5000520ACE0FFF2D12D04900090EFF2901D1E2
:101D6000002A0ED12000284300290DD000280FD0D2
:101D7000B34212D18D4210DC13DA580009E0002C76
:101D8000EAD00220404270BD884204D18242FAD09B
:101D900070000138F7E7002AEAD101205B421843BE
:101DA000F1E79442F9D800209442ECD2E5E770B50F
:101DB0004A0244024500640A2D0EC30F520ACE0F98
:101DC000FF2D12D04900090EFF2901D1002A0ED1A2
:101DD0002000284300290CD000280ED0B34211D196
:101DE0008D420FDC12DA580008E0002CEAD0022005
:101DF00070BD884204D18242FAD070000138F7E702
:101E0000002AEBD101205B421843F1E79442F9D854
:101E100000209442ECD2E6E7F0B5C30F85B047024C
:101E2000440003917F0A240E01932ED0FF2C3AD058
:101E30008022FF00D2047F3C174302940025039BBD
:101E40005C025B001E0E039B640ADB0F0393002EF3
:101E50002FD0FF2E39D080233000E400DB041C4358
:101E60007F380023029A8218A80094461843013252
:101E70000B2843DC0199039E7140019102282ADC62
:101E8000013801284FD81D003BE001250297A742E9
:101E9000D5D03800EEF77EFA7626431F76429F4073
:101EA000331A0293CAE703250294002FC7D1013DDC
:101EB000C5E720000123B442D4D0EEF76BFA431FEC
:101EC0009C4076235B42181ACBE730000323002C9A
:101ED000C8D1013BC6E701218140A620C0000142D4
:101EE0000ED10D0048480540014261D190239B006E
:101EF000194218D080270195FF0354E00F284CD0D9
:101F00003C00022D47D0032D00D174E000231800BF
:101F1000012D2CD15B025B0AC0051843019BDB0736
:101F2000184305B0F0BD200CA4B225003B0CB9B29B
:101F30004D435C434143434309191F002B0C5B187D
:101F40009C4202D9802149027F181904ADB24D1973
:101F5000AC01611E8C411B0CAD0EDB192C439B01A7
:101F60001C431B0127D5012361081C400C431000B2
:101F70007F30002821DD630704D00F232340042B8A
:101F800000D00434230103D5803210001F4B1C40C5
:101F9000E308FE28BEDD002308E08023DB031F42A8
:101FA00001D01C4225D08023DB033B43FF20B1E757
:101FB0000399019167E76246D9E703001A331CDBF6
:101FC000012321001B1A9E32D94094400B00621E4F
:101FD000944123435A0704D00F221A40042A00D008
:101FE000043380221800D2041040134208D1DB08C9
:101FF00090E7039B01932700D5E70023180089E7AA
:102000000023012086E7C04688080000FFFFFFF795
:10201000F7B547027B0A9C464B0245005B0A4C0021
:10202000C60F2D0EBF090193240EC80FDA00FF2C36
:1020300020D1002A1ED000900099281BB14200D068
:1020400098E0002831DD002C1CD1A24218D0411E9E
:10205000012813D10500BB185A0100D42DE1681CDA
:10206000FE2D00D1E6E0A54A590811400122134097
:102070000B437DE0012141400091DDE7FF2807D1BE
:1020800005001BE0FF2D19D080230100DB041A435B
:1020900001231B2907DC13002020CB40411A8A4072
:1020A000511E8A411343DB19D6E700282AD0631B4F
:1020B000002D1FD1AF4207D117001D00FB08FF2DD7
:1020C00030D1002B4AD12DE0591E012B02D1012520
:1020D000BB18C1E7FF2BEFD001231B2907DC3B0016
:1020E0002020CB40411A8F40791E8F413B43250071
:1020F0009B18B1E7FF2C00D1F5E08021C9040F4304
:102100001900E9E7FE21681C08422CD1002D18D1E6
:10211000AF4200D1E5E0AA4200D1D6E0BA18D30818
:10212000520101D4280002E00120754A1340FF2229
:10213000D205C0055B0210405B0AF6071843304326
:10214000FEBD002F00D1CEE0002A00D1CCE06D4AC8
:10215000944502D90199914200D963468022D20365
:10216000FF201343E3E70023FF28E0D0BB185B0800
:102170000500A2E0002827DD002C1DD1A24200D1DD
:102180007EE7411E012807D10500BB1A5A0100D481
:1021900093E09B019C0975E0FF2800D170E70123C3
:1021A0001B2907DC13002020CB40411A8A40511E16
:1021B0008A411343FB1AE9E7FF2D00D17EE7802314
:1021C000DB0401001A43EAE7002826D0631B002D38
:1021D0001CD1AF4202D11700009E6EE7581E012BA2
:1021E00003D10125009ED31BD0E7FF2BF3D00123A1
:1021F0001B2807DC3B002025C340281A8740781E97
:1022000087413B432500009ED31ABFE7FF2C6DD0CA
:102210008020C00407431800E9E7FE216C1C0C4233
:102220002BD1854219D1874206D1009E824200D02F
:102230007DE72E0000237AE7002A46D0BB1A5C0116
:1022400006D5009ED31B0020834200D16FE78FE7A5
:102250001F1E00D032E71E0069E7002F03D1BA42EB
:1022600047D0009E7AE7002A3ED0264A944500D8FF
:1022700073E701999142F4D96FE7BC1A630114D551
:10228000009ED41B2000EEF785F82300053883401C
:1022900085420FDC2022401B0130121A19009340A6
:1022A000C1405A1E93410B43CDE7002CEAD10600F2
:1022B00003003CE7144A2D1A13405A0704D00F229A
:1022C0001F1D1A40042A00D11F007B0100D4F5E62F
:1022D0000023681CFE2D00D129E7094AFB081340A2
:1022E00025E71300AFE71700FF25E7E61700009E7C
:1022F000FAE780231600DB0330E7C046FFFFFF7DCF
:10230000FFFF7F1FFFFF3F00FFFFFFFB4102430076
:10231000C20F490A00201B0E7E2B03DD9D2B02DD20
:10232000084BD0187047802000040843952B05DD2A
:10233000963B9840002AF5D04042F3E79621CB1A0D
:10234000D840F7E7FFFFFF7F70B503000400051ECC
:102350000ED0C21785185540C40F2800EEF71AF8A2
:102360009E231B1A07280ADD08282AD00838854032
:102370006A02D805520A1043E407204370BD12498F
:10238000042819DC02002E001B329640721E964172
:102390000522121AD54035432A000A406E0709D09B
:1023A0000F263540042D05D00432550102D59F2358
:1023B0000A401B1AD508DBE70528EDD0421F9540DF
:1023C000EAE79623D4E7C046FFFFFFFB002370B582
:1023D0000400984209D0EDF7DDFF9E231B1A072861
:1023E00008DD082829D0083884406402D805640A2A
:1023F000204370BD124904281ADC020025001B325C
:1024000095402A00551EAA4105252D1AEC4014437B
:1024100022000A40650709D00F252C40042C05D066
:102420000432540102D59F230A401B1AD408DCE76A
:102430000528EDD0421F9440EAE79623D5E7C04631
:10244000FFFFFFFBF0B585B002920393CB0F0D03A6
:102450000193039B4C006D0A410F5E0029431D034D
:10246000DB0F9C46029B029A019F6D0A640D760D5C
:102470005B0F2B43C000D200A51B674500D023E1B2
:10248000002D5FDD002E13D11E0016430DD06E1EF1
:10249000012D07D1821882428041CB181B1A1000EF
:1024A0002C0027E0BA4FBD420AD10B00020051E0D8
:1024B000B74EB44200D141E18026360433432E00AA
:1024C000382E3ADC1F2E27DC20251F00AD1BAF4025
:1024D00002953D001700F7402F43029DF340AA40AC
:1024E00015006A1E95413D432D18854280415B18B9
:1024F0001B1A28001A0200D4D4E0A54A01349442E1
:1025000000D159E20122A349024019404308134374
:10251000C80718434B08C5E035001F00203DEF40B9
:102520000025202E03D04035AD1BAB401D001543C8
:102530006B1E9D413D430023D6E713431D006B1ED8
:102540009D41F8E7002D4DD0351B002C2BD10C0000
:10255000044301D12C005FE06C1E012D05D18018D1
:1025600090429241CB189B1A9AE7894FBD42F1D015
:10257000382C32DC1F2C1FDC20250F002D1BAF4018
:1025800002953D000700E7402F43029DE140A8402F
:102590000500681E85413D43A81890429241CB1822
:1025A00034009B1AA6E77A4F3400BE4234D0802410
:1025B000240421432C00DBE725000F00203DEF40E1
:1025C0000025202C03D040352D1BA9400D000543CC
:1025D000691E8D413D430021DEE701430D00691E68
:1025E0008D41F8E76C4F661C3E424DD10D0005430E
:1025F000002C2CD1A54200D1D4E11C00144300D101
:10260000D2E1121882428041CB181B1A190200D461
:10261000C8E101245F490B405907D2080A435C49CD
:10262000DB088C4206D11100194300D1CDE1802195
:1026300009030B431000594A24051B0314401B0BCC
:102640001C43019BDB071C43210005B0F0BD504C2F
:10265000002DE1D01C00144300D12EE14C07C0082E
:1026600020438024C9082403214202D0DD082542EA
:1026700006D00D00ED00430F2B43C200444CCBE7C6
:10268000D0085B071843F5E7414CA64200D192E120
:102690008218824280413400CB181B1AD807520896
:1026A00010435B08420704D00F220240042A00D0E6
:1026B0007CE102001902AFD5354901348C4200D1CA
:1026C0007AE134490B40A7E7002D55DD002E32D1C9
:1026D0001E00164300D1E8E66E1E012D07D1821AB6
:1026E00090428041CB1A1B1810002C001DE0284F8F
:1026F000BD4200D1D9E6382E39DC1F2E26DC20253C
:102700001F00AD1BAF4002953D001700F7402F435F
:10271000029DF340AA4015006A1E95413D43451BAA
:10272000A8428041CB1A1B1828001A02BAD55B02B6
:1027300006005D0AECE0164EB44202D10B00020026
:102740006AE78026360433432E00D4E735001F00A5
:10275000203DEF400025202E03D04035AD1BAB407F
:102760001D0015436B1E9D413D430023D7E71343D6
:102770001D006B1E9D41F8E7002D5DD0351B002C20
:1027800039D10C0004430BD161460191E2E6C04609
:10279000FF070000FFFF7FFFFE0700000000F07F43
:1027A0006C1E012D07D1101A824292415B1A9B18B0
:1027B0006246019299E7864FBD42E5D0382C36DC5F
:1027C0001F2C23DC20250F002D1BAF4001953D0061
:1027D0000700E7402F43019DE140A8400500681E27
:1027E00085413D43501B824292415B1A9B186246D1
:1027F0003400019299E764460194754CA64200D1D9
:102800000AE78024240421432C00D7E725000F0089
:10281000203DEF400025202C03D040352D1BA94042
:102820000D000543691E8D413D430021DAE7014358
:102830000D00691E8D41F8E7664E651C354258D182
:102840000E001D0006431543002C27D1A64206D1D9
:102850001000A54213D1230022000194DCE6002DD4
:1028600000D1A1E0861AB042BF41CD1A7F42ED1BD4
:102870002F020CD5101A824292415B1A9B186246B5
:10288000019202001A4300D19CE000240AE73200C2
:102890002A4300D193E02B003000F2E7002E0AD14A
:1028A00061464B4C0191B54200D0B5E680232A0029
:1028B0000195DB03B0E6002D02D10B000200DDE63E
:1028C00080254C07C008C9082D032043294202D0A7
:1028D000DC082C4209D0019B0C009C466146E400B8
:1028E000430F2343C2000191C8E6D0085B07184399
:1028F000F4E7861AB042BF41CD1A7F42ED1B2F028A
:1029000029D5161AB24292415B1A9D18634601936B
:10291000002D27D02800EDF73DFD0200083A2023C6
:1029200031009B1AD94095400B002B433500954050
:10293000A24232DB121B511C1F291EDC2022180070
:10294000521A2C0095409040CC406A1E954120437D
:10295000CB40284395E732002A43D9D11300140015
:10296000019259E63000EDF715FD020018321F2ADA
:10297000D5DD330008388340DAE718001F3AD0402D
:102980000022202903D04032521A93401A002A43D1
:10299000531E9A410023104373E7A41A0E4A2800DD
:1029A00013407FE610006CE70B006AE7021D8242CD
:1029B00080411B1A7EE6064C00231A002CE6130009
:1029C000019229E61300140026E60B0032E6C04609
:1029D000FF070000FE070000FFFF7FFFF0B58BB090
:1029E0000090019102920393019B019A1D03D20F63
:1029F0005B00009C2D0B5B0D059200D14CE1C24A9F
:102A0000934200D170E18027620FED001543BF4A69
:102A10003F049B182F43E40000930026029B04937D
:102A2000039B1D035800DB0F2D0B400D089300D1B5
:102A300076E1B54B984200D19AE1029BED005B0F25
:102A40001D438023029A1B04D2000492AF4A2B43F9
:102A5000801800220599089D694007910099091A7C
:102A6000B00006911043072800DD8EE1012800D157
:102A70003FE2811E052900D89FE1BB4205D300D06B
:102A8000ABE1049AA24200D9A7E1F9076208114319
:102A9000E0070C0000907F08049A1B02160E1E43EC
:102AA0001B0C09933800B3B21202099905930292E4
:102AB000EDF760FBB3B2434307000904200C084361
:102AC000834207D980197A1E864202D8834200D9F0
:102AD00089E11700C01A0999EDF74CFBB3B24343E3
:102AE0000904A4B20C43A34207D9A419421EA6426A
:102AF00002D8A34200D979E110000299E41A09042E
:102B0000090C0D00029B3F041B0C0593074305981D
:102B10003A0CBBB25D4308914343514342435B18B7
:102B2000280CC318994202D9802149025218190C65
:102B30002D041B042D0C8A185D19944203D311D166
:102B4000009BAB420ED2009B0298791E1B1800938B
:102B500083429B41F31AE418A64200D24EE100D111
:102B600047E10F00009BA41A5D1BAB429B41E0189C
:102B7000864200D16DE10999EDF7FCFAB3B2434307
:102B800004000904280C0843834207D98019621EF7
:102B9000864202D8834200D942E11400C01A099942
:102BA000EDF7E8FAB2B242430904ADB203000D43B7
:102BB000AA4207D9AD19591EAE4202D8AA4200D97D
:102BC00031E10B0020041843AD1A089A83B25A432E
:102BD00008990092059A040C614353435443009AA8
:102BE0005B18120C9B18994202D980225202A41839
:102BF000009A190C12041B04120C09199A188D4220
:102C000004D304008D4219D1002A19D07519441E2D
:102C1000B5420ED38D4203D310D1029B93420AD208
:102C2000049B841E5802029B029098429B41F31A17
:102C3000ED188D4202D1029B9A4201D001231C4320
:102C4000069B334A9A18002A00DC05E1630708D086
:102C50000F232340042B04D0231DA342A4413F1B78
:102C60001C00FB0105D52B4B069A1F408023DB007F
:102C7000D218294B9A4200DD3BE1E4087B071C4354
:102C8000FB081B031B0B12051A43079B2000DB07E5
:102C90001A4311000BB0F0BD009F2F439F422AD072
:102CA0009D4214D02800EDF775FB010003000B399D
:102CB00018001D22009F0838521A8540D7402F4324
:102CC000009D8540154A2C00D31A0093A5E62000EC
:102CD000EDF760FB01000300153120331C29E7DD0F
:102CE000009F08388740EDE7009F2F4307D13C0045
:102CF0000226009392E63C00012600978EE62F0004
:102D0000032600938AE6C046FF07000001FCFFFF90
:102D1000FF030000FFFFFFFEFE0700000DFCFFFFAA
:102D2000029B2B43834229D0854214D02800EDF723
:102D300031FB020001000B3A1D239B1A029A080086
:102D4000DA400838854013002B43029D85406C48CB
:102D50000495401A7DE60498EDF71CFB0200010083
:102D6000153220311C2AE7DD029B08388340EEE74C
:102D7000029B2B4306D1022204936BE6180001222A
:102D8000049367E62B00032264E60A38052800D97D
:102D9000AFE0EDF795F9A0580303034B059B0793AC
:102DA000022E00D1A5E0032E00D19FE0012E00D01D
:102DB00046E700242300220063E7012154258140D7
:102DC0002942F6D10E0034352E4029423BD1052848
:102DD00000D052E63400059680E0069A013A069249
:102DE0000022009258E6023F801973E60238A419C7
:102DF00083E6029B0098834200D9B2E6A24205D83E
:102E000000D0AEE6009B9D4200D8AAE6009B029946
:102E1000023F5B1800938B429B41F31AE418A1E632
:102E2000023C8019BAE6023BAD19CBE680221203C0
:102E3000174201D0134254D08023059A1B033B4311
:102E40000792304A1DE708991F001600049C07915D
:102E5000A6E701246442F3E613003733A9DB13002D
:102E60001E3325DB0121069B891A274A20009B1867
:102E70009C403A00C8409A4023000243581E8341B8
:102E80001A431400CF40620708D00F222240042AC0
:102E900004D0221DA242A4413F1B140080213A000D
:102EA00009040A400F4227D1E1087C070C43E7E6FA
:102EB0001F2339005B429B1AD94000231F3204D0E4
:102EC000069B124A9B189F403B001C43631E9C417B
:102ED00000270C43D7E700231C00059380273F03FE
:102EE000AAE7089A1F00049C0592A5E7079B059393
:102EF000A2E700242300A4E7002301221C00C0E66F
:102F00000DFCFFFFFF0700001E0400003E04000050
:102F1000F0B50D001900040087B0EE0F01960E0306
:102F2000360B02964E00760D154F10002B036A00EB
:102F30000396CE0F05941B0B520D0496BA4205D191
:102F40001E00264302D0012007B0F0BD039E844638
:102F5000BE4202D1029E0643F5D1080068404000FF
:102F6000F1D105996145EED10199049E4008B14225
:102F7000EAD0002AE7D123431800431E9841E3E733
:102F8000FF070000F0B589B0009201930E03019A8B
:102F9000330B4F0005931203CB0F0199120BC90F8E
:102FA0000392019A04912849520004008C4607902C
:102FB0007F0D520D8F4218D0009910000691624586
:102FC00003D10399009E314312D1002F14D0002465
:102FD000002A2DD1009D03990D43944211D09542B2
:102FE00008D0049B5800013804E005982043E3D042
:102FF0000220404209B0F0BD05990C4365426C4186
:10300000E6E7002D16D101205B421843F2E7974214
:10301000E7DB039A05999142F5D8E3D1069A07991F
:103020008A42F0D3069A079900208A42E2D9D9E76A
:10303000002CD6D104999942E5D19742E7DD0120D1
:10304000049B59420843D5E7FF070000F0B589B05B
:10305000009201930E03019A330B4F000593120364
:10306000CB0F0199120BC90F0392019A04912849C1
:10307000520004008C4607907F0D520D8F4218D0ED
:10308000009910000691624503D10399009E3143D7
:1030900012D1002F13D00024002A2CD1009D0399B7
:1030A0000D43944210D0954207D0049B580001383C
:1030B00003E005982043E3D0022009B0F0BD059954
:1030C0000C4365426C41E7E7002D16D101205B42BD
:1030D0001843F2E79742E8DB039A05999142F5D845
:1030E000E4D1069A07998A42F0D3069A07990020FC
:1030F0008A42E2D9DAE7002CD7D104999942E5D186
:103100009742E7DD0120049B59420843D5E7C046BA
:10311000FF070000F0B58BB0009201930D034B0048
:10312000CA0F06002D0B5B0D02923DD0694A9342F7
:1031300063D0EA008025410F0A432D041543664AF7
:10314000C4009B1803930027019B00981E035A009C
:10315000DB0F360B520D04935ED05E4B9A4200D1CA
:1031600081E0F3008026410F0B435B4936041E4388
:10317000C3005018002203994118B800069110436B
:103180000131844600910B2800DD91E002990498FA
:10319000414002916146022974DC604601380128F1
:1031A00000D99FE0170088E02C0004439C422BD0FC
:1031B0009D4216D02800EDF7EDF8040002000B3C0C
:1031C0001D2330001B1B1100D84008398D4003001F
:1031D0002B4335008D4041492C008A1A1D00039273
:1031E000B1E7EDF7D7F804000200153420321C2CAB
:1031F000E6DD330008388340EDE704002C4307D1B7
:103200002500022703939FE72500012703949BE7EE
:1032100004000327039397E7009B3343934229D08D
:10322000964214D03000EDF7B5F8010003000B39D9
:103230001D221800521A009908388640D1403143A7
:10324000009E86402548C01A33000E0092E7EDF735
:10325000A1F801000300153120331C29E8DD009995
:1032600008388140EEE7009B334307D110001E0071
:10327000022280E71E00180001227CE703001000F4
:10328000032278E7604601218140A620C000014268
:1032900011D10F0012480740014200D0FBE09022FC
:1032A000920011421ED080253C0002972D03EDE0D4
:1032B0000F2800D1E4E02E002300022F00D137E1D7
:1032C000032F00D131E1012F00D0AFE00026340000
:1032D0003200CAE0FF07000001FCFFFF0DFCFFFF0A
:1032E00088080000190C9BB203911900220C51436D
:1032F00018008C46039F0399A4B26043514367436F
:1033000005916744010CC91904908C4504D98020AB
:10331000059F40023F180597080C84466846008ABE
:10332000090409180991310CB6B20491300031003A
:10333000049F614350437C437A4324180F0C3C198B
:10334000A04202D9802040021218200C82182404C6
:1033500089B207926218089262460899039F521830
:10336000290CADB228006F4358434B439446039C4D
:10337000FF18020CD2194C43934202D980235B02FE
:10338000E418130C1B1903932B0080B212041218BB
:103390000498734345434E434143A8191D0C2D180F
:1033A000AE4202D9802040020918059F0898674460
:1033B0008742B641BF189742924128049BB2C01879
:1033C000079B7642C01853420493039B84199C4682
:1033D000A4446346049AB442A4419B18079A6442E9
:1033E00090428041039A4042044394458041049AAC
:1033F0002D0C934292414042524210436419099A63
:1034000024186418790211434A1E9141FF0DDE0D04
:10341000640239435B0226430B43E4013ED501219C
:103420005A080B401A43F307CE401343009A44490D
:103430005218002A35DD590708D00F2119400429F8
:1034400004D0191D99429B41F61A0B00F10105D5D4
:1034500080213C4AC9001640009A52183A498A42D3
:1034600066DC7407DB081C43F60813053603029A72
:10347000360B3343D2071343200019000BB0F0BDC5
:1034800080221203154201D016424CD0802636030A
:103490002E432E4AE9E70499029183E6069A0092A8
:1034A000C4E71100373100DA10E711001E3127DBC5
:1034B00001202749801A009A1C00521831009340BD
:1034C0009140C4401A002143531E9A410B00C6404C
:1034D00013435A0708D00F221A40042A04D01A1D99
:1034E0009A429B41F61A13008021300009040840DB
:1034F0000E4220D17407DB0802001C43F608B4E733
:103500001F2130004942891AC84000211F3204D0CF
:103510001049009A5218310091400B435A1E9341B2
:1035200000260343D5E7049A029235001C00ADE75C
:1035300000263400ADE700260122340095E7C0469E
:10354000FF030000FFFFFFFEFE070000FF07000073
:103550001E0400003E040000F0B585B00292039303
:10356000CB0F0D030193039B4C006D0A410F1F030A
:103570002943DE0F5D00029B7F0A5B0F029A3B43EB
:10358000BB4F640DC0006D0DD200BD4203D11F00C2
:10359000B446174302D101277740BC46019F661B02
:1035A000BC4500D023E1002E5FDD002D13D11D00AE
:1035B00015430DD0751E012E07D18218824280411D
:1035C000CB181B1A1000340027E0A94FBE420AD1C5
:1035D0000B00020051E0A64DAC4200D17AE28025FA
:1035E0002D042B433500382D3ADC1F2D27DC2026F7
:1035F0001F00761BB74002963E001700EF4037438E
:10360000029EEB40B2401600721E96413E433618B1
:10361000864280415B181B1A30001A0200D4D4E0A5
:10362000934A0134944200D151E20122914902406F
:10363000194043081343C80718434B08C5E02E0040
:103640001F00203EF7400026202D03D04036761B79
:10365000B3401E001643731E9E413E430023D6E72F
:1036600013431E00731E9E41F8E7002E4DD02E1B03
:10367000002C2BD10C00044301D1340060E0741EF7
:10368000012E05D1801890429241CB189B1A9AE7DF
:10369000774FBE42F1D0382C32DC1F2C1FDC2026A5
:1036A0000F00361BB74002963E000700E740374345
:1036B000029EE140B0400600701E86413E43B018B5
:1036C00090429241CB182C009B1AA6E7684F2C0021
:1036D000BD4235D08024240421433400DBE726009A
:1036E0000F00203EF7400026202C03D04036361B2A
:1036F000B1400E000643711E8E413E430021DEE7BD
:1037000001430E00711E8E41F8E75B4F651C3D4280
:103710004DD10D000543B4422DD1A54200D1CCE1DD
:103720001C001443B44200D1C9E112188242804106
:10373000CB181B1A190200D4BFE101244D490B40DC
:103740005907D2080A434A49DB088C4206D11100C6
:10375000194300D1CAE1802109030B431000474AF5
:1037600024051B0314401B0B1C43019BDB071C435C
:10377000210005B0F0BD002D13D01C00144300D172
:10378000AEE14C07C00820438024C908240321422D
:1037900002D0DD08254206D00D00ED00430F2B437B
:1037A000C200334CCCE7D0085B071843F5E7304C38
:1037B000A54200D18AE18218824280412C00CB18B8
:1037C0001B1AD807520810435B08420704D00F2287
:1037D0000240042A00D074E102001902B0D5244945
:1037E00001348C4200D172E122490B40A8E7002E3F
:1037F0005CDD002D32D11D00154300D1E8E6751EB9
:10380000012E07D1821A90428041CB1A1B1810005A
:1038100034001DE0164FBE4200D1D9E6382D40DC01
:103820001F2D2DDC20261F00761BB74002963E0080
:103830001700EF403743029EEB40B2401600721E65
:1038400096413E43861BB0428041CB1A1B18300084
:103850001A02BAD55B0206005D0AE4E0044DAC42F0
:1038600000D137E180252D042B433500D6E7C04633
:10387000FF070000FFFF7FFFFE0700000000F07F52
:103880002E001F00203EF7400026202D03D040369A
:10389000761BB3401E001643731E9E413E43002319
:1038A000D0E713431E00731E9E41F8E7002E54D04C
:1038B0002E1B002C30D10C00044302D16146019133
:1038C000DBE6741E012E07D1101A824292415B1A68
:1038D0009B18624601929BE7854FBE42EED0382C82
:1038E00036DC1F2C23DC20260F00361BB740019648
:1038F0003E000700E7403743019EE140B04006002C
:10390000701E86413E43901B824292415B1A9B1877
:1039100062462C0001929BE764460194744CA542D8
:1039200000D10DE78024240421433400D7E726008A
:103930000F00203EF7400026202C03D04036361BD7
:10394000B1400E000643711E8E413E430021DAE76E
:1039500001430E00711E8E41F8E7664E651C35422C
:1039600052D11D000E0015430643002C27D1A6425C
:1039700006D11000A54213D1230022000194DFE6F6
:10398000002D00D19BE0861AB042BF41CD1A7F4284
:10399000ED1B2F020CD5101A824292415B1A9B1824
:1039A0006246019202001A4300D19CE000240CE719
:1039B00032002A4300D190E02B003000F2E7002EC5
:1039C00006D1B54219D180232A000195DB03E8E630
:1039D000002D00D184E080254C07C008C9082D03C4
:1039E0002043294202D0DC082C4209D0019B0C0064
:1039F0009C46E400430F2343C20061460191D0E698
:103A0000D0085B071843F4E7861AB042BF41CD1ACD
:103A10007F42ED1B2F0229D5161AB24292415B1A42
:103A20009D1863460193002D27D02800ECF7B2FCC7
:103A30000200083A202331009B1AD94095400B0020
:103A40002B4335009540A24232DB121B511C1F292B
:103A50001EDC20221800521A2C0095409040CC40C9
:103A60006A1E95412043CB4028439BE732002A43FE
:103A7000D9D113001400019262E63000ECF78AFC01
:103A8000020018321F2AD5DD330008388340DAE7F8
:103A900018001F3AD0400022202903D04032521A89
:103AA00093401A002A43531E9A410023104379E79A
:103AB000A41A114A2800134087E6100072E70B0091
:103AC00070E7021D824280411B1A86E6084C0023E3
:103AD0001A0035E60B00020032E6130001922FE6D1
:103AE0000B0002005DE61300140029E60B0035E62A
:103AF000FF070000FE070000FFFF7FFF73B5009087
:103B00000191019B114E1D03590000202D0B490D01
:103B1000DC0FB14204DD0E48814202DD0D4BE0189E
:103B200076BD8020400328430B4DA9420BDD0B4B93
:103B3000009ACB1898400A4B5B1ADA401043002CCD
:103B4000EED04042ECE76D1AE840F8E7FE030000D3
:103B50001D040000FFFFFF7F13040000EDFBFFFFCB
:103B60003304000070B5030004000200051E11D0EC
:103B7000C21785185540C40F2800ECF70BFC0C4BFE
:103B80001B1A0A280FDC0B222900121AD14015300B
:103B90000A0085401203120B1B051343E40723435D
:103BA0002800190070BD2A000B3882400025F1E77B
:103BB0001E04000010B503000400021E0CD0ECF738
:103BC000E9FB0B4A121A0A280DDC0B2321001B1AF1
:103BD000D94015300B0084401B031B0B12051A4300
:103BE0002000110010BD23000B3883400024F3E7B0
:103BF0001E040000FE2270B54400240E4302611C26
:103C00005D0AC60F11420DD0E0229200A4181B0BD2
:103C10006D071B031B0B2405F6071C4334432800C8
:103C2000210070BD002C18D12300A542F1D028003E
:103C3000ECF7B0FB0A280ADC0B232A001B1ADA4037
:103C40001300020015329540094C241AE1E70300E5
:103C50000B3B9D402B002500F6E7002D06D01A0BEC
:103C600080231B036D071343024CD2E72B00FBE7B5
:103C700089030000FF0700004A00F0B50B03520D56
:103C8000304D5B0A460F571C1E43CC0FC3002F421A
:103C900040D02D4D5519FE2D52DC002D31DC290070
:103CA000173149DB802109043143681C18DB2748A0
:103CB0001E26121818009340751BE84091405D1EA7
:103CC000AB410B4300220343590737D00F21194062
:103CD000042933D00433590130D50132002326E0C2
:103CE00002200E004042401BC6400020023503D097
:103CF00017481218914008001843431E984133009A
:103D0000E0E75A0F8301591E8B41F60033431343FA
:103D10002A00D9E73343002A03D193420ED001236E
:103D2000D8E7FF22002B02D08023DB033343D005EA
:103D30001843E4072043F0BD0022F0E7DB08F6E774
:103D4000FF22CBE7FE07000080FCFFFF82FCFFFFA5
:103D5000A2FCFFFF10B50A22002100F089F810BD77
:103D6000F0B585B017001E0003900191242B23D8D5
:103D70000C00012B20D03A4B08209C4623006246C1
:103D800001001D780134525D11401042F6D12D2DF5
:103D900019D125789C1C01230093102233009343F2
:103DA0001DD1302D15D1DF2123780B40582B10D198
:103DB00065780234102612E000F0E2F81623036062
:103DC000002005B0F0BD00912B2DE6D125789C1C7C
:103DD000E3E7002EEED10A36302D00D1023E214A13
:103DE000009B31009B1818000293ECF7C3F98C4636
:103DF00000210B002A00303A092A03D9113A192A66
:103E00000BD80A3296420CDD4D1C03D0984212D2D8
:103E10000121494225780134ECE72A00613A192A48
:103E2000EFD94A1C0FD12223039A1360029B002F63
:103E300011D11800C5E7984201D19445E8DB7343DE
:103E40000121D318E6E7009A002A00D05B42002F38
:103E5000EFD0002901D0621E0192019A3A60E8E792
:103E600025790108FFFFFF7F10B5FFF779FF10BD2F
:103E700010B5044C13000A0001002068FFF770FF22
:103E800010BDC0465C0100200EB470B581239DB00A
:103E90006A46002521AC9B0040CC93821B95029082
:103EA0000690ECF7ABFA0B4B6A460B930123039099
:103EB000079009485B42D38202A9230032000068C0
:103EC0000F951495019400F03FFB1DB070BC08BC29
:103ED00003B01847DD3E01085C0100200020704758
:103EE00030B5140005001A009BB0002C05DA8B23B6
:103EF0000360012040421BB030BD00231993230012
:103F000000910491591E8B41E31A02930593084BCB
:103F1000694603931E9B00F0C7F9431C01DA8B230B
:103F20002B60002CE7D00022009B1A70E3E7C0460C
:103F30000802FFFF13B5044C009313000A000100B0
:103F40002068FFF7CDFF16BD5C010020030082183A
:103F5000934200D1704719700133F9E7130030B56F
:103F6000002A0BD00024013A035D0D5DAB4204D161
:103F7000A24202D00134002BF6D15B1B180030BDE9
:103F8000014B18687047C0465C01002070B50026E0
:103F90000C4C0D4D641BA410A64209D1002601F063
:103FA000E3F90A4C0A4D641BA410A64205D170BD6A
:103FB000B300EB5898470136EEE7B300EB5898474B
:103FC0000136F2E7307A0108307A0108347A0108C4
:103FD000307A010870477047002310B59A4200D12B
:103FE00010BDCC5CC4540133F8E7000070B5050087
:103FF000002910D00C1F2368002B00DAE4182800D9
:1040000000F0E0F81D4A1368002B05D163601460CE
:10401000280000F0DFF870BDA34208D920682118FD
:104020008B42F3D119685B6809182160EEE71A002A
:104030005B68002B01D0A342F9D911685018A04247
:104040000BD120680918501811608342E0D118681C
:104050005B68411811605360DAE7A04202D90C2373
:104060002B60D5E7206821188B4203D119685B6863
:104070000918216063605460CAE7C04668180020D0
:1040800070B50F4C0E0021680500002902D100F028
:1040900017FF20603100280000F012FF0400431CCD
:1040A0000BD00323C41C9C43A04206D0211A280035
:1040B00000F006FF431C00D10400200070BDC04684
:1040C00064180020F7B50322CB1C934308331F006C
:1040D00000900C2B32D20C27B94231D8009800F056
:1040E00071F8374E33681C00002C2FD1390000982E
:1040F000FFF7C6FF0400431C5FD134682500002D84
:104100004BD1AC4252D023682900E31800980193A8
:1041100000F0D6FE019B834248D123680098FF1A25
:104120003900FFF7ADFF013040D02368DB19236071
:1041300033685A68AA4233D1356014E0002BCBDAD9
:104140000C230025009A13602800FEBD2168C91BBE
:1041500020D40B2917D9E2192760A34211D132606C
:104160006368116053602500009800F033F807225F
:104170000B35231D9543EA1A9D42E5D05B1BA350E6
:10418000E2E75A60ECE76268A34201D13260EAE7F5
:104190005A60E8E723006468A6E72C006D68AEE784
:1041A0001A005B68A342FBD10023DBE70C23009AD3
:1041B0001000136000F00EF8C6E70760D3E7C046B2
:1041C0006818002010B50248FFF704FF10BDC04674
:1041D0006018002010B50248FFF7FDFE10BDC04674
:1041E00060180020F0B58D6885B00C001E000290AC
:1041F00003929D4254D80C23C85E9023DB001842E2
:104200004CD00322096923685B1A01936369534305
:10421000DA0FD318019A5F10731C9B183A00BB4247
:1042200001D91F001A00400525D511000298FFF79B
:1042300049FF051E28D0019A2169FFF7CDFEA2890A
:10424000184B1A4080231343A381019B2561ED186D
:1042500025603500FB1A6761A3603200039920686E
:1042600000F01AFE0020A3685B1BA36023689B1963
:10427000236005B0F0BD029800F03FFE051EE4D1BA
:1042800021690298FFF7B2FE0C230120029A4042F6
:104290001360A28934331343A381EAE72E00DCE7DD
:1042A0001D00DAE77FFBFFFFF0B59FB002901C0016
:1042B0008B890F0016001B0612D50B69002B0FD13E
:1042C0004021FFF7FFFE38603861002806D10C233B
:1042D000029A1360012040421FB0F0BD40237B6171
:1042E000002306AD6B6120336B761033AB760594FB
:1042F00034002378002B01D0252B43D1A31B03933B
:10430000B4420BD0320039000298FFF76BFF013046
:1043100000D1A4E06B69039A9B186B612378002B92
:1043200000D19CE00122002352426A6002AA53326B
:1043300001342B60EB60AB601370AB654F4E052210
:104340002178300000F0CEFD2A68611C00281BD1C6
:10435000D30603D5202302A853300370130703D5D7
:104360002B2302A85330037023782A2B13D000206C
:104370000A21EB682278303A092A29D9002812D07C
:10438000EB6010E00134B4E70123801B834013434A
:104390000C002B60D2E7059B181D1B680590002BB5
:1043A00010DBEB600C0023782E2B24D163782A2BB2
:1043B00016D1059B02341A1D1B680592002B0CDBDD
:1043C0006B6018E05B42EB60022313432B60E9E76C
:1043D0004B43012001349B18CCE701235B42EFE7FC
:1043E00000220A201300013421783039092927D905
:1043F000002AE5D16A60224E03223000217800F0C5
:1044000071FD002806D04023801B83402A680134B8
:1044100013432B60217806221A48297600F062FDAA
:10442000002822D0184800280FD10722059B073307
:104430009343083305936B69661C1B186B6157E740
:104440004343012201345B18CEE705AA00922900FC
:104450003A000E4B029800E000BF431CEBD1BB8931
:104460005B0600D536E7686936E705AA00922900A1
:104470003A00064B029800F02DFAEEE7FE6D0108B7
:10448000046E0108086E010800000000E541010803
:1044900070B50D0014004B1C18D093892022934353
:1044A000626BA3810E006368CDB2002A10D0A26BAC
:1044B0009A4204DC210000F0B1FC002821D12368DD
:1044C000013B23601E70636801336360280070BD88
:1044D00021692268002907D0914205D2511E08782F
:1044E000A84201D12160EFE72364230044336363D2
:1044F0000323A36323004633E2631E70236001237A
:10450000E3E701256D42E1E710B50C00496B002996
:104510000ED023004433994201D0FFF767FD0020FD
:10452000236C60636360834202D0E36B236010BD41
:104530002369012023600023A28963602033134391
:10454000A3814042F3E70000F0B5A54C0600A54466
:104550000C000021BE204691479103A94891A14932
:10456000400043AD2950A049043043AD2950029387
:1045700013780093002B00D12FE19C4F0820F95CA9
:104580000823551C0B4008421CD06368002B08DC34
:10459000C02243AB5200210030009B5898470028AE
:1045A00005D1082123681A78BA5C114201D12A008A
:1045B000DEE7479A01330132479262682360013A8D
:1045C0006260E2E70099252954D1459343935378DB
:1045D0002A2B02D11A3B4393951C2F000A2205E097
:1045E0002F00459B5343303B5B18459339787D1C26
:1045F0000B00303B092BF3D97D4B032218000193AC
:1046000000F070FC002807D0019B2F00C01A012386
:104610008340439A134343933B787D1C782B24D8E3
:10462000572B07D8252B25D01BD8002B1DD10120B7
:104630004042BAE018005838202816D8EBF740FD61
:104640003A1515771515151515151582759999993A
:104650001546151515158A4A36151588157515153B
:104660003A00453B022B00D883E0032349930733EC
:10467000449333E06368002B09DCC02343AA5B004A
:1046800021003000D3589847002800D085E02368E7
:1046900000991A788A4200D09FE001336268236053
:1046A000479B013A01336260479380E72022439998
:1046B0000A4343928022439992000A434392102274
:1046C00044926E229A429B415B4201E00023449354
:1046D000033302E008234493043B49936368002BAF
:1046E00008DCC02343AA5B0021003000D358984760
:1046F000002852D1439B5B0608D4C0277F00236863
:104700003A491A788A5C0821114234D1499B022B1C
:104710004FDC2200300002AB43A900F0E9F9012888
:104720005BD0022800D042E737E00A22C8E7290020
:1047300003A800F035FB4023439A0500134343933D
:104740000123CAE74023439A134343930023C4E75A
:104750000223C2E7439AD30600D528E7029B479974
:10476000181D02901B68D70701D519801FE7196033
:104770001DE70523B1E7479A013247926268013A83
:104780006260002A02DD01332360B8E743AB2100F9
:104790003000DB5998470028B1D04698002800D156
:1047A00045E7A3895B0600D541E7A5239B009D440F
:1047B000F0BD042B06DC2200300002AB43A900F060
:1047C000F7F9ACE70B4B002B00D1F0E622003000EC
:1047D00002AB43A900E000BFA1E74698E5E7C04669
:1047E0006CFDFFFF91440108094501082579010886
:1047F000046E010800000000F7B5160001938A68F6
:104800000B690C000090934200DA13002200336021
:1048100043321278002A01D00133336023689B06AB
:1048200002D53368023333602268062315001D4029
:104830001A4230D0230043331B785A1E934122681A
:1048400092062ED4220001990098089D4332A84771
:10485000431C15D00622236800251340042B05D1E4
:104860003368E568ED1AEB43DB171D40A368226946
:10487000934201DD9B1AED180026B5421ED100209F
:10488000FEBD2200012301990098089F1932B84704
:10489000431CF5D00135E36832689B1AAB42F0DC6B
:1048A000C8E73020E1184331087021005A1C453117
:1048B0000978A218433202331170C3E722000123A2
:1048C00001990098089F1A32B847431CD8D0013686
:1048D000D3E70000F0B58BB00793059006920A7EEF
:1048E0000C004331109B0491782A09D8622A0BD816
:1048F000002A00D1CEE07C490391582A00D19FE0E4
:1049000026004236327022E0100063381528F7D8AE
:10491000EBF7E0FB16001F00F6FFF6FFF6FFF6FFD1
:104920001F00F6FFF6FFF6FFF6FFB30035008F001D
:10493000F6FFF6FFC400F6FF3500F6FFF6FF940021
:1049400026001A684236111D19601368337001235E
:10495000B2E01A682068111D1960050601D51568B6
:1049600003E04006FBD50023D55E002D03DA2D239E
:10497000049A6D4213705C4B0A27039311E01A6886
:104980002068111D196005064ED51568237E564A0C
:104990000A2703926F2B00D1023F230000224333EA
:1049A0001A706368A360002B06DB04212268049E52
:1049B0008A4322602B430CD0049E28003900EBF779
:1049C000D9FB039B013E5B5C33702B0005009F42CB
:1049D000F3D9082F09D12368DB0706D5626823695C
:1049E0009A4202DC3023013E3370049B9B1B2361FF
:1049F000079B210000930598069B09AAFFF7FCFE80
:104A0000431C0FD02369320006990598079DA847DB
:104A1000431C07D023689B0763D4099BE068984236
:104A200000DA18000BB0F0BD15684006AED5ADB287
:104A3000ACE7202221680A43226078222B490391A7
:104A4000210045310A7019682268081D1860150692
:104A500001D50D6803E05506FBD50D68ADB2D3074F
:104A600002D5202313432360002D01D0102794E7A3
:104A70002022236893432360F8E71A682568101DF5
:104A80006169186013682E0601D5196002E06D0691
:104A9000FBD519800023049E2361A9E71A68111D24
:104AA0001960166800213000626800F01BFA0028C7
:104AB00001D0801B6060636823610023049A137037
:104AC00096E72200012306990598079E1932B04700
:104AD000431CA7D00135E368099A9B1AAB42F0DC6E
:104AE0009BE70025F7E7C0460F6E0108206E01081E
:104AF000F7B515008A680C000190002A06D18A6972
:104B0000511E8A41012152421143A1602268D206FE
:104B100003D41A68111D196017680026A0690028BF
:104B200013D0012808D12B6862691B78D35C002B55
:104B30000BD1002E39D027E0022825D12B681B4A43
:104B40001B78D35C08221A421ED11022236801363A
:104B5000134203D12B681B783B7001376B68013B14
:104B60006B602B6801332B60A368013BA360002BB3
:104B70000AD06B68002BD1DCC0235B002900E3580E
:104B8000019898470028C9D02268102311001940C5
:104B90001A4206D1E3680133E360A369002B00D019
:104BA0003970002023699B192361FEBD2579010816
:104BB000F0B58BB00193744B1600049007AAA1CBFB
:104BC000A1C2724A8B690C000592032B01D1704B74
:104BD0000593AE220020A3685200591E0390914213
:104BE00005D95E3BFF3B03935E23FF33A3602300A5
:104BF0001C330093D023002722681B01134323603A
:104C0000009B0293336807A81978BB00022218584A
:104C100000F068F9002821D0012F52D16368002BE1
:104C200006D1083322686360F933FF3313432360EE
:104C30002368584A13402360A3685A1EA260002BC1
:104C40000CD033685A1C32601B78029A1370736858
:104C5000551C013B7360002B42DD02950137032F89
:104C6000D0D16368002B01D10A33636000274A4921
:104C70006069C91A00F094F8029DA368002B48D01F
:104C8000316862690878125C002A42D022683028B4
:104C900030D18020000102422CD0039A0137002A33
:104CA00003D0013A01330392A3607368013B736040
:104CB000002B26DD336801333360A368013BA3601A
:104CC000DBE7022FB8D1C02380212268DB0013402C
:104CD00089008B42C5D110236360F0331343AAE7E8
:104CE000C0235B003100E358049898470028B4D0F3
:104CF00000270EE0294B1A4022600B782B700135FB
:104D0000D3E7C0235B003100E3580498984700289C
:104D1000D3D02368DB050ED5009B9D4207D9BE2367
:104D2000013D5B0032002978E35804989847009BC6
:104D300001209D4226D0216810230A001A40194202
:104D400019D12A70636800990498059EB047019BA9
:104D500021681B681A1D8E0604D501990A601B681C
:104D6000186005E0CE07F8D501990A601B68188025
:104D7000E3680133E3600020009BED1A2369ED191D
:104D80005B1923610BB0F0BDB05301085950010805
:104D9000693E0108FFFAFFFF416E0108FFF6FFFFC1
:104DA00070B50B785E2B0ED04C1C00210E0002005B
:104DB000451CFF3516700132AA42FBD1002B06D1EB
:104DC000611E080070BD4B788C1C0121EEE70125A7
:104DD0004D402100C5540A784C1C2D2A05D05D2A6F
:104DE00019D0002AEDD01300F3E74A785D2A01D1EB
:104DF0002D23EEE79342FBDC1C0002310134055504
:104E0000A242FBDC934203DB00220133D318E2E72A
:104E1000D21A013AF9E72100D3E700000B00F7B5F9
:104E20004D6B44330C009D421CD18026F6003100AE
:104E3000FFF748F9002802D101204042FEBD2300BF
:104E40006063A66346331A78104BC254230045337F
:104E50001A780F4BC2542A780E4BC254C0182060E7
:104E60000020EBE78E6B290073001A00019300F01D
:104E700044F8051EE0D08719010032003800FFF722
:104E8000ABF8019B27606563A363E9E7FF030000BC
:104E9000FE030000FD03000010B5884206D8002381
:104EA0009A4208D0CC5CC4540133F9E78B1898427D
:104EB000F5D2002A00D110BD013A8B5C8354F8E78B
:104EC000002370B5064C05000800236000F0D0F800
:104ED000431C03D12368002B00D02B6070BDC0465B
:104EE0005C180020C9B28218904201D1002070479E
:104EF00003788B42FBD00130F6E7F7B506000C00D3
:104F00001500002905D11100FFF7DCF8040020008E
:104F1000FEBD002A03D1FFF769F82C00F7E700F087
:104F20009FF80700854202D84308AB42EFD329001F
:104F30003000FFF7C7F8019000280BD02A00BD42CF
:104F400000D93A0021000198FFF746F8210030000F
:104F5000FFF74CF8019CDAE7F0B51E003D4B85B039
:104F6000039017000C009C46082000912300624625
:104F700001001D780134525D11401042F6D12D2DF3
:104F800012D125789C1C01230193102233009343F6
:104F900016D1302D0ED1DF2123780B40582B09D1AB
:104FA0006578023410260BE001912B2DEDD1257888
:104FB0009C1CEAE7002EF5D10A36302D00D1023EC6
:104FC000012031004042EBF799F8029001203100B6
:104FD0004042EBF7CFF8002318002A00303A092AA4
:104FE0000CD81500AE421EDD5A1C04D0029B834231
:104FF00010D201235B4225780134EEE72A00413AC2
:10500000192A01D8373DEDE72A00613A192A0AD852
:10501000573DE7E7029B834201D1A942E9DB704398
:1050200001232818E7E75A1C07D122220399180008
:105030000A60002F09D105B0F0BD019A002A00D006
:105040004042002FF7D0002B01D0631E0093009B3D
:105050003B60F0E72579010810B5FFF77DFF10BD33
:105060000B1F1B68181F002B01DA0B58C018704764
:10507000044A1368002B03D01818106018007047FA
:10508000014BF9E76C18002070180020F0B5474676
:10509000CE4680B53D4A4B005B0D83B09F1804009F
:1050A0000D000E0088460190132F20DC002F50DBEE
:1050B000374B3B4199460B4003431ED0354A364B94
:1050C000FDF7C0F900220023EBF7DEF800280BD033
:1050D000002D04DD80235B033B415B1998464B4662
:1050E00046469E43002301933100019807E0332F89
:1050F0000ADD8023DB009F423ED02000290003B060
:10510000C0BCB946B046F0BD244A9B1801225242A9
:10511000DA40019B90461A42EFD01E4A1E4BFDF723
:1051200091F900220023EBF7AFF80028DCD0019BB7
:10513000002D0ADD142F07D034210122C91B8A401B
:105140009B18019A9A4200D96E1C424693430193E0
:10515000CAE7104A104BFDF775F900220023EBF760
:1051600093F80028C0D0002D0BDB260000232E432F
:105170000193B9D00A4EB7E702000B00FDF762F9C0
:10518000BDE70023802601933606ADE701FCFFFF53
:10519000FFFF0F009C7500883CE4377EEDFBFFFFAE
:1051A0000000F03FF0B54746CE4680B5404A4B0080
:1051B0005B0D83B09F1804000D000E00884601901F
:1051C000132F20DC002F45DB3A4B3B4199460B4027
:1051D00003431ED0384A394BFDF734F9002200232F
:1051E000EBF752F800280BD0002D04DA80235B0384
:1051F0003B415B1998464B4646469E43002301932C
:105200003100019807E0332F0ADD8023DB009F4245
:1052100030D02000290003B0C0BCB946B046F0BD74
:10522000274A9B1801225242DA40019B90461A42BB
:10523000EFD0214A214BFDF705F900220023EBF7BF
:1052400023F80028DCD0019B002D20DB424693434D
:105250000193D5E7184A194BFDF7F4F80022002313
:10526000EBF712F80028CBD0002D08DB0023002636
:105270000193C5E702000B00FDF7E4F8CBE76F00F0
:105280007F08274301970ED180263606B8E7142FF2
:1052900007D034210122C91B8A409B18019A9A42E7
:1052A000D4D96E1CD2E70023064E0193A8E7C0466E
:1052B00001FCFFFFFFFF0F009C7500883CE4377E78
:1052C000EDFBFFFF0000F0BF30B5C646224A4B00A1
:1052D0005B0D9A188C4600B5132A14DC002A2FDBCC
:1052E0001E4B13419C460B40034309D080231B03F4
:1052F000134162465B1893439C46002361461800A5
:1053000020BCA84630BD332A08DD8023DB009A424A
:10531000F6D102000B00FDF795F8F1E7104C1B19D0
:1053200001246442DC400442EAD033239A1A323B1F
:1053300093401B18834201D24A1C9446A343DDE7E5
:10534000CB0FDB079C4600230132D7D16146054ACB
:1053500011438C46D2E7C04601FCFFFFFFFF0F0060
:10536000EDFBFFFF0000F03FF8B5C046F8BC08BCFD
:105370009E467047F8B5C046F8BC08BC9E467047CC
:105380005A050700665A060301006400A027BE33D1
:105390000000000050010000E034C13300000000B4
:1053A000500100002042C433000000005001000002
:1053B000436E0108466E0108496E01086572726FFE
:1053C0007220696E20454550524F4D2057726974C6
:1053D00065206572726F720D006572726F7220695E
:1053E0006E20454550524F4D204572617365206FC8
:1053F0007065726174696F6E0A0D007278446F6E29
:10540000652841434B290D0A007278446F6E650D83
:105410000A00527373693D2025640D0A00747844B4
:105420006F6E650D0A00727854696D654F75740D65
:105430000A00010080000800050004004261743A7F
:10544000252E336620560D0A00504231345F636FBB
:10545000756E74313A25750D0A00504231345F7310
:1054600074617475733A25640D0A00504231355FDA
:105470007374617475733A25640D0A005041345F8A
:105480007374617475733A25640D0A0050423135A6
:105490005F636F756E74323A25750D0A00504231A4
:1054A000345F7374617475733A493243325F5344A5
:1054B000410D0A00445331384232305F74656D70DB
:1054C000313A252E31660D0A0044533138423230CC
:1054D0005F74656D70313A6E756C6C0D0A004453E3
:1054E00031384232305F74656D70323A252E316644
:1054F0000D0A00445331384232305F74656D7032AA
:105500003A6E756C6C0D0A00445331384232305F8C
:1055100074656D70333A252E31660D0A004453319F
:10552000384232305F74656D70333A6E756C6C0D55
:105530000A004144435F5041303A252E33662056DD
:105540000D0A006C696461725F6C6974655F6469FF
:105550007374616E63653A256420636D0D0A0055AE
:105560004C545F64697374616E63653A252E3166CD
:1055700020636D0D0A0054465F64697374616E6345
:10558000653A256420636D2C54465F737472656EB2
:105590006774683A25640D0A004368616D656C653F
:1055A0006F6E20666C6167733A30782530327820F0
:1055B00074656D703A256420636F6D703A256C7563
:1055C0002F256C752F256C75207261773A256C75C7
:1055D0002F256C752F256C750D0A004144435F50D3
:1055E00041313A252E336620560D0A004144435F6F
:1055F0005041343A252E336620560D0A004858375C
:1056000031315F5765696768743A256420670D0A10
:1056100000504131325F7374617475733A25640DC3
:105620000A000D0A4368616D656C656F6E20493232
:105630004332206163717569736974696F6E2065A7
:105640006E61626C65640D0A000A0D557365205326
:10565000656E736F72206973204C494441525F4CF0
:105660006974655F763348500D0A000A0D557365FD
:105670002053656E736F7220697320756C7472614C
:10568000736F6E69632064697374616E6365206D06
:105690006561737572656D656E740D0A000A0D554E
:1056A00073652053656E736F722069732054462DA5
:1056B0007365726965732073656E736F720D0A008E
:1056C0000A0D4E6F2064697374616E6365206D65A9
:1056D00061737572656D656E742064657669636566
:1056E0002064657465637465640D0A000A0D557362
:1056F000652053656E736F72206973204858373187
:10570000310D0A0073776974636820746F20636CCD
:1057100061737320256320646F6E650A0D0041423A
:1057200043005265636569766520646174610A0DA2
:105730000025643A002530327820004275666653B1
:10574000697A653A25642C52756E2041542B524576
:105750004356423D3F20746F207365652064657435
:1057600061696C0D0A00434F554E54312069732016
:1057700025750D0A00434F554E543220697320257C
:10578000750D0A005A05070167002530327820257B
:10579000303278202530327820253032782025307C
:1057A000327820253032782025303278202530326A
:1057B0007820253032782025303278202530327814
:1057C000202530327820253032782025303278205C
:1057D0002530327820253032780D0A0041545F5050
:1057E0004152414D5F4552524F5228496E636F728C
:1057F00072656374204C656E677468290D0A002514
:105800006868782025686878202568687820256889
:105810006878202568687820256868782025686879
:105820007820256868782025686878202568687859
:1058300020256868782025686878202568687820A1
:10584000256868782025686878202568687800458C
:105850006E746572204465627567206D6F64650DB6
:105860000A004F4B0A0D0025686875004174746585
:105870006E74696F6E3A54616B6520656666656328
:10588000742061667465722041542B4144523D304E
:105890000D0A00417474656E74696F6E3A54616BE1
:1058A0006520656666656374206166746572204173
:1058B000545A0D0A0025630D0A0025753A0041541B
:1058C0002B53454E4420776974686F757420746853
:1058D00065206170706C69636174696F6E20706FB0
:1058E00072740025730054686520524A5444432062
:1058F00072616E6765206973203120746F203635C0
:105900003533350A0D0054686520726573706F6E0B
:105910007365206C6576656C2072616E67652069C1
:1059200073203020746F20350A0D0076312E382E0A
:1059300030200025642C25642C25640025642C254A
:10594000642C25640D0A000A0D53746F702054787E
:10595000206576656E74732C506C65617365207775
:1059600061697420666F7220616C6C20636F6E6673
:10597000696775726174696F6E7320746F207072DD
:10598000696E740D0A000A0D5374617274205478A4
:10599000206576656E74730D0A0054444320736568
:1059A0007474696E67206D757374206265206D6F05
:1059B0007265207468616E2036530A0D004D6F6465
:1059C00065206F662072616E6765206973203120E3
:1059D000746F20390D0A00494E544D6F64653120B3
:1059E0006F662072616E6765206973203020746F66
:1059F00020330D0A00494E544D6F646532206F66A6
:105A00002072616E6765206973203020746F2033C7
:105A10000D0A00494E544D6F646533206F66207245
:105A2000616E6765206973203020746F20330D0A22
:105A30000025642E25640025302E31660D0A0025D0
:105A4000642C256C750025642C256C752C256C75D3
:105A5000005468652074696D656F75742072616E9D
:105A60006765206973203120746F203635353335F2
:105A70000A0D0041542B3C434D443E3F2020202042
:105A8000202020203A2048656C70206F6E203C4317
:105A90004D443E0D0A41542B3C434D443E202020B2
:105AA0002020202020203A2052756E203C434D4477
:105AB0003E0D0A41542B3C434D443E3D3C76616CC7
:105AC00075653E203A2053657420746865207661C0
:105AD0006C75650D0A41542B3C434D443E3D3F20BF
:105AE0002020202020203A204765742074686520FB
:105AF00076616C75650D0A002B44455549002B41B4
:105B00005050455549002B4150504B4559002B44AE
:105B100041444452002B4E574B534B4559002B41A7
:105B20005050534B4559002B53454E4442002B5384
:105B3000454E44002B5258444154455354002B5376
:105B40004554434E54002B47455453454E534F52F2
:105B500056414C554500415425733D002B44454268
:105B600055470041542B44454255473A53657420EC
:105B70006D6F726520696E666F20696E7075740D49
:105B80000A005A0041545A3A205472696720612031
:105B90007265736574206F6620746865204D435587
:105BA0000D0A002B4644520041542B4644523A20E1
:105BB000526573657420506172616D6574657273AE
:105BC00020746F20466163746F727920446566614A
:105BD000756C742C204B65797320526573657276F1
:105BE000650D0A0041542B444555493A20476574D8
:105BF000206F72205365742074686520446576694F
:105C00006365204555490D0A0041542B41505045CC
:105C100055493A20476574206F722053657420748B
:105C20006865204170706C69636174696F6E2045AE
:105C300055490D0A0041542B4150504B45593A20CB
:105C4000476574206F722053657420746865204125
:105C500070706C69636174696F6E204B65790D0AB1
:105C60000041542B44414444523A20476574206F0C
:105C70007220536574207468652044657669636595
:105C800020416464726573730D0A0041542B4E57B2
:105C90004B534B45593A20476574206F722053652A
:105CA0007420746865204E6574776F726B2053653D
:105CB0007373696F6E204B65790D0A0041542B4157
:105CC0005050534B45593A20476574206F7220530A
:105CD000657420746865204170706C6963617469D3
:105CE0006F6E2053657373696F6E204B65790D0A73
:105CF000002B4144520041542B4144523A20476505
:105D000074206F722053657420746865204164614B
:105D100070746976652044617461205261746520F5
:105D200073657474696E672E2028303A206F66663A
:105D30002C20313A206F6E290D0A002B5458500048
:105D400041542B5458503A20476574206F722053A9
:105D5000657420746865205472616E736D69742077
:105D6000506F7765722028302D352C204D41583AE0
:105D7000302C204D494E3A352C206163636F72649C
:105D8000696E6720746F204C6F526157414E2053EB
:105D9000706563290D0A002B44520041542B445274
:105DA0003A20476574206F722053657420746865CB
:105DB000204461746120526174652E2028302D3793
:105DC00020636F72726573706F6E64696E672074A2
:105DD0006F2044525F58290D0A002B444353004161
:105DE000542B4443533A20476574206F7220536507
:105DF0007420746865204554534920447574792093
:105E00004379636C652073657474696E67202D2017
:105E1000303D64697361626C652C20313D656E6153
:105E2000626C65202D204F6E6C7920666F72207435
:105E3000657374696E670D0A002B504E4D00415416
:105E40002B504E4D3A20476574206F722053657475
:105E500020746865207075626C6963206E65747764
:105E60006F726B206D6F64652E2028303A206F664C
:105E7000662C20313A206F6E290D0A002B525832C1
:105E800046510041542B52583246513A20476574CE
:105E9000206F722053657420746865205278322018
:105EA00077696E646F77206672657175656E637968
:105EB0000D0A002B52583244520041542B52583292
:105EC00044523A20476574206F72205365742074E1
:105ED0006865205278322077696E646F772064613C
:105EE000746120726174652028302D3720636F72D1
:105EF000726573706F6E64696E6720746F204452B0
:105F00005F58290D0A002B525831444C0041542B44
:105F1000525831444C3A20476574206F72205365C3
:105F200074207468652064656C617920626574779B
:105F300065656E2074686520656E64206F662074E8
:105F4000686520547820616E6420746865205278FA
:105F50002057696E646F77203120696E206D730D54
:105F60000A002B525832444C0041542B52583244B0
:105F70004C3A20476574206F722053657420746812
:105F8000652064656C6179206265747765656E2053
:105F900074686520656E64206F662074686520549F
:105FA0007820616E64207468652052782057696E8D
:105FB000646F77203220696E206D730D0A002B4AC2
:105FC0004E31444C0041542B4A4E31444C3A204708
:105FD0006574206F722053657420746865204A6F61
:105FE000696E204163636570742044656C6179203B
:105FF0006265747765656E2074686520656E6420DF
:106000006F662074686520547820616E642074681F
:1060100065204A6F696E2052782057696E646F77E9
:10602000203120696E206D730D0A002B4A4E3244D8
:106030004C0041542B4A4E32444C3A204765742060
:106040006F722053657420746865204A6F696E20F2
:106050004163636570742044656C61792062657486
:106060007765656E2074686520656E64206F6620B4
:1060700074686520547820616E6420746865204AD5
:106080006F696E2052782057696E646F77203220D6
:10609000696E206D730D0A002B4E4A4D0041542B42
:1060A0004E4A4D3A20476574206F72205365742024
:1060B000746865204E6574776F726B204A6F696EE5
:1060C000204D6F64652E2028303A204142502C200C
:1060D000313A204F544141290D0A002B4E574B496C
:1060E000440041542B4E574B49443A204765742095
:1060F0006F722053657420746865204E6574776FE5
:10610000726B2049440D0A002B4643550041542B25
:106110004643553A20476574206F722053657420BA
:10612000746865204672616D6520436F756E746595
:10613000722055706C696E6B0D0A002B464344004B
:1061400041542B4643443A20476574206F722053D4
:10615000657420746865204672616D6520436F75B3
:106160006E74657220446F776E6C696E6B0D0A00F9
:106170002B434C4153530041542B434C4153533A0E
:1061800020476574206F7220536574207468652001
:1061900044657669636520436C6173730D0A002B57
:1061A0004A4F494E0041542B4A4F494E3A204A6FBC
:1061B000696E206E6574776F726B0D0A002B4E4A04
:1061C000530041542B4E4A533A204765742074685B
:1061D00065206A6F696E207374617475730D0A00AF
:1061E00041542B53454E44423A2053656E64206817
:1061F000657861646563696D616C206461746120B8
:10620000616C6F6E672077697468207468652061BF
:1062100070706C69636174696F6E20706F72740D59
:106220000A0041542B53454E443A2053656E642076
:1062300074657874206461746120616C6F6E67208E
:106240007769746820746865206170706C69636137
:1062500074696F6E20706F72740D0A002B52454383
:1062600056420041542B52454356423A20507269DF
:106270006E74206C61737420726563656976656401
:10628000206461746120696E2062696E6172792098
:10629000666F726D6174202877697468206865780C
:1062A00061646563696D616C2076616C75657329E5
:1062B0000D0A002B524543560041542B524543567C
:1062C0003A205072696E74206C6173742072656339
:1062D0006569766564206461746120696E2072610D
:1062E0007720666F726D61740D0A002B524A544418
:1062F000430041542B524A5444433A20476574208A
:106300006F7220736574207468652052654A6F69E6
:106310006E2064617461207472616E736D69737351
:10632000696F6E20696E74657276616C20696E208B
:106330006D696E0D0A002B52504C0041542B525087
:106340004C3A20476574206F722073657420726523
:1063500073706F6E7365206C6576656C0D0A002B2B
:106360005645520041542B5645523A2047657420F9
:1063700063757272656E7420696D616765207665FC
:106380007273696F6E20616E642046726571756507
:106390006E63792042616E640D0A002B43464D0006
:1063A00041542B43464D3A20476574206F72205369
:1063B00065742074686520636F6E6669726D6174C0
:1063C000696F6E206D6F64652028302D31290D0AAC
:1063D000002B4346530041542B4346533A20476514
:1063E0007420636F6E6669726D6174696F6E20737D
:1063F0007461747573206F6620746865206C6173B6
:10640000742041542B53454E442028302D31290D02
:106410000A002B534E520041542B534E523A204700
:1064200065742074686520534E52206F662074682E
:1064300065206C617374207265636569766564209C
:106440007061636B65740D0A002B52535349004110
:10645000542B525353493A20476574207468652081
:1064600052535349206F6620746865206C617374C1
:10647000207265636569766564207061636B65741D
:106480000D0A002B5444430041542B5444433A20FA
:10649000476574206F72207365742074686520618D
:1064A00070706C69636174696F6E206461746120DF
:1064B0007472616E736D697373696F6E20696E7447
:1064C000657276616C20696E206D730D0A002B5029
:1064D0004F52540041542B504F52543A2047657448
:1064E000206F722073657420746865206170706C11
:1064F00069636174696F6E20706F72740D0A002B8E
:1065000052583157544F0041542B52583157544F21
:106510003A20476574206F72205365742074686553
:10652000206E756D626572206F662073796D626F83
:106530006C7320746F2064657465637420616E648D
:106540002074696D656F75742066726F6D20525886
:1065500077696E646F7731283020746F203235355B
:10656000290D0A002B52583257544F0041542B52D8
:10657000583257544F3A20476574206F7220536544
:106580007420746865206E756D626572206F662078
:1065900073796D626F6C7320746F206465746563CA
:1065A0007420616E642074696D656F757420667205
:1065B0006F6D20525877696E646F7732283020747F
:1065C0006F20323535290D0A002B4445435259506E
:1065D000540041542B444543525950543A20476586
:1065E00074206F722053657420746865204465635D
:1065F00072797074207468652075706C696E6B2098
:106600007061796C6F616428303A44697361626CBF
:10661000652C313A456E61626C65290D0A002B4D7F
:106620004F440041542B4D4F443A476574206F72DC
:10663000205365742074686520776F726B206D6FCE
:1066400064650D0A002B494E544D4F4431004154AE
:106650002B494E544D4F44313A476574206F722098
:106660005365742074686520747269676765722069
:10667000696E74657272757074206D6F64652066E2
:106680006F72205042313428303A44697361626C31
:10669000652C313A66616C6C696E67206F7220728E
:1066A0006973696E672C323A66616C6C696E672C2F
:1066B000333A726973696E67290D0A002B494E548B
:1066C0004D4F44320041542B494E544D4F44323AC1
:1066D000476574206F722053657420746865207458
:1066E00072696767657220696E746572727570741D
:1066F000206D6F646520666F7220504231352830FE
:106700003A44697361626C652C313A66616C6C69FC
:106710006E67206F7220726973696E672C323A66F9
:10672000616C6C696E672C333A726973696E6729A4
:106730000D0A002B494E544D4F44330041542B4910
:106740004E544D4F44333A476574206F7220536561
:106750007420746865207472696767657220696E59
:1067600074657272757074206D6F646520666F72E7
:106770002050413428303A44697361626C652C3191
:106780003A66616C6C696E67206F7220726973691A
:106790006E672C323A66616C6C696E672C333A72A4
:1067A0006973696E67290D0A002B574549475245A1
:1067B0000041542B5745494752453A53657420745C
:1067C00068652077656967687420746F2030670D8D
:1067D0000A002B5745494741500041542B57454922
:1067E0004741503A476574206F7220536574207496
:1067F00068652047617056616C7565206F6620770B
:1068000065696768740D0A002B3556540041542B96
:106810003556543A476574206F722053657420656D
:106820007874656E64207468652074696D65206F86
:106830006620355620706F7765720D0A0041542B23
:10684000534554434E543A20476574206F72207369
:1068500065742074686520636F756E7420617420A0
:1068600070726573656E740D0A002B4348530041C6
:10687000542B4348533A20476574206F7220536568
:1068800074204672657175656E63792028556E694E
:10689000743A20487A2920666F722053696E676CBB
:1068A00065204368616E6E656C204D6F64650D0AEE
:1068B0000041542B47455453454E534F5256414C7B
:1068C00055453A2052657475726E73207468652060
:1068D00063757272656E742073656E736F72207665
:1068E000616C75650D0A002B4444455445435400C2
:1068F00041542B444445544543543A204765742041
:106900006F72207365742074686520646F776E6C95
:10691000696E6B20646574656374696F6E0D0A003F
:106920002B5345544D41584E425452414E53004111
:10693000542B5345544D41584E425452414E533AB4
:1069400020476574206F7220736574207468652019
:106950006D6178206E627472616E7320696E204C76
:10696000696E6B4144520D0A002B44495346434E15
:1069700054434845434B0041542B44495346434EEE
:1069800054434845434B3A20476574206F72207347
:1069900065742074686520446F776E6C696E6B2037
:1069A0004672616D6520436865636B28303A456EB9
:1069B00061626C652C313A44697361626C65290DC2
:1069C0000A002B4449534D4143414E530041542B3F
:1069D0004449534D4143414E533A20476574206F1B
:1069E000722073657420746865204D414320414EC8
:1069F000532073776974636828303A456E61626C1E
:106A0000652C313A44697361626C65290D0A004155
:106A1000542B52584441544553543A2053657420E2
:106A200074686520646F776E6C696E6B2064617446
:106A30006120646574656374696F6E0D0A002B4391
:106A400046470041542B4346473A205072696E74C2
:106A500020616C6C20636F6E666967757261746922
:106A60006F6E730D0A000D0A4F4B0D0A000D0A419F
:106A7000545F4552524F520D0A000D0A41545F5067
:106A80004152414D5F4552524F520D0A000D0A4589
:106A900052524F523A4E6F7420696E2052616E67A7
:106AA000650D0A000D0A4552524F523A52756E203A
:106AB00041542B4644522066697273740D0A000DCE
:106AC0000A41545F425553595F4552524F520D0A85
:106AD000000D0A41545F544553545F504152414D9B
:106AE0005F4F564552464C4F570D0A000D0A415410
:106AF0005F4E4F5F4E4554574F524B5F4A4F494E82
:106B000045440D0A000D0A41545F52585F455252E8
:106B10004F520D0A000D0A6572726F7220756E6B0E
:106B20006E6F776E0D0A0045553836380A0D0044F1
:106B300065764575693D202530325820253032581C
:106B40002025303258202530325820253032582028
:106B500025303258202530325820253032580A0D41
:106B6000004C4F52414D4143205354415455532002
:106B70004552524F520A0D000A0D4C534E353020EB
:106B80004465766963650A0D00496D616765205645
:106B9000657273696F6E3A2076312E382E300A0D89
:106BA000004C6F526157616E20537461636B3A20E1
:106BB00044522D4C57532D3030370A0D0046726524
:106BC0007175656E63792042616E643A2000506C85
:106BD00065617365207365742074686520706172E7
:106BE000616D6574657273206F7220726573657470
:106BF0002044657669636520746F206170706C79DC
:106C0000206368616E67650A0D0076312E382E307C
:106C1000005258206F6E20667265712025642048EE
:106C20007A2061742044522025640D0A00525820B5
:106C30006F6E20667265712025642E2564204D4894
:106C40007A2061742044522025640D0A0054582093
:106C50006F6E206672657120256420487A20617409
:106C60002044522025640D0A005458206F6E20667F
:106C70007265712025642E2564204D487A20617448
:106C80002044522025640D0A00414452204D657372
:106C9000736167653A0D0A0054582044617461724B
:106CA000617465206368616E676520746F20256478
:106CB0000D0A005478506F776572206368616E67C3
:106CC0006520746F2025640D0A004E6252657020A5
:106CD0006368616E676520746F2025640D0A005437
:106CE0005820446174617261746520746F6F207301
:106CF0006D616C6C20666F722074686973207061BE
:106D0000796C6F61642073697A652C206368616EA9
:106D1000676520746F2025640D0A005265636569FC
:106D20007665643A20414452204D6573736167650E
:106D30000D0A004A6F696E204163636570743A0DF5
:106D40000A0052783144724F66667365743A25645E
:106D50000D0A0052783244617461726174653A259B
:106D6000640D0A005265636569766544656C6179F6
:106D7000313A256C75206D730D0A005265636569A3
:106D8000766544656C6179323A256C75206D730DBA
:106D90000A000A0D5B256C755D000A0D506C65617B
:106DA0007365207573652041542B44454255472037
:106DB000746F2073656520646562756720696E660F
:106DC0006F0D0A002A2A2A2A2A2055704C696E6BF8
:106DD000436F756E7465723D202575202A2A2A2A14
:106DE0002A0A0D004F6E204365727469662074781C
:106DF000206E657874207061636B65740D00232DBF
:106E0000302B2000686C4C006566674546470030B3
:106E10003132333435363738394142434445460000
:106E20003031323334353637383961626364656600
:106E300000412D46612D66383930313233343536D4
:106E4000375D002B2D003030007858000000000026
:106E5000000000008084FE400000000080840E419D
:106E60000000000080841E41280A00001700000076
:106E70001C0C00000F0000003C0F00000700000089
:106E800050140000160000009C1800000E000000C6
:106E9000781E000006000000A02800001500000079
:106EA000D43000000D000000F03C000005000000A0
:106EB0004051000014000000A86100000C00000018
:106EC000447A000004000000E4A200001300000067
:106ED00050C300000B00000024F400000300000079
:106EE0008545010012000000A08601000A00000094
:106EF00048E80100020000002C8B02001100000095
:106F0000400D03000900000090D0030001000000C4
:106F1000E093040000000000000C23000D1E000E92
:106F2000D2001A01001FAA0024070027120028C15E
:106F3000002994002AC10030D800358F003B0200A0
:106F40004000004130012340BD2D0008212E0008E3
:106F5000490F000825070008DD0E0008C9070008D2
:106F6000DD0F000825100008611000087D130008DF
:106F7000672D00080509000891170008BD0B0008DF
:106F8000610B0008F50B0008A90E0008F1150008B8
:106F9000E50A0008B90700085B0800087D0700083B
:106FA0001D080008991C0008C91C0008B11D000834
:106FB000030406080C101820300000000001020332
:106FC000040000000000000000010203040607089E
:106FD000091F1D1F1E1F1E1F1F1E1F1E1F1F1C1FE0
:106FE0001E1F1E1F1F1E1F1E1F0005010201010183
:106FF00007010101030400005C5B010806000000BA
:107000004D9E00084D9E00086D9E0008635B0108C0
:10701000825B0108010000004D9E00084D9E0008A3
:10702000519E0008845B0108A35B01080400000076
:107030004D9E00084D9E00088D9E0008A85B01082B
:10704000F85A010805000000CD9E0008DD9E0008EA
:107050004D9E0008E45B0108FE5A0108070000008D
:10706000419F0008519F00084D9E0008095C0108DF
:10707000065B010807000000FB9F000809A000084C
:107080004D9E0008355C01080E5B010806000000FB
:10709000F19F0008B59F00084D9E0008615C010843
:1070A000155B0108080000002BA0000839A00008AB
:1070B0004D9E00088B5C01081E5B01080800000063
:1070C0005BA0000869A000084D9E0008BC5C010898
:1070D000F15C0108040000008BA00008AFA00008CC
:1070E0004D9E0008F65C01083B5D010804000000AD
:1070F000D5A00008FDA000084D9E0008405D0108D5
:10710000975D01080300000039A1000861A1000893
:107110004D9E00089B5D0108DA5D01080400000037
:10712000B9A100089DA100084D9E0008DF5D01087F
:10713000395E010804000000E5A1000809A200086A
:107140004D9E00083E5E01087C5E010806000000BE
:107150002FA2000851A200084D9E0008835E01087E
:10716000B35E0108060000008DA20008B1A200086D
:107170004D9E0008BA5E0108065F01080600000087
:10718000F5A2000819A300084D9E00080D5F010834
:10719000625F01080600000045A3000869A300081B
:1071A0004D9E0008695F0108BE5F010806000000EF
:1071B00095A30008B9A300084D9E0008C55F01080B
:1071C0002B60010806000000F5A3000819A40008C0
:1071D0004D9E00083260010898600108040000001C
:1071E00055A4000869A400084D9E00089D60010890
:1071F000DB6001080600000091A40008D5A4000887
:107200004D9E0008E26001080861010804000000CA
:1072100019A500083DA500084D9E00080D61010854
:107220003B6101080400000069A500088DA5000865
:107230004D9E0008406101087061010806000000D1
:10724000B9A50008E9A500084D9E0008776101086E
:107250009F610108050000004D9E00084D9E00083A
:1072600021A60008A5610108BD6101080400000015
:107270002BA600084D9E00084D9E0008C261010823
:10728000275B0108060000004D9E00084DA600087F
:107290004D9E0008E06101082E5B0108050000001A
:1072A0004D9E0008EDA600084D9E000822620108D0
:1072B0005C6201080600000065A700084D9E0008FA
:1072C00065A7000863620108B362010805000000B9
:1072D000B9A700084D9E0008B9A70008B9620108C7
:1072E000EB6201080600000041A8000805A800089C
:1072F0004D9E0008F2620108366301080400000098
:1073000091A8000855A800084D9E00083B6301089D
:107310005F63010804000000A5A800084D9E000856
:107320004D9E0008646301089B630108040000008F
:1073300051A90008BDA800084D9E0008A0630108DF
:10734000D16301080400000079A900084D9E0008DF
:107350004D9E0008D6630108126401080400000075
:107360008DA900084D9E00084D9E00081764010875
:1073700049640108050000009BA900084D9E000813
:107380004D9E00084F64010883640108040000005A
:10739000C5AA000881AA00084D9E0008886401085B
:1073A000CE6401080500000001AB0008D9AA00085E
:1073B0004D9E0008D4640108FF6401080700000026
:1073C00059AB00086DAB00084D9E00080765010829
:1073D00064650108070000009DAB0008B1AB000820
:1073E0004D9E00086C650108C96501080800000091
:1073F0000DAC0008E1AB00084D9E0008D265010805
:107400001E6601080400000075AC000829AC0008E5
:107410004D9E00082366010845660108080000002B
:10742000C5AC000889AC00084D9E00084E660108F6
:10743000BC6601080800000019AD0008D9AC0008BE
:107440004D9E0008C566010833670108080000006A
:107450006DAD00082DAD00084D9E00083C67010889
:10746000A9670108070000004D9E00084D9E000816
:1074700019B10008B1670108D267010807000000D0
:10748000E5AD000881AD00084D9E0008DA670108EF
:10749000086801080400000031AE000809AE0008C9
:1074A0004D9E00080D6801083E5B010807000000C2
:1074B0004D9E000845AE00084D9E00083D6801083D
:1074C0006A6801080400000049AB000811AB00081D
:1074D0004D9E00086F680108465B01080F00000020
:1074E0004D9E000885AE00084D9E0008B168010859
:1074F000E76801080800000051AF0008E1AE00088D
:107500004D9E0008F0680108206901080E00000087
:10751000BDAF00087DAF00084D9E00082F6901082F
:10752000696901080D00000011B00008E1AF000812
:107530004D9E000877690108C26901080A00000031
:107540005DB000082DB000084D9E0008CD6901080F
:10755000345B0108090000004D9E000879B0000866
:107560004D9E00080F6A01083E6A010804000000F1
:107570004D9E00084D9E0008A9A90008436A010815
:10758000666A01086D6A01087A6A01088D6A010855
:10759000A46A0108BF6A0108D16A0108EC6A0108FF
:1075A000056B0108156B010833333373DEDEDEDE55
:1075B00033333373F2F2F2F248E8010048E8010095
:1075C00048E8010048E8010048E8010048E80100F7
:1075D00090D00300000000000C0B0A0908070732D6
:1075E000080A0C0D0E10121415181A1B1D1E21244A
:1075F000A584998D0DBDB1545003A97D1962E69AF9
:10760000459D408715EBC90BEC67FDEABFF7965B1C
:10761000C21CAE6A5A41024F5CF434089373533F64
:107620000C52655E28A10FB509369B3D2669CD9F9A
:107630001B9E742E2DB2EEFBF64D61CE7B3E7197F4
:10764000F568002C601FC8EDBE46D94BDED4E84A71
:107650006B2AE516C5D75594CF100681F044BAE3DE
:10766000F3FEC08AADBC4804DFC17563301A0E6DED
:107670004C14352FE1A2CC3957F28247ACE72B9559
:10768000A098D17F667EAB83CA29D33C79E21D7670
:107690003B564E1EDB0A6CE45D6EEFA6A8A4378B4A
:1076A000324359B78C64D2E0B4FA0725AF8EE9189B
:1076B000D5886F7224F1C751237C9C21DDDC86853F
:1076C0009042C4AAD8050112A35FF9D0915827B9F6
:1076D0003813B333BB7089A7B622922049FF787A5A
:1076E0008FF88017DA31C6B8C3B07711CBFCD63A21
:1076F000C6F8EEF6FFD6DE916002CE56E7B54DEC49
:107700008F1F89FAEFB28EFB41B35F452353E49B91
:1077100075E13D4C6C7EF5836851D1F9E2AB622A8C
:107720000895469D30370A2F0E241BDFCD4E7FEA89
:10773000121D583436DCB45BA476B77D52DD5E137F
:10774000A6B900C140E379B6D48D67729498B0852C
:10775000BBC54FED869A66118AE904FEA078254BD9
:10776000A25D80053F2170F16377AF4220E5FDBF48
:10777000811826C3BE35882E9355FC7AC8BA32E6E6
:10778000C0199EA344543B0B8CC76B28A7BC16ADF5
:10779000DB647414920C48B89FBD43C43931D3F2F2
:1077A000D58B6EDA01B19C49D8ACF3CFCAF447103F
:1077B0006FF04A5C38577397CBA1E83E96610D0F86
:1077C000E07C71CC9006F71CC26AAE6917993A2723
:1077D000D9EB2B22D2A907332D3C15C987AA50A576
:1077E0000359091A65D784D082295A1E7BA86D2CAB
:1077F000637C777BF26B6FC53001672BFED7AB766E
:10780000CA82C97DFA5947F0ADD4A2AF9CA472C018
:10781000B7FD9326363FF7CC34A5E5F171D8311585
:1078200004C723C31896059A071280E2EB27B275A6
:1078300009832C1A1B6E5AA0523BD6B329E32F841E
:1078400053D100ED20FCB15B6ACBBE394A4C58CF16
:10785000D0EFAAFB434D338545F9027F503C9FA8EA
:1078600051A3408F929D38F5BCB6DA2110FFF3D2B8
:10787000CD0C13EC5F974417C4A77E3D645D19736C
:1078800060814FDC222A908846EEB814DE5E0BDB66
:10789000E0323A0A4906245CC2D3AC629195E4799D
:1078A000E7C8376D8DD54EA96C56F4EA657AAE08F7
:1078B000BA78252E1CA6B4C6E8DD741F4BBD8B8A92
:1078C000703EB5664803F60E613557B986C11D9EF8
:1078D000E1F8981169D98E949B1E87E9CE5528DF6F
:1078E0008CA1890DBFE6426841992D0FB054BB169B
:1078F0000111121321222330000000004917010852
:10790000E9160108D5160108A1160108911601080B
:107910006916010873160108871601087B1601080D
:107920005D1601080020202020202020202028286B
:10793000282828202020202020202020202020202F
:10794000202020202088101010101010101010106F
:10795000101010101004040404040404040404109F
:10796000101010101010414141414141010101012D
:1079700001010101010101010101010101010101F7
:107980001010101010104242424242420202020203
:1079900002020202020202020202020202020202C7
:1079A0001010101020000000000000000000000077
:1079B00000000000000000000000000000000000C7
:1079C00000000000000000000000000000000000B7
:1079D00000000000000000000000000000000000A7
:1079E0000000000000000000000000000000000097
:1079F0000000000000000000000000000000000087
:107A00000000000000000000000000000000000076
:107A10000000000000000000000000000000000066
:087A200000000000000000005E
:087A2800F49FFF7F0100000044
:047A30003504000811
:047A34000D04000835
:107A38008D180008891B00086D1600082D1700080E
:107A4800FD060008000000000000C843652D00087E
:107A5800612D0008752E00086B2D0008F12E000816
:107A6800312F000880841E00010001C85D950008C0
:107A7800F99400087593000855930008D17D000813
:107A8800D5840008897D0008D00600200000000089
:107A98001200000014000000307500009F0A00204A
:107AA80000000000010101010101010101010000C4
:107AB80001010101010101010101010101010101AE
:107AC800010101010101010101010101010101019E
:107AD800010101010101010101010101010101018E
:107AE8000101010101010101010101010000000082
:107AF800000000000000000000000000110000006D
:107B08006400000000000000000000000000000009
:107B180064000000000000000000000000000000F9
:107B2800E803000000000000000000000000000062
:107B38000A00000000000000000000000000000033
:107B480064000000000000000000000000000000C9
:107B5800E803000000000000000000000000000032
:107B68000101010101000000000000000000000008
:107B780000000000490000000000000000000000B4
:107B8800000000000100000001000000600100206A
:107B980000000000241700208C170020F417002094
:107BA80000000000000000000000000000000000CD
:107BB80000000000000000000000000000000000BD
:107BC80000000000000000000000000000000000AD
:0C7BD800000000000000000000000000A1
:040000050800045596
:00000001FF
