:020000040800F2
:100000000050002055040008459600084796000857
:1000100000000000000000000000000000000000E0
:100020000000000000000000000000004B960008E7
:1000300000000000000000004D9600084F960008E8
:10004000A5040008A50400086F960008A504000890
:10005000A50400087796000887960008999600087E
:10006000A5040008A5040008A50400086796000878
:10007000A5040008A5040008A5040008A5040008BC
:1000800011980008A5040008A5040008000000005D
:1000900009980008A5040008A5040008A5040008A4
:1000A000A5040008A5040008A50400085796000848
:1000B000A50400085F96000800000000A5040008E1
:1000C00002B4714649084900095C49008E4402BCEB
:1000D0007047C04603B47146490840004900095EB4
:1000E00049008E4403BC704703B471464908400080
:1000F0004900095A49008E4403BC7047002934D096
:100100000123002210B488422CD301242407A142E9
:1001100004D2814202D209011B01F8E7E400A142A6
:1001200004D2814202D249005B00F8E7884201D341
:10013000401A1A434C08A04202D3001B5C08224319
:100140008C08A04202D3001B9C082243CC08A0428A
:1001500002D3001BDC082243002803D01B0901D076
:100160000909E3E7100010BC704701B5002000F05A
:100170005FF802BD0029F8D003B5FFF7C1FF0EBC40
:100180004243891A1847C046002941D010B40400E0
:100190004C40A44601230022002900D549420028F2
:1001A00000D5404288422CD301242407A14204D226
:1001B000814202D209011B01F8E7E400A14204D206
:1001C000814202D249005B00F8E7884201D3401A1D
:1001D0001A434C08A04202D3001B5C0822438C083F
:1001E000A04202D3001B9C082243CC08A04202D3A9
:1001F000001BDC082243002803D01B0901D0090999
:10020000E3E710006446002C00D5404210BC704764
:1002100001B5002000F00CF802BDC0460029F7D05F
:1002200003B5FFF7B3FF0EBC4243891A1847C04617
:100230007047C0468446100062468C4619006346EB
:1002400000E0C0461FB512F0A9FC002801D400212F
:10025000C8421FBD10B512F0FBFB4042013010BD7B
:1002600010B512F09BFC002801DB002010BD01201E
:1002700010BDC04610B512F091FC002801DD002031
:1002800010BD012010BDC04610B512F023FC00289F
:1002900001DC002010BD012010BDC04610B512F0D9
:1002A00019FC002801DA002010BD012010BDC04655
:1002B000844608006146FFE71FB511F022FB0028C5
:1002C00001D40021C8421FBD10B511F0B7FA404259
:1002D000013010BD10B511F014FB002801DB002027
:1002E00010BD012010BDC04610B511F00AFB00285A
:1002F00001DD002010BD012010BDC04610B511F079
:10030000C2FA002801DC002010BD012010BDC0464B
:1003100010B511F0B8FA002801DA002010BD012054
:1003200010BDC046002B11D1002A0FD1002900D1E9
:10033000002802D00021C943080007B4024802A1E6
:100340004018029003BDC046E9FEFFFF03B46846B3
:1003500001B5029811F01AF9019B9E4602B00CBC3F
:100360007047C046D0400B00D1409C46203AD34055
:10037000184352426346934018437047914003002C
:1003800090409C46203A9340194352426346D340E2
:10039000194370471C2101231B04984201D3000C10
:1003A00010391B0A984201D3000A08391B099842E8
:1003B00001D30009043902A2105C40187047C046FE
:1003C000040302020101010100000000000000001E
:1003D00010B5002903D1FFF7DDFF203002E008004F
:1003E000FFF7D8FF10BDC04602780B78002A03D073
:1003F000013001319A42F7D0D01A70470023C25C15
:100400000133002AFBD1581E7047000010B5064C7E
:100410002378002B07D1054B002B02D0044800E0C5
:1004200000BF0123237010BDB001002000000000B8
:10043000F44E0108044B10B5002B03D003490448C7
:1004400000E000BF10BDC04600000000B401002065
:10045000F44E01080D488546002103E00C4B5B5823
:10046000435004310B480C4B42189A42F6D30B4AC6
:1004700002E0002313600432094B9A42F9D302F0E0
:10048000B1FD13F037FB08F015F8FEE7005000202F
:100490000476010800000020B0010020B001002017
:1004A00078180020FEE70000F7B505000E00019265
:1004B000EFF3108772B606F0C5FA0024019AA30084
:1004C000E918A2420CDD0220F25806F0E9FA0028F1
:1004D00001D10134F2E787F31088044810F020FAC4
:1004E00006F0C2FA87F31088F7BDC046544F0108E2
:1004F0000268024B1A6018687047C046CC010020A1
:1005000070B50400EFF3108572B606F09BFA200078
:1005100006F0B4FA002804D085F31088034810F0E0
:10052000FFF906F0A1FA85F3108870BD714F01083C
:1005300070B5EFF3108572B606F084FA094C20000E
:1005400006F09CFA002804D085F31088064810F0C5
:10055000E7F9064B04349C42F1D106F085FA85F3A5
:10056000108870BD60000808714F0108D8000808A5
:10057000304B10B51A6D8022196D120492B00A43E7
:100580001A650021342205A813F094FA082304A860
:100590000493073B099303F071FE002801D007F094
:1005A00021F8254C254B264A236000232000636058
:1005B000A360E260236105F0A7FB002801D007F0EB
:1005C00011F81421200005F027FD012300220193DA
:1005D00069460B33200000920293039205F0D4FB8E
:1005E000002801D006F0FEFF0021200005F0C2FB2C
:1005F000002801D006F0F6FF124A1368022BFCD146
:100600000021200005F0BBFB200005F099FB0E4BFC
:100610000E481A681A600E4B0360062343600D4BA8
:100620008360C36006F0F6FA002801D006F0DAFF16
:1006300012B010BD00100240DC0100200008014093
:10064000FFFF0000D0010020D40100201402002090
:1006500000300040FF0F0000002110B50D4805F0EC
:100660002FFC0D490B685A1C0A600C4A5B00D052E3
:100670000B68012B0CD951881288094B891A18680C
:1006800089B2FFF73BFD074B18601A68D2001A6069
:1006900010BDC046DC010020D0010020D8010020A0
:1006A00034000020D401002010B5024805F02CFCD5
:1006B00010BDC046DC01002010B5044806F0D6FA93
:1006C000002801D006F08EFF10BDC04614020020A5
:1006D000094A0023110010B51468844202D89468B6
:1006E000844204D801330832152BF5D1FEE7DB0034
:1006F000C918087910BDC046686A0108054B5A79C7
:10070000002A05D130331A78002A01D101321A703B
:100710007047C04660020020014B18607047C04619
:10072000C8020020014B18797047C04660020020C3
:1007300010B586B001241422002101A813F0BAF9E3
:100740000323210001AA0C480493029406F068FFD9
:1007500021000022084806F0D5FF20000FF010FF0E
:100760000023210001AA0448029306F059FF062045
:100770000FF006FF06B010BD0004005070B5050074
:100780000C00A0208021160009020022C00506F0FE
:10079000B9FF8020284307F025FAA619B44207D1F3
:1007A0008021A02001220902C00506F0ABFF70BD28
:1007B000207807F017FA0134F0E707B56B46D971D6
:1007C000073301221900FFF7D9FF07BD114B70B5A0
:1007D000114998600500FFF7CDFC104B0802C018C6
:1007E0000D49FFF78BFC0C4904002800FFF786FC3D
:1007F00000022418210C0620C9B2FFF7DEFF210AEF
:100800000720C9B2FFF7D9FF0820E1B2FFF7D5FFF3
:1008100070BDC04660020020093D0000841E00003B
:1008200070B505000C00A0208021160009020022EE
:10083000C00506F067FF7F20284007F0D3F9A6190E
:10084000B44207D18021A02001220902C00506F090
:1008500059FF70BD002007F0C5F920700134EFE7A3
:1008600013B56B46DC1D01222100FFF7D9FF20786C
:1008700016BD000070B50920FFF7F2FF0500062045
:10088000FFF7EEFF04000720FFF7EAFF2404000251
:1008900004430820FFF7E4FF1A4B0443C0B2584357
:1008A000240A5C438030000A002104190920FFF764
:1008B00084FF3B20FFF7D4FF40210143C9B23B2016
:1008C000FFF77BFF20263B20FFF7CAFF3042FAD11B
:1008D0000D48FFF77BFF3B20FFF7C2FF402101439C
:1008E000C9B23B20FFF769FF20263B20FFF7B8FF86
:1008F0003042FAD129000920FFF75FFF2000FFF7FF
:1009000065FF70BD093D000000A1BC33F0B587B0A4
:100910000391002804D0012855D0002007B0F0BD75
:100920006A4C2720258CFFF79BFFF8239843013062
:10093000401912F0C1FEE31CDB7F0022002B3ED0E9
:10094000002311F037FB060030200F00FFF788FF6F
:10095000F923002298430023002800D05C4B30008C
:10096000390011F027FB060003980F0012F0A4FED7
:1009700002000B003000390011F01CFB631DDB7F0F
:100980000022002B1DD08023DB0511F013FB002279
:10099000504B12F067F90600E0690F0012F0B4FE48
:1009A00002000B003000390011F0CCFD00224A4B50
:1009B00012F058F914F050FA10F0CCFDAEE7444BA9
:1009C000BFE70023E1E7414D6B6C073B022B79D871
:1009D000424ADB00D218166857680120AC6CA04070
:1009E00012F06AFE02000B003000390011F0AAFD7F
:1009F00002000B000020364911F0A4FD2B000090EE
:100A000001914E33188812F057FE0022344B11F03A
:100A1000D1FA009A019B12F025F9039B04900591ED
:100A2000DA002B0052331B78A1001B015B1A002156
:100A3000503528781C33884200D01431D018401A21
:100A400012F062FE274B06001B780F005B00E01AD5
:100A5000800012F059FE02000B003000390011F046
:100A600071FD14F0E3F806000F00184D4D3528789D
:100A7000043012F021FE32003B0012F0F3F80022A5
:100A8000002304000D00FFF7FFFB002801D1002424
:100A900000250022200029000E4B11F08BFA009A4D
:100AA000019B12F0DFF8049A059B11F083FA0022F3
:100AB000094B12F0D7F80C4A0C4B11F07BFA14F0EA
:100AC0003DF979E70026002787E7C046600200204D
:100AD0000000F03F0000204000408F40506A0108B5
:100AE00000001140AC0200202B8716D9CEF7EF3F53
:100AF00010B5002804D001280AD00120404210BDC2
:100B00001120FFF7ADFE4008C0B2404200B2F6E748
:100B1000064B074A9B681B20934203D9FFF7A0FEB0
:100B20009D38F3E7FFF79CFEA438EFE76002002052
:100B300040DD4A1F70B504000B4D01202B681B6877
:100B400098472B6800201B6998472B6820005B6939
:100B500098470120FFF784FE072398430443E1B23E
:100B60000120FFF72AFE70BDC802002010B506481C
:100B70000FF004FE05480FF001FE0120FFF7DAFF39
:100B80000022034B1A7110BD380200204C020020D5
:100B90006002002070B5041E11D10120FFF760FE35
:100BA000F82101400120FFF708FE064D01202B68C7
:100BB0001B6998472B6820001B68984770BDFFF79A
:100BC000B9FFFBE7C802002010B509480FF0D6FDB9
:100BD00008480FF0D3FD0020FFF7DCFF064B002094
:100BE0001B681B6898470022044B1A7110BDC04651
:100BF000380200204C020020C802002060020020C1
:100C0000F8B5060077480FF0B9FD774C6579002DEF
:100C10002FD00027012D51D1230055331B784127B8
:100C20003320002B00D16CE0FFF71AFE3843C1B22D
:100C30003320FFF7C2FD19213B20FFF7BEFD636C97
:100C40003120082B00D9B4E0FFF70AFE7F210140D4
:100C50003120FFF7B2FD30200021FFF7AEFD606CC0
:100C6000082861D8FFF72CFA577D848B9299A0A0B1
:100C7000A000E31D4020DF7FFFF7F2FD03230C21DE
:100C8000184001434020FFF798FD4120FFF7E8FDA1
:100C90003F2149420143C9B24120FFF78EFD352073
:100CA000FFF7DEFD3F23184023003E3318701E215E
:100CB0000D20FFF782FD2586A5876587802200210C
:100CC0004A48520012F0F6FE01232371002E07D08D
:100CD000474D310028000FF07DFD28000FF0E0FCAB
:100CE0006379002B00D075E00520FFF723FF414B0F
:100CF000E16A1C0018000FF06DFD20000FF0D0FC21
:100D0000F8BDFFF7ADFDB8430543E9B23320FFF767
:100D100054FD1D2190E72F204821FFF74EFDA068CC
:100D2000354BC018FFF752FD230056331F782300C0
:100D300053331B78002B44D01D211120FFF73DFDBC
:100D40004020FFF78DFD332101404020FFF735FDA6
:100D500000210F20FFF731FD00210D20FFF72DFDB1
:100D6000ACE72F204421FFF728FDA068234BD8E7EC
:100D70002F204421FFF721FDA068214BD1E72F2030
:100D80004421FFF71AFDA0681E4BCAE72F2044211B
:100D9000FFF713FDA0681C4BC3E72F204421FFF78A
:100DA0000CFDA068194BBCE740212F20FFF705FD83
:100DB000BAE7FFF755FD802149420143C9B231200E
:100DC000F4E71F211120FFF7F8FC4020FFF748FD52
:100DD0003F21B9E70520002F00D10620FFF7AAFE2A
:100DE0008EE7C0464C02002060020020CC020020AA
:100DF0003802002024020020821E0000B4280000D7
:100E0000043D00005E510000127A0000C6A20000FE
:100E100070B5040027480FF0B1FC274D21002800D1
:100E20000FF0D8FC254C6379002B0AD0012B23D07E
:100E30000223280023710FF033FC0320FFF77AFE12
:100E400070BD4020FFF70CFD032310211840014323
:100E50004020FFF7B2FC4120FFF702FD3E21014098
:100E60004120FFF7AAFC3520FFF7FAFC3F2318408A
:100E700023003E331870DBE7230053331B78002B2D
:100E80000ED0F5211120FFF798FC4020FFF7E8FC79
:100E900033230100402019400143FFF78EFCC7E7D0
:100EA000F7211120FFF789FC4020FFF7D9FC3F23F1
:100EB000EFE7C046380200204C020020600200200C
:100EC00070B50B4C6379012B10D1FA211120FFF77B
:100ED00074FC4020FFF7C4FC0325A843C1B24020A6
:100EE000FFF76BFC07202571FFF724FE70BDC0469D
:100EF0006002002010B504000120FFF7B1FCC0091A
:100F0000C0B2164BA04201D1587110BD5C71012CCA
:100F100012D0FFF759FE0120FFF7A2FC7F2101400C
:100F20000120FFF74AFC00214020FFF746FC30215A
:100F30004120FFF742FCE8E7FFF746FE2000FFF7FD
:100F40008FFC802149420143C9B22000FFF735FCE4
:100F500000214020FFF731FC0021E9E7600200207A
:100F600070B51B4B1B4C186021001B480FF090FB09
:100F700021001A480FF08CFB210019480FF088FB64
:100F8000184D01202B681B689847FFF7D1FBFFF72E
:100F900071FC0020FFF7FEFD2B6813489B68984703
:100FA000124C134E2078FFF7A5FFA1786078033428
:100FB000FFF703FCB442F5D10020FFF79BFF0022AE
:100FC0000C4B1A712B685B689847023070BDC046A5
:100FD000CC030020211D00084C0200203802002014
:100FE00024020020C802002000000020186B010825
:100FF000486B010860020020F8B50E0017001D00C4
:101000000400FFF777FF3000FFF7E0FB0520FFF754
:1010100091FD01200FF0B4FA0FF0EDFB0600300057
:101020000FF0EFFBA84204D30124FFF7CDFD200011
:10103000F8BD2000FFF75CFDB842F0DD0024F4E7C6
:1010400070B500240120FFF755FFFF211120FFF7A5
:10105000B4FB0520FFF76EFD2500012630000FF0E0
:101060008FFA2C20FFF7FCFB3040A04001340543F1
:10107000202CF3D1FFF7A8FD280070BDF0B58DB08E
:10108000069312AB160004CB04001B880892019350
:1010900014AB1B880CAA059315AB1B780D000293AB
:1010A00016AB1B78039317AB1B78049318AB1B7814
:1010B0000A9319AB1B780B9319239B18DF7F1D2311
:1010C0009B18DB7F0993FFF715FF002C04D0012C40
:1010D00000D183E00DB0F0BDA94C089B029AA3613A
:1010E000E31CDA77039A231DDA77049A631DDA7713
:1010F000099AA31DDF77E31DDA77019BE66123845C
:101100003000656112F000FB02000B0006000F00CA
:1011100000209C4911F016FA00229B4B11F0A2FD11
:1011200006900791059812F0C7FA02000B00069886
:10113000079911F097FD0022944B11F093FD10F0E8
:1011400009FA32003B00E0629149002011F0FAF9FF
:1011500010F000FA84B2210A0220FFF72EFBE1B260
:101160000320FFF72AFB2800FFF7B2FA0100122044
:10117000FFF723FB0898FFF7ABFA01001320FFF7F6
:101180001CFB019B2520190AFFF717FB6B46262045
:101190001979FFF712FB029B0399002B00D1FF2165
:1011A0003220FFF70AFB3020FFF75AFB0121029B98
:1011B0005940049BC9011B0119436F231840014387
:1011C000C9B23020FFF7F9FA3120FFF749FB40217F
:1011D00001433120C9B2FFF7F0FA7BE7022D00D9B5
:1011E000FEE7674B06991A004D3211701A000199FB
:1011F0004E3211801A000299503211701A00039970
:10120000513211701A000499523211701A000A9961
:10121000533211701A000B99543211701A00553262
:1012200007351770099A5D649E64563334001A704E
:10123000062E00D382E00624072D00D083E0220092
:10124000002301210B3A91425B41DBB24C4A514FE2
:101250001D2008923B70FFF703FB069B1D205900E1
:10126000029B240119432B011943C9B2FFF7A5FAC8
:101270001E20FFF7F5FA059B9905049B890F9B003B
:1012800019432143082420400143C9B21E20FFF71F
:1012900094FA2620FFF7E4FA3978A043C900014305
:1012A000C9B22620FFF789FA6B461F20197DFFF788
:1012B00084FA019B2020190AFFF77FFA6B46212050
:1012C0001979FFF77AFA029B002B03D022200399A9
:1012D000FFF773FA089B53331B78002B0FD0442081
:1012E000FFF7BEFA802149420143C9B24420FFF70B
:1012F00064FA089B242054331978FFF75EFA092D0D
:101300002FD1089A244B9268022136209A4224D980
:10131000FFF753FA64213A20FFF74FFA07243120F0
:10132000062E21D8FFF79CFA0521A0430143C9B23C
:101330003120FFF742FA0C2137204CE70C2E00D861
:101340007AE70C2478E72A00083A53425A410B23E3
:10135000B3429B415B42134078E7FFF72EFA7F21AF
:10136000D9E703213620D7E7FFF77AFA0321A04314
:101370000143C9B23120FFF720FA0A21DCE7C04659
:10138000600200200000F03F0000204000408F403D
:1013900080847E41AC02002040DD4A1FF0B50D0084
:1013A00089B01F000EAB10CB06001B78039204938C
:1013B00010AB1B88009311AB1B78019312AB1B7809
:1013C000029313AB1B78059314AB1B78079315ABF3
:1013D0001B780693FFF78EFD874B28001B68DB68A0
:1013E0009847002E03D0012E5FD009B0F0BD834B8B
:1013F000039A01991A61009A1D731A84DA1CD17735
:1014000002995A1DD17706999A1DD177169ADC61F7
:101410009A6203985F6112F077F90022784B11F01D
:1014200091F810F097F885B2290A0420FFF7C5F962
:101430000520E9B2FFF7C1F9200012F065F90200BA
:101440000B0000206F4911F07DF810F083F884B292
:10145000210A0220FFF7B1F90320E1B2FFF7ADF94D
:10146000009B2520190AFFF7A8F96B46262019785A
:10147000FFF7A3F93020FFF7F3F90121019B594051
:10148000029BC9011B0119436F2318400143C9B2D4
:101490003020FFF792F93120FFF7E2F940210143B4
:1014A0003120C9B2FFF789F99FE7574A534B1570AE
:1014B000022F00D9FEE71A0004994D3211701A006C
:1014C00000994E3211801A000199503211701A00A1
:1014D0000599533211701A000799543211701A008D
:1014E0000299523211701A00069955321170169AEB
:1014F000FE1D25005E649C649A65062C62D206255A
:10150000072E63D12A00002301210B3A91425B414F
:10151000DBB23E4A394F1370059B002B0FD044209D
:10152000FFF79EF9802149420143C9B24420FFF7E9
:1015300044F93B00543324201978FFF73EF91D206D
:10154000FFF78EF9049B36015900019B1D200B43C8
:1015500019003143C9B2FFF730F91E20FFF780F9B7
:10156000029B2D019B001D430B2318400543E9B24C
:101570001E20FFF722F92620FFF772F908234C37C7
:1015800039789843C9000143C9B22620FFF715F9FD
:10159000009B2020190AFFF710F96B4621201978CB
:1015A000FFF70BF907253120062C19D8FFF758F95A
:1015B0000521A8430143C9B23120FFF7FEF80C21F1
:1015C00037206FE70C2C9BD90C2599E73200083A9D
:1015D00053425A410B23A3429B415B42134098E77D
:1015E000FFF73EF90321A8430143C9B23120FFF7B9
:1015F000E4F80A21E4E7C046C802002060020020A7
:1016000080844E4080847E41A0020020AC020020F5
:1016100030B5FA248BB0A40054430D00FFF7D6F880
:1016200005230293962300205B0102002900089401
:10163000079006900590049003900190009303009A
:10164000FFF7ACFE3120FFF70BF94025A843C1B2EC
:101650003120FFF7B2F82800F021FFF7AEF8A02103
:101660004120FFF7AAF8084B210018001C000FF0DA
:10167000B1F80222054B20001A710FF011F8032077
:10168000FFF758FA0BB030BD4C020020600200207A
:1016900070B52B4C2179012902D0022948D070BDA8
:1016A0006379002B17D0012BF9D153342378022111
:1016B000002BF4D01220FFF780F8224B1B68002B80
:1016C000EDD05C69002CEAD01C20FFF7C9F83F235D
:1016D0001840A047E3E7230030331970258E012D11
:1016E000DDD119480FF04AF82300112031331D7065
:1016F000FFF7B6F8230040083233404218701B2031
:10170000FFF7AEF805001C20FFF7AAF82D020F4BDB
:101710000543C0B258432D0A6B438030000AC018FD
:1017200060630C20FFF79CF8383440092070B6E75E
:101730006379012BB3D153342378002BAFD0B9E7B1
:1017400060020020CC03002024020020093D00009C
:1017500070B5124B5C79012C12D11220FFF780F882
:1017600005000F4E254020420BD005211220FFF727
:1017700024F83368002B03D09B692000002B0BD189
:1017800070BD04211220FFF718F83368002BF7D042
:101790009B69002BF4D028009847F1E760020020F5
:1017A000CC03002010B50A0001000020FEF7E6FF80
:1017B00010BD0000F7B56B46374CD9716579DF1D58
:1017C0000600002D35D00020012D52D123005533C5
:1017D0001B783320002B54D0FFF742F84123984365
:1017E000C1B23320FEF7E9FF19213B20FEF7E5FFE8
:1017F00023003D786433290022201D70FEF7DDFFB1
:1018000000210E20FEF7D9FF00210D20FEF7D5FFA5
:101810000120FFF725F8F823984304D1FFF7A6F934
:1018200001200EF0ADFE30002900FFF7BBFFA06DD8
:101830001FE0A5873D78E31C6587DB7F002B1BD16C
:1018400001213800FFF7AEFF6B1E3F2B05D92A00A0
:10185000310012480FF009F82025270030003F37EB
:1018600029003D70FFF79EFF3B78A28FA06A9B186E
:10187000A387FFF7CDFAF7BD29003220FEF79DFFC1
:10188000E2E7FEF7EDFF412398430543E9B2332039
:10189000FEF793FF1D21A8E760020020CC02002084
:1018A00010B50A0001000020FEF7BAFF10BD0000CD
:1018B000F0B585B002ABDD1D0023B14C2B70237950
:1018C000012B04D0022B00D130E105B0F0BD6379CB
:1018D000002B24D0012BF8D140211220FEF76DFF00
:1018E0001220FEF7BDFF202128702B78A54EA64DB3
:1018F0000B4200D18FE01220FEF75FFF230056332A
:101900001B78002B00D1237130000EF037FF2B68BD
:10191000002BDAD01B69002BD7D09847D5E7631D81
:10192000DB7F984A994E984F0192002B32D03F208E
:10193000FEF796FF28702B789B072BD40B213E20B7
:10194000FEF73BFF10213F20FEF737FF01980EF016
:1019500015FFE31DDD7F002D0FD130000EF00EFFCF
:1019600025713B68002B03D01B69002B00D09847E2
:1019700000232386A3876387A7E70D20FEF770FF68
:1019800040210143C9B20D20FEF717FF30000EF0D1
:1019900087FEE6E7618FA08F0B007D4D034309D1E1
:1019A000E31CDB7F002B24D101217A48FFF778FF6D
:1019B000A08F618F091AC9B22818FFF771FF638FD2
:1019C0000198A3870EF0DAFEE31DDB7F002B15D113
:1019D000300023710EF0D2FE3B68002BC8D09E6809
:1019E000002EC5D0322200232800A256618FB047B6
:1019F000BEE73220FEF734FF6087D9E70D20FEF7FF
:101A00002FFF40210143C9B20D20FEF7D6FE300062
:101A10000EF046FEE0E71920FEF722FF270040B255
:101A200002306037801038701A20FEF719FF00234B
:101A30000100FB560AB21211A068574F92B2002B58
:101A400042DA9BB2B8423DD99D3BC818101800B28B
:101A500023006233188027001320FEF701FF64374C
:101A600038701020FEF7FCFE01000D20FEF7A5FEE9
:101A70003978474F3800FFF713FF230056331B78A0
:101A8000002B00D1237130000EF078FE2B68002B64
:101A900000D11AE79D68002D00D116E7220023002F
:101AA00062320021525E210060331B7864315BB2E8
:101AB00038000978A847394D2B78002B0ED0002329
:101AC0002B7002E7A43BC0E7B84203D99D395118F7
:101AD00008B2BDE7A439521810B2B9E7304B1B78F1
:101AE000002B09D12F4E3378002B0FD12E480EF04A
:101AF00017FF0028FAD10FE00EF07DFE060031003E
:101B00002A480EF00DFF0028F9D1EBE728480EF027
:101B100007FF0028FAD13070230062330021595E9C
:101B200024480EF0FDFE0028F6D1C8E722480EF04A
:101B300025FE6379012B03D108211220FEF73DFE1B
:101B400000232371104B1B68002B00D1BDE61B68DE
:101B5000002B00D1B9E69847114B1B78002B08D019
:101B60000EF049FE0400210010480EF0D9FE0028B6
:101B7000F9D112480EF0D4FE0028FAD1A5E6C046ED
:101B80006002002038020020CC0300202402002044
:101B9000CC0200209A02002040DD4A1FBF12002024
:101BA0003B0B0020C2120020A14F010896690108DA
:101BB000934F0108AA4F01084C020020B54F0108BD
:101BC00070B5394C2579012D02D0022D56D070BD4B
:101BD0006379002B25D0012BF9D134480EF0CEFDCE
:101BE00080211220FEF7E9FD00232371304B1B6892
:101BF000002BECD0DB68002BE9D098472D4B1B78ED
:101C0000002B08D00EF0F7FD040021002A480EF04A
:101C100087FE0028F9D129480EF082FE0028FAD16B
:101C2000D5E727480EF0AAFD638FA28F134307D193
:101C3000E31CDB7F002B17D129002248FFF730FE81
:101C400025003E35A28F638F1F48297810189B1AF4
:101C50008B420EDB0139C9B2FFF722FEA28F2B782F
:101C6000013A9B18A387B2E73220FEF7F9FD60879F
:101C7000E6E7D9B2FFF714FE638FF3E76379002B31
:101C8000A5D125003F35A28F638F0F482978101802
:101C90009B1A8B4204DDFFF785FD2B78A28FE0E7CE
:101CA000D9B2FFF77FFDE7E760020020380200208D
:101CB000CC0300203B0B002096690108BE4F0108B1
:101CC000240200209A020020CC02002070B50400FB
:101CD0000D00FFF70FF9002C02D0012C09D070BDC8
:101CE000054BDB7F002BFAD129003220FEF765FD82
:101CF000F5E729002320F9E76302002010B504006E
:101D00000120FFF7F7F8054B34211C70002C00D19F
:101D100012213920FEF751FD10BDC046BC02002043
:101D200070B52B4C2379012B02D0022B2DD070BD26
:101D30006379002B1BD10B213E202386A387638769
:101D4000FEF73BFD10213F20FEF737FDE31DDB7F53
:101D5000204D002B14D00D20FEF782FD40210143C1
:101D6000C9B20D20FEF729FD28000EF099FC1A4B90
:101D70001B68002BDBD0DB68002BD8D09847D6E758
:101D8000280023710EF0FAFCF1E7FEF7D1FCFEF714
:101D900071FD0020FEF7FEFE104D114E2878FFF772
:101DA000A9F8A97868780335FEF707FDB542F5D1A3
:101DB0000020FFF79FF823005C331878FFF79EFFA1
:101DC00000232371044B1B68002BB0D05B68D3E762
:101DD0006002002024020020CC030020186B0108C0
:101DE000486B0108034B10B51B685B6898470230CD
:101DF00010BDC046C80200200023022130B587B0C4
:101E000005930D4B2024DA6A01250A43DA62DB6A66
:101E10000A480B400093009B112301A902930E3B3B
:101E200004930194039503F001F82A00210003486C
:101E300003F038F907B030BD001002400004005034
:101E40007FB50C22002103A811F034FE0221094BBA
:101E50000948DA6A0A43DA62DB6A0B400093009BA6
:101E6000202301A901931D3B029302F0DFFF07B07D
:101E700000BDC046001002400004005030B51025DF
:101E800087B02A000021040002A811F013FE0121EE
:101E9000124BDA6A0A43DA62DB6A01950B4000935F
:101EA000009B022C16D0032C16D08C4201D10C4B77
:101EB0000293A02001A9C00502F0B8FF002C07D0B2
:101EC00007200022022102F075FF072002F09AFF8E
:101ED00007B030BD034BEBE7034BE9E700100240CE
:101EE00000003110000021100000111010B586B064
:101EF00010220021040002A811F0DCFD0221134B86
:101F0000DA6A0A43DA62DB6A0B400093009B8023A3
:101F1000DB0101938C4215D0032C15D0012C01D18B
:101F20000B4B02930B4801A902F080FF002C07D055
:101F300007200022022102F03DFF072002F062FF8D
:101F400006B010BD044BECE7044BEAE7001002407A
:101F5000000031100004005000002110000011109A
:101F600010B586B010220021040002A811F0A2FDD5
:101F70000221134BDA6A0A43DA62DB6A0B400093F0
:101F8000009B80231B0201938C4215D0032C15D09B
:101F9000012C01D10B4B02930B4801A902F046FF23
:101FA000002C07D007200022022102F003FF0720A7
:101FB00002F028FF06B010BD044BECE7044BEAE743
:101FC00000100240000031100004005000002110F9
:101FD000000011107FB51022002102A811F06AFD47
:101FE00001210A4BA020DA6AC0050A43DA62DB6AE3
:101FF00001AA0B4000938021009B0223490101911B
:10200000039305F00DFB07B000BDC0460010024071
:102010007FB50C22002103A811F04CFD01210A4BD1
:10202000A020DA6AC0050A43DA62DB6A01AA0B4023
:1020300000938021009B032349010191029305F045
:10204000EFFA07B000BDC0460010024010B586B0E0
:102050000C22002103A811F02DFD02210C4B1024AD
:10206000DA6A0C480A43DA62DB6A01940B40009397
:10207000009B012302935B1801A9049302F0D6FE92
:1020800000222100034803F00DF806B010BDC04641
:1020900000100240000400507FB50C22002103A86C
:1020A00011F008FD0221094B0948DA6A0A43DA6295
:1020B000DB6A0B400093009B102301A901930D3BA9
:1020C000029302F0B3FE07B000BDC046001002400C
:1020D0000004005000B589B0012813D102211B4B28
:1020E0001B48DA6A0A43DA62DB6A0B400093009B02
:1020F00008230393002303A90493059302F096FE9B
:1021000009B000BD022812D10121104BDA6A0A433E
:10211000DA62DB6A0B400193019B80239B00A020C5
:102120000393002303A904930593C005E6E703285E
:10213000E6D10121054BDA6A0A43DA62DB6A0B4019
:102140000293029B8023DB00E9E7C04600100240B7
:102150000004005000B589B0012812D102231C4AA6
:10216000D16A1943D162D26A04901A400092009A4F
:102170000822184803A90392CB6002F057FE09B069
:1021800000BD022811D10123114AD16A1943D1623D
:10219000D26A03A91A400192019A80229200039206
:1021A0004B60C860A020C005E7E70328E7D1012302
:1021B000074AD16A1943D162D26A04931A40029243
:1021C000029A8022DB18D2000392069303A9E9E762
:1021D000001002400004005010B5040001280CD18A
:1021E000FFF7B8FF00220821144802F05BFF22002D
:1021F0000821124802F056FF10BD02280ED1FFF749
:10220000A9FF8021A02000228900C00502F04AFF1A
:10221000802101228900A020C005EBE70328EBD133
:10222000FFF798FF8021A0200022C900C00502F01E
:1022300039FF80210122C900EDE7C04600040050AB
:1022400070B5012822D1FFF745FF0025082133484A
:1022500002F022FF041E07D0C82D02D10124200065
:1022600070BD0135EDB2F1E7C82DF7D008212B483C
:1022700002F012FF002801D1F02C04D1F03C63429F
:102280005C41E4B2EBE70134E4B2EFE702281ED18F
:10229000FFF720FF00258021A0208900C00502F063
:1022A000FBFE041E04D0C82DD8D00135EDB2F2E7F4
:1022B000C82DD3D08021A0208900C00502F0ECFEFB
:1022C0000028DBD1F02CD9D00134E4B2F2E70024AD
:1022D0000328C4D1FFF7FEFE8021A020C900C0055D
:1022E00002F0DAFE051E04D0C82CB7D00134E4B2E7
:1022F000F2E7C82CB2D08021A020C900C00502F0AE
:10230000CBFE002801D1F02D04D1F03D6B425D41A0
:10231000ECB2A4E70135EDB2EDE7C0460004005091
:1023200010B50400012813D1FFF714FF0821002283
:10233000194802F0B7FE2000FFF7CCFE082116482E
:1023400002F0AAFE013843425841C3B2180010BD42
:10235000022810D1FFF7FEFE8021A0208900002274
:10236000C00502F09FFE2000FFF7B4FE8021890027
:10237000A020C005E4E70328E8D1FFF7EBFE8021A9
:10238000A020C9000022C00502F08CFE2000FFF74B
:10239000A1FE8021C900EBE70004005070B50024C5
:1023A000050026002800FFF7BBFFA04001340643CC
:1023B000F6B2082CF6D1300070BD0000080010B550
:1023C000012911D1FFF7C6FE0824002208211E486A
:1023D000013C02F067FEE4B2012208211A4802F033
:1023E00061FE002CF1D110BD022915D1FFF7B2FE1C
:1023F00008248021A02000228900C00502F052FE9E
:102400008021A020013C01228900C005E4B202F035
:1024100049FE002CEDD1E6E70329E4D1FFF79AFE4F
:1024200008248021A0200022C900C00502F03AFE45
:102430008021A020013C0122C900C005E4B202F0C5
:1024400031FE002CEDD1CEE70004005010B50400A1
:10245000FFF7C2FE2000FFF7F3FE2100CC20FFF7BC
:10246000ADFF10BD10B50400012803D12000FFF717
:10247000B3FE03E00228F9D00328F7D02000FFF7CD
:10248000DFFE10BD00B589B0012814D102211F4B19
:102490001F48DA6A0A43DA62DB6A0B400093009B4A
:1024A00008230393053B0493002303A9059302F03B
:1024B000BDFC09B000BD022814D10121134BDA6A1A
:1024C0000A43DA62DB6A0B400193019B80239B0085
:1024D0000393FE3BFF3B0493002303A90593A02035
:1024E000C005E4E70328E4D10121084BDA6A0A4376
:1024F000DA62DB6A0B400293029B8023DB000393CA
:10250000002303A948608B60E9E7C0460010024041
:1025100000040050F0B50200411801260020732786
:102520008A4200D1F0BD0824157803006B40334087
:102530005B42BB4340085840013CC0B26D08002CD0
:10254000F3D10132ECE70000F0B5032300260400CC
:1025500087B0019300962000FFF784FF051E50D13D
:102560002000FFF773FF21004420FFF727FF2E48CC
:1025700006F022FE2000FFF769FF2100BE20FFF7D2
:102580001DFF2000FFF70AFF03AF78550135092D25
:10259000F7D108213800FFF7BDFF3B7A834234D1E1
:1025A0000023F85E002827DA404211F085F8002267
:1025B0001E4B10F057FB11F009F91D49051CFDF7E2
:1025C00083FE002803D00136F6B2022E1DD100266C
:1025D0002000FFF757FF002E23D11649281CFDF7D6
:1025E00079FE00281DD11449281CFDF787FE00281C
:1025F00017D1281C07B0F0BD11F05EF800220F4B78
:10260000D7E7009B0133DBB20093019B013BDBB2B8
:102610000193002B02D0009B032B9CD10126044D7B
:10262000D6E7074DE5E7C046020300000000B0BF53
:102630000000AA4200005CC20000FA420000B03F65
:1026400033CB4C4510B50E4B0E4C23600E4B200087
:1026500063600123E36000232361A361E3612362DC
:10266000F033A3600E33636103F0DCFE002801D079
:1026700004F0B8FF0021200004F0BEF910BDC046F0
:1026800000540040D0030020563EA110F0B5FA27B8
:10269000002401260D4B87B01B7805AD2B70BF00C1
:1026A0000123C5211A000A4802970196009504F0FB
:1026B00055F82B78013433402B70A4B2002B02D094
:1026C000044B9C42ECD1200007B0F0BDCA4F01087A
:1026D000D003002010270000F0B589B06A46224BD5
:1026E00004AD1B7805AF2B70204BFA261B78012414
:1026F0003B701F4BB6001B7813761E4B1B7813776D
:10270000FFF7C4FF1C480095050023000222C421E6
:102710000296019403F06CFFFFF7B8FF2300042238
:10272000C421280002960194009703F061FFFFF78F
:10273000ADFF06AB1222C4210093280023000296AD
:10274000019403F055FFFFF7A1FF07AB1C22C42142
:102750000093280023000296019403F049FFFFF73D
:1027600095FF09B0F0BDC046CC4F0108CE4F01081F
:10277000D04F0108CB4F0108D0030020F0B5FA2557
:1027800001241E4B89B01B7805AF3B70FFF77EFF1D
:102790001B4EAD0023000022C4213000029501949D
:1027A000009703F025FFFFF771FF164B984222D8E0
:1027B00006AF23000F22C521029530000194009737
:1027C00003F0CCFF029507AD23001022C521300095
:1027D0000194009503F0C2FF3A782B7812029B18FF
:1027E000FA229BB200201201934202D80A305843C9
:1027F00080B209B0F0BD0448FBE7C046D24F0108E3
:10280000D00300200E270000FFFF00001FB5164C6C
:1028100005222100684611F093F9611D062202A8E5
:1028200011F08EF907F0F0F807F008F90F4C0122CB
:102830000F49200000F046FEFA20800006F0BCFCA4
:10284000694605220B4B200001F00AFA322006F0FF
:10285000B3FC0622074B02A9200001F001FA322046
:1028600006F0AAFC1FBDC046104F01080C0900204D
:1028700007090020FFFF000037B5174B0193FFF752
:10288000C5FF164C164B0422200001A901F0E8F9FF
:102890000122144D144920002A7000F013FEFA2082
:1028A0000024400006F088FC2C7007F0F1F80F4B74
:1028B00020001A785A2A0DD15A78052A0AD19A7816
:1028C000112A07D1DA78A24204D11879703843422C
:1028D0005841C0B23EBDC0465A04116F0C090020D9
:1028E000FFFF000023040020070900201C04002033
:1028F00037B5072200210400684611F0DBF807F025
:102900009DF8FA20800006F057FCFA216D466846D3
:10291000C90007F057F907F0BBF868782B782979D8
:102920000343A8786A790343E87803430B43A87903
:102930001343034304D1084823606060A36037BD9C
:102940000A2328881202434352189BB22360D310F3
:10295000013B6888FF3BF0E7FEFF00007FB51022D7
:10296000002102A811F0A6F802210B4BA020DA6A80
:10297000C0050A43DA62DB6A01AA0B400093009BA0
:10298000802101230901039302330191049304F090
:1029900047FE07B000BDC046001002407FB50C22C4
:1029A000002103A811F086F801230A4A0A48D16AD7
:1029B0001943D1628021D26A49011A400092009ADB
:1029C000029301AA02330191049304F029FE07B097
:1029D00000BDC04600100240000400507FB50C222C
:1029E000002103A811F066F802210A4BA020DA6A40
:1029F000C0050A43DA62DB6A0B400093009B802328
:102A00001B010193032301A9029302F00FFA07B0FF
:102A100000BDC046001002407FB50C22002103A873
:102A200011F048F80121094B0948DA6A0A43DA62D1
:102A3000DB6A0B400093009B80235B01019303231F
:102A400001A9029302F0F2F907B000BD00100240A4
:102A50000004005002230D4A10B5916B0C480B4343
:102A600093630C4B0C4A03601F2343600023C26036
:102A70008360036103F0CCF8002801D004F0B2FDBC
:102A800000220521102002F095F910BD001002402F
:102A90002404002000040040E7030000034B8342AD
:102AA00003D1034A138801331380704724040020A4
:102AB0005C0400200300F7B504000C3301930026EA
:102AC0008021324D324F2B6801225E62490131482C
:102AD0003E8002F0E7FA012006F06EFB8021320012
:102AE0002C48490102F0DEFA0DF085FE0600802137
:102AF000A0200901C00502F0CFFA002834D000263A
:102B0000280003F0A0F80DF076FE00908021A020B0
:102B10000901C00502F0C0FA00282ED1280003F0F8
:102B20009DF82B685B6A012E1DD0FA203A88800040
:102B300050439BB2C01810F0BFFD174A174B10F05E
:102B400091F80022164B10F08DF8164B002210F071
:102B500089F80EF0FFFC2080322006F02DFB019B4F
:102B600002349C42ABD1F7BD30000DF04AFEFA238F
:102B70009B009842BBD30126C2E700980DF041FEAE
:102B8000FA239B009842C1D30126C7E72404002002
:102B90005C04002000040050006F8104C58FA13F39
:102BA0000000E03F00002440020070B501260A3218
:102BB000030031001C885D88AC4202D900211D80D1
:102BC0005C8002339342F5D1002902D1023A82425D
:102BD000EED170BD10B50400FFF7E6FFE288638810
:102BE00020899B18A2889B18C018800880B210BD4D
:102BF0001FB58021A0200901C00502F04DFA041E76
:102C000013D10B4B1B88002B0FD001A8FFF752FFED
:102C100001A8FFF7DFFF0300B422F03B9BB2520193
:102C2000934200D9200004B010BD0248FBE7C04623
:102C3000340B0020FFFF000010B586B00C220021ED
:102C400003A810F037FF01238024A0200C4A2401A0
:102C5000D16AC0051943D162D26A21001A4000929C
:102C6000009A029301AA02330493019404F0D8FC61
:102C7000A02000222100C00502F014FA06B010BD09
:102C8000001002407FB51022002102A810F012FFB0
:102C90000221084B0848DA6A0A43DA62DB6A01AAB1
:102CA0000B40802100934901009B019104F0B8FC86
:102CB00007B000BD00100240000400507FB50C2298
:102CC000002103A810F0F6FE01210A4BA020DA6AC9
:102CD000C0050A43DA62DB6A0B400093009B802345
:102CE0001B010193032301A9029302F09FF807B08F
:102CF00000BDC046001002407FB50C22002103A891
:102D000010F0D8FE0221094B0948DA6A0A43DA6258
:102D1000DB6A0B400093009B80235B01019303233C
:102D200001A9029302F082F807B000BD0010024032
:102D3000000400508021A020002270B50901C005C8
:102D400002F0B0F980211A48490102F0A5F9041EE9
:102D5000F8D118258021A02001220901C00502F028
:102D6000A1F98021A02000220901C00502F09AF9F2
:102D700080210F48490102F08FF901384342584140
:102D8000013D6400EDB22418002DE3D18021A02084
:102D900001220901C00502F085F98021A0202A0046
:102DA0000901C00502F07EF980200004604070BD7A
:102DB0000004005010B5FFF7BDFF014B186010BDB7
:102DC0006004002010B5FFF7B5FF094A030010604A
:102DD000084A00201268934208D0981A0FF068F849
:102DE000054B19680EF048FC0FF044F810BDC046C2
:102DF00064040020600400201800002000207047B8
:102E000070470120704770B505000920FDF728FDC7
:102E10004D20FDF725FD0724112D12DD0443E4B2FA
:102E20002B1C142D00DD1423053B102149421943AE
:102E30000920C9B2FDF7C1FC21004D20FDF7BDFC02
:102E400070BDA04304240443E4B22B1C022D00DA1D
:102E50000223023BE9E700007FB51422002101A80C
:102E600010F028FE1148FDF757FC114B802102930A
:102E7000022301AA03930F4801338901049304F04C
:102E8000CFFB802101AA0C48C90004F0C9FB8021B6
:102E900001AA0948090104F0C3FB8021064801AAE0
:102EA000490004F0BDFB07B000BDC0461C00002077
:102EB0000000111000080050000400507FB51422DB
:102EC000002101A810F0F6FD0E4B80210293022391
:102ED00001AA0D488901039304F0A2FB802101AAF5
:102EE0000A48C90004F09CFB802101AA0748090197
:102EF00004F096FB8021054801AA490004F090FBEC
:102F000007B000BD00001110000800500004005080
:102F1000802110B50368040000220D48890104F0E7
:102F2000CBFB8021636800220A48C90004F0C4FB7F
:102F30008021A36800220748090104F0BDFB80211D
:102F40000022E3680348490004F0B6FB10BDC04608
:102F500000080050000400507FB51422002101A891
:102F600010F0A8FD01238021A020029301AA0233C2
:102F70004900C005049304F053FB8021A0200022E7
:102F80004900C00504F0BEFB07B000BD0D4B10B5F5
:102F90001A78824204D01870002802D1FFF7DCFFB3
:102FA00010BDFFF7D9FF084C2378002BF8D0802103
:102FB000A02001224900C00504F0A4FB00232370D7
:102FC000EEE7C04668040020C2060020012210B5CA
:102FD000032800D000228021A0204900C00504F071
:102FE00091FB10BD8022104B520019680A431A60F1
:102FF000DA680E490A40DA601A680D490A40012170
:103000001A609A688A439A601A680A490A401A60E4
:10301000DA6809490A40DA6000221A618022074B07
:1030200012059A607047C046001002400C40FF88AD
:10303000F6FFF6FEFFFFFBFFFFFF02FF00ED00E0E3
:10304000F7B51D0004000E00019201F095FE019BF2
:103050000700002B35D0226893683340B34235D146
:103060006B1CF9D0002D0ED001F086FEC01BA842CB
:10307000F1D908E06B1C25D0002D04D001F07CFEB6
:10308000C01BA8421DD9E02123685A688A435A60B0
:103090001A68A0398A4380211A60A26A89018A428B
:1030A00006D119680A480140196019680A431A6074
:1030B0002300012251331A7000235034032023705F
:1030C00005E0226893683340B342D3D10020FEBDAF
:1030D000FFDFFFFF7047000070B504000120002CE7
:1030E00037D0250051352B78DAB2002B05D12300DB
:1030F000503320001A70FFF7EDFF022340222B709F
:103100002168A0680B6893430B606368A26903435E
:10311000E06803432069034360690343E0690343B4
:10312000206A0343A06A03438020800010400343C9
:103130000B600423120C1A40636A00201A43E36AEE
:103140004A600B61CB69034A1340CB610123606580
:103150002B7070BDFFF7FFFFF0B50400002085B0B5
:1031600002AEF08026000192513630780A9D012887
:1031700004D037780220222F00D08DE0002900D122
:1031800059E1019A002A00D155E1002B00D152E10A
:10319000270050373878844662460220012A00D141
:1031A0007AE0013838703078012801D13130307040
:1031B00000206065A064E0648020019AE387A26338
:1031C000A26AA387A386E3862163236880018242E3
:1031D00006D118689A4F3840186018681043186074
:1031E00040201F68074202D11F6838431860E76813
:1031F0006068BC4680273F01BC4500D07EE00028C7
:1032000006D082277F00B8420AD1E08E012807D17C
:1032100008880231D8602163E18E013989B2E186E4
:10322000E18E002909D080277F01E38E002B35D164
:103230006268002A1CD12B000AE0802189018A42A1
:1032400004D18022196852010A431A602B0000221F
:1032500001212000FFF7F4FE00281CD12368DA6862
:10326000A36B1A800233A363E38F013B9BB2E38716
:103270008023A26A9B019A4200D0B8E02B00002272
:1032800001212000FFF7DCFE002800D1A8E0022386
:10329000626D13436365032005B0F0BD2B0000226F
:1032A00002212000FFF7CCFE0028F4D1236B226816
:1032B00019880233D1602363E38E013B9BB2E3861E
:1032C000E38E002B07D18021A36A89018B4202D1B2
:1032D00013683B4313602B00002201212000FFF7FD
:1032E000AFFE0028D7D12368DA68A36B1A800233B7
:1032F000A363E38F013B9BB2E38796E7002806D0E8
:1033000082277F00B8420AD1E08E012807D1481CED
:1033100020630978D960E18E013989B2E186E18EB6
:10332000002914D080277F01E38E002B26D162680C
:10333000002A9DD12B0001212000FFF781FE0028EB
:10334000A9D12368DA68A36B591CA16314E080211A
:1033500089018A4204D18022196852010A431A6005
:103360002B00002201212000FFF76AFE002800D078
:1033700091E72368DA68A36B1A7075E72B000022C7
:1033800002212000FFF75CFE002800D083E7236BBA
:103390005A1C22631B782268D360E38E013B9BB2E8
:1033A000E386E38E002B07D18021A36A89018B423B
:1033B00002D113683B4313602B000022012120003F
:1033C000FFF73EFE002800D065E72368DA68A36BAC
:1033D000591CA1631A70E38F013B9BB2E387A3E7FB
:1033E000236802AADB689BB2D3801300DB882B0022
:1033F000012280212000FFF723FE031E02D020239C
:10340000626D46E70122250032708022A16A920196
:103410005035914211D122689668F6060DD50220EA
:10342000666D304360651068054C20401060106880
:10343000014311602B7001202EE700232B702BE736
:10344000FFDFFFFF036806491A686A300A401A6006
:103450009A682331FF318A439A60202303707047B2
:10346000DFFEFFFF70B5050069352C7803000220F0
:10347000202C25D10138002922D0002A20D08020FC
:103480009C684001844206D11869002803D10124B8
:103490002000214214D11C00683426780220012E1D
:1034A0000ED0D964190050310A804A8000202122B0
:1034B000D8662A7020701A68802311680B43136045
:1034C00070BD0000F0B506006A36347803000220B3
:1034D000202C35D10138002932D0002A30D080206C
:1034E0009C684001844206D11869002803D1012557
:1034F0002800294224D11D0068352F780220012F91
:103500001ED05965190058310A804A808022520124
:10351000944218D11A69002A13D113491A005C3257
:10352000118000202222D866327028701B68213A50
:1035300099680A439A609022196852000A431A60F7
:10354000F0BDFF21EAE7002C04D11A69002AF8D067
:103550007F21E3E7802252059442E2D11A69002AD2
:10356000F6D03F21DAE7C046FF0100001300020059
:1035700070B56932157804000220202D36D101384B
:10358000002933D0002B31D08020A568400185422E
:1035900006D12069002803D101252800294225D120
:1035A0002600683635780220012D1FD00138307092
:1035B00020005030E1640025038043802120E5662F
:1035C0001070206E0A4A8563C2620A4A02630A4A80
:1035D00042632268283201F00DFE40222800236851
:1035E0001A623570996892180A439A6070BDC04695
:1035F000FD35000833360008B336000803001B68A9
:1036000010B51A6820231100806A19401A420CD1A3
:10361000030052331980802103689A688A439A60B4
:10362000402219680A431A6010BD06F021F9FBE731
:10363000704710B5806AFFF7FBFF10BD010070B541
:103640006A310A780368222A2BD1020080245C3276
:10365000168885685A6A6401436D3240A5421CD1C0
:103660000469002C19D11A800233436502005A32D2
:103670001388013B9BB21380002B0DD103680B4CC8
:103680001A6822401A609A682334FF34A2439A6071
:1036900020230B7006F010F970BD5C1C44651A7095
:1036A000E4E7082299690A439A61F5E7DFFEFFFF24
:1036B000704710B5846A210069310B78212B0DD138
:1036C00023689A68120609D5220000205232108021
:1036D0001A68C03082431A6020230B7023006A33BB
:1036E0001B78222B0AD123689B685B0606D5230032
:1036F00000225A3320001A80FFF7A4FE1023E26E46
:1037000020001343E366FFF7D3FF10BDF8B503684D
:103710000400DA691968100708D12020024262D03B
:10372000014260D02000FFF789FFF8BD9D68902717
:1037300001202E007F0006400F40374354D0024244
:1037400005D0CD0503D51862E56E2843E06602205A
:10375000024206D0002E04D01862E56E00182843FD
:10376000E0660420024206D0002E04D01862E56E06
:1037700002382843E0660820024207D020250D4089
:10378000354303D01862E36E1843E066E36E002B06
:10379000CBD020231A4204D0194202D02000FFF7D8
:1037A0004DFFE36E20001B0706D423689A68402370
:1037B00015001D401A422BD0FFF744FE402123681C
:1037C0009A680A4220D09A68606E8A439A600028FC
:1037D0001AD0334B836301F039FD0028A5D0606E09
:1037E000836B9847A1E79D6880204003024213D075
:1037F0006D0211D522001862202369321370200057
:10380000537002F0C7FC90E72000FFF751FF8CE7F0
:10381000FFF74EFFE56688E780252A422DD0294232
:103820002BD0220069321278212A00D07DE72000B7
:1038300052300288002A07D11A68AA431A6040222F
:1038400019680A431A6070E78021A568E26C490193
:103850008D420DD1216900290AD111880232C90592
:10386000C90D9962E2640388013B9BB203805CE767
:10387000511CE16412789A62F5E74020024200D1BF
:1038800053E7014200D150E71A6882431A602300CF
:103890002022693320001A7005F0EAFF45E7C04690
:1038A000A5380008806A0023020010B55A32138040
:1038B000083A1380FFF7FCFE10BD0000F8B50500C4
:1038C000036882680069196802436869874E024389
:1038D000E8690243864801400A431A605A688549EC
:1038E0000A40E9680A435A60A969B34201D02A6ACA
:1038F00011439A68804802400A439A607F4A934283
:103900001FD103227E4BDB6C13401C00022B06D020
:103910000824934203D0043C012B00D0033C022036
:1039200001F012F92F680300B7426AD1082C00D9C0
:10393000DAE02000FCF7C4FB33D839D85FD8D8D8F8
:103940006200704A934210D10C226D4B0224DB6C52
:103950001340082BE3D003D85A1E93419C00DEE7A6
:1039600010240C2BDBD1083CD9E7674A0024934292
:10397000D5D0664A9342D2D01034B342CFD1C022C0
:1039800080215F4B1201DB6C090113408B4204D094
:10399000E2D99342C3D10824C1E70224BFE700F073
:1039A000D7FF002809D100244AE0554B1868584B2E
:1039B000C006C0171840574BC01803236A6853430A
:1039C000834200D990E01303834200D28CE00021AF
:1039D000070E0602500836184F410B003000390020
:1039E000FCF7A0FC4C4BC2184C4B9A4200D97BE030
:1039F0002B68D860D7E700F0B1FED2E78020000244
:103A0000DBE78022E969120291423ED1082C39D8C5
:103A10002000FCF755FB05171D372F3737373200CD
:103A2000696858004B08C018FCF768FB80B20F2388
:103A300002009A43130000072A68400F0343D36033
:103A40002000F8BD00F094FF696840004B0809E0D1
:103A50002B4B69681A681023140048081C401A424E
:103A600006D02F4BC018FCF749FB002480B2DEE7DC
:103A70002C4BD8E700F072FEE6E7802369685B0212
:103A80004808EFE701240020D1E7082C2CD82000BB
:103A9000FCF716FB0510132A222A2A2A250000F01B
:103AA00057FF69682C684B081818FCF727FB80B291
:103AB000E06078E700F05CFFF3E7114B69681B6892
:103AC0004808DB0606D5184BC018FCF717FB80B278
:103AD000F86068E70F4BF7E700F040FEE1E780236E
:103AE00069681B024808EFE70124A9E70048004085
:103AF000F369FFEFFFCFFFFFFFF4FFFF0038014046
:103B00000010024000440040004C004000500040C3
:103B100000E548FF0024F40000FDFFFFFFFC0F005C
:103B200000127A000048E80100093D00436A30B500
:103B3000DA0706D50168284C4A682240846A224385
:103B40004A609A0706D50168244C4A682240C46A34
:103B500022434A605A0706D50168214C4A68224030
:103B6000046B22434A601A0706D501681D4C4A6857
:103B70002240446B22434A60DA0606D501681A4C9B
:103B80008A682240846B22438A609A0606D50168BF
:103B9000164C8A682240C46B22438A605A0610D5AC
:103BA0000168134D4A68046C2A4022434A6080220F
:103BB0005203944205D14A680E4C2240446C224381
:103BC0004A601B0606D502680B4953680B40816C9E
:103BD0000B43536030BDC046FFFFFDFFFFFFFEFFFC
:103BE000FFFFFBFFFF7FFFFFFFEFFFFFFFDFFFFF99
:103BF000FFFFEFFFFFFF9FFFFFFFF7FFF8B5040098
:103C00000D0017001E002268D3692B405B1B594230
:103C10004B41BB4201D0002018E0069B0133F3D09A
:103C2000069B002B13D123680C491A6803200A4015
:103C30001A609A68A331FF318A439A6022002023D8
:103C4000693213705370002368342370F8BD01F09B
:103C500093F8069B801B9842D5D9E4E75FFEFFFFEF
:103C6000F0B5070085B0039369373B7804000D0079
:103C700016000220202B46D10138002943D0002A0B
:103C800041D08023A2685B019A4204D12369002BB2
:103C900001D1014237D1230068331A780220012A6A
:103CA00031D001221A700023E36621333B7001F00A
:103CB00063F8230050331E805E80802602907601D8
:103CC000210052310B889AB2002B0DD1039B402169
:103CD00000932000029BFFF791FF002812D12023C0
:103CE00068343B7020700EE00B880022013B9BB2D1
:103CF0000B80039B802100932000029BFFF77EFF37
:103D0000002802D0032005B0F0BDA3682268B342AA
:103D100008D12369002B05D12B880235DB05DB0D8B
:103D20009362CDE72B7801359362C9E773B500261E
:103D30000400C66601F020F8236805001B681B0715
:103D400017D423681B685B070AD580210F4B00221C
:103D5000009320002B00C903FFF750FF002813D168
:103D600022002023002069326834137053702070C1
:103D70000BE08021054B32000093890303002000F3
:103D8000FFF73CFF0028DCD0032076BDFFFFFF01DA
:103D900070B5041E01D1012070BD050069352B7876
:103DA000DAB2002B04D1030068331A7005F096FED6
:103DB000242301212B70226813688B431360636AEC
:103DC000002B02D02000FFF7B1FE2000FFF776FDA8
:103DD0000128E0D0236808495A6820000A402A21B7
:103DE0005A609A688A439A60012219680A431A60E5
:103DF000FFF79CFFD0E7C046FFB7FFFF084B13B5A6
:103E0000040008491868FCF779F944430194019BC0
:103E1000002B00D113BD019B013B0193F7E7C04686
:103E20003400002040420F000321036870B59A68F7
:103E300004000A40012A04D11968114201D000206F
:103E400070BD9968134A114209D01023A26D134323
:103E5000A3650123E26D13430120E365F0E701252B
:103E60009A6828002A439A60FFF7C8FF00F084FF91
:103E7000060023681B682B42E1D100F07DFF801B08
:103E80000A28F6D91023A26D1343A365E36D2B43D3
:103E9000E2E7C046170000807047000070B5041EBE
:103EA00016D0836D002B05D102005432C365137008
:103EB000FFF7F2FFA36DDB0603D423689A6852076D
:103EC00008D51023A26D543413436360002323707C
:103ED000012070BDA16D544A11400632FF320A43E1
:103EE000A265032299681140504A012902D118683D
:103EF000084219D180256168ED0548004008A842B4
:103F000003D080200006814272D1186980008008A9
:103F100018611869014319611820D9688143D96073
:103F2000D968A0680143D960116841480140116017
:103F3000A16B1068490601431160802299685205FF
:103F4000114202D199680A439A60DA683949656B6F
:103F50000A40DA60E268D868216A2A4302434803CB
:103F60000243206B40000243A06980030243E069E2
:103F7000C003024320690238454268418000024381
:103F8000C220DA60A26AFF30824204D0E56AD868B3
:103F90002A430243DA60626A012A06D1002933D13A
:103FA0008022D96852020A43DA60216C1A69012919
:103FB00032D12148A56C02401A61626C18692A430B
:103FC000E56C2A4302431A611A69114319610721FA
:103FD0005A6900208A435A615A69E16B0A435A615F
:103FE0000323E065A26D9A43023B1343A36570E788
:103FF0001869124D80008008186110682840106010
:1040000010680143116087E72021A06D0143A1657D
:10401000E16D0A43E265C8E701210A42D7D01A6977
:104020008A431A61D3E7C046FDFEFFFF082701401F
:10403000FFFFFFFD1902FEFF03FCFFFFFFFFC3FFB1
:10404000036870B59B68040002205B071AD4250042
:1040500054352B78012B15D001232B70E369012BEC
:1040600011D1A26D0B4B00201A4080235B0013433B
:104070001C22A365E065287023681A609968183AC5
:104080000A439A6070BD2000FFF7CEFE0028E8D0FA
:10409000F8E7C046FEF0FFFFF8B5466904000D00E2
:1040A000082E0DD003680120DB680C26034207D0E0
:1040B0002023A26D54341343636000232370F8BDA2
:1040C00000F05AFE070023681A68164222D08022A8
:1040D000A16D92000A43A265C022D9681201114263
:1040E00013D1226A002A10D11A6812070DD59A68D6
:1040F000520722D40C215A688A435A60A16D154A8E
:1041000011400432FF320A43A265A269002A1DD081
:104110000020D4E76A1CD7D0002D08D10423A26D5B
:10412000543413436360002303202370C7E700F077
:1041300023FEC01BA842C6D9F0E72022A16D0A4386
:10414000A2650122E16D0A43E265DEE70C221A60F6
:10415000DEE7C046FEFEFFFF0368186C70470000F4
:10416000F8B504005434227803000220012A0BD051
:10417000013820701A6895686D0706D52022996D60
:104180000A439A6500232370F8BD802380260D68BA
:10419000194F49686803DB02400B2B40B602B94255
:1041A00018D0916A01439162002B08D08023134AF2
:1041B0001B0411680A200B431360FFF71FFE3542F2
:1041C00005D080230D4ADB0311680B4313600020E8
:1041D0002070D9E7916A81439162002B04D0074A8D
:1041E000074913680B4013603542F0D0034A054974
:1041F00013680B40EAE7C0460110000008270140A1
:10420000FFFF7FFFFFFFBFFFF021174A0300D068C9
:1042100030B508420AD00023012414490A68A24399
:104220001A430A6008682040584030BD8020C021F1
:10423000956B40050E4C490105420AD02268114099
:10424000C02252019142E6D10A4A9B185A42534178
:10425000E2E7956B284390632068074C0140906B20
:1042600020409063ECE7C04600100240002002406E
:10427000007000400040FFFFFFFFFFEFF0B5036854
:10428000040085B0DB074DD423689B0700D59FE071
:104290002368DB0634D50C23BC4DEA681A4200D0F3
:1042A000EAE02B689B0502D5E369002B4FD0E022A2
:1042B0006B68666A120213409E4200D8C9E0300063
:1042C000FFF7A2FF002842D16B68B14A1340334385
:1042D0006B606A68236A12021B06120A13436B6042
:1042E0008023760B01361B02B340EA68A948120608
:1042F000120F825CA849D34003200B6004F05AFFE0
:1043000023681B0700D5EEE023685B0700D511E1A9
:1043100023689B0600D592E1A16A002900D0C2E182
:1043200000202BE00C21994DEB680B40082B08D0A6
:104330008023EA685B020A408A420AD1EA681A428C
:1043400007D02B689B039FD56368002B9CD101206D
:1043500014E062689A4213D12A6813432B6000F07C
:104360000BFD80270600BF022B683B428CD100F07A
:1043700003FD8A4B801B9842F6D9032005B0F0BD9F
:10438000A021C9028A4205D180222968D2020A43AB
:104390002A60E1E7296882480140296029680B40CA
:1043A0000393039B7F492B680B402B60002AD6D1D7
:1043B00000F0E2FC80270600BF022B683B4200D1E0
:1043C00062E700F0D9FC754B801B9842F5D9D4E721
:1043D0000C226E4DEB681340042B06D0EB681340A3
:1043E000934210D1EB68DB030DD42B685B0702D539
:1043F000E368012BABD16A6823696B491B020A4051
:1044000013436B6044E7E2682B68002A10D009214F
:104410008B4313432B6000F0AFFC042706002B688E
:104420003B42E8D100F0A8FC801B0228F7D9A4E7A2
:10443000012293432B6000F09FFC042706002B68A9
:104440003B4200D124E700F097FC801B0228F6D9FC
:1044500093E76B684E4A3000134033436B606A68E1
:10446000236A12021B06120A13436B60FFF7CCFE8D
:10447000002800D134E76AE7E369002B20D08023CD
:104480002A685B0013432B6000F076FC802706004F
:10449000BF002B683B420DD06B683D4A1340626AF7
:1044A00013436B606A68236A12021B06120A1343E5
:1044B0006B6025E700F060FC801B0228E9D95CE70F
:1044C0002B683A4A802713402B6000F055FC060009
:1044D000BF002B683B4200D112E700F04DFC801B6F
:1044E0000228F6D949E762690123284D002A10D035
:1044F0002A6D022713432B6500F03EFC06002B6D4E
:104500003B4200D000E700F037FC801B0228F6D9C0
:1045100033E72A6D02279A432A6500F02DFC060036
:104520002B6D3B4200D1EFE600F026FC801B0228F9
:10453000F6D922E780230021144D5B05AA6B009178
:104540001A4204D1AA6B1343AB6301230093802763
:10455000174E7F0033683B4208D08022A368520088
:10456000934227D12A6D13432B6548E033683B43C0
:10457000336000F001FC019033683B42EDD100F064
:10458000FBFB019BC01A6428F6D9F6E60010024036
:10459000FF1FFFFFC16B01083400002088130000DB
:1045A000FFFFFEFFFFFFFBFFFFE0FFFFFFFEFFFF40
:1045B00000700040002B16D12B6D5F4A80271340FE
:1045C0002B652B6D5D4ABF0013402B6500F0D4FBBB
:1045D00006002B6D3B421AD000F0CEFB584B801BDF
:1045E0009842F6D9C9E6A021C9008B4218D1802390
:1045F000296DDB000B432B652B6D1A432A6500F0F8
:10460000BBFB80270600BF002B6D3B4210D0009BF8
:10461000012B00D07CE6AB6B4A4A1340AB6377E6D4
:104620002B6D454A13402B652B6D444A13409BE785
:1046300000F0A2FB424B801B9842E5D99DE6A169A0
:104640000123414D414A002918D0A9680227194386
:10465000A960696B0B436B638023116A9B010B4359
:10466000136200F089FB0600AB683B4200D053E6C2
:1046700000F082FB801B0228F6D97EE6A96802279B
:104680009943A960136A32490B40136200F074FB2E
:104690000600AB683B4200D13EE600F06DFB801B9C
:1046A0000228F6D969E60C22274DEB6813409342A5
:1046B00000D14CE62B68274A13402B6002292BD1EE
:1046C00000F05AFB80270600BF042B683B421DD137
:1046D000216BE36AEA680B431F4980260A401343B3
:1046E000626BB6041343EB6080232A685B041343B8
:1046F0002B6000F041FB04002B68334200D00FE632
:1047000000F03AFB001B0228F6D936E600F034FB35
:10471000801B0228D9D930E600F02EFB8026040049
:10472000B6042B68334200D1FAE500F025FB001BEC
:104730000228F6D921E6C046FFFEFFFFFFFBFFFF80
:1047400088130000FFFFFFEF00100240000001404F
:10475000FFDFFFFFFFFFFFFEFFFF02FF0C221A4BF0
:1047600010B5D9680A40082A2CD00C2A0CD0042A8B
:1047700020D118681023184043425841134B40423F
:104780001840134BC01810BD12488A02120F825CE9
:104790000902D868890F0131C00304D50E4850437F
:1047A000FBF7ACFCEFE71B68DB0601D50848F6E732
:1047B0000A48F4E780205B6800021B045B0F0133AA
:1047C0009840E0E70448DEE700100240001BB70015
:1047D00000093D00B06B010800127A000024F400CB
:1047E000F7B50122534E05003368019113408B4207
:1047F00028D32A68930731D4D20737D401233268EB
:1048000001991A408A4200D985E02A684A4C530728
:1048100000D588E0120706D5E2682B694749DB001E
:104820000A401343E360FFF799FFE368444A1B061D
:104830001B0FD35C4349D8400860032004F0BAFC46
:1048400000200AE03368019993430B4333603368D7
:104850001340019A9342CCD00120FEBDF02036498E
:10486000CB688343A8680343CB60C5E7324C6A68D2
:104870002368022A19D19B03EED50321E3688B43F9
:104880001343E36000F078FA6B680700022B19D13C
:104890000C22E3681340082BB0D000F06DFA2A4BCD
:1048A000C01B9842F4D90320D7E7032A02D19B0109
:1048B000E3D4D1E7012A02D15B07DED4CCE79B0524
:1048C000DBD4C9E7032B0CD10C22E36813409342DD
:1048D00000D193E700F050FA1B4BC01B9842F3D96C
:1048E000E1E7012B11D00C22E368134200D185E7E8
:1048F00000F042FA144BC01B9842F4D9D3E700F001
:104900003BFA114BC01B9842CDD80C22E3681340F0
:10491000042BF4D172E732689A43326032681A424B
:1049200000D172E798E7E36808490B40E9680B4358
:10493000E3606FE70020024000100240FFC7FFFF66
:10494000C16B01083400002088130000FFF8FFFF4E
:10495000044B054ADB6805495B055B0FCB5C1068BF
:10496000D84070470010024034000020B96B0108A5
:10497000044B054ADB6805499B045B0FCB5C106860
:10498000D84070470010024034000020B96B010885
:104990000368F7B505009B063CD5802300215F4CDA
:1049A0005B05A26B00911A4204D1A26B1343A3636F
:1049B0000123009380275A4E7F0033683B4264D026
:1049C000686822680100C0234240C0209B02800327
:1049D000194002426AD1226D100018401A4200D0DC
:1049E0006DE06968C0230A009B021A409A4207D111
:1049F00023684C480340C020800301400B432360E0
:104A0000236D1A43009B2265012B03D1A36B464AF9
:104A10001340A3632B68DA0706D503203F49CA6C0D
:104A20008243A8680243CA649A0706D50C203B4912
:104A3000CA6C8243E8680243CA645A0706D53749FC
:104A40003A48CA6C024028690243CA641A0706D56C
:104A500032493748CA6C024068690243CA64DA05C1
:104A600006D52E493348CA6C0240A8690243CA647D
:104A70005A0606D529493048CA6C0240286A0243C2
:104A8000CA641B0642D400200FE033683B43336006
:104A900000F072F9019033683B4291D100F06CF95B
:104AA000019BC01A6428F6D90320FEBD994200D0AC
:104AB00091E722680120920300D48CE7F5E7884251
:104AC00000D18EE72B689B0600D48AE78021236DF6
:104AD000206D090301432165216D164A17481A40CC
:104AE000014021652265DB0500D47AE700F044F936
:104AF00080270600BF00236D3B4200D071E700F025
:104B00003BF90F4B801B9842F5D9CDE7034A0D497D
:104B1000D36C0B40E9690B43D364B4E70010024047
:104B200000700040FFFFCFFFFFFFFFEFFFF3FFFF2D
:104B3000FFCFFFFFFFFFFCFFFFFFFFFBFFFFF7FFC4
:104B400088130000FFFFF3FF030010B5102800D109
:104B5000C5E00AD8013B0020072B42D81800FBF71C
:104B6000AFFA6D83BC96BCBCBCAA40283AD0802268
:104B70005200904200D1BCE00020202B31D1C02453
:104B80008021654AA402106D136D490223408B42B7
:104B900003D18005C00FC00323E0802189028B422E
:104BA00004D180075D4BC01718401AE00020A342D3
:104BB00017D113680B4214D0C023106880229B03C6
:104BC00018409203904200D1A2E0984200D1A1E0A7
:104BD000534BC01843425841524B40421840524B2D
:104BE000C01810BD4C4B8022D96CD2040800104074
:104BF00011421ED11A689201F3D5DA684B48D96880
:104C00009202120F805C0902DA68890F0131D20327
:104C10000DD410221B6813405A425341444A5B4250
:104C20001340414A9B185843FBF768FAD9E7414BB8
:104C3000F9E79868404B8007C017B5E7364B03216A
:104C4000D86C02000A40084202D1FFF791FEC8E783
:104C5000022A04D118684007384BC017A4E7012A7C
:104C600013D1FFF77BFDBCE72B4B0C21D86C020066
:104C70000A40084202D1FFF76BFEB2E7082AE9D0EA
:104C8000042AEED000200C2AABD1186D81E7224B0C
:104C9000C022D86C1201010011401042EBD08020DC
:104CA00000018142D6D08020C0008142D9D00020AE
:104CB000914296D1E9E7184AC021D06C89010300DE
:104CC0000B400842D7D0802189018B4201D1106866
:104CD000C1E7802252019342C3D0002081E70E4BEE
:104CE0009A6B80231000DB0318401A4200D178E74A
:104CF000C1E7094AC021D06C890203000B40084279
:104D0000B9D0802189028B42E1D080225202E2E7B1
:104D10000B4866E70B4864E70010024088900000EB
:104D20000000F0FF807BE1FF00093D00B06B01084F
:104D3000001BB70000127A00006CDC020024F400B3
:104D400040420F0020A107000223064A10B5116857
:104D500003200B43136004F02DFA04F033FA002013
:104D600010BDC04600200240024A136801331360A0
:104D70007047C0466C040020014B18687047C0465D
:104D80006C0400200121024A53688B435360704732
:104D9000005801400221024A53688B435360704718
:104DA000005801400421024A53688B435360704706
:104DB0000058014010B5FF24032322000340DB000C
:104DC0009A4089012140D243994000280BDA0F23F1
:104DD0000340083B09489B089B001B18D869024008
:104DE0000A43DA6110BD064B80088000C018C0235A
:104DF0009B00C45822400A43C250F3E700ED00E094
:104E000000E100E01F2318401E3B8340014A13606D
:104E10007047C04600E100E01F2318401E3B83405E
:104E2000014AD3677047C04604E100E00023F0B5B3
:104E300085B00A681400DC4001D105B0F0BD01273F
:104E400014009F403C4001943A4200D195E04A68EA
:104E50001600944610229643022E13D107240F25E4
:104E60001C40A400A540DA08920082180292126A3F
:104E700003951500039A95432A000D69A540154333
:104E8000029A156203225D00AA40013ED243012E20
:104E90000CD8CC688668AC401640344384606446C5
:104EA00024099C404668BE4334434460644603275B
:104EB0003C40AC400668164034430460C46814406B
:104EC0008A68AA4022438024C26062466405224266
:104ED00053D001252A4C626B2A4362633D00294A64
:104EE0009C08A400A4180F221D40AD00AA40A027D2
:104EF000A668FF0596430022B84214D0224F013223
:104F0000B84210D0214F0132B8420CD0204F0132AC
:104F1000B84208D01F4F0132B84204D01E4A82184E
:104F2000571EBA410532AA4067463243A2601B4A67
:104F3000019C1668019DE4433543FF0301D435000D
:104F40002540674615605668019D3543BF0301D46F
:104F500035002540674655609668019D3543FF0240
:104F600001D43500254067469560D568019E2E43E3
:104F7000BF0201D425402E00D660013359E7C04658
:104F800000100240000001400004005000080050E2
:104F9000000C00500010005000E4FFAF000401407E
:104FA000F7B500220091009BD34000D1F7BD012549
:104FB0009540009C009B2C402B425CD00326510066
:104FC0008E400368310033430360D3089B00C3184D
:104FD0001E6A0727B4460F261740BF00BE403700A1
:104FE0006646BE431E6283680F278B438360436817
:104FF000AB434360C36803258B43C36091081F4BD9
:105000008900C918A0231540AD00DB05AF409C46C0
:105010008E6800233E400196604518D0184B9C4690
:105020000123604513D0174B9C46022360450ED0E8
:10503000154B9C460323604509D0144B9C46042322
:10504000604504D0124BC3185E1EB3410533AB401C
:10505000019DAB420FD18B68BB438B600D4B196830
:10506000A14319605968A14359609968A1439960A7
:10507000D968A143D960013295E7C04600000140DC
:105080000004005000080050000C005000100050B8
:1050900000E4FFAF0004014000690840431E98414E
:1050A000C0B27047002A01D0816170478162FCE77D
:1050B000044B10B55A69104202D0586104F0CCF884
:1050C00010BDC04600040140030030B50120002B94
:1050D0002AD0981DC27FD1B2002A01D15A1DD177A2
:1050E0000222C2771968354A0C68DD6814409A6854
:1050F0002A431D692A435D692A439D692A43DD6964
:105100002A431D6A2A4322430A602D4A91420CD148
:105110000F242C4A1168A143116011685B680B438E
:1051200013600123C377002030BD274A914208D184
:10513000F024244A1168A14311605B6811681B01C7
:10514000EDE7224A914208D11E4A214C11682140C4
:1051500011605B6811681B02E1E71E4A914208D1A9
:10516000184A1D4C1168214011605B6811681B03CF
:10517000D5E71A4A914208D1124A194C11682140C8
:1051800011605B6811681B04C9E7164A914208D197
:105190000C4A154C1168214011605B6811681B05B1
:1051A000BDE7124A9142BCD1064A114C1168214018
:1051B00011605B6811681B06B1E7C0460FC0FFFFB6
:1051C00008000240A80002401C00024030000240DB
:1051D000FFF0FFFF44000240FF0FFFFF58000240B6
:1051E000FFFFF0FF6C000240FFFF0FFF8000024056
:1051F000FFFFFFF0F0B50224471DFE7F05002000F1
:10520000012E1ED00126A81DFE77C4772C682068C9
:10521000B04320606360AB68102B13D1A260E160E3
:1052200002232268002013432360042322681343CF
:105230002360082322681343236001232268134359
:105240002360F0BDA160E260EAE7000010B5841DB4
:10525000E37F022B03D00423C363012010BD0E2182
:10526000026813688B43136001231168994311602E
:1052700016498A4211D016490F338A420DD0154B78
:105280009A4217D0144B9A4217D0144B9A4217D017
:10529000134B9A4217D180235B03124A53600123B8
:1052A0000022E377431DDA77836B934200D098475F
:1052B0000020D3E780235B00EFE780235B01ECE76E
:1052C00080235B02E9E780235B04E6E708000240F5
:1052D0001C000240300002404400024058000240DE
:1052E0006C0002400000024070B503685B4D5C4EEC
:1052F000040008222968B34215D05A487832834204
:1053000011D0594A934200D184E0584A934200D1C7
:1053100083E0574A934200D182E0564A934200D03C
:1053200081E0802212040A4216D008201968014246
:1053300012D019688143196001236A60E26B13433C
:105340000422E363A31DDA770022631DDA77636B1F
:10535000934201D020009847236804222968B34271
:1053600011D040483C3283420DD03F4A93425DD039
:105370003E4A93425DD03E4A93425DD03D4A9342BD
:105380005DD18022D2030A4212D004201968014262
:105390000ED01968890602D41968814319606A60C1
:1053A0000522A31DDA77236B002B01D0200098473C
:1053B000236802222968B34211D02A481E32834250
:1053C0000DD0294A93423DD0284A93423DD0284AE5
:1053D00093423DD0274A93423DD1802292030A4214
:1053E00017D002201968014213D01968890602D427
:1053F0001968814319606A600122E36BE363A31DAE
:10540000DA770022631DDA77E36A934201D0200045
:10541000984770BD8022120185E78022120282E740
:10542000802212037FE7802212057CE78022D200CF
:10543000A9E78022D201A6E78022D202A3E7802238
:10544000D204A0E780229200C9E780229201C6E739
:1054500080229202C3E780229204C0E7000002404B
:10546000080002401C00024030000240440002409C
:10547000580002406C0002401021024A13688B431E
:10548000136070470070004010B50324084A136889
:10549000A343034304201360064A13698343136143
:1054A000012901D130BF10BD40BF20BF20BFFAE7A6
:1054B0000070004000ED00E010B503240A4A1368B4
:1054C000A343034313600422084B186902431A6183
:1054D000012905D130BF04211A698A431A6110BD20
:1054E00040BF20BF20BFF6E70070004000ED00E0A5
:1054F0008023034ADB0011680B4313607047C046EA
:10550000007000408023034A9B0011680B43136026
:105510007047C04600700040F7B50227451CEB7F7E
:1055200004003800012B32D00123CA22E619EB77A0
:10553000F77723685A62773A5A62AD32914227D19F
:105540009A681F49FA270A409A609A681D49BF0065
:105550000A409A60FFF710FC019001212368DA6885
:105560000A4206D0FF2200205A620123F377E8772F
:105570000DE0FFF701FC019BC01AB842EDD9FF22F4
:10558000236803205A620323F3770023EB77FEBDE1
:105590009A680D490A409A609A680C490A409A60D4
:1055A000FFF7EAFB01902368DA683A42DAD1FFF7A5
:1055B000E3FB019BC01AFA239B009842F3D9DEE774
:1055C000FFFEFFFFFFEFFFFFFFFDFFFFFFDFFFFF1E
:1055D000A0210268F8B5D36804008B43D360FFF7BD
:1055E000CBFBFA2705002026BF002368DB68334287
:1055F00001D00020F8BDFFF7BFFB401BB842F4D933
:105600000320F7E7F8B5402603680400DA68324261
:1056100001D00020F8BD01225242DA60FFF7ACFB56
:10562000FA270500BF002368DB683342F1D1FFF79A
:10563000A3FB401BB842F6D90320EBE770B5041E6C
:1056400019D0851CEB7FDAB2002B03D1431CDA772B
:1056500003F0D0FD0223CA22EB77236820005A62B0
:10566000773A5A62FFF7CEFF2368002805D0FF2261
:105670005A620423EB77012070BD9A6812492669AB
:105680000A409A60626899683243A66932430A43C5
:105690009A60E2681A61A268196912040A438021BB
:1056A0001A61DA688A43DA60DA6C7D398A43DA642F
:1056B000E2696469D96C22430A43DA64FF225A62C0
:1056C0000123EB77D8E7C046BFFF8FFF00230928EF
:1056D00003D81B011843C0B270470A380133C0B267
:1056E000F5E70000F0B5431C85B001930C00D97FAD
:1056F000022305001F00012936D001214018C1777F
:10570000E918CB7702912F68207866783E33002A1B
:105710002DD1BA68110019401A4200D1E170FFF78B
:10572000D5FF03903000FFF7D1FF0600A078FFF708
:10573000CDFFE378039A1B0403431204134336029C
:105740001E43CA237B62773B7B622800FFF75AFF28
:105750002B68071E19D0FF225A620423029AD377BE
:105760000023019AD3770127380005B0F0BDBA684D
:10577000110019401A4200D1E170A37800043602EA
:1057800006431E43E3781B04DAE7174A174916401D
:105790001E609A6820690A409A60E268996802432C
:1057A0000A4380219A60DA688A43DA609A68202383
:1057B00014001C401A420DD12800FFF709FF0028F1
:1057C00008D0FF222B685A620423029AD377019BE8
:1057D000DC77C8E7FF222B685A620123029AD3774D
:1057E0000023019AD377BFE77F7F7F00FFFFFBFF96
:1057F0000223F0B5461C0500F07F1C0085B001288F
:1058000025D00120EF18F077FB778B784C78019347
:105810000B78C8785B030293002A1BD0000418435E
:10582000019B2402184320430190CA222B682800C0
:105830005A62773A5A62FFF7E5FE2B68041E23D0BE
:10584000FF225A620423FB7700230124F377200010
:1058500005B0F0BD10231C4203D09C430A34E4B2CF
:105860004C70FFF733FF03902000FFF72FFF040079
:105870000198FFF72BFF039B029A1B04104303437D
:10588000240223430193D0E7114A01991140596042
:105890008021DA688A43DA609A682023110019406F
:1058A00001911A420BD12800FFF792FE002806D082
:1058B000FF222B685A620423FB77019BC5E7FF2276
:1058C0002B685A620123FB770023F377BFE7C046BA
:1058D0003FFFFF000223F7B50D00411CCE7F0400FF
:1058E0001800012E00D193E00138C877E118CB777A
:1058F0006978266800912878AF783E33002A61D114
:10590000B268110019401A4200D1E970FFF7DEFEBB
:1059100001900098FFF7DAFE00903800FFF7D6FEFE
:1059200007006B1CD87FFFF7D1FE6A69EB690006A0
:105930001343EA78120413431F43019B1B041F43C4
:10594000009B1B021F430743AB696A681A43CA23C3
:10595000009273626A6A773B7362AD339A4258D1A0
:10596000B3683E4AFA251340B360F2683C4BD2B2AA
:105970001343F360FFF700FA0600AD00012123682E
:10598000DA680A4235D0009ADF615A648022996849
:1059900052000A439A608022996852010A4380218A
:1059A0009A60304A89021068084310609068014389
:1059B0009160FF2200205A62FE3AA31CA418DA77F5
:1059C000E07725E0B268110019401A4200D1E97071
:1059D000EB696A69000413431F43009B07431B02E2
:1059E0001F43EB781B041F436B1CDB7F1B061F430D
:1059F000AAE7FFF7C1F9801BA842BFD9FF2223689D
:105A000003205A62A31CFC3ADA7700230134E377BF
:105A1000FEBDB368144AFA251340B360F268134B15
:105A2000D2B21343F360FFF7A7F90600AD000221DD
:105A30002368DA680A420BD0009A1F629A648022B7
:105A4000996892000A439A60802299689201A5E7BA
:105A5000FFF792F9801BA842E9D9CFE7FFFEFFFFCD
:105A60007FFEFFFF00040140FFFDFFFF7FFDFFFF02
:105A7000030902000A200F2158430A408018C0B2CF
:105A80007047000070B50C0001683F208B6A6360AE
:105A90000B695B045B0CA3600B680E490B40190C8F
:105AA0001E0ADDB240230840F6B21940207066702D
:105AB000A570E170002A0AD1FFF7DAFF20703000EC
:105AC000FFF7D6FF60702800FFF7D2FFA07000201C
:105AD00070BDC0467F7F7F0070B50C0003680E4923
:105AE0005B680B40180CDD04DEB21B04ED0E5B0F8F
:105AF000E0706570A6702370002A0AD1FFF7B8FF26
:105B0000E0702800FFF7B4FF60703000FFF7B0FFCF
:105B1000A070002070BDC0463FFFFF00022210B5FC
:105B2000411CCC7F03001000012C10D09818C277C4
:105B30001B68C8325A62773A5A629C68333A2243E9
:105B40009A60FF225A620123C3770020C87710BDF4
:105B500080220368D205904208D00C4A904205D0BA
:105B60000B4A904202D00B4A904207D170229343D5
:105B70004A681343084A1340CA68134303608B689A
:105B8000C3620B68836201234361704700040040D5
:105B90000008014000140140FFFCFFFFF0B50126A2
:105BA00003271500026AB24302628269046ABA439B
:105BB0008027FF05B84216D00C4FB84213D00C4FC7
:105BC000B84210D00B4FB8420DD03243F025AA4353
:105BD0001B010F352B4013430A22944311402143EC
:105BE00083610162F0BD2A43F0E7C0460004004033
:105BF000000801400014014010B501248C408A4087
:105C0000036AA3430362036A1A43026210BD70472A
:105C100070B504000120002C14D0250035352B78F8
:105C2000DAB2002B05D12300343320001A70FFF7BD
:105C3000EEFF02232B702068211DFFF789FF01234F
:105C400000202B7070BD012203680020D968114329
:105C5000D96019680A431A6070470000012103687F
:105C6000DA688A43DA60186A034A104202D11A6875
:105C70008A431A60002070471111000010B50468B3
:105C8000082917D00DD8002910D0042912D02000DF
:105C90000122FFF7B1FF0123226800201343236094
:105CA00010BD0C29F3D11023E26801E00223E26861
:105CB000134301E0E3680B43E360E8E710B50468D1
:105CC00008291BD011D8002914D0042916D000228D
:105CD0002000FFF791FF226A0A4B1A4203D10122EA
:105CE000236893432360002010BD0C29EFD11022BC
:105CF000E36801E00222E368934301E0E3688B4339
:105D0000E360E4E71111000070B504000120002CED
:105D100014D0250035352B78DAB2002B05D12300BD
:105D2000343320001A7003F09BFA02232B70206892
:105D3000211DFFF70DFF012300202B7070BD704760
:105D400070B50500022335352B700368084A196ABF
:105D50000400114203D101211A688A431A6020000D
:105D6000FFF7EDFF002034342870207070BDC0466E
:105D70001111000010B5FFF781FF002010BD10B514
:105D8000FFF79CFF002010BDF7B5170002000223AB
:105D900034320E0011780500180001291AD00121B3
:105DA000537011702C6831687268F368002F12D13B
:105DB0002000FFF7F3FE0C22A3699343A361A369BC
:105DC000B2681343A3612B00012200203533343520
:105DD0001A702870FEBDB068266A0190042F1ED18B
:105DE0000C37BE432662A7692E48120207403A4389
:105DF0002D4F1B073A401B0C1343A022266A0901B2
:105E0000964311403143A3612162A369274A13409D
:105E1000A361019AA36910021843A061D3E7082F78
:105E20001FD10320224F1B013E402662E669276AEC
:105E300086431643F02296430F3213401D4A09024F
:105E40001740A022120111400C2233433943E36171
:105E50002162E3699343E361E369019A1343E361D8
:105E6000B1E7154F0F483E402662E769120207402E
:105E70003A430D4F1B073A401B0C266A13430F4A47
:105E800009031640A022120211403143E36121624E
:105E9000E369064A1340E361019AE369100218437B
:105EA000E06190E7FFFCFFFFFF0FFFFFFFF3FFFF45
:105EB000FFFEFFFFFFF5FFFFFFEFFFFFFF5FFFFFAD
:105EC000020010B53432147803000220012C09D0EE
:105ED000082913D007D800290AD004290BD00020A4
:105EE0000023137010BD0C29F9D11B68186CF7E75B
:105EF0001B68586BF4E71B68986BF1E71B68D86B5D
:105F0000EEE77047704770470222036810B51969C1
:105F1000040011420DD0D96811420AD0053A1A6125
:105F2000043202759B699B075ED0FAF795FB00234C
:105F30002375042223681969114210D0D9681142CF
:105F40000DD0093A1A61073222759A69C0239B0065
:105F500020001A424ED0FAF77FFB00232375082257
:105F60002368196911420ED0D96811420BD0113A39
:105F70001A610D322275DB6920009B0740D0FAF7C9
:105F80006BFB00232375102223681969114210D07E
:105F9000D96811420DD0213A1A6119322275DA6995
:105FA000C0239B0020001A4230D0FAF755FB002393
:105FB0002375012223681969114207D0D96811425B
:105FC00004D0033A20001A61FCF768FD40222368E0
:105FD0001969114207D0D968114204D0813A2000D2
:105FE0001A61FFF790FF10BDFFF78BFF2000FFF74E
:105FF00089FF9CE7FFF785FF2000FFF783FFACE7F1
:10600000FFF77FFF2000FFF77DFFBAE7FFF779FF7B
:106010002000FFF777FFCAE7020010B5343214788A
:1060200003000220012C06D01868353301650121D8
:1060300000201970107010BDF8B5050054352B788C
:1060400004000220012B43D0012303222B7023687C
:1060500098681040012809D11A68024206D020230E
:10606000A26D1343A36500232B7031E0A16D194A83
:1060700011400632FF320A430321A265DE68DA6866
:106080008A43DA608022996812060A439A60FEF712
:1060900073FE070023689A68002A0BDB0321DA6885
:1060A0000E401643DE600123A26D00208A43134395
:1060B000A365D8E7FEF760FEC01B0A28EAD91223C1
:1060C000A26D01209A43023B1343A36500232B706A
:1060D000F8BDC046FDFEFFFFF0B5050085B0039298
:1060E000029168352B7804000A00022002AF012BD0
:1060F00032D0260024230138693628703370236893
:1061000019688143196099681548014011439960E5
:10611000002A0CD110205A68B9798243B888090640
:1061200002435A605A681202120A0A435A60012254
:1061300019680A431A60FEF71FFE8021094A03000E
:10614000009220000022C903FDF758FD002805D168
:106150002023337000232B7005B0F0BD0320F9E736
:10616000FFFFCFFFFFFFFF01020010B5683211787B
:106170000300022001290CD0190022306931087077
:1061800018680223046823430360202300200B7057
:10619000107010BD704703689A69920701D50022FC
:1061A0009A6201229969114202D199690A439A615E
:1061B00070470000006830B54468064D12042C405A
:1061C000039D89052B431A43890D0A4322434260EC
:1061D00030BDC046009800FCF8B504000E00170062
:1061E0001D002268936933409B1B59424B41BB42BF
:1061F00001D000200EE06B1CF4D0002D0BD1230049
:10620000202241331A7022000023032042324034FE
:1062100013702370F8BDFEF7AFFD069BC01AA842AD
:10622000DFD9ECE7F7B5036801929A6904001023FF
:1062300010000E00202718401A4216D1FEBD731C14
:1062400014D0002E05D0FEF797FD019BC01A8642A0
:106250000BD22300202241331A7022000023423245
:106260004034137003202370E8E72568AB693B4294
:10627000E5D010232000EB61EF61FFF78CFF6B6826
:10628000074A012013406B6004236364230022004B
:1062900041331F7000234232403413702370CDE726
:1062A00000E800FEF8B504000D0016000227236880
:1062B0009B693B4201D0002018E0320029002000F9
:1062C000FFF7B0FF002818D16B1CF0D0002D0ED1C5
:1062D0002022636C032013436364230041331A704C
:1062E000220000234232403413702370F8BDFEF7C1
:1062F00043FD801BA842DAD9EAE70120F6E7F7B5AB
:1063000015001E00DAB280239B0100938023040055
:10631000099F5B04FFF74EFF3A0020000899FFF742
:10632000C1FF002805D0636C0120042B00D003209E
:10633000FEBD2368012E0BD1EDB29D6200228021AB
:106340002000089B0097FFF747FF0028F0D0EEE7FA
:106350002A0A9A6220003A000899FFF7A3FF002852
:10636000E1D12368E8E7F7B515001E00DAB2802313
:106370000400099F9B0100930023FFF71BFF3A00D5
:1063800020000899FFF78EFF002805D0636C0120DC
:10639000042B00D00320FEBD2368012E0BD1EDB2EB
:1063A0009D62002240212000089B0097FFF714FF08
:1063B0000028F0D0EEE72A0A9A6220003A000899F5
:1063C000FFF770FF0028E1D12368E8E7F8B5040083
:1063D0000D001600202723689B693B4201D0002056
:1063E00016E0320029002000FFF71CFF002816D11C
:1063F000002D0ED12022636C03201343636423001D
:1064000041331A702200002342324034137023704B
:10641000F8BDFEF7B1FC801BA842DCD9EAE70120F9
:10642000F6E7000070B504000120002C3FD02500E5
:1064300041352B78DAB2002B05D123004033200000
:106440001A7000F049FC242301212B702368E068B6
:106450001A68A6688A431A601A4962680A401A6173
:106460009A6819490A409A60012821D180221202B3
:1064700032439A605868154A02435A60DA6800202D
:106480000A40DA60616922690A43A16909020A4384
:10649000DA60216AE2690A431A60012219680A4334
:1064A0001A60202360642B7020634234207070BD1A
:1064B0008422120232439A600228DBD18022120128
:1064C0005A60D7E7FFFFFFF0FF7FFFFF0080000269
:1064D000F0B5060085B0029203934136337804008C
:1064E0000F000220202B14D1230040331A78012AF8
:1064F0000FD001221A70FEF73FFC802105000090AA
:106500001923012220000902FFF766FE002802D0AD
:10651000032005B0F0BD212333702600113B423625
:106520003370029B60646362039B606363858023B6
:10653000628D9B01FF2A20D9FF22228500938023B0
:106540005B0439002000FFF735FE638D2A00200030
:106550000A99002B19D1FFF739FF002819D1202102
:106560002368224DD9615A682A405A60230040347A
:106570004133197030702070CBE7628D92B2228562
:10658000D2B2009380239B04DBE7FFF78BFE002849
:1065900004D0636C0120042BBAD1BAE7636A5A1C99
:1065A00062621B7822689362638D228D013B013AFF
:1065B0009BB292B263852285002AC6D1638D002BDF
:1065C000C3D0802120000A9B0095FFF705FE00281C
:1065D0009ED1638DFF2B03D9FF2222850090AEE769
:1065E000628D92B22285D2B20090CBE700E800FE25
:1065F000F0B5070089B007930EAB069204CB029169
:106600001B880492059341373B7804000220202B1D
:1066100036D1002A33D0059B002B30D023004033E5
:1066200003931B78012B2BD00126039B1E70FEF7D2
:10663000A3FB8021320000900500192320000902ED
:10664000FFF7CAFD061E1FD121233B701F337B704D
:10665000049B60646362059B60636385109B2000FC
:106660000093069A079B029901950137FFF747FEB1
:1066700000280BD0636C042B04D1039B1E700120F7
:1066800009B0F0BD039B1E700320F9E7638DFF2B5B
:1066900013D9FF22802322855B04009020000299F9
:1066A000FFF788FD2A0020001099FFF7FBFD002866
:1066B0000BD0636C042BE7D1E1E78023628D9B0450
:1066C00092B22285D2B20090E8E7636A5A1C6262F5
:1066D0001B7822689362638D228D013B013A9BB245
:1066E00092B263852285002A16D1638D002B13D0C8
:1066F00080212000109B0095FFF76EFD0028C3D17C
:10670000638DFF2B20D9FF22802322855B0400901C
:1067100020000299FFF74EFD638D002BC2D12A00A5
:1067200020001099FFF752FE0028C2D120212368D3
:10673000094DD9615A682A405A60230040344133D8
:106740001970387020709BE78023628D9B0492B291
:106750002285D2B20090DBE700E800FEF0B507002A
:1067600089B007930EAB069204CB02911B8804926A
:10677000059341373B7804000220202B36D1002AB4
:1067800033D0059B002B30D02300403303931B787C
:10679000012B2BD00126039B1E70FEF7EDFA802102
:1067A000320000900500192320000902FFF714FDB4
:1067B000061E1FD122233B701E337B70049B606436
:1067C0006362059B60636385109B20000093069ABB
:1067D000079B029901950137FFF7C5FD00280BD0F3
:1067E000636C042B04D1039B1E70012009B0F0BD23
:1067F000039B1E700320F9E79023628D9B01FF2A03
:1068000046D9FF222285009380235B042000029951
:10681000FFF7D0FC002204212000109B0095FFF719
:10682000DBFC0028E6D123685A6A636A591C61625E
:106830001A70228D638D013A013B92B29BB2228580
:106840006385002A16D1638D002B13D08021200090
:10685000109B0095FFF7C0FC0028CBD1638DFF2B68
:106860001ED9FF22802322855B040090200002991C
:10687000FFF7A0FC638D002BCCD12A0020001099DB
:10688000FFF7A4FD002813D0636C042BB2D1ACE752
:10689000628D92B2228500938023D2B29B04B5E729
:1068A0008023628D9B0492B22285D2B20090DDE7F4
:1068B00020212368054DD9615A682A405A60230077
:1068C000403441331970387020708FE700E800FEC3
:1068D000F0B51D00002387B00593030003924133F8
:1068E0001A7804000220202A51D122689769802258
:1068F0003E0012021640174249D12200403217785A
:10690000012F44D001381070242289051A708B0D94
:1069100066640293A0230299E2689B010B43012A5B
:1069200001D1344B0B4322685360FEF725FA060071
:1069300027002368413720219A690A4206D19A69C3
:1069400010390A4202D13A78A02A16D19B69102741
:106950001A0000963A403B4221D12B002021200012
:10696000FFF73AFC002811D120232268D3612200CE
:10697000403441321370207009E06A1CDBD0002DD6
:1069800007D120233B70002340342370032007B03D
:10699000F0BDFEF7F1F9801BA842C9D9F1E700224A
:1069A0002B0020212000FFF717FC021EEED12368E8
:1069B000DF612027DF610599481C0590039881421B
:1069C0000ED180215868C9010143596020002B0075
:1069D00039000096FFF700FC0028D7D12368DF615B
:1069E000059B039A934200D294E72300202241336F
:1069F0001A70C8E700200002F0B504004134227884
:106A000003000F000220D6B2202A18D11D00403505
:106A10002A78012A13D0242222701B68233A19688D
:106A200007489143196019680140002019601968EE
:106A30003943196019680A431A6026702870F0BD3E
:106A4000FFEFFFFF0122054B10005968114204D0EF
:106A50000020034ADA60034ADA60704700200240EF
:106A6000EFCDAB89050403020123034A00205168DE
:106A70000B4353607047C0460020024010B504002D
:106A8000054800F08DF8002805D1044B58612060BE
:106A9000014800F085F810BD50C3000070040020CC
:106AA000F8B5124F06003B7C0D0014000220012BAC
:106AB0000CD001230E483B7400F072F8002803D17B
:106AC0007861022E03D12C6000233B74F8BD012EA7
:106AD00002D1A4B22C80F7E7002E03D0044800F0C6
:106AE0005FF8F1E7E4B22C70EEE7C04670040020D6
:106AF00050C30000284A802190694900030030B546
:106B00000B40084205D002232448446923434361D3
:106B10000B00802091698000014205D001211F4CAB
:106B2000034365692943616180209169C000014286
:106B300005D00821194C0343656929436161802010
:106B400091690001014205D00421144C0343656999
:106B500029436161802091698001014205D01021A3
:106B60000E4C03436569294361619169890305D529
:106B700020200A4C034361690143616180209169CF
:106B80004002014205D04021044C0343656929437A
:106B90006161936130BDC046002002407004002056
:106BA00070B50400FEF7E8F801260500184B9A6955
:106BB000324221D102229969114200D09A619A6928
:106BC000D20515D49A69920512D49A6952050FD448
:106BD0009A6912050CD49A69920409D499698022A1
:106BE000080092021040114202D19B69DB0308D5D4
:106BF000FFF780FF012004E0621CD8D0002C01D1F7
:106C0000032070BDFEF7B8F8401BA042CED9F7E7CD
:106C10000020024070B504000120002C15D023682C
:106C20000F4A1A600F4A1A6062685A60A2689A6036
:106C3000FEF7A2F805002368DA68002A06D1196970
:106C4000E268914209D01A61002070BDFEF794F805
:106C5000401B3028EFD90320F7E7034A1A60F3E717
:106C6000CCCC000055550000AAAA00000368024AD7
:106C700000201A607047C046AAAA0000004870476A
:106C800088040020F8B5FF235B424380114B0A21A2
:106C90001F8805003800F9F731FA0A2184B238005C
:106CA000F9F768FA8EB2642F0ED964213800F9F72B
:106CB00025FA0A2107022000F9F75CFA09010F43BF
:106CC0003743BCB22C80F8BD240236013443A4B251
:106CD000F8E7C0460C0D0020082310B590B00793CC
:106CE000802307A85B010C93FDF752FE0222154B8F
:106CF0000124D96A14481143D962D96A114000911C
:106D00000099D96A1143D962D96A0A400192019A5D
:106D10008022996B92030A439A63402302932E3B8D
:106D20000393002302A90493033305930694FEF70B
:106D30007DF88023044802A902930694FEF776F8B2
:106D400010B010BD0010024000040050F0B593B028
:106D50000D00040002F0F4FB012D1FD1AA4809F038
:106D6000DFFD0028FAD1A94B18880CF0A5FC002201
:106D7000A74B0BF0E7FB02000B00A64809F0D0FD83
:106D80000028F0D1A44B1B78062B00D0BAE0A34B0F
:106D9000A348196809F0C4FD0028F8D1F9F78CFC64
:106DA0009D4B06931B78032B1DD00120FBF7CCFBDA
:106DB000061C6060012D16D19A49F9F7A9FA00283E
:106DC00000D1F0E09849301CF9F78EFA002800D184
:106DD000E9E060680CF0B8FC02000B00934809F091
:106DE0009FFD0028F5D1069B1B78012B3FD0042B7B
:106DF00001D0092B3BD10220FBF7A6FB061CA060AB
:106E0000012D16D18749F9F783FA002800D1D0E087
:106E10008549301CF9F768FA002800D1C9E0A0685C
:106E20000CF092FC02000B00814809F079FD00286B
:106E3000F5D10320FBF788FB061CE060012D16D17D
:106E40007849F9F765FA002800D1B8E07649301C96
:106E5000F9F74AFA002800D1B1E0E0680CF074FCC0
:106E600002000B00734809F05BFD0028F5D1724F5A
:106E70003B88002B00D0A8E0069B1B78032B32D068
:106E8000083B012B2FD9FBF7E1F80026012002F087
:106E9000D7FA09AF7300F85201360A2002F08CF9D4
:106EA000062EF3D1012210216448FEF7FBF83800CA
:106EB000FBF790FE554B62491B885843F9F764F97C
:106EC0000AF0F6FF2061012D0DD120690CF03CFC89
:106ED00000224F4B0BF036FB02000B00594809F023
:106EE0001FFD0028F1D1069B18780238062800D92A
:106EF000D6E0F9F7F9F8BD003A01D500DD01D5007B
:106F0000D5003A01072B24D180214C48C901FEF756
:106F1000C3F84D4B0100180009F002FD0028F3D121
:106F2000802146480902FEF7B7F8484B01001800D7
:106F300009F0F6FC0028F3D1A0201021C005FEF7CF
:106F4000ABF8434B0100180009F0EAFC0028F3D12C
:106F500024E7092B1AD1314B3148196809F0E0FCBC
:106F60000028F8D13B4B3C48196809F0D9FC0028AF
:106F7000F8D1A0201021C005FEF78EF8344B010097
:106F8000180009F0CDFC0028F3D107E780212B4839
:106F9000C901FEF781F82C4B0100180009F0C0FC74
:106FA0000028F3D1FAE62D4809F0BAFC0028FAD1FE
:106FB00019E72B4809F0B4FC0028FAD139E7294831
:106FC00009F0AEFC0028FAD151E7002220211B482D
:106FD000FEF768F8002664213888F9F78FF880B248
:106FE000B04200D848E7642002F0E6F81E4B1F4A82
:106FF00073439BB2934203D8002E01D0F9F75CFB98
:107000000136B6B2E7E7C04611600108C8060020A5
:1070100000408F40D44F0108CC000020D40600204F
:10702000E14F010800005CC20000FA42355001083F
:107030005F50010889500108340B00200004005003
:10704000FF0F0000B3500108F24F01080350010880
:1070500014500108D0060020245001084A500108AD
:10706000745001089E5001084B81FFFF95020000FB
:107070009A4B1B78012B36D19948FFF72DFEFBF771
:107080002BFBFBF77BFBE084012D09D10A21E08C6F
:10709000F9F734F881B2934809F042FC0028F5D1A1
:1070A000FAF798FF052002F087F88021A020490117
:1070B000C005FDF7F1FF2070FAF7AAFF012D05D1F9
:1070C0002178894809F02CFC0028F9D101222021DF
:1070D0008648FDF7E7FF012D03D1FA20400002F0BA
:1070E0006BF813B0F0BD022B21D1FBF737FCFBF797
:1070F00055FC1020FDF786FEFBF77AFDE08410209A
:10710000FDF78AFEFBF76AFCFBF786FC012DC7D171
:10711000E08C0CF0D1FA0022754B0BF013FA020050
:107120000B00744809F0FCFB0028F1D1B8E7032BF1
:1071300016D1714E3000FBF7DBFB3368E3847368D4
:107140002385012DACD10A21E08CF8F7D7FF268DDD
:1071500081B23200694809F0E3FB0028F3D19FE7D0
:1071600001235B42E38423859AE7FAF76FFF002649
:10717000012002F065F909AF7300F85201360A20C8
:1071800002F01AF8062EF3D13800FBF723FD5C4B12
:107190005C4907931B883E005843F8F7F5FF0AF057
:1071A00087FE2061322002F007F8574802F048F9C4
:1071B000B8810A2002F000F802370CABBB42F4D1D0
:1071C0001800FBF707FD079B4E491B885843F8F74B
:1071D000DBFF0AF06DFE6061322001F0EDFF4B48ED
:1071E00002F02EF930830A2001F0E6FF02360CABE4
:1071F000B342F4D10FA8FBF7EDFC079B41491B8874
:107200005843F8F7C1FF0AF053FE069BA0611B78B4
:10721000032B1AD1FA213E4EC90030000AF0E8F8DB
:10722000012D12D10C23F25E736AB17A0493336A92
:1072300038480393F3690293B36901937369009328
:10724000336909F06DFB0028ECD101221021274899
:10725000FDF728FF012D00D022E720690CF074FA19
:1072600000222D4B0BF06EF902000B002B4809F0A9
:1072700057FB0028F1D160690CF066FA0022264B1A
:107280000BF060F902000B00254809F049FB0028CB
:10729000F1D1A0690CF058FA00221F4B0BF052F903
:1072A00002000B001F4809F03BFB0028F1D1F7E674
:1072B000FBF7C2FCFBF7E6FCFBF784FDE062FBF7A3
:1072C000FDFCFBF719FD012D00D0E9E61648E16A47
:1072D00009F026FB0028F9D1E2E6C046140500209B
:1072E000D0030020C450010892510108000400504E
:1072F00000002440E050010808050020F750010874
:10730000C8060020FF0F000002000004100000105B
:10731000880400201A51010800408F40B350010832
:107320005C5101086D5101087E5101088022094B12
:107330009203996A10B50A439A629A6A0649074805
:107340000A409A624021FDF72BFE80210348FDF799
:1073500027FE10BD00100240FFFFDFFF00040050B9
:1073600070B586B0FAF748FD5B4C207802380728E4
:1073700021D8F8F7A5FE3104208220A220A2002304
:1073800001255648564A574C02602370564A0361FD
:107390008361C3610362F03383600E334260C56072
:1073A0004361FFF73FF800280DD0504809F0B8FAC4
:1073B0004F4809F0B5FA4F4B1878FAF797FDFAF7EE
:1073C00009FE06B070BD25700AF008F8002801D04B
:1073D0004948EEE74948ECE7494B00221B78202159
:1073E000484805AC2370FDF75DFEFBF72BF9FBF772
:1073F0004DF9FA230125444E9B000022C42102933B
:1074000000942B0030000195FFF7F2F8FBF73EF9EE
:107410003E4B3F4C984209D83E48257009F080FA0F
:10742000012220213748FDF73DFEC4E73000FFF779
:107430007DFFFBF793FAFBF7B1FA8021A020090149
:10744000C005FDF729FE002806D102232370FBF7B3
:1074500001FB314809F064FAFBF7C0FAFBF7DCFAEC
:107460002378002BDCD1FBF707FA012803D1032393
:107470002A482370D2E72A48D0E700222021214859
:10748000FDF710FEFBF7D8FBFBF7FCFBFBF792FCCC
:10749000FA20400001F090FEFBF78CFCFBF70EFC9D
:1074A000FBF72AFC012220211648FDF7FBFD1D48B1
:1074B00009F036FA0028FAD17DE71B4B1878FAF765
:1074C0004FFD1A4B1878FAF7D9FC2378092B00D016
:1074D00071E7FAF7E1FD6EE7CC000020BC04002064
:1074E00000540040B80400202E11B100A35101083F
:1074F000C1510108070D0020FA5101081952010875
:10750000CB4F010800040050D00300200E270000DC
:10751000140500203C5201085E52010890520108F7
:10752000B3520108DF520108060D0020050D0020AE
:1075300013B50E4B0C001B78002B01D1012016BD9A
:1075400041000B48002A09D1FA2301329B00FFF7C2
:10755000BFF90028F3D00328F0D1F0E793B2FA2264
:10756000920000922200FEF7B3FFF2E7B804002079
:10757000BC040020014B18887047C046C806002094
:1075800030B587B00C22002103A80CF093FA032336
:107590000293C0230125A020104CDB010193E36A74
:1075A00001A92B43E362E36AC0052B400093009BD3
:1075B000FDF73CFCE36AAB43E3628023626BDB03D1
:1075C00013436363FDF7DEFBFDF7E4FBFDF7EAFB26
:1075D000636B034A1340636307B030BD0010024081
:1075E000FFFFBFFFFEE70000FF2383429B41020035
:1075F0005B42D800074B1A4201D004231843064BC4
:107600001A4201D002231843044B1A4201D001232D
:1076100018437047F0F0FFFFCCCCFFFFAAAAFFFF92
:1076200030B50C001100204A204B87B0904232D078
:107630000FD8A022D205904217D01D4A904221D0E7
:107640008025DA6A2A43DA62DB6A2B400593059BC0
:1076500013E0184A9042F3D10825DA6A2A43DA6225
:10766000DB6A2B400493049B07E00125DA6A2A4376
:10767000DA62DB6A2B400193019B0C60FDF7D6FBBD
:1076800007B030BD0225DA6A2A43DA62DB6A2B4092
:107690000293029BF1E70425DA6A2A43DA62DB6A85
:1076A0002B400393039BE8E70008005000100240C2
:1076B00000040050000C005070B5080016001C00BB
:1076C0000D00FFF791FF084A80001450002C0AD0EB
:1076D000280001F0D5FD040000223100FDF76AFB0F
:1076E0002000FDF78FFB70BD1805002010B5FFF7D7
:1076F0007BFF034B8000C358002B00D0984710BD80
:107700001805002010B5D2B2FDF7CCFC10BD00006A
:10771000F7B5244E0500002230000C00FEF7B2F948
:107720000022290030006768FEF7D6F90022210008
:107730003000FEF7A7F96268BA42F1D10326E97872
:1077400019483D27484303308308314001934B1EBD
:1077500099414B4215490B4015495B186978AD7842
:1077600001394F430137F80F84464900CB40019857
:107770006744013D7F10281838183340C31AE120B0
:107780000C4900014B432178657848433C2169430B
:107790004018A1784018C0188002074B801AC01802
:1077A000FEBDC0469C050020B505000050555500A3
:1077B0005055440080510100FF0300000320704732
:1077C00010B5410E7D220023C001F8F7ABFD10BDBE
:1077D00010B57D220023002109F082FE4906C00970
:1077E000084310BD7FB5684601A9FFF791FF024B22
:1077F0001B68C01A07B000BD580500207FB5684659
:1078000001A9FFF785FF07B000BD00000648074B40
:10781000016810B5CA68D2B21343CB608021490019
:10782000FDF77AFE10BDC0469C0500207FFEFFFFDD
:10783000F0B5464E87B005000023F45EFFF7D2FF97
:1078400003340021281A844200D30121042008F0C7
:10785000B1FE08F0C5FE012802D10022B35EED1A88
:107860003B4B9A791E795F790192DA7902929A6894
:1078700003925A7E04929C7EDB7E0593FFF7C6FF3F
:107880002000039A334B9B1AAA05920D9B18324A8B
:107890009BB2AD0A95423AD8E122120195423BD201
:1078A0003B2D3ED8019A9C0A1219A40255191C1BA3
:1078B000ADB2A4B23B2D38D83B2F3BD8172E3ED8C3
:1078C000049B059A013B92073ED1244AD15C884231
:1078D00002D9F8F7A3FC88B21E4B21491C1BA02338
:1078E0001B058B614B1CD877029B0022CB70802339
:1078F0001C485B004C608D704F700E70CA614A610D
:107900004B62CA600A61FDF7E5FF07B0F0BD16499A
:1079100001306D1880B2BDE7144901366D18B6B25A
:10792000BCE701373C3DBFB2BAE73C3D0137ADB2E1
:10793000BFB2BFE73C3F0136BFB2B6B2BCE7183EAC
:107940000130B6B280B2B9E7094ABFE7C0050020EE
:1079500058050020FF0300007F510100D16B010892
:10796000740500209C05002080AEFEFFF0F1FFFFB3
:10797000DD6B01080420002110B508F01BFE0A4849
:1079800003689A68D2040DD5DA68D2050AD5D96899
:10799000064AC9B20A43DA608022054B92025A6154
:1079A00001F056FC10BDC0469C0500207FFEFFFF85
:1079B0000004014070B57D220023410EC001F8F79C
:1079C000B1FC0400FFF71AFF0500FFF717FF401B8B
:1079D000A04200D370BDC046F7E7000010B50349D0
:1079E0000348FFF795FE034B186010BD5C050020AF
:1079F000700500205805002070B5184E86B0357807
:107A0000002D29D1164C174B200023601F23A360A3
:107A1000154B6560E3602561A561E561FDF70EFE2C
:107A2000124B69462A0020000093FDF7E1FE01A9F0
:107A30002A0020004D600D61CD600195FDF752FEDA
:107A40002000FEF76BF8802120004900FDF764FD5F
:107A5000FFF7C4FF0123337006B070BDC2050020DC
:107A60009C05002000280040FF03000001010100E8
:107A7000014B18687047C0465805002010B586B005
:107A80001422002101A80CF015F80223A020029373
:107A9000039301AA01332021C0050493FFF7C0FD21
:107AA000A02001AA4021C005FFF7BAFDA02001AA2D
:107AB0008021C005FFF7B4FD8021A020012401AA88
:107AC0000902C00502940394FFF7AAFD8021A020BB
:107AD00022000902C005FFF715FE06B010BD000028
:107AE0001A4B1B4810B503601A4B1B491A68002338
:107AF0008A4203D901335208072BF9D19A07590753
:107B0000D20FC90F490112010A430821DB000B40C3
:107B10001343C36100238222836003614361C36016
:107B2000836203624362802352004260FC328261BE
:107B30000A4A5B01516B0B435363FBF7CDFA0028F4
:107B400001D0FFF74FFDFFF799FF10BD0030014056
:107B5000C4050020340000208096980000100240E8
:107B600030B587B01422002101A80BF0A3FFA0209C
:107B70000124022501AA8021C00502940395FFF784
:107B80004FFDA02000228021C005FFF7BBFDA020F3
:107B900001AA4021C0050395FFF742FDA020002265
:107BA0004021C005FFF7AEFDA02001AA2021C0059D
:107BB0000395FFF735FDA02000222021C005FFF727
:107BC000A1FD8021A02001AA0902C0050394FFF7AE
:107BD00027FD8021A02022000902C005FFF792FDA9
:107BE00007B030BD10B50E211624012386B06944BC
:107BF0006C445B4208802200009303480233FBF789
:107C0000ABFA208806B010BDC405002010B5064CA4
:107C10000649200008F0DEFD200008F041FD0122A9
:107C2000034B1A7010BDC0466C0600205046000081
:107C3000C606002010B5074808F0A0FD8021A0204E
:107C400000224900C005FDF72DFA0022024B1A70F0
:107C500010BDC04644060020C2060020012210B517
:107C6000024B03481A7008F089FD10BDAA060020D7
:107C70001C06002010B5034808F080FD0122024BCD
:107C80001A7010BD58060020C0060020064B10B523
:107C9000195C064808F044FE802305489B0000213B
:107CA000838003F0B7FC10BD11530108F75201089F
:107CB0005800002010B503F02FFD012801D1034B1F
:107CC0001870034808F05AFD10BDC046BC060020DD
:107CD000300600200123F0B50400B44D87B02B70AE
:107CE00002792168407902F0CDF8236818780A28D3
:107CF00056D8002845D1AE4F3B78012B13D103F065
:107D0000F3FEAC4EAC49300008F0C2FCAB4B300087
:107D1000196808F05FFD300008F0C2FCA84808F0C0
:107D2000BFFC00233B70A74808F0FAFD0028FAD1F9
:107D3000A54808F0F5FD0028FAD12379082B00D9D1
:107D40007AE2A24B1B78002B00D175E26179A04842
:107D500008F0E6FD061EF9D12379B34200DD62E2A8
:107D60009C4808F0DDFD0028FAD19B4B974A1B7810
:107D70000192002B00D066E20023019A137007B035
:107D8000F0BD01380928B6D8F8F7A4F92600B5FFE8
:107D9000B5FF42005A00AC00DB00E7004A01710168
:107DA0002038C2B2132AA6D81328A4D8F8F792F91B
:107DB0006C017A019401C301A3FFA3FFCF01A3FFCC
:107DC000A3FFA3FFA3FFA3FFA3FFA3FFA3FFA3FFA3
:107DD000A3FFA3FFE50123022279042A00D08AE74A
:107DE0005A7899781204DB7809020A4313437B4AD4
:107DF0001360052B0ADD01216D4A1170FA229200F1
:107E000053436E4A13600122704B0CE0744BF8E749
:107E10002279022A00D06EE75B78FF2B05D1012280
:107E2000704B1A70694B1A7065E7FE2B00D062E741
:107E300001226D496D48F8F737FBF8F779FBEEE75B
:107E400001216B4A11702179042927D15878012822
:107E500000D950E7674F684E18D103F0DDFC236866
:107E60009A78DB783A70337003F03EFE0122574B6C
:107E700062491A702279624B1A7000239A4200DC20
:107E800039E72068C05CC8540133F7E79A78DB789B
:107E900000203A70337003F0BFFCE5E702291ED1E1
:107EA0005878012802D103F0B7FC01E00028FAD08D
:107EB00000260722504B1E704E4B1A7003F014FE22
:107EC0000122424B4D491A7022794D4B1A70B24231
:107ED00000DC10E72068805D88550136F7E7002355
:107EE000137008E72279042A00D004E75A78002AA0
:107EF00000D000E79E78002E0AD1D878032800D958
:107F0000F9E6404B1870F9F7F1FF03F0EDFD7AE761
:107F1000012E0AD1D878032800D9ECE63A4B187024
:107F2000FAF71EF803F0E0FD25E0022E00D0E2E6AD
:107F3000D878032800D9DEE6344B1870F9F79EFF95
:107F4000E3E72279032A00D0D5E659789B78304AB6
:107F50001B020B435BBA1380D7E72E4A1278052A1F
:107F600000D0C8E62279022A08D15E78012E00D01E
:107F7000C1E603F0D5F8154B1E70BCE6042A00D00C
:107F8000B9E65A78022A00D0B5E6D8789A78000285
:107F9000104340BA80B20BF08FFB00221E4B0AF058
:107FA000D1FA0BF013FC1D4E3060AEE7C106002085
:107FB000CC060020940600200983000868000020F9
:107FC0006C0600201160010815530108E40600202A
:107FD00024530108E3690108B506002024080020A5
:107FE00070170000CA06002060000020000008088A
:107FF000B7060020AD060020AE06002020070020B6
:108000001F070020070D0020060D0020050D002091
:10801000340B0020CC000020000024401800002079
:108020002279062A00D066E6597801290FD1D8783E
:108030009A78000210431A795B79120402431B06F6
:1080400013439A4A1BBA1360994B197053E60229DD
:1080500000D050E6D9789A78090211431A795B79F1
:1080600012040A431B0613431BBA924ACAE622793A
:10807000022A00D03FE65B78032B00D03BE68E4A15
:10808000137003F031FDCAE62279022A00D032E6ED
:108090005878012800D92EE602D103F037FBF0E72B
:1080A0000020FAE72279022A06D15B78052B00D955
:1080B00021E6824A137028E7032A00D01BE65A788B
:1080C000002A00D017E69B78012B00D913E6012681
:1080D0007B4A3340137025E72279022A09D15E7862
:1080E000012E00D007E603A80270067107F074FCA9
:1080F00018E7042A00D0FEE55A78002A00D0FAE5F5
:108100009F78022303AE30003370327107F064FCB5
:10811000381C052F00D9052040B203F0A1FB2368CD
:10812000DB78FF2B00D1F0E616223000327033717D
:1081300007F052FCE9E62279022A00D0DBE5587804
:10814000002800D1D7E540B203F078FBDDE62279C4
:10815000022A07D15B78012B00D0CCE5594A137075
:10816000534ABDE6032A00D0C5E55A789B781B0226
:10817000134300D1BFE5544AECE62279062A00D029
:10818000B9E55A785149012A00D80A70DA78987806
:108190001202024302D04E4852BA02801A795B7929
:1081A0001B02134302D04B4A5BBA13800B784A4F31
:1081B000002B06D1380008F0E1FA484808F0DEFA52
:1081C000A3E6444B464E19883800714308F002FB81
:1081D000380008F065FA03F025FB002800D094E68B
:1081E0003B4B198871433D4E300008F0F3FA3000E4
:1081F00008F056FA89E62279032A00D07BE55978FF
:108200009878384A384B11701870002907D101311D
:108210001170012800D878E601221A7075E60F293E
:10822000F7D90F21F4E723683048995D08F078FB0F
:108230000028F8D101368FE521792D4808F070FB30
:108240000028F9D191E5032B00D195E5019B294F39
:108250001B78294A3B7001231370002216002079F5
:10826000D1B2814213D3002E01D0234A13700023D0
:10827000224A1370022814D122681078262810D1BF
:108280005278012A0DD11E4A2B70137074E5322BDF
:1082900005D821685E1C895CF954F3B201260132CD
:1082A000DEE70122174B1A7066E5C046D4060020AF
:1082B000E4060020D0060020CC000020B5060020F7
:1082C000030D0020B606002064000020B406002044
:1082D000A8060020B2060020300600201C06002060
:1082E00060EA0000AB060020AC060020285301081D
:1082F0002E530108EB0600201E070020B7060020C1
:10830000BA060020B80600200B4B10B50B4C1968BC
:10831000200008F05FFA200008F0C2F90122084BA3
:108320001A70084B1A6811231A4203D0064A1378B0
:108330000133137010BDC046680000209406002071
:10834000B9060020D40E0020AF06002070B5294DDC
:108350002B78002B0CD1FA21274C4900200008F083
:1083600039FA200008F09CF92B7801332B7070BD8E
:10837000012BFCD1204808F001FA204B1B78012B7F
:1083800026D103F04FFA1E4E002810D11D4C1E4975
:10839000200008F07DF91D4B20001988714308F07A
:1083A00019FA200008F07CF9052000F005FF184CB0
:1083B0001849200008F06CF9174B20001988714308
:1083C00008F008FA200008F06BF9052000F0F4FE30
:1083D000124C1349200008F05BF9124B2000196879
:1083E00008F0F8F9FFF790FF052000F0E5FE002304
:1083F000BCE7C046CB06002080060020B406002063
:1084000060EA00001C0600205D7C0008A806002031
:1084100030060020B57C0008B2060020940600203B
:1084200009830008680000200023174A10B5136074
:10843000164A1360164A1360164A01331370164A1F
:108440001370164A1370164808F06AFA0028FAD119
:10845000144B187003F060F9012801D106F0BCF943
:10846000114808F08BF9002003F01CF90F4C10495B
:10847000200008F00DF9FA212000490008F0AAF9BF
:10848000FFF764FF10BDC046E0060020DC060020B8
:10849000D8060020C4060020C3060020C506002020
:1084A000FE660108BB06002058060020800600205A
:1084B0004D830008F0B59DB0FCF746FC00F0F0FEDF
:1084C000FFF75EF800F0A0FF02F070FEF8F750F83A
:1084D0006F4C7049200008F0DBF820006E4908F06E
:1084E00079F9200008F0DCF86C4B1B68002B12D1E6
:1084F0006B4B1B68002B0ED16A4B1B68002B0AD1FB
:10850000694B1B68002B06D103F0A0FA03F062FA56
:10851000C82000F051FE03F009FF0121080008F017
:1085200033F86249624803F055FE02F04BFE614B9E
:108530001A78002A1DD000228021A02001251A705F
:108540005D4B4900C0051D70FCF7ACFD5B4C5C4900
:10855000200008F09DF820005A4908F03BF98021DE
:10856000A0202A00C0054900FCF79CFD200008F06F
:1085700097F8554A1378002B0DD0544B11211868E9
:1085800003000B40084206D1514913700B7051494A
:108590000B7002F0D9FF504B1B78002B18D04B4BBF
:1085A000196811230A001A40194211D101214B4BBD
:1085B0004B481970464B1A70464B1A7008F0DEF89B
:1085C000484808F0DBF8484808F0D8F802F0BCFF4B
:1085D000464B1B78002B00D1FCE1454C2368012B56
:1085E0000CD1444A1278062A34D0092A32D0374AAC
:1085F00011681122114201D13F4A13703F4D2B687F
:10860000012B0AD13B4A1278092A32D02F4A11682D
:108610001122114201D1384A1370394B1B68012BCA
:1086200006D12A4A11681122114201D1324A13702F
:10863000274B1A78042A73D9002264201A7000F09C
:10864000BBFDBFF34F8F2F4B2F4ADA60BFF34F8F25
:10865000C046FDE72D4B1B78002B02D10023236081
:10866000CCE72B4B2B48196808F05AF90028F8D1B1
:10867000F4E7264B1B78002B02D100232B60CCE7BC
:10868000254B2648196808F04BF90028F8D1F4E783
:108690006C0600200D7C0008504600000000080811
:1086A00004000808080008080C000808380000202A
:1086B0003C000020C3060020C20600204406002023
:1086C000357C000888130000C0060020D40E00206E
:1086D000AF060020AA060020BC060020BB06002032
:1086E00094060020300600201C060020C40600204E
:1086F000E0060020CC000020B9060020DC060020A7
:10870000D806002000ED00E00400FA053B0B002035
:10871000D406002059530108D006002068530108F0
:10872000CA4D2B78012B00D07EE1FA20400000F0EA
:1087300043FD1122C648002103681A70C54B83808F
:1087400002F068FF2B7801332B70C34B1B78002B92
:1087500010D0C24B1A68112315001D401A4209D1CE
:10876000BF4B1D7002F04CFF012800D1CAE100226E
:10877000B94B1A70BB4E3378002B4BD0B74B1A68ED
:10878000112317001F401A4244D18021B648C90165
:10879000FCF782FC8021B54D09022870B248FCF735
:1087A0007BFCB34C10212070A020C005FCF774FCAA
:1087B00037702E78AF4DB0492B78B04AB34209D00C
:1087C000AF4B1B78062B05D0092B03D0AD4B1B7884
:1087D000012B18D00F7823789F4207D0A84B1B7825
:1087E000072B03D1A84B1B78012B0CD013788342A5
:1087F00010D0FD27A24B1B78073B3B420AD1A34B6D
:108800001B78012B06D11070012223782E700B707B
:10881000914B1A709E4A1378002B03D09D4909781A
:10882000032929D09C490978002907D08C49097867
:10883000002903D09749097801291DD09749097863
:10884000002901D100F095FC85490978002901D162
:1088500000F095FC8F49097802290DD08D490978DF
:10886000042909D0002B03D17D4B1B78002B2ED07F
:10887000884B1B78052B2AD1784B196811230C00E3
:108880001C40194223D1844B14701C70834B1C7004
:10889000734B1C70824B1978002901D100F05CFCED
:1088A0001C7002F0ADFE012811D16423210068483C
:1088B0007C4D43712A787C4B944201DA00F044FCF1
:1088C00000217A4B297002711A7002F0A3FE784CD5
:1088D0002378012B29D102F093FE012825D1754B75
:1088E0001B78012B21D1744B198800291DD0734EA0
:1088F0003388002B19D00023714D2370714C724ABC
:1089000028006143137007F065FF280007F0C8FED8
:1089100002F088FF002808D1318861436B4C2000A9
:1089200007F058FF200007F0BBFE694A1378002BC0
:1089300015D04A4B1121186803000B4008420ED194
:108940001370644A4248127863499A4201DD00F08C
:108950000AFC0C2300210271437102F05BFE5F4EA2
:108960003378002B36D03D4B1A68112317001F4077
:108970001A422FD15A4B1C68394B1F7002F040FE2F
:10898000012825D1FA2120008900F7F7B7FB10ADA7
:1089900004002800FEF776F905232D484371AA78D4
:1089A00003681A70EA7803685A702B880268190AFB
:1089B000917002683900D3700368220C1A71220A80
:1089C0005A719C710723394A0371137002F022FE19
:1089D00000233370434B1A78002A18D00022424DEE
:1089E0001A70424B01321A702B88002B01D11433BC
:1089F0002B803F4C3F49200007F04AFE2B8831492D
:108A00002000594307F0E6FE200007F049FE3A4CEB
:108A10002378002B03D0F7F74FFE0023237072B6A4
:108A200007F0F6FD62B680E5022B00D08DE60B4B19
:108A30001B68DB0700D588E6BFF34F8F2F4B304A0A
:108A4000DA60BFF34F8FC046FDE7C046CA0600207C
:108A50005800002001040000B9060020D40E0020B8
:108A6000C1060020E506002000040050E7060020B3
:108A7000E6060020EA060020E9060020E8060020BD
:108A8000CC000020070D0020060D0020050D002061
:108A9000BA060020B5060020BE060020BD06002054
:108AA000B80600201E070020EB060020C7060020A5
:108AB000B0060020B4060020B2060020A806002060
:108AC0003006002060EA0000AA0600201C060020F4
:108AD000B70600201F07002020070020B606002050
:108AE00068000020BF06002064000020BB060020B4
:108AF00058060020757C0008C606002000ED00E046
:108B00000400FA05DC4F04AE39783000FEF71EF998
:108B100023683D7000936B461B780193D74B1B680D
:108B2000DBB20293D64B1F68FBB2039302F08CFEBC
:108B3000D44CD54B607118780138082845D8F7F720
:108B4000D3FA09007300C200FA005301BD01F0011D
:108B50004F029C02CD4A2168138804AD1B0A0B709A
:108B600023681288CA495A70686808F009FF09F03A
:108B700081F926680012B070C549686808F000FFE6
:108B800009F078F92668F070286909F073F924680B
:108B900000122071286909F06DF9019B6071BD4CCC
:108BA000002B05D18021BC48C901FCF775FA207063
:108BB000B44B29781A6823784900DB010B43012163
:108BC00007250098084003439371019B012B02D1B4
:108BD0000022B24B1A60029B012B02D10022A74B4C
:108BE0001A60039B012B02D10022A54B1A60AC4BEB
:108BF0001B78012B07D0AB4B1B78012B03D0AA4B62
:108C00001B78012B02D10122A84B1A70A84BEDB2A0
:108C10001D70A84B9B4C19782571012900D08FE25B
:108C2000200002F0F7FCA2E5984A2168138804AD01
:108C30001B0A0B702368128895495A70686808F0FF
:108C40009FFE09F017F926680012B0709049686815
:108C500008F096FE09F00EF92668F070286909F010
:108C600009F9246800122071286909F003F9019BB1
:108C70006071884C002B05D180218748C901FCF721
:108C80000BFA207001210098227808402978D2013F
:108C9000490002430A4304217A4B0A431B689A7134
:108CA000EA8C120ADA71EA8C1A72834A1278032A61
:108CB00006D12A8D120A5A722A8D9A720B2584E7E0
:108CC000FF225A72F9E7FDF7D9FF10AA1300A2C8D4
:108CD000A2C326C826C326C826C326C826C3019B0E
:108CE0006C4D002B05D180216B48C901FCF7D4F9EC
:108CF00028700122082700992B7811403278DB0177
:108D00000B435200134330691F4308F00BFC10ADB6
:108D10002880706908F006FC6880B06908F002FCE1
:108D20008021FFB2A8802A00AF712068490008F0B6
:108D30008BFB050049E7554A216813881B0A0B7015
:108D40002368128852495A70059808F019FE09F0F4
:108D500091F827680012B8704D49059808F010FE88
:108D600009F088F82768F870089809F083F82768F0
:108D700000123871089809F07DF8019B454D787113
:108D8000002B05D180214448C901FCF785F92870E2
:108D9000012200992B7811403278DB010B435200FD
:108DA00013430C2224681343A371B068384908F0B8
:108DB000E7FD09F05FF80012E0713549B06808F08E
:108DC000DFFD09F057F820723149F06808F0D8FD4E
:108DD00009F050F8001260722D49F06808F0D0FDDB
:108DE00009F048F8A07269E7284A2168138804ADA1
:108DF0001B0A0B702368128825495A70686808F0AE
:108E0000BFFD09F037F826680012B0702049686885
:108E100008F0B6FD09F02EF82668F070286909F010
:108E200029F8246800122071286909F023F8019BB1
:108E30006071184C002B05D180211748C901FCF73F
:108E40002BF9207001210F4B00981A6823780840F5
:108E50002978DB01490003430B4310210B43937135
:108E6000EB6A1B12D371EB6A1372EB6A1B16537217
:108E7000EB6A0B41937221E73A0B0020DC060020DD
:108E8000D806002058000020CC000020C806002092
:108E900000002041EA06002000040050E006002007
:108EA000070D0020060D0020050D0020E50600201E
:108EB000C7060020AA06002014050020B34A216836
:108EC000138804AD1B0A0B7023681288B0495A70CE
:108ED000059808F055FD08F0CDFF26680012B07027
:108EE0000598AB4908F04CFD08F0C4FF2668F07007
:108EF000089808F0BFFF246800122071089808F055
:108F0000B9FF142360712A7852001343A371A14B57
:108F10001B681A0EE2711A0C22721A0A6272A3728C
:108F2000CCE69A4A2168138804AD1B0A0B702368AB
:108F3000128897495A70686808F022FD08F09AFF75
:108F400026680012B0709249686808F019FD08F0B0
:108F500091FF2668F070286908F08CFF24680012E1
:108F60002071286908F086FF019B60718A4C002BF4
:108F700005D180218948C901FCF78EF82070029B39
:108F8000002B06D1802185480902FCF785F8844B27
:108F90001870039B002B06D1A0201021C005FCF700
:108FA0007BF8804B187001217F4B00981A6823785A
:108FB00008402978DB01490003430B4318210B4388
:108FC0009371774B02991B7809010B43D371754B51
:108FD00003991B7809010B431372FF23537249E76E
:108FE0006A4A2168138804AD1B0A0B702368128833
:108FF00067495A70686808F0C3FC08F03BFF2668B0
:109000000012B0706249686808F0BAFC08F032FFDC
:109010002668F070286908F02DFF2468001220717E
:10902000286908F027FF019B5B4E6071002B05D17A
:1090300080215A48C901FCF72FF830705A4B00992B
:109040001C68012319400B003278D20113432A789F
:10905000520013431C221343A371686908F00AFFEE
:109060000012E071686908F005FF2072A86908F035
:1090700001FF00126072A869B2E6444A21681388B1
:1090800004AD1B0A0B702368128841495A70686846
:1090900008F076FC08F0EEFE26680012B0706868F2
:1090A0003B4908F06DFC08F0E5FE26683849F07091
:1090B000A86808F065FC08F0DDFE26680012307133
:1090C0003349A86808F05CFC08F0D4FEFBB270716C
:1090D000344E002B05D1A0201021C005FBF7DCFF8A
:1090E0003070012233781740DB011F432B7824684E
:1090F00093401F4320233B43A371E868244908F0B1
:109100003FFC08F0B7FE0012E071E868204908F063
:1091100037FC08F0AFFE1F4B11251B6820721A0E9A
:1091200062721A0CA27223731A0A204BE2721B6835
:109130001A0E62731A0CA2731A0AE273237444E5BE
:1091400002F070FB01006BE51F7806683755197057
:1091500001340133FFF7B0FB134803681970144B57
:109160008380FFF7B2FBCD5C0468E5540133FFF761
:10917000ECFB002B01D0FFF771FBFFF775FB002B19
:1091800001D0FFF76BFBFFF7A2FBC046C80600202B
:1091900000002041D4060020EA0600200004005010
:1091A000E9060020E806002058000020D006002034
:1091B000010400000020704707B50190019807F0F6
:1091C000DFF907BD8023094A5B05916B10B50B439E
:1091D0009363FCF751F9FCF795F90823044A1168E9
:1091E0000B431360FCF784F910BDC0460010024029
:1091F00000200240042300B599B00A930023149381
:109200000133FF330AA80C93FBF738F8002801D08C
:10921000FEF7E8F920230193802301A85B02029363
:10922000FBF7B6FB002801D0FEF7DCF98023074AE4
:10923000DB02116D02200B43136500221100FBF7C6
:10924000B9FD0220FBF7DEFD19B000BD00100240A1
:1092500010B507F059FA10BD10B5FEF747FA10BD6A
:109260000421064A10B5536B14200B4353630022AC
:10927000FBF7A0FD1420FBF7C5FD10BD0010024058
:1092800003000620042B05D005D8013B0138012B33
:1092900000D902307047083B5A1E9341981DF9E7E8
:1092A00010B594B001AC1422002120000AF002FC99
:1092B0002C22002107A80AF0FDFB0223069310933D
:1092C00080231B0301221293802309921B040F3277
:1092D00006A80A921393FAF7D1FF002801D0FEF7EF
:1092E00081F98023114A5B05916B0B439363104A0C
:1092F000104B1168194080231B010B431021136090
:10930000506803000B400842FAD10F22012101925C
:1093100020000C3A6260A360E3602361FBF760FA0F
:10932000002801D0FEF75EF914B010BD0010024015
:1093300000700040FFE7FFFF044B1868044B1B68F8
:109340005840044B1B6858407047C0465000F81FF7
:109350005400F81F6400F81F1149124A10B50B6839
:1093600014681B191B0EC37114680B681B191B0CA6
:10937000837114680B681B191B0A437112680B6810
:109380009B180371084B1A68120EC2701A68120CEF
:1093900082701A68120A42701B68037010BDC046C2
:1093A0005000F81F6400F81F5400F81F124910B550
:1093B0000B78002B1ED1012210480A70104903645B
:1093C00001608021090641600721C36183618360D8
:1093D000C36003624362C3620363802382630261EA
:1093E00003324261074AC163516B9B000B435363D5
:1093F000FAF754FD10BDC046290800202C080020B3
:10940000002401400010024010B50B4C2378002BC3
:1094100010D1FFF7CBFF094B1B689847FEF760FBA5
:10942000FEF7EAFA07F068FA02F004FDFDF798FF8C
:109430000123237010BDC04628080020486B010896
:1094400073B5060000201E4B1B78834236D00823DC
:109450001C494A681A42FCD080231B4D1B4C6A6B86
:109460009B00134300216B632000FCF7E5FD184BC4
:1094700069460093174B20000193FAF771FE802391
:1094800069465B01200001930096FAF769FE20000F
:10949000FAF7D6FD012120004942FAF7FDFD200030
:1094A000FAF75AFE0222236880B299680A439A604A
:1094B00003221A606B6B084A13406B6376BDC0468B
:1094C0002908002000700040001002402C080020F5
:1094D000FFFF070001100000FFFDFFFF70B51248FD
:1094E000FFF7AEFF00240100A04206D00F4B10484A
:1094F0001B885843F6F702FE04000E48FFF7A0FF52
:109500000D4B60430A491D88F6F7F8FD431B5020B8
:1095100058430A4B00021988491BF6F735FEF02321
:109520005B01C01880B270BD000002447800F81FD3
:10953000B80B0000000004487A00F81F7E00F81FF6
:1095400010B51148FFF77CFF04000120002C16D055
:109550000E4B0F481B8821005843F6F7CFFD0D4AEC
:1095600084B2FE2094420AD80B4A94420AD9C821F8
:109570000A4A8900A3185843F6F7C0FDC0B2084B49
:109580001C8010BD0120FAE7000002447800F81F9B
:10959000B80B0000E30C0000C30900003CF6FFFF1D
:1095A000C806002010B5EFF3108472B6FEF7D8FAA3
:1095B000084B5B689847F8F743FC0423064A116898
:1095C0000B43136084F3108801210800FBF774FF3C
:1095D00010BDC046486B01080070004010B5EFF3A5
:1095E000108472B60122124B19680A431A600422D1
:1095F00019681142FCD08022196852040A431A608B
:109600008022920419681142FCD00322D9680A43CF
:109610000C21DA60DA680A400C2AFBD1FEF72EFA38
:10962000044B1B689847F8F7E7FB84F3108810BDDC
:1096300000100240486B010810B501210020FBF723
:1096400023FF10BD7047C046FDE77047704710B557
:10965000FBF78AFB10BD10B500F0A0F910BD10B5E6
:1096600000F094F910BD10B500F088F910BD10B5E8
:10967000FEF780F910BD10B50120FBF719FD02209F
:10968000FBF716FD10BD10B50420FBF711FD0820F7
:10969000FBF70EFD10BD0000102110B54B4C6369A7
:1096A0000B421AD04A4B1B78002B12D0494B1B7827
:1096B000002B0ED0FD22484B1B78073B134208D1EC
:1096C000A020464BFC3AC0051A60FBF7E5FC444B72
:1096D000187010206061FFF7BFFD2020FBF7E8FC49
:1096E0004020FBF7E5FC8020FBF7E2FC80204000F7
:1096F000FBF7DEFC80208000FBF7DAFC8020C00056
:10970000FBF7D6FC80200001FBF7D2FC8020400153
:10971000FBF7CEFC80208001FBF7CAFC8021636947
:10972000C9010B421CD02F4B1B78002B13D0294AA8
:109730001278002A0FD0284A1278062A01D0092A66
:109740002DD1023B012B06D80122274B1A60274A54
:109750001368013313608020C0016061FFF77CFD56
:109760008021636909020B4218D0214B1B78002B22
:109770000FD0184A1278002A0BD0174A1278072AFD
:1097800016D11C4B063A1C481A60FBF785FC1B4B94
:109790001870802000026061FFF75EFD10BD01229D
:1097A000114B15481A60FBF777FC154B1870D2E780
:1097B000092AEED1023B012BEBD80E4B083A1A6076
:1097C000104A136801331360E3E7C0460004014008
:1097D000050D0020C5060020CC000020D806002082
:1097E000E8060020070D0020E0060020D406002037
:1097F000060D0020DC06002000040050E9060020D1
:10980000EA060020D006002010B5F6F74DFF10BD87
:1098100010B50248FCF778FB10BDC04624040020B8
:109820000B4B10B518600B480B4B036096239B0144
:10983000436000238360C360036183610C33436131
:10984000FAF7A6FA002801D0FDF7CCFE10BDC046FD
:10985000D00800207C0900200048004010B5034BD0
:109860000A0001001800F9F781FE10BD7C090020F4
:10987000034B10B51B68002B00D0984710BDC046A5
:10988000D008002013B58021084B094C1860019ABC
:1098900089032000FCF720FC2000FCF765FC012276
:1098A00020000449F9F70EFE13BDC046CC08002085
:1098B0007C0900200A0900200368234A70B50400CF
:1098C00093420FD1214B224D1B68002B04D0C26E56
:1098D000002A01D128009847012229002000F9F729
:1098E000F1FD70BD1B4A20269342FAD11A4D1B4C44
:1098F000012229002000F9F7E5FD00280DD1184BC1
:109900002A781A70174B187800280DD016490B7852
:10991000581C08701549CA54E3E723006A331E70C7
:10992000002368342370E1E711490B78002BD8D06D
:10993000104D2C78631CDBB22B700F4D2A55082B71
:10994000CFD10870CDE7C04600480040CC080020C9
:109950000A09002000380140070900200C090020F6
:10996000D40800200B09002009090020D508002098
:1099700023040020080900201C04002010B5024B1D
:10998000186EFBF7B1FC10BD7C09002010B5024831
:10999000F9F7BCFE10BDC0467C09002010B5024896
:1099A000F9F7B4FE10BDC0460C09002000230122C7
:1099B00010B588B00593134BA020D96A0624114333
:1099C000D962D96AC005114001910199D96A114340
:1099D000D962DB6A03A913400293029B0423039319
:1099E000023B04939B1806930794FBF71FFAA020F1
:1099F000082303A9C00503930794FBF717FA08B0DF
:109A000010BDC046001002400A480B4B10B5036061
:109A1000E1235B02436000238360C36003618361D1
:109A20000C334361FAF7B4F9002801D0FDF7DAFDF1
:109A300010BDC0460C090020003801400023012160
:109A400010B586B00393114BA020DA6A04240A43B0
:109A5000DA62DB6AC0050B400093009B80239B0009
:109A60000193FF3BFF3B02935B1801A9049305940C
:109A7000FBF7DCF98023A020DB0001A9C0050193DE
:109A80000594FBF7D3F906B010BDC04600100240A4
:109A9000022130B5104B8DB0DA6AA0200A43DA6299
:109AA000DB6A03250B400193019B802300249B006C
:109AB00002A9C005029303950494FBF7B7F980232C
:109AC000A020DB0007A9C005079308950994FBF7C0
:109AD000ADF90DB030BDC0460010024070B503684E
:109AE000334A06008CB0934250D10125314C0021FD
:109AF000E36A04A82B43E362E36A2B400093009BD4
:109B0000E36A2B43E362E36A2B400193019B8023CA
:109B1000A26BDB021343A363202209F0CBFF0423D3
:109B20000393802303A81B010793FAF731FF236BEC
:109B30002B432363236B2B400293029BFFF736FFDB
:109B40001D4C1E4B802223601023A36000232000A5
:109B5000E3606361A361E3612362053363602261B3
:109B6000FBF7B2FA2A0029000B203466A662FBF745
:109B700021F90B20FBF746F91D202A002900FBF7ED
:109B800019F91D20FBF73EF90CB070BD0C4A934249
:109B9000FAD18023074ADB01516B0B435363FFF774
:109BA00077FF1B2000220221FBF704F91B20E9E7C5
:109BB00000480040001002408C0800208000024055
:109BC00000380140F0B5002485B0052201900E0058
:109BD00002A8284909F0B4FF274B1C7006F00BFEC1
:109BE000264F05000522380002A9F9F73BFC3B008F
:109BF00069331B78202B05D0280006F002FE204B8D
:109C00009842F4D901231F4D1A001F4938002B70C8
:109C1000F9F758FC3000FFF7CFFA00231B4A190070
:109C200094461F001A482B700278592C18D100292D
:109C30001ED1592A1AD1013107700130844501D152
:109C400005B0F0BD1D00012907D10478019E013542
:109C5000EDB2F454072D00D1013114002B00E3E7DD
:109C6000592A01D10029E7D02200E5E70A00E3E7FD
:109C70005922E1E777530108090900200C09002067
:109C8000871300000B0900200709002007090020A6
:109C9000D5080020030001200C2B01D8014AD05C1C
:109CA0007047C046E96B010830B5040087B0E5791C
:109CB000A378627821780495A5790748039565799A
:109CC000029525790195E578009506F029FE002892
:109CD000EDD107B030BDC046A553010830B5040032
:109CE0008FB0E57BA378627821780C95A57B0F482F
:109CF0000B95657B0A95257B0995E57A0895A57AEC
:109D00000795657A0695257A0595E5790495A579EF
:109D100003956579029525790195E578009506F01A
:109D2000FFFD0028DDD10FB030BDC0467D530108D6
:109D300010B504002100034806F0F2FD0028F9D117
:109D400010BDC046B04F010810B504002100034803
:109D500006F0E6FD0028F9D110BDC04663530108A6
:109D6000F0B5002497B004AB15009C8001900391DE
:109D7000F6F744FB6B00984227D1270026001CE031
:109D8000019805A9005D7B1CC85501201840029070
:109D90000120DAB203420ED13718FFB206A8B6008E
:109DA00031503E00039A7B1ED2189B000D49185873
:109DB00009F01CFE029A170001340198F6F71EFB09
:109DC000A042DDD8280017B0F0BD03236B43013B50
:109DD000984201D10125F5E7034806F0A1FD0028CE
:109DE000FAD1F7E73D540108CF53010837B50D000C
:109DF000042201A90400FFF7B3FF03000020012B98
:109E000007D00422200001A9FFF7AAFF019B1BBA7B
:109E10002B603EBD70B5102204000D00FFF7A0FFBF
:109E200003000020012B04D0102229002000FFF79E
:109E300097FF70BD0A0010B514008EB00F340D945A
:109E4000013C0C94013C0B94013C0A94013C0994A4
:109E5000013C0894013C0794013C0694D41D0594F0
:109E6000941D0494541D0394141D0294D41C019455
:109E7000941C4B1C0094024902F0C6FB0EB010BDAE
:109E8000F253010870B514000500044806F0EDFC1B
:109E9000034B1C60034B1D7070BDC046F4090020CD
:109EA000F0090020EC09002001207047BFF34F8F1C
:109EB000034B044ADA60BFF34F8FC046FDE7C0464C
:109EC00000ED00E00400FA05012310B5044C2370F6
:109ED000044806F025FD0028FAD10123237010BDA7
:109EE0003B0B00204254010810B50B48F6F708FB65
:109EF000F6F71EFB094806F013FD0028FAD13230B0
:109F0000FFF75AF9BFF34F8F054B064ADA60BFF3EC
:109F10004F8FC046FDE7C0460000080855540108B1
:109F200000ED00E00400FA0510B501F00DFCFFF7AC
:109F3000BBFE002010BD000010B588B0082206A9A5
:109F40000400FFF70DFF01281DD11F236B4405936B
:109F50001E236B4404931D236B44039307AB0293AE
:109F60001B236B4401931A236B4400931923200095
:109F700009496B4406AA02F047FB06A801F0E8FB7A
:109F8000002008B010BD0822200006A9FFF7E8FE57
:109F90000828F2D0D9E7C0461A54010810B501F0DC
:109FA0001FFCFFF781FE002010BD000010B588B037
:109FB000082206A90400FFF7D3FE01281DD11F23A4
:109FC0006B4405931E236B4404931D236B4403933E
:109FD00007AB02931B236B4401931A236B4400933A
:109FE0001923200009496B4406AA02F00DFB06A8BC
:109FF00001F0FAFB002008B010BD0822200006A9DD
:10A00000FFF7AEFE0828F2D0D9E7C0461A5401087F
:10A0100030B585B003AD29000400FFF7E7FE042842
:10A020000BD00D236B440F2200930E232000064912
:10A0300001956B446A4402F0E7FA039801F092FB41
:10A04000002005B030BDC0462E54010810B501F007
:10A050008FFB002010BD10B501F0D0FBFFF73EFED6
:10A06000002010BD1FB569460400FFF7D3FE10287D
:10A0700003D069462000FFF7DDFE684601F0C2FB11
:10A08000002004B010BD10B501F098FBFFF726FECC
:10A09000002010BD1FB569460400FFF7BBFE102865
:10A0A00003D069462000FFF7C5FE684601F07CFB3F
:10A0B000002004B010BD10B501F08EFBFFF70EFEBE
:10A0C000002010BD1FB569460400FFF7A3FE10284D
:10A0D00003D069462000FFF7ADFE684601F072FB31
:10A0E000002004B010BD022330B585B001AD2800BA
:10A0F0002B7005F0DBFBFFF7CDFD041E02D12879A4
:10A10000FFF716FE200005B030BD1FB50223027810
:10A1100001A9303A18000B70012A07D8531E9A4142
:10A1200008000A7105F058FCFFF7B4FD05B000BD4A
:10A13000162330B585B001AD28002B7005F0B6FBB5
:10A14000FFF7A8FD041E03D104202856FFF7F0FDF9
:10A15000200005B030BD00001FB516236A460B492C
:10A16000137102AA02F050FA022401280BD101A8AF
:10A1700005F032FCFFF78EFD041E04D1044806F002
:10A18000CFFB0028FAD1200004B010BD5A540108BA
:10A190005F540108152330B585B001AD28002B7040
:10A1A00005F084FBFFF776FD041E03D1042028563A
:10A1B000FFF7BEFD200005B030BD000013B56B46B3
:10A1C000DC1D2200094902F01FFA022301280BD1ED
:10A1D000002020560133072806DC01F041FB04482B
:10A1E00006F09EFB031EFAD1180016BD5A54010852
:10A1F0005F54010810B50378302B04D00220312BB6
:10A2000005D1012000E0002001F08CFA002010BDF3
:10A2100010B501F093FA012806D1064806F080FB3C
:10A220000028FAD1002010BD034806F079FB002871
:10A23000FAD1F7E7F352010882540108072330B539
:10A2400085B001AD28002B7005F030FBFFF722FD33
:10A25000041E02D12879FFF76BFD200005B030BD48
:10A260001FB5072301AA137003780220303B012B8E
:10A2700007D8591E8B411000137105F0ADFBFFF795
:10A2800009FD05B000BD0A2330B585B001AD280039
:10A290002B7005F00BFBFFF7FDFC041E02D10298AA
:10A2A000FFF746FD200005B030BD00001FB50A23B2
:10A2B0006A46040001A8137105F0F8FAFFF7EAFCFA
:10A2C00000280DD12000074902AA02F09DF90300E1
:10A2D0000220012B04D101A805F07EFBFFF7DAFC78
:10A2E00004B010BD445601080A2330B585B001AD55
:10A2F00028002B7005F0DAFAFFF7CCFC041E02D11F
:10A30000287AFFF715FD200005B030BD1FB50A23E0
:10A310006A46040001A8137105F0C8FAFFF7BAFCF9
:10A3200000280FD12000084903AA02F06DF90300AC
:10A330000220012B06D1054A01A8137005F04CFB41
:10A34000FFF7A8FC04B010BD5A5401080E0D002000
:10A35000102330B585B001AD28002B7005F0A6FAAA
:10A36000FFF798FC041E02D10298FFF7EDFC2000D5
:10A3700005B030BD1FB510236A460849137102AA03
:10A3800002F042F903000220012B04D101A805F0DC
:10A3900023FBFFF77FFC05B000BDC0464456010813
:10A3A000112330B585B001AD28002B7005F07EFA81
:10A3B000FFF770FC041E02D10298FFF7C5FC2000D5
:10A3C00005B030BD1FB511236A460849137102AAB2
:10A3D00002F01AF903000220012B04D101A805F0B4
:10A3E000FBFAFFF757FC05B000BDC0464456010814
:10A3F000122330B585B001AD28002B7005F056FA58
:10A40000FFF748FC041E02D10298FFF79DFC2000D4
:10A4100005B030BD1FB512236A460B49137102AA5D
:10A4200002F0F2F8022401280BD101A805F0D4FAB9
:10A43000FFF730FC041E04D1044806F071FA00282E
:10A44000FAD1200004B010BD44560108865401081A
:10A45000132330B585B001AD28002B7005F026FA26
:10A46000FFF718FC041E02D10298FFF76DFC2000D4
:10A4700005B030BD1FB513236A460B49137102AAFC
:10A4800002F0C2F8022401280BD101A805F0A4FAB9
:10A49000FFF700FC041E04D1044806F041FA00282E
:10A4A000FAD1200004B010BD4456010886540108BA
:10A4B00010B501F031F9013843425841FFF738FC3B
:10A4C000002010BD10B50378302B0BD00220312BAB
:10A4D00007D1013801F01AF9034806F021FA0028E3
:10A4E000FAD110BD0020F5E7865401080323F0B52A
:10A4F00087B003AD28002B7005F0D8F9FFF7CAFB31
:10A50000041E0DD1049D2E04360EEFB22A02330034
:10A510000548120E290E009706F002FA0028F5D120
:10A52000200007B0F0BDC046B953010830B587B070
:10A5300003236A4604AD290004001373FFF756FC99
:10A5400004280BD011236B44132200931223200004
:10A55000064901956B446A4402F056F803A805F0D9
:10A560003BFAFFF797FB07B030BDC0462E540108F9
:10A57000182330B585B001AD28002B7005F096F991
:10A58000FFF788FB041E02D10298FFF7DDFB2000D5
:10A5900005B030BD1FB518236A460849137102AAD9
:10A5A00002F032F803000220012B04D101A805F0CB
:10A5B00013FAFFF76FFB05B000BDC0464456010813
:10A5C000192330B585B001AD28002B7005F06EF968
:10A5D000FFF760FB041E02D10298FFF7B5FB2000D5
:10A5E00005B030BD1FB519236A460849137102AA88
:10A5F00002F00AF803000220012B04D101A805F0A3
:10A60000EBF9FFF747FB05B000BDC0464456010813
:10A61000002330B585B001AD28002B7005F046F958
:10A62000FFF738FB041E06D129790448413106F0B2
:10A6300077F90028F8D1200005B030BDA8540108F2
:10A640001FB50023022401AA13700378413BA342E3
:10A650000CD81000137105F0BFF9FFF71BFB041EA7
:10A6600004D1044806F05CF90028FAD1200004B0B7
:10A6700010BDC0468654010810B500F065FF0020EB
:10A6800010BD7FB5012601AD28002E7005F00EF932
:10A69000041E05D12879FFF74BFB200004B070BDE4
:10A6A0003400FAE7F7B50400F5F7A8FE21490500E4
:10A6B00001AA200001F0A8FF2300012805D01E48B0
:10A6C00006F02EF90220FEBD01331A781100303950
:10A6D0000929F9D93A2AF2D16E460027013C6419BA
:10A6E000E41AE4B2B7705D1C012C12D92B7830004B
:10A6F00033706B7811497370114B1A68D21901F0DD
:10A7000083FF0128DED1023C0137E4B20235402F3D
:10A71000EAD1002CD6D10A4C019B2771637101F05C
:10A7200081F80100200000F075FF431E9841C0B27F
:10A73000C9E7C046AD540108B15401083D540108B1
:10A740006C00002037B50400F5F758FE18490500E5
:10A7500001AA200001F058FF2100012805D015486A
:10A7600006F0DEF802203EBD01310B781A00303AC7
:10A77000092AF9D93A2BF2D1013C6419E4B2641ADE
:10A78000251CE4B2402C00D940250B4CEAB2013123
:10A79000206806F06AF8019B2571637101F042F8A8
:10A7A0000100200000F036FF431E9841C0B2DAE7F6
:10A7B000AD540108B15401086C00002070B50D4B78
:10A7C0000D48197806F0ACF8041EF8D10B4D2B6833
:10A7D000A34206D80A4806F0A3F80028FAD1286058
:10A7E00070BD084B0848195D06F09AF80028F8D1AA
:10A7F0000134EBE7EC09002024530108F0090020A4
:10A8000011600108F40900202853010810B50C4B11
:10A810000C48197806F084F80028F8D10A4C23680F
:10A82000002B06D009490A4806F07AF80028F9D129
:10A830002060084806F074F80028FAD110BDC04620
:10A84000EC09002024530108F0090020F40900203D
:10A85000D65401081160010837B56B4600249D1DD0
:10A860002A000949DC8001F0CFFE012809D12B889C
:10A87000A34203D02000054A13803EBD044806F0E1
:10A880004FF80220F9E7C046445601086400002052
:10A89000D954010810B5034B1888FFF749FA002076
:10A8A00010BDC0466400002037B56B460024DD1D96
:10A8B0002A000949DC7101F0A7FE012809D12B7893
:10A8C000052B03D82000054A13703EBD044806F04E
:10A8D00027F80220F9E7C0462C550108B5060020EC
:10A8E000F954010810B5034B1878FFF721FA00203E
:10A8F00010BDC046B506002010B5044806F010F89B
:10A90000041EFAD100F0FAFD200010BD1E5501080A
:10A91000F0B50E240D270F2587B002ABFF18ED18F8
:10A92000E41823003A001A490095060001F06CFE75
:10A93000032820D03A003000164901F065FE0128B6
:10A9400002D0022007B0F0BD0723237000232B7034
:10A950003E782B783343012BF3D80F4B0F4F0393E3
:10A96000002E0CD1300000F057FF23783B70039B82
:10A970001E700020E6E72378072BE9D9E1E70120E4
:10A9800000F04AFF2378039A3B702B781370F0E7AE
:10A99000265501082C550108AE060020AD06002002
:10A9A00010B500F03FFF064B064A074C01001B782C
:10A9B0002000127805F0B4FF0028F2D110BDC04687
:10A9C000AE060020AD0600202F55010810B500F09E
:10A9D00053FF013843425841FFF7AAF9002010BD48
:10A9E00010B500F025FFFFF7AFF9002010BD10B53E
:10A9F00000F030FFFFF79CF9002010BDF0B50126F4
:10AA000085B001AC2000267004F050FF23790500CA
:10AA1000002B04D0224B05201B68334236D121483D
:10AA200005F07EFF0028FAD11F4805F079FF0028C5
:10AA3000FAD11E4805F0A2FE1D4E300005F09EFE24
:10AA40001C4805F09BFE1C4805F098FE1B4805F0CD
:10AA500095FE1B4F380005F091FE00F0AFFCFA2088
:10AA60004000FEF7A9FB002D0FD12379002B08D061
:10AA7000144805F055FF0028FAD1380005F010FE03
:10AA800003E0114B1B78002B02D0002005B0F0BD75
:10AA90000C4805F045FF0028FAD13000EEE7C0462B
:10AAA000D40E00203A55010811600108C00E0020A4
:10AAB000880E00201C0E0020740E0020600E002066
:10AAC0009406002079550108020D002013B50A49AB
:10AAD00001AA01F099FD012809D1019B074A084C00
:10AAE000934206D8074805F01BFF074B236002205E
:10AAF00016BD00202360FBE7445601086F170000D5
:10AB0000680000208D5501087017000010B5034B38
:10AB10001868FFF719F9002010BDC0466800002032
:10AB200013B56B46DC1D2200064901F06DFD0223C2
:10AB3000012804D10020205600F080FE00231800D8
:10AB400016BDC0465A54010810B500F07DFEFFF74F
:10AB5000EFF8002010BD000007B50A4901AA01F076
:10AB600053FD022301280BD1074B0198C218074B54
:10AB70009A4202D90223002802D100F0B9FC002336
:10AB800018000EBD44560108FF1E0AFAFDE8A43560
:10AB900010B500F0A7FCFFF7D7F8002010BD0000AB
:10ABA00010B5034B1878FFF7C3F8002010BDC0465E
:10ABB000390B002007B5084901AA01F025FD030063
:10ABC0000220012B07D1019AFF2A04D80020034953
:10ABD0000B70034B1A700EBD2C550108380B00206A
:10ABE000390B002010B5034B1878FFF7A1F80020AF
:10ABF00010BDC046370B002007B5084901AA01F077
:10AC000003FD03000220012B07D1019AFF2A04D87B
:10AC1000002003490B70034B1A700EBD2C55010820
:10AC2000360B0020370B002013B56B46DC1D2200CD
:10AC3000064901F0E9FC0223012805D12278012A06
:10AC400002D8034B1A700023180016BD2C550108BA
:10AC5000080D002010B5044B0448197805F060FE7B
:10AC60000028F8D110BDC046080D0020B04F0108E3
:10AC700013B56B46DC1D22000B4901F0C5FC012811
:10AC800007D12378032B06D0084805F049FE002899
:10AC9000FAD1022006E0064A1370064805F040FE8D
:10ACA0000028FAD116BDC0462C550108B055010840
:10ACB000CC0000208654010810B5034B1878FFF72C
:10ACC00037F8002010BDC046CC00002013B56B46FD
:10ACD000DC1D22000A4901F097FC01280DD12078E3
:10ACE000032805D8074B1870F7F700F9002016BDA8
:10ACF000054805F015FE0028FAD10220F7E7C04606
:10AD00002C550108070D0020D955010810B5034B3B
:10AD10001878FFF70DF8002010BDC046070D002081
:10AD200013B56B46DC1D22000A4901F06DFC0128B9
:10AD30000DD12078032805D8074B1870F7F710F9C4
:10AD4000002016BD054805F0EBFD0028FAD10220D1
:10AD5000F7E7C0462C550108060D0020F7550108FD
:10AD600010B5034B1878FEF7E3FF002010BDC04676
:10AD7000060D002013B56B46DC1D22000A4901F0C8
:10AD800043FC01280DD12078032805D8074B187003
:10AD9000F7F774F8002016BD054805F0C1FD00283E
:10ADA000FAD10220F7E7C0462C550108050D002016
:10ADB0001556010810B5034B1878FEF7B9FF0020AF
:10ADC00010BDC046050D0020F7B56B469C1D5D1DEE
:10ADD0002B002200134901F017FC030002208342DC
:10ADE0001ED12E781800092E1AD8208808F064FC8D
:10ADF000040030000D0007F09FF808F0A5FC0022C9
:10AE0000094B07F09FFB02000B002000290007F010
:10AE1000D1F808F0DBFC054F3860F7F7D3FF0020CE
:10AE2000FEBDC04633560108000024401800002033
:10AE300010B5064B186808F087FC02000B000448A8
:10AE400005F06EFD0028F4D110BDC04618000020AA
:10AE50003956010813B56B469C1D2200054901F0C7
:10AE6000D3FB0223012803D1034B22881A8000233D
:10AE7000180016BD2C550108340B002010B5034BEB
:10AE80001888FEF755FF002010BDC046340B002087
:10AE900013B56B46DC1C220001AB094901F0B4FB81
:10AEA0000223984206D12378012B05D1054B019A44
:10AEB0001A600023180016BD022BFAD1024BF6E7E8
:10AEC00041560108D4060020D006002010B58EB0EF
:10AED0006B46DC1D0E49220001F096FB01000220AA
:10AEE00001290BD12378002B0AD10A4B03301B68B0
:10AEF0000B4203D102A8FBF729FF00200EB010BDC2
:10AF00000220012BFAD1044A1370044A1370F4E7AB
:10AF10002C550108D40E00203A0B0020B906002061
:10AF20007FB50E240B26002303AD6C446E442B80AA
:10AF3000238032002B001049009401F065FB0328A8
:10AF400017D13378012B14D80C4A13702A88002AA1
:10AF50000CD02388002B09D009490A80094A1380A4
:10AF6000094805F0DDFC0028FAD103E0074805F0A8
:10AF7000D7FC022004B070BD48560108B40600207A
:10AF8000A8060020B2060020865401085356010886
:10AF900010B5064B064A07491B88128809780648EF
:10AFA00005F0BEFC0028F4D110BDC046B20600205A
:10AFB000A8060020B40600202F55010837B56B46BF
:10AFC0009D1DDC1D23002A000A4901F01DFB030022
:10AFD000022083420CD1297818004A1E0E2A07D875
:10AFE0002278012A04D80020034B1970034B1A70F1
:10AFF0003EBDC04629550108AB060020AC06002026
:10B0000010B5054B05481A78054B197805F088FCF2
:10B010000028F6D110BDC046AC060020325501080C
:10B02000AB06002013B56B46DC1D2200074901F07A
:10B03000EBFA02000220012A06D12378012B03D863
:10B040000020034913400B7016BDC0462C55010863
:10B05000040D002010B5044B0448197805F060FC7D
:10B060000028F8D110BDC046040D0020B04F0108E3
:10B0700013B56B46DC1D2200074901F0C5FA02003A
:10B080000220012A06D12378012B03D8002003498E
:10B0900013400B7016BDC0462C550108030D00204F
:10B0A00010B5044B0448197805F03AFC0028F8D193
:10B0B00010BDC046030D0020B04F0108F0B58DB0A3
:10B0C00005000027F5F79AF901AEC4B2B770012C5C
:10B0D0000CD8002C17D1022302A8437104AB0293B1
:10B0E0000D4B07711B681B6998470DE02B7804AA6C
:10B0F00033706B7830000949D219737001F084FA0B
:10B100000235012803D0022420000DB0F0BD023C1E
:10B110000137E4B2DBE7C046C40B00203D54010810
:10B1200010B5002220210C48F9F7BCFFF7F784FD89
:10B13000F7F7A8FDF7F73EFEFA204000FEF73CF8CF
:10B14000F7F738FEF7F7BAFDF7F7D6FD0122202111
:10B150000148F9F7A7FF10BD0004005010B5FFF734
:10B16000DFFF002010BD0000044A054B1268017883
:10B1700099540122034B1A707047C046400B0020BF
:10B18000440B00203C0B002010B5031C092800D9FB
:10B190000923054ADBB29B009C58200005F0C0FB48
:10B1A0000028FAD110BDC0468071010810B50348CF
:10B1B000FEF768FB0022024B1A7010BD69B100084F
:10B1C0003C0B0020F7B56C4B1E78012E0BD10020F4
:10B1D0006A4A6B4918701368CC5C012C04D110606A
:10B1E0000830FFF7D1FFF7BD0D2C02D00A2C00D09C
:10B1F000BAE0002BF7D00027CF540B78350017604A
:10B20000412B47D14B78542B44D18B78BB4211D082
:10B210003F2B11D15B4805F083FB0028FAD13B247A
:10B22000594D686905F07CFB0028FAD1013C1835BE
:10B23000002CF6D100252DE0544B534D01936B6843
:10B240002C681A0021000198009308F03BFC0028AC
:10B2500000D082E0009B019A00999A18019B5B5CE8
:10B260003D2B19D03F2B0AD1273B7B43464AD318AD
:10B270005C69200005F054FB0028FAD1DAE73500BC
:10B28000002B07D1100018337B433F49CB181B69B3
:10B29000984705002800A4E7182351787B43501CE9
:10B2A0003F2906D19278002A03D1374AD3189B68E8
:10B2B000EEE7354AD318DB689847354907000500A3
:10B2C0002000F5F791F8002842D020003149F5F729
:10B2D0008BF800283CD020002F49F5F785F800288E
:10B2E00036D020002D49F5F77FF8002830D0200017
:10B2F0002B49F5F779F800282AD020002949F5F7DD
:10B3000073F8002824D020002749F5F76DF80028AD
:10B31000C0D020002549F5F767F80028BAD02000F2
:10B320002349F5F761F80028B4D020002149F5F74A
:10B330005BF80028AED020001F49F5F755F800282B
:10B34000A8D0002FA6D1012E04D100F0CDFB71E7CB
:10B350000226D8E700F03EFB6CE7013718353B2F9B
:10B3600000D06CE7350095E77F2B02D110600620F6
:10B3700037E70133136036E73C0B0020400B002019
:10B38000440B002075560108F86B0108460B00209D
:10B39000FA5601080057010808570108105701081C
:10B3A000175701082057010829570108305701088D
:10B3B00036570108405701084857010870B5002565
:10B3C0000A4CA6680A4B9E4209D00A48216805F03B
:10B3D000A7FA0028F9D1B0473220FDF7EDFE01357C
:10B3E00018343B2DEDD1012070BDC046F86B01082B
:10B3F000A99E00085857010870470000037810B54F
:10B400000400002B02D0012B0CD010BD4378002B80
:10B4100004D10A4B1B685B699847F6E70122084B89
:10B420001A70F2E74378002BEFD104F09FFF002859
:10B43000EBD0200004F0A8FFE7E7C046C40B0020D3
:10B44000BF060020002373B51E4A1F4E1F4D137008
:10B4500033702B7043780400002B0FD104F086FF6B
:10B46000002801D004F088FF637B002B06D0E17830
:10B47000E02904D12000164904F096FF73BD23781B
:10B48000002B15D1134B1B78012B00D1337068466C
:10B490004171237B0371A3680093E2890E4B1A80EC
:10B4A000227C0E4B1A700E4B1B681B699847E5E710
:10B4B000012BECD1FD20074A1278023A0242E6D174
:10B4C0002B70E4E7BC060020BE060020BD0600206D
:10B4D000E80B0020B5060020BC000020BE000020C4
:10B4E000C40B0020014B18687047C046F80B0020C1
:10B4F000014B18607047C046F80B002010B5034898
:10B5000005F00EFA0028FAD110BDC04629670108DF
:10B5100030B587B00A4C0B48657A2379E278A17878
:10B520000495257A0395E5790295A57901956479C5
:10B53000009405F0F5F90028ECD107B030BDC04605
:10B540007400002031670108002370B5214A224DA4
:10B5500086B013702A78012A15D101A803701F4BF9
:10B560001F4A43601F4B83601F4BC3601F4B1B6808
:10B57000DB78037402AB70CB70C21B68136004F0FD
:10B58000A1FB06B070BD0322194C2000227063603D
:10B5900004F022FA04232370EB682000636004F0B7
:10B5A0001BFA05232370134B2000636004F014FA88
:10B5B00006232370104B2000636004F00DFA012372
:10B5C00020002370237104F007FA0C4B1B685B69A1
:10B5D0009847D6E7C40600207400002076000020BB
:10B5E000E80B0020840000208C000020E40B0020E9
:10B5F000C80B00209C000020AC000020C40B0020E1
:10B600001FB5012301AC2000237004F04FF920790D
:10B6100004B010BD0022F0B51E4B87B004000E0030
:10B620001A7004F0A3FE05000120002D13D101A91A
:10B63000207904F0BFF80021174B184F595602AB80
:10B6400000280BD01D709D609D811800997304F037
:10B650000DFC431E9841404207B0F0BD6279257948
:10B6600094462068002E04D11E701A719D81986046
:10B67000EBE7012264461A701C719D8198604C377B
:10B680003878002803D0064A12780132D2B2DA7331
:10B69000DBE7C046AF060020C80000207400002091
:10B6A000AD0600207FB5002301AE050030003370E9
:10B6B00004F0FCF83479AC4203D0002D03D0022D05
:10B6C00012D0002408E0002CFBD1300004F084F9F3
:10B6D000002804D001246442200004B070BD0A4B4D
:10B6E0001B689B699847ECE7631E9C4130006442ED
:10B6F000357104F071F90028ECD1034B28001B6868
:10B700009B699847E8E7C046C40B0020014B1870BE
:10B710007047C04674000020014B18787047C0463F
:10B7200074000020044B10B5587001384342584152
:10B73000C0B204F049FC10BD74000020014B5878E1
:10B740007047C04674000020004870477600002013
:10B7500010B5034B01000822180005F086F810BD53
:10B7600076000020014BD8607047C046740000206E
:10B7700013B50024094BDB681BBA019301ABE15CF4
:10B78000074805F0CDF80028F8D10134042CF5D194
:10B79000044805F0C5F80028FAD113BD7400002054
:10B7A000285301081160010810B5034B0100102255
:10B7B000180005F05AF810BD9C00002000487047A2
:10B7C0009C00002010B5034B01001022180005F06A
:10B7D0004CF810BDAC00002000487047AC000020C1
:10B7E000004870478400002010B5034B0100082278
:10B7F000180005F03AF810BD84000020004870479A
:10B800008C00002010B5034B01001022180005F039
:10B810002CF810BD8C000020014B18707047C046FA
:10B82000C0000020014B18787047C046C0000020BF
:10B830000020014B18567047BE000020014B1870C5
:10B840007047C046BF0000200020014B18567047CB
:10B85000BF000020014B0020185E7047BC00002094
:10B86000014B18707047C046C80000200020014BF3
:10B8700018567047C8000020024B1B6D181E00D0E0
:10B88000187970477400002030B508280BD01028B4
:10B890002BD0012806D133490B78581C0870324947
:10B8A0009B005A5030BD4A780B7812021A438B78AD
:10B8B0002C4C1B041343CA782B4812061A432378D6
:10B8C00012BA9D002A504A790D7912022A438D79C5
:10B8D0002D041543CA79991C12062A4312BA217005
:10B8E0000133DBB29B001A50DCE74A780B78120276
:10B8F0001A438B781B4C1B041343CA781A48120650
:10B900001A43237812BA9D002A504A790D791202FF
:10B910002A438D792D041543CA7912062A435D1CEA
:10B92000EDB212BAAD002A504A7A0D7A12022A43B9
:10B930008D7A2D041543CA7A12062A439D1CEDB256
:10B9400012BAAD002A504A7B0D7B12022A438D7B2E
:10B950002D041543CA7B191D12062A4312BA217001
:10B960000333BEE7000D0020000C002030B5039D1E
:10B97000049C082802D010280FD030BD100E08708B
:10B98000100C4870CA70100A1A0E0A711A0C4A710B
:10B990001A0A88708A71CB71EFE7100E0870100CCC
:10B9A0004870CA70100A1A0E0A711A0C4A71CB71CB
:10B9B0001A0A2B0E0B722B0C4B722B0A8B72230E56
:10B9C0000B73230C4B73230A88708A71CD728B73AF
:10B9D000CC73D2E710B5002208201349FFF754FFBB
:10B9E000124B0021DA680120FFF74EFF00221020E1
:10B9F0000F49FFF749FF002210200E49FFF744FFCF
:10BA0000002210200C49FFF73FFF002208200B49BD
:10BA1000FFF73AFF0A4C0B4922780B48F4F744FD34
:10BA20000023237010BDC046760000207400002063
:10BA30008C0000209C000020AC000020840000202E
:10BA4000000D0020000C00200400080830B500257F
:10BA500095B01E4B03ACE818F4F74AFD605104356D
:10BA6000442DF6D10025019500956368039A0820BE
:10BA70001749FFF77BFFA268164B1020DA60A36915
:10BA800015490193636900932369E268FFF76EFF2C
:10BA9000A36A10200193636A10490093236AE26944
:10BAA000FFF764FFA36B10200193636B0C490093B5
:10BAB000236BE26AFFF75AFF0195009508200949B8
:10BAC000236CE26BFFF752FF15B030BD0091010807
:10BAD00076000020740000208C0000209C000020D4
:10BAE000AC000020840000200223F0B587B003AC36
:10BAF0002000237003F0DAFE002802D0AD4804F0E5
:10BB00000FFF1623257920002D06237003F0CEFEAB
:10BB1000002802D0A74804F003FF0423A64AE356F6
:10BB2000019252781B042B431343019AA34E5432C3
:10BB30001278A34D52B21202134332782000511CE6
:10BB40009200535107233170237003F0AFFE002899
:10BB500002D0984804F0E4FE019B22791F7800236C
:10BB600012063F0420001743237003F09FFE0028B5
:10BB700002D0904804F0D4FE019B20004C331A7888
:10BB800023793A431B0213433278511C9200AB5085
:10BB90000A233170237003F089FE002802D0854803
:10BBA00004F0BEFE33785A1C327062689B00EA5083
:10BBB000844B1A78012A00D0F5E000221A700A237B
:10BBC0002000237003F072FE002802D0794804F0B0
:10BBD000A7FE3378227A591C9B003170EA5010235B
:10BBE0002000237003F062FE002802D0714804F0A8
:10BBF00097FE337820005A1C327062689B00EA502E
:10BC00001123237003F052FE002802D0694804F08B
:10BC100087FE337820005A1C327062689B00EA501D
:10BC20001223237003F042FE002802D0614804F082
:10BC300077FE337820005A1C327062689B00EA500D
:10BC40001323237003F032FE002802D0594804F079
:10BC500067FE337820005A1C327062689B00EA50FD
:10BC60000323237003F022FE002802D0514804F081
:10BC700057FE37786268BB00EA50534A7B1C126853
:10BC8000DBB29B00EA505149514B09781B780904FB
:10BC90001B060B430199BA1C4B310978D2B20B43F6
:10BCA0004C49920009784C4809020B434B49AB5070
:10BCB000FB1C0A68DBB29B00EA50494B00781B88EA
:10BCC00009793A1D00021B040343D2B20B439200D0
:10BCD000AB504449444B09781B7809041B060B43BD
:10BCE00042497A1D0978D2B20B4341499200097842
:10BCF000FC1D09020B43AB503E4B3F491B780978B2
:10BD00001B0609040B433D49BA1D0988D2B29200B3
:10BD10000B43AB503A4B3B49186805F031FE05F038
:10BD200001FC3A00384B39491B7809781B04090299
:10BD30000B43374908320978E4B2D2B20B43A4006E
:10BD400092002851AB503B00324A3349127809889F
:10BD50000933DBB212040A439B00EA503A002F4B2E
:10BD60002F491B7809781B0609040B432D490A3219
:10BD70000978D2B20B432C49920009782B4809026A
:10BD80000B43AB503A002A4B0B371B880C32FFB2E7
:10BD9000D2B22900BF00EB513270F4F785FB0023CB
:10BDA000337007B0F0BD0B232000237003F07EFD3D
:10BDB0000FE7C0466367010874000020010D0020F2
:10BDC000800C00200E0D002068000020080D0020CF
:10BDD000040D0020330B0020B5060020F80B0020D6
:10BDE00064000020380B0020390B0020360B0020A7
:10BDF000370B0020CC000020070D0020340B002062
:10BE00001800002000002041030D0020050D002037
:10BE1000060D0020B4060020B2060020AD0600206A
:10BE2000AE060020AC060020AB060020600008082B
:10BE3000A8060020F0B50025ABB0894B05ACE8188A
:10BE4000F4F756FB60510435442DF6D100250195D9
:10BE50000095636808208349059AFFF787FDA3686A
:10BE6000814F1020FB60A3698049019363690093AF
:10BE70002369E268FFF77AFDA36A10200193636AE1
:10BE80007B490093236AE269FFF770FDA36B1020E2
:10BE90000193636B77490093236BE26AFFF766FDBA
:10BEA00001950095236CE26B08207349FFF75EFD56
:10BEB0002C00724B16ADE018F4F71AFB285104342D
:10BEC000502CF6D10223169E02AC2370330E5A1E5C
:10BED00093412000237103F07FFD1623200023707F
:10BEE000330C237103F078FDFF203B003040320A11
:10BEF000543301381A7043425841C0B2787004F08C
:10BF000063F807236E682370330E5A1E9341200096
:10BF1000237103F061FDFF23594A1B0433409B1832
:10BF20005A4253413B70002320002370330A23718F
:10BF300003F052FDFF231E40013E73425E413B0071
:10BF40004C331E700A26AB6820002670636003F035
:10BF500043FDEB6820002670237203F03DFD1023A3
:10BF600023702B692000636003F036FD11232370DA
:10BF70006B692000636003F02FFD12232370AB690F
:10BF80002000636003F028FD13232370EB69200079
:10BF9000636003F021FD032323702B6A200063609C
:10BFA00003F01AFD6A6A374B4B371A60AB6A364AA0
:10BFB000190E481E81411170344A190C1170344A0F
:10BFC000190A11703B70EA6A324B33491A602A6BC6
:10BFD000100C08801A7131496B6B100A304A0870D6
:10BFE000190E11702F4A190C11702F4A190A11706D
:10BFF0002E4A1370AA6B2E4B110C19702D4B310069
:10C000001A80E86BF4F77AF805F096FFFF232A6CA4
:10C01000294C1B0413402060581E834127490B7094
:10C02000274B110A1970274B1A706A6C264B110C9A
:10C030001970264B1A80AB6C254A190E1170254ACF
:10C04000190C1170244A190A1170244A1370244BD8
:10C05000EA6C1A800322234B1A702BB0F0BDC04645
:10C060000400080876000020740000208C000020E6
:10C070009C000020AC000020840000206000080824
:10C080000000FFFF68000020040D0020080D0020C4
:10C09000330B0020F80B002064000020B5060020C0
:10C0A000390B0020380B0020370B0020360B002006
:10C0B000070D0020340B002018000020030D002085
:10C0C000050D0020060D0020B4060020B206002059
:10C0D000AD060020AE060020AB060020AC06002016
:10C0E000A8060020CC000020F8B500260227244B2B
:10C0F000244C5E704B331F700B232200224D2B709B
:10C100002B1D03CA03C3280003F066FC0A232B700F
:10C110002B1D06CC06C3280003F05EFC03221B4B3C
:10C12000B4211A701A4B1B4A1F701B4BC9001F7099
:10C130001A4B1F701A4B1A6014221A4B1A801A4B92
:10C140001A4A1A60FA221A4B52001A800123194A1D
:10C150001370194A1180B421184A0901118007216E
:10C16000174A1170174A1670174A1670174A13703B
:10C17000174A1370FFF7B8FCFFF75CFEF8BDC04626
:10C18000740000201C4F0108C80B0020CC000020C8
:10C19000070D0020E0930400060D0020050D00208F
:10C1A0006800002064000020180000200000C84340
:10C1B000340B0020B4060020A8060020B2060020A0
:10C1C000AD060020AE060020AC060020AB06002025
:10C1D000020D0020F8B50127334E344C3160206049
:10C1E000FFF728FE324804F09BFB324804F098FB2E
:10C1F000314804F095FB314804F092FBFFF77EF9DB
:10C20000FFF786F92E482F4B2F4D03602F4B2F70D1
:10C2100043602F4B2F498360236805221B685435E8
:10C220000B6003F06DF902232B4C23703368200060
:10C230001B78237103F0D0FB0723237033682000A1
:10C240009B78237103F0C8FB002320002370237127
:10C2500003F0C2FB3368214C5B782B702368002B02
:10C260000AD1FFF741FF20003A001D49F4F71CF9FD
:10C270001C4804F055FBF8BD2368122B0FD1FFF7C3
:10C2800033FF3A0020001649F4F70EF9BFF34F8F41
:10C29000154B164ADA60BFF34F8FC046FDE7FFF734
:10C2A000C9FDFFF751F9E6E7E40B0020C40B0020BD
:10C2B0007A6701088B670108A3670108BF67010857
:10C2C000D80B0020F9B300087400002045B4000822
:10C2D000FDB30008D40B0020C80B002000000808A4
:10C2E000D0000020D067010800ED00E00400FA054E
:10C2F00013B508220021684607F0DCFB6C46762265
:10C300000021094B0133002A04D1200007F0CEFAA6
:10C3100080B216BD1A78100030380928F2D8481CAF
:10C3200062540133C1B2F5E70C680108122373B5FA
:10C3300018480093F4F7DCF80623174E0400338006
:10C3400085B2FFF7D5FF154B240C18803388A34224
:10C3500001D1A8421DD01B04034301A901220D48AD
:10C360000193F4F7A1F80E48F4F7CAF8F4F7E0F8EF
:10C37000012269460A48F4F797F83220FCF71CFFBF
:10C38000BFF34F8F074B084ADA60BFF34F8FC046A9
:10C39000FDE773BD580008080A0D00200C0D0020B1
:10C3A0000000080800ED00E00400FA05F0B5924C2A
:10C3B0000027A54400900C000992F4F71FF806002E
:10C3C00002972078631C019300287AD0252800D09A
:10C3D0007CE000251C002900019B01330193237898
:10C3E000642B00D189E04ED8392B45D82F2B00D9AA
:10C3F0007CE0002B62D0252B68D0002E5BD0032B75
:10C4000000D06DE0802301399B00994200D37B4925
:10C41000A023DB011D4313AB0393009B01315B1889
:10C42000119300230022089300230399109100998F
:10C430000C78392C66D82F2C00D99BE02B2C00D1FE
:10C44000C2E02D2C00D1B8E080212800C9010840AD
:10C450000D4236D1039908700899002904D01000C4
:10C460001900002342428B41099802C80990E8074D
:10C4700000D4B4E00A60B5E0442B3CD0582B14D073
:10C48000002E2DD117E06C2B2ED00AD8682BF7D1B7
:10C490006378682B26D1A31C019308231D43019CBC
:10C4A0009AE7752B2BD0782BEAD1802310271B011C
:10C4B0001D43002EA6D1029B002B02D101235B421B
:10C4C0000293029895239B009D44F0BD002EF2D06C
:10C4D000009B1B788342F4D1009B013E0133009303
:10C4E000019C6EE70423D9E70123D7E70A246143BF
:10C4F00030395918D3E701231D430A27D9E7802390
:10C500001B01F9E7462C18D8402C9DD90A2F9BDD3A
:10C510003B491801130104930D40110F3722524279
:10C52000D317084305900498059912184B41002130
:10C530000C940D910C980D992CE02100613905297E
:10C5400000D981E70A2F00DC7EE72D49180113018D
:10C5500006930D40110F57225242D31708430790FC
:10C560000698079912184B4100210E940F910E98CE
:10C570000F990FE0224938000D40F91704F0B0FF81
:10C5800030225242D31712184B4100210A940B91CA
:10C590000A980B9912184B410399013E01310391FE
:10C5A00010990C70002E00D14EE7009911980131BE
:10C5B0000091814200D038E746E70121A804C00F6E
:10C5C0004140089808430890802149010D4200D15C
:10C5D0003AE70C490D40802189010D43DCE76807EB
:10C5E00004D50A80029B0133029379E72D0700D41A
:10C5F00040E70A70F6E7C046ACFDFFFFFF01000010
:10C60000FFAFFFFFFFEFFFFF0EB403B503AA02CA9F
:10C610000192FFF7CBFE02B008BC03B01847053803
:10C6200043425841C0B27047002310B5052803D1DA
:10C63000080000F015FB0300180010BD10B5052818
:10C6400002D1080000F072FB10BD10B5052802D120
:10C65000080000F07FFB10BD10B5002304000800A7
:10C660001100052C02D100F0BDFB0300180010BD25
:10C6700010B5052802D1080000F0FCFF10BD002312
:10C6800010B5052803D1080000F0D8FB03001800FE
:10C6900010BD70B505000024080011001A00052D1A
:10C6A00003D1049B00F0E0FB0400200070BD10B536
:10C6B0000400080011001A00052C02D1029B00F0B2
:10C6C00009FC10BD10B50023040008001100052C62
:10C6D00002D100F041FC0300180010BD70B5050048
:10C6E0000024080011001A00052D02D100F0DCFC26
:10C6F0000400200070BD37B50500002408001100BB
:10C700001A00052D05D1079B0093069B00F096FDAE
:10C71000040020003EBD002310B5052803D1080009
:10C7200000F028FE0300180010BD002310B50528F6
:10C7300003D1080000F0D3FF0300180010BD002350
:10C7400010B5052803D1080000F034FE03001800DE
:10C7500010BD002310B5052803D1080000F02EFEFF
:10C760000300180010BD002310B5052803D10800F0
:10C7700000F042FE0300180010BD10B5052802D1DC
:10C78000080000F04DFE10BD70B505000024080043
:10C7900011001A00052D03D1049B00F05BFE04007C
:10C7A000200070BD10B5052802D1080000F0B4FFCC
:10C7B00010BD70B50500080011001A00CCB2052D9F
:10C7C00002D100F0D1FF0400200070BDF7B5019147
:10C7D00008A90978009049B200209A4228DB8A42D1
:10C7E00026DC01270F261DE0019C4100095B002487
:10C7F0008C460C214B430999CD18634623413B429B
:10C800000AD02B7A190709173140914204DC5BB238
:10C810001B11334093420CDA01340C35102CECD14F
:10C820000130C0B203010099DBB29942DCD800208C
:10C83000FEBD0120FCE7030000208B4204DBD80F83
:10C84000D1179A424841C0B2704730B50B09040075
:10C85000150900209D420BD3914209D20F220130CD
:10C86000114002008A4011005B00E25A8A43E25202
:10C8700030BDF7B50192002805D04A00831800208A
:10C88000019A914200D3FEBD002422001F88012599
:10C89000A5402E003E40B54201D10132D2B2013452
:10C8A000102CF4D180180131C0B2C9B20233E7E7CD
:10C8B00010B5002805D0002903D000235200934270
:10C8C00000D110BDCC5AC4520233F8E78A60002868
:10C8D00000D070474A60FCE7F7B501260F0014004E
:10C8E0001B01D318019000937642009BA34201D113
:10C8F0003000FEBD019B002B1CD1606803F081FF5E
:10C900000500002F32D0A06803F07BFF85420CD9D0
:10C91000606803F076FF0500E368AB4207D95B1B54
:10C920009E4200D91E001034DFE7A068F1E7002323
:10C93000E360F8E7002F16D0A068E56803F061FF18
:10C94000854201D80023E360E568002DEBD0A068A4
:10C9500003F057FF2D1AB542E5D2A068E66803F050
:10C9600050FF361ADFE73E00E760DCE70028D3D04F
:10C97000CEE710B5027803000020032A13D15A78BD
:10C980000F301400120904408C704A709A788A8023
:10C99000DC78240222438A801B795A06520F034016
:10C9A000CA700B700A3810BDF0B5042787B0039128
:10C9B00004920593437804000578C757002B2AD0CA
:10C9C00002230326C3560293A657002D19D0102325
:10C9D0006269E356207A01921122A2560092E16820
:10C9E000029AFFF7F3FE002801D102239D43192389
:10C9F000E356B3421CDC1823E356B34219DA04238E
:10CA00009D432800039B029A1A70049B1E70059B8D
:10CA10001F7007B0F0BD0A4A0220215E914202D089
:10CA200007271D00E7570523E35606260293CBE7A9
:10CA30001E00072DE5D1002FE3D10727E757E0E7D8
:10CA40000F0F00000123834070B518000E0006F0A0
:10CA500033FE040030000D0006F056FE02000B000D
:10CA60002000290005F06EFD0022024B06F0FAF8C6
:10CA700070BDC04600408F4010B506F045FE020074
:10CA80000B000020014905F05DFD10BD00002040B5
:10CA9000F7B504000D00101F40001E00170006F03F
:10CAA0000BFE22002B0006F0DDF8009001917000D3
:10CAB00006F02AFE02000B000098019905F07AFAB0
:10CAC00022002B0005F03EFD08F0B0F804F042FD16
:10CAD0000600B84200D23E00099B00221E602000E2
:10CAE000144B290006F0BEF800900191300006F0CA
:10CAF0000BFE22002B0006F0B5F800220E4B06F0CC
:10CB0000B1F802000B000098019906F0D1FA040078
:10CB100008980D0006F0F8FD02000B002000290027
:10CB200006F0C6FA08F082F806F094FD0A9B186039
:10CB3000F7BDC046000010400000E03FC3B270B532
:10CB4000141C1A00283A0D1C0A2A02D81E3B58B29F
:10CB500070BD400005F0F0F9011C281C05F008F834
:10CB6000211C05F005F806F0EFFD08F0E7F806F0E7
:10CB700071FD40B2ECE70C22C17A10B54A4303685C
:10CB80009B185B7A42681B01D118D25A0023CB60F4
:10CB9000437A847A002B0ED1131C642A00D26423BA
:10CBA0009BB2002C02D1027A002A03D00269013B19
:10CBB0005343CB6010BD002CFCD00369013AF7E76A
:10CBC0001A4B70B59B6A04000D009847002806D0E8
:10CBD000174B184AE318934202D802232B7070BDFA
:10CBE000154B164AE318934201D80023F6E7144B7D
:10CBF000144AE318934201D80123EFE7124B134A7A
:10CC0000E318934201D80523E8E7114B114AE318D2
:10CC1000934201D80323E1E70F4BE4180F4B9C42EA
:10CC200001D80423DAE70020D9E7C046486B0108A1
:10CC300040AA8FCC7F841E00C02571CCC0C62D00B9
:10CC4000FF5E43CCBF270900A0B038CC20A107006D
:10CC500040022ECC90D00300606E29CCE0930400FB
:10CC60000300007810B50D3817280DD8F3F728FA0F
:10CC7000161B461D1F222527292C0C350C37393B46
:10CC80003D0C0C3F4244440E002010BD5B785BB26B
:10CC9000181E01D0013BD8B240B2F6E7184A5B78C3
:10CCA0005BB2D05CF1E7174AF9E71748EDE7FA20E5
:10CCB0008000EAE7FA20C000E7E71448E5E71448F7
:10CCC000E3E78020C001E0E7FA211248890003F081
:10CCD000C1FDFA23DB00C018D7E70F48D5E70F489E
:10CCE000D3E70F48D1E71020CFE70E48CDE78320E8
:10CCF000C005CAE70C48C8E71220C6E70120C4E710
:10CD0000B0710108A8710108B80B00008813000079
:10CD10007017000018FCFFFF08E6D333120D002047
:10CD2000100D0020140D00209A9909400C210300D9
:10CD30000078064A414310B55218517A044A090155
:10CD4000891858785A68FFF7C1FD10BD140D0020EE
:10CD5000D4000020F7B50400FEF7C4FB0200002C4D
:10CD600002D0012C23D0F7BD1A481B4B1B49019060
:10CD7000002A13D11A4C1A002000E0C8E0C20500B6
:10CD800010002A00E0CAE0C0183370CA70C307233D
:10CD900001220B800198FFF78BFDE4E71A60A822BF
:10CDA00052001A81503AFF3A5C600A80F2E7094B60
:10CDB0000A491A8809880A431A80074B084A18004A
:10CDC000110070C970C0E0C9E0C01833183213CA2E
:10CDD00013C3C8E7120D0020140D0020100D002011
:10CDE000244F0108030010B50F290FD80020042993
:10CDF0000BD9481F0A280BD8F3F762F9160C160A4C
:10CE000016160A0A0A0A0600012010BD22290FD0B0
:10CE10000020FAE70020052218560021FFF70BFD3D
:10CE2000431E9841C0B2F0E7002007221856F4E7ED
:10CE300003781120984280414042E6E710B502791C
:10CE40000300002A04D00020012A07D1044801E091
:10CE5000012204481968FFF72BFD012010BDC046D0
:10CE6000100D0020120D0020F0B585B001920926AA
:10CE700008220F00416882568657196045780400E1
:10CE8000002D03D0002A07D11A6000252800019B3D
:10CE90003A701E7005B0F0BD3F29F6D900265F2913
:10CEA000F4D91F2319400129F0D103A8053342709A
:10CEB0000370FFF7D5FE42B2B242E7D12378B34206
:10CEC00004D007230249088803430B800026DCE7CF
:10CED000120D0020F0B587B01C0015000591031C51
:10CEE000072800DD0723174F5EB2BC461649B20083
:10CEF000637053580127634504D0144FDB195F4218
:10CF00007B415F00A770062815DD3220FFF7B4FDD6
:10CF10000F4B06005B6E0F009847230008340C335C
:10CF2000029300902B0030003900059A0194FFF71E
:10CF3000AFFD07B0F0BD074B8958985DFFF782FD44
:10CF4000E6E7C04690D00300B8710108E05EF8FF44
:10CF5000486B0108D8710108F0B5012643688FB00D
:10CF6000454F0D9186570B93FB68050098470400C9
:10CF70000020844250D1EB7C83420AD10C232978D3
:10CF80003E4A4B43D11849680B91814201D19B58CD
:10CF90000B933B4B0B989B570C937B699847A96865
:10CFA0003F6AAB7C89B2072E38D1FA22099301235C
:10CFB0000C98920042430020059304330193314BB7
:10CFC0000291009303003049089007900690049066
:10CFD0000390B8476B7C002B33D02C4B995D264BCC
:10CFE0000D31DB6D2000C9B29847294B1B78002B0F
:10CFF00029D003F000FC04002100264803F090FC37
:10D000000028F9D1320024480B9903F089FC00284C
:10D01000F8D101200D9B1E700FB0F0BDA87801243F
:10D0200008220993002302910793010006930593B8
:10D030000493039301920093200023000C9A089418
:10D04000C7E7164BCAE716490B98F3F757F8144988
:10D0500004000B98F3F78EF80800FA218900F3F723
:10D060004DF8050033002A0021000E4803F058FC5B
:10D070000028F7D1CDE7C046486B0108140D002009
:10D08000D87101088545010050C30000A87101084E
:10D090003B0B00209669010813680108B071010874
:10D0A00040420F002F680108F0B591B00E910121A8
:10D0B0000F920400415605780C2068430225514B1D
:10D0C000514A5B561218527A0B93504B12019B181F
:10D0D0009B786557181C5BB2A278AB4200DA101C33
:10D0E00043B20C934A4B8900CB584A4A01279342DA
:10D0F00004D0494A9B185A4253415F00A2686168B4
:10D100000C98FFF71BFD0C212278444D51433E4BF8
:10D110006A690D90C858904701226B6A0025A25693
:10D120009C463F4B0795089306950595072A3BD1EA
:10D130000123049304330293FA230B9A9B00534375
:10D140006646009328003B00364A0D9903950195E9
:10D15000B0472E00344B1B78002B34D003F04BFB30
:10D1600005002900314803F0DBFB0028F9D10C252C
:10D1700001222178244B6943A2562D48C95803F057
:10D18000CFFB0028F4D1254D3000217BEB6D984773
:10D19000EB6A3000217B98470F9B0C9A18600120A6
:10D1A0000E9B1A7011B0F0BD0823012602930B9B51
:10D1B0002A000395009330003B0065460D990496C4
:10D1C0000196A847C6E70C2221780F4B4A43D7584F
:10D1D00018493800F2F792FF164905003800F2F7B7
:10D1E000C9FF0800FA218900F2F788FF0700012330
:10D1F0003A002900E356104803F092FB0028F6D1CC
:10D20000C1E7C046D8710108140D0020D4000020E9
:10D21000B871010890D00300E05EF8FF486B010888
:10D22000B80B0000A86100003B0B002096690108C4
:10D230004F68010840420F006B680108F0B50024F8
:10D240000500072691B0059306AB039104925C801C
:10D250002B79A34207D9286807AF39000019FFF7D7
:10D2600088FB002841D109A80670AB7907AE43704E
:10D27000737806AA8370B37806A9C3703378063230
:10D280000371EB79053143712B7A83716B7AC3712A
:10D290001023037206AB9D1CE023DB000382314B9D
:10D2A000C5604361072303833300FFF77DFB072835
:10D2B00002D12D4B2A881A800123F356DAB2022AB2
:10D2C00007D82A4A1278322A03D90122284B1A7029
:10D2D0000323039A1370B378049A13703378059A72
:10D2E0001370169B1C7011B0F0BDBB8806AA53804A
:10D2F0002418F878E4B2002820D10626002BA7D005
:10D30000184A072601920022029206281FD101998D
:10D310000F68002F05D00127974001213B439BB2A6
:10D320000291019901320C310191102AEDD1029A3A
:10D33000002A00D18CE706AA538089E7421E062600
:10D34000042A00D884E7B04200D081E7D8E71F0064
:10D35000012117410F42E4D0019909680029E0D169
:10D360000626DEE7140D0020120D0020C70600205F
:10D37000C11200200E4B70B59B6A050040689847AB
:10D380000630C4B20020072200212856FFF753FAC6
:10D39000002801D102239C430120052200212856A8
:10D3A000FFF749FA002801D104239C43200070BDF7
:10D3B000486B0108012040427047000013B56B46DE
:10D3C0000400D91D4068FFF7FBFB0C222178094BB4
:10D3D0004A43D1580230C0B2002902D102239843F7
:10D3E00016BD032803D19B1862685A60F8E7022033
:10D3F000F6E7C046140D002003880520032B0DD945
:10D400000138062B0AD90138092B07D901380C2B12
:10D4100004D900200F229A42404140B270470000D8
:10D420007FB50300094A01A80192094A5968426080
:10D430005A78C16002721A7842729A685B880261F7
:10D440004381FFF798FB07B000BDC046140D0020D4
:10D45000D4000020F0B58BB0049105920021102279
:10D46000060006A81D0006F025FB394C012200210C
:10D470002000FFF7FEF9002803D107232288134379
:10D4800023807068346803F0BCF984424BD80024D0
:10D490002C600623B17A707A2E4AFFF71DFA737A50
:10D4A000050002930823F35626002B4F03930194A3
:10D4B000274B01221B88234113421FD03B68002BBE
:10D4C0001CD0029B002B03D107332341134215D0FC
:10D4D0000822397ABA560907039812110917FFF77B
:10D4E000AAF900280AD07B7A1A4A1B019B18DB682C
:10D4F000002B13D0019B0133DBB2019301340C37B5
:10D50000102CD5D1002E18D00020711E03F0A2F9E6
:10D5100006AB1B5C049A0025137009E0731C06AA75
:10D520009455DEB2EAE77068356803F06AF92D1A9F
:10D530000120059B1D600BB0F0BD019B002BF7D1B6
:10D540000723034A019D118828000B431380F0E74D
:10D55000120D0020D4000020140D0020F0B500268C
:10D5600085B002ABDE7103790500009303200F2B19
:10D5700046D82B680722187A310000070017FFF7FA
:10D580005AF9040008202B683100185607220011B0
:10D59000FFF751F961424C41414248412F68012156
:10D5A0003B7A20431A075BB212171B119A4200DC28
:10D5B000311C08430099C4B2022914D8D61705219A
:10D5C0001800B61A0722FFF736F90C22F60F264389
:10D5D0004442444100992F684A43184B3968D35854
:10D5E0003443994226D102AB3868D91DFFF7E8FAD7
:10D5F00001267040C0B2002C04D004000534E0B213
:10D6000005B0F0BD002801D00420F9E70C22009FEE
:10D610000A4B5743FF183800296806F091FA009A20
:10D6200002AB9640DB7920007B72054B1A883243AF
:10D630001A80E5E7002CE1D1E6E7C046140D002092
:10D64000120D002010B504780021022C0CD90C22F8
:10D65000130063430548C01806F02CFA210010227D
:10D660000348FFF7F2F80100080010BD140D002078
:10D67000120D00205023F0B587B003AC237203795C
:10D680000700102B29D100260325072D16D83B684B
:10D69000995D9B1921605A7812020A4322609B7897
:10D6A0001B041343642253430022236062609342AD
:10D6B00009D168460570FFF7C5FF09E00023236024
:10D6C00023726360F5E701A801940571FFF746FF37
:10D6D0000135EDB20336102DD7D107B0F0BD07B537
:10D6E0000268037911686846002906D10370FFF7C4
:10D6F000A9FF00280ED003200EBD00920371FFF792
:10D700002DFF03000220042BF6D00138052BF3D0A7
:10D71000002BF0D00020EFE70C2102780F4B514393
:10D7200070B5CD585B185B7A0D4A1B01D2189378FF
:10D7300004000222A2568178181C5BB2934200DAE0
:10D74000081CA268616840B2FFF7F8F9054B0100B8
:10D75000A28928005B6C984770BDC046140D00205C
:10D76000D4000020486B0108891A081C090600D55E
:10D770000020C0B2704700000023214A70B513702A
:10D78000204A21491360214A1360214A1360214A2B
:10D79000137001220A7020490A7020490B70204939
:10D7A0000B7020490A8020490B7020490B702049DA
:10D7B0000A702049204A08888C1C1080E47F901C45
:10D7C000C47710000C002430243460CC60C0888DF5
:10D7D0009085086B496B10635163184A1370184A9F
:10D7E0001370184A1370184A1268002A04D1174B94
:10D7F0001A70174B1A7070BD5362926AF5E7C046F3
:10D800006910002070100020350100206C100020ED
:10D8100064100020EB0E002034010020180E0020C0
:10D82000EA0E0020E80E00205D1000205C100020B1
:10D8300036010020EC0E0020240F00206010002094
:10D840005F1000205E10002078120020DE0E002005
:10D85000DD0E002037B515000D4A01AB127804002B
:10D860009A700C4A5970127819000D321A700A4ACF
:10D8700064191078FEF7D8FE031C80B2FF2800D987
:10D88000FF2300209BB2A4B2A3424041C0B23EBDE0
:10D89000500F002075120020B412002010B50C4863
:10D8A00002F06CFF0B4B1B78002B07D001220421E8
:10D8B000094B1A70094A13688B431360084B1B7895
:10D8C000022B04D1074A0E3311780B43137010BD9D
:10D8D0001C0E002060100020180E0020D40E002026
:10D8E00077120020D40D002040230E4A10B5116895
:10D8F0000B43136000220C4B1A700C4B1B789342A5
:10D9000001D0FFF7CBFF122309490A4C0A78200007
:10D910009A4313430B70012102F05CFF200002F0D8
:10D92000BFFE10BDD40E00205D100020601000204E
:10D93000D40D0020C00E0020044B10B5DB6B002876
:10D9400002D10800984710BD0020FBE7486B010892
:10D9500070B5194802F012FF184B194C1B78194D7D
:10D9600023706B6A63602B002D331B782374164B76
:10D970001B7863740123E374144B1A78144B002A48
:10D9800017D1A2681A70134B21001B78023B5A4230
:10D990005341A374104B114A1878FEF793FE0028E8
:10D9A00006D0A07CE968FFF7C7FF0D4BE27C1A7038
:10D9B00070BD1B78A360E6E7600E0020DE0E00203D
:10D9C000300E0020240F002075120020360B00209E
:10D9D000370B002077120020B4120020FC0D00202D
:10D9E000D50D002010B50A4B1B78022B0DD0094B2A
:10D9F0005B6B98470222084B5A70084B5A701023F1
:10DA0000074A11780B43137010BDFFF7A1FFF1E730
:10DA100077120020486B0108E40D0020D80D00208B
:10DA2000D40D0020F0B589B002F0E5FE3B4E019028
:10DA30003378022B4FD03A4B5B6B9847394B3A4ABD
:10DA40001B783A4F3A4C0392002B58D0394B3A4D41
:10DA50001968280002F0BEFE280002F021FE33788B
:10DA6000364D022B3AD1162304AA05A93878137132
:10DA7000FEF7DAFD2968324D4118280002F0AAFEAF
:10DA8000280002F00DFE22780023120704D52D4B4A
:10DA90001B785A425341DBB22B4A06A913702B4B19
:10DAA0002B4A1B78387813700B702A4B1B784B70FD
:10DAB000019B4B60FEF7C2FD274B019A1A60039B46
:10DAC0001B78002B05D1254A5370254A1378013362
:10DAD000137009B0F0BDFFF73BFFAFE7214B29689A
:10DAE0001800029302F076FE029802F0D9FD337816
:10DAF000022BB8D0039B1B78002BB4D1C3E7174A85
:10DB0000537004220F4B5A702378002B01D101333C
:10DB100023701023227813432370B4E77712002078
:10DB2000486B01083601002060100020B41200206C
:10DB3000D40D00205C0E0020740E0020580E002032
:10DB40001C0E0020D80D0020DC0E0020DE0E002070
:10DB5000DD0E002069100020E40E0020E40D0020FE
:10DB6000EB0E0020600E002070B5194802F006FE92
:10DB70000022184B184C1A70184B194D1B78237043
:10DB8000184BDB7FE3702B002D331B7862822374EC
:10DB9000154B1B786374154B1A78154B002A13D15B
:10DBA000A2681A70134B1B78022B02D1124B9B6B8D
:10DBB0009847124B2100124A1878FEF783FDE96856
:10DBC000A07CFFF7B9FE70BD1B78A360EAE7C046F2
:10DBD000740E0020D50D0020440E0020DE0E002023
:10DBE000240F0020260F002075120020380B002083
:10DBF000390B002077120020486B0108B412002076
:10DC0000FC0D002010B5184C2378022B1ED0174BAA
:10DC10005B6B9847164A174B11781B78164A0029F8
:10DC200017D1002B02D0154B0331597003235370C9
:10DC3000134B186802F0E5FD124B1B68984204D3A1
:10DC40001023114A11780B43137010BDFFF780FEAB
:10DC5000E0E7002B02D00421084B597004235370D5
:10DC60002378022BECD1F0E777120020486B0108F3
:10DC7000D50D002060100020D80D0020E40D0020FC
:10DC8000E40E0020580E0020D40D002010B5184BD3
:10DC90001B78022B1ED0174B5B6B9847164A174B0D
:10DCA00011781B78164A002917D1002B02D0154B8A
:10DCB0000531597005235370134B186802F0A1FD0C
:10DCC000124B1B68984204D31023114A11780B435E
:10DCD000137010BDFFF73CFEE0E7002B02D00621D9
:10DCE000084B597006235370094A0A331178EEE73E
:10DCF00077120020486B0108D50D0020601000202D
:10DD0000D80D0020E40D0020E40E0020580E002065
:10DD1000D40D0020F0B58FB00793002307000C004E
:10DD200004920393049B9C4201D30FB0F0BD385D75
:10DD3000651C0238EDB20828F7D8F2F7D5F90900CA
:10DD40001900EA00080150017501E90110024402BE
:10DD50000122D54B1A700022D44B5A707A5DE51C13
:10DD600002341A72E4B23A5DEDB25A722C00D9E76D
:10DD700000230B2606AA53729372B61809AA3370B1
:10DD80001370039B002B00D094E06B1EFB180B93C9
:10DD9000049B0BA91C1BC64B0C711B78C54C8B71CB
:10DDA000C54B06A81B784B716378CB7123780B7237
:10DDB000631CDB7F4B72C14B1B7801929C460A238C
:10DDC00006AA9B180922009612186046FEF793FCDB
:10DDD000C34305905B074BD10122B34B1A7006ABCE
:10DDE0005B7AB74A637006AB9B7A127823703378FC
:10DDF000934201D913003270B24AD377B24C20005B
:10DE000002F08EFD0028F9D1B04B1B78002B66D0B4
:10DE1000AF4802F085FD0028FAD1AE4B1A78012AEE
:10DE200000D11870AC4B1B78002B46D10923002180
:10DE300006AA9B185956A94802F072FD0028F5D190
:10DE40000A23002106AA9B185956A54802F068FD2E
:10DE50000028F5D10B2306AA9B181978A14802F0D7
:10DE60005FFD0028F6D1200002F05AFD0028FAD10B
:10DE700009AB1C7805212000F2F740F99A4AC3B299
:10DE8000117880225242521AD2B2013A94460022AC
:10DE90000693964B96481B78069991422AD1039A8D
:10DEA000002A04D00121934A1170904A1370013C5A
:10DEB0002D19EDB20123039358E70923002106AA87
:10DEC0009B1859568C4802F02BFD0028F5D12000F4
:10DED00002F026FD0028FAD17F4B1870C8E787486A
:10DEE00002F01EFD0028FAD1200002F019FD0028E2
:10DEF000FAD1BDE7634509DA0326591CC654059ECD
:10DF0000C9B2465401210233DBB203910132D2B2CD
:10DF1000C2E701221000644B1A70795D784B88408B
:10DF20001970784B1880704B70481D7880235B42C5
:10DF30005B1B0178DBB28B4206D98B18037004207F
:10DF40006B4B58546B4B1A700234E5B20EE7072145
:10DF50007B5D0BAE1A090A4072700F2213403370BA
:10DF6000221DE31CDBB2D2B2FB5CBA5C651D02343D
:10DF700012041B02E4B213433A5D310013436422DE
:10DF800053430C934D4BEDB21878FEF7C4FB0723B7
:10DF90000340072B0BD10122434B31781A705A4AA8
:10DFA000444B11700C9A5A6272780233DA774E4AF7
:10DFB0004E49147880225242121BD2B20B78013A99
:10DFC000934200DBD2E60524494AD4549C1C013319
:10DFD000DBB20C70D0540122464B1A70C6E6012207
:10DFE000314BFE201A70494B1B68002B03D01B6875
:10DFF000002B00D098473C4A3C491478802252427A
:10E00000121BD2B20B78023A934200DBAEE6062432
:10E01000374AD4545C1CE4B21055D81C0870023343
:10E020000799DBB2D154D6E701221F4B211D1A708C
:10E03000E21CD2B2C9B2BA5C795C12020904114383
:10E04000A21CD2B2BA5C7B5D114364224A430B929C
:10E050000022A51D0534E4B20C9209AE3A5D33717D
:10E060000BAB1A720993FDF73DFAEDB203210028BC
:10E0700005D1124B31001878FEF757FB01001A4A00
:10E080001A48147880225242121BD2B20378013A05
:10E09000934200DB6AE60724154AD4549C1C0133E2
:10E0A0000470DBB2BEE7C046BA060020D80D0020DF
:10E0B00068100020240F0020500F0020B412002010
:10E0C000AB060020250F0020116001083B0B00204B
:10E0D0008B68010837010020C11200209A680108EE
:10E0E000B5680108CC6801085C1000205D100020B4
:10E0F000DC0F00205E100020E16801081D690108A6
:10E10000EA0E0020E80E00204C0F0020B80E002080
:10E110000121464B19700F237A5D1A40131C002A07
:10E1200000D10B1CDAB2FA23FA219B005343404A78
:10E13000890013615B1853613E4B3F491878802377
:10E140005B421B1A0A78DBB2934200D8FCE6531CF0
:10E150000B700821394B99540122394BF3E60234F4
:10E16000E3B205937B5D0BAD9A06D20F6A70DA06B7
:10E17000D20F2A700F221340AB70324B290018784F
:10E18000FEF7DDFA01301CD00126284B284C1E700A
:10E190002B88A385AA782C4B985C03F0CDFE254BE9
:10E1A00020631878802324495B421B1A0A78DBB26B
:10E1B000934206D993190B700921204B9954204B97
:10E1C0001E70059DD2E50126184B0BA91E707B5DC4
:10E1D000221D0B70E31CDBB2D2B2FB5CBA5C651D86
:10E1E00002341B02E4B212041A433B5DEDB21A433F
:10E1F000642353434B60134B1878FEF7AAFA0D4A79
:10E200000D49147880225242121B0B78D2B29A42E6
:10E2100000D8ABE50A24094AD4549C1C9B19DBB2F4
:10E22000D054074B0C701E70A0E5C046BA06002003
:10E23000240F00205C1000205D100020DC0F002067
:10E240005E100020B4120020E0710108F0B50E004D
:10E2500000210700C14C95B0DBB208932374C04B7A
:10E26000C0481B7801716374BF4B11915B6BE281F5
:10E2700061806171A160A181A17461612170984781
:10E28000BA4802F07BFA3B78580901380A9306280D
:10E2900000D971E2F1F728FF07007002AE007002AA
:10E2A000AE0070025F02B24B04931B78002B08D0C3
:10E2B00001236370FFF718FB0122AE4B1A7015B0F3
:10E2C000F0BDAD4DAD4B711E781C2A6889B2059327
:10E2D00001F07EFFAA4C0A9B311F2A68237089B285
:10E2E00011AB200001F04CFFA219D31E911E1B7828
:10E2F00009781B0209040B43111F013A09781278AF
:10E300000B4312061343119A9E4F9A426FD19E49B6
:10E310009E4A9F4B128800912868059901F07AFF68
:10E320006379A1791B0209040B432179994A0B43B4
:10E330001360237AE2791B021343627A964912042E
:10E340001A43A37A954D1B0613430B60E37A944955
:10E350005A06520FCA770F212A000B402832137039
:10E36000227B0A40131C002A00D10123DAB2FA23CF
:10E370009B005343FA2292002B619B186B61894BDF
:10E3800012AC113E12932671FDF7ACF8002804D1AF
:10E39000854B21001878FEF76BF90023049A7B70F7
:10E3A00001331370814B1B78002B1CD0804B5B78A2
:10E3B0006B70804B1B78002B00D0E4E17E4B1B7808
:10E3C000022B02D17D4802F0D9F910237C4A7D4C02
:10E3D000117820000B430121137002F0FBF920009B
:10E3E00002F05EF96BE7FDF741FA6870E1E7072399
:10E3F0007B70DEE7744B10A91B788B7023794B7010
:10E40000724B1B780D330B70674B1878FEF70CF9C5
:10E4100032000D3A131C120400D500231BB28342B4
:10E4200000D945E7BA787B7812021A43FB781B04BF
:10E4300013433A7912061A43574B05921B689342CD
:10E4400061D0634B1D68002D01D10B2331E72B6890
:10E45000059A934255D12B1D099310330D93012337
:10E460006C6A0B937B79BA1906931B071B0F911EDD
:10E470000C93D31E1B7809781B0209040B43111F50
:10E48000013A097812780B4312061A43FB790E926F
:10E49000BA791B0213431B1B9AB2311F0F9218B299
:10E4A00089B211AA1B043CD40F9B02921B190124B0
:10E4B000099A049301933800059B009401F096FD9E
:10E4C000119B0E9A0794934205D0424B1B78002B68
:10E4D00023D1002307933F4B1B78002B00D07DE016
:10E4E00015330CAA1374304B10A91878FEF79CF85A
:10E4F0000F9B834272D30A22184B5A70049A5A61B6
:10E50000D8E6AD6A9FE7344B00251C6800230B93C7
:10E510001D4B0D931E4B0993A4E700222E4B1A604E
:10E52000D7E780235B02E3181B18049301930123B0
:10E5300002920093099A059B380001F057FD0122D1
:10E54000119B07920E9A9342C5D0224B1B78002B49
:10E5500002D00022204B1A600494BAE7F80D002084
:10E56000D50D0020E40D0020486B0108600E00204E
:10E5700069100020BF120020A81200207510002092
:10E5800074100020D80D0020861200208412002074
:10E5900096120020801200207C120020240F002000
:10E5A000260F002081100020B412002068100020E7
:10E5B000EC0E002060100020771200201C0E0020BE
:10E5C000D40D0020C00E0020510F00207512002035
:10E5D00078120020040D00206C100020079A704B68
:10E5E000002A00D1B5E0012000246E4A5C70107052
:10E5F0000B9A9C609A70069A1C73D206D20F5A71BD
:10E60000049A5A61684A5470684A1460684A1470DF
:10E610000B9A824249D102221A706B6A049A934281
:10E6200005D1A24203D008225D4B5A7042E6002475
:10E63000049B6B625C490A78012A55D1069B9B06B4
:10E640000AD500205B4B1870069B9B06DB0F0B71F5
:10E6500053498B74584B1A700F2306990C9A194022
:10E660000832331F069193426CDD0C9DBB5C09356B
:10E670004B49761B043EF6B2CB70002B47D1069A6D
:10E68000002A34D1049B7819019301234B4D3100AA
:10E69000099A00930295059B01F064FD3200280061
:10E6A000089B0699FFF736FB25E01F210A9D444A87
:10E6B0008D4329001268434DA0290DD11400187014
:10E6C000631E9C41049B28709A1A53425A4114407D
:10E6D0003B4B049A1A60ADE71C70049B2C7093426C
:10E6E000F6D1002BF4D09EE70022324BB3E72E4A3E
:10E6F0008B741371079CA30002240621324A1C4329
:10E70000130012780C408A4314431C7051E6069B98
:10E71000002B04D008213800089BFFF7FBFA78197A
:10E720000125049B254F01933100059B0D9A02970B
:10E73000009501F017FD002CDCD1194B9F601E7372
:10E740005D73D8E7069B002BD5D008213800089BC5
:10E75000A8E70C2269E7194D3200791C280002F065
:10E7600084F803232380731E23730223164AA560B3
:10E7700011780B4313701CE601256570FFF7B4F8A0
:10E78000124B1D7015E6084B1B79002B00D019E6C3
:10E790000F4A104B12781B789A4200D815E611E602
:10E7A000F80D0020B0060020E40D002064100020C9
:10E7B0005C1000205D100020C212002074100020A8
:10E7C0006C1000205F100020D40D0020BF1200202C
:10E7D0003401002035010020174B70B51B78002B49
:10E7E00028D0164802F09CF80028FAD1144802F00C
:10E7F00097F80028FAD10725124C1348E17A090945
:10E80000294002F08DF80028F6D10F25E17A0F4853
:10E81000294002F085F80028F8D10D4C0D482169F7
:10E8200002F07EF80028F8D10B48616902F078F810
:10E830000028F9D170BDC0463B0B002011600108D3
:10E840003569010874100020446901085569010800
:10E85000240F0020666901087D690108F0B58FB0BA
:10E86000059314AB06921A8800230D00BD4CBE49D7
:10E870000A930B702380059BBC4E591E8B41017877
:10E880005B423170BA4F00781A40D3B23B704009F6
:10E89000072800D964E1F1F727FC080063014A006A
:10E8A0006301470063016301540101232380B14BDD
:10E8B00008221968B04801F0E1FF2088AF4B08300A
:10E8C00080B2196808222080301801F0D7FF238811
:10E8D00008332380AA4BDB699847AA4B82B21A807F
:10E8E0002388120AF054991C01339BB2F254A64AB1
:10E8F00089B23000126821800AABC9B201F040FC35
:10E9000023880A9A591C100A89B2F2547054991C2F
:10E9100089B2100C7054191D03339BB2120E218062
:10E92000F25400200FB0F0BD01228F4B1A70974BAC
:10E9300007201B78002BF5D02B78954EC3400BA9F0
:10E940004B70336801244B60924B0C701A889248CC
:10E9500052BA0A811A002C32127800788A728F4AD1
:10E960000096FDF796FE40222040830128789043D0
:10E9700018438B4B28701A78002A05D000221A7091
:10E980002023C2B213432B70864B784C07931B682D
:10E99000854E1A0A6370A2701A0C1B0EE270237166
:10E9A0002B78824F6371824B307808931B683A78DA
:10E9B000A3711B0AE3717F4B7F49C018099301F0D3
:10E9C00054FF32783B780599D218D2B27B4B327023
:10E9D000002900D180E06649097800297CD01B78A5
:10E9E0000826002B13D00F2A7CD80F202B7819076C
:10E9F000090F5118014083430B432B7063710023AF
:10EA00006F4899B28A4262D816000836F6B20021E1
:10EA10006A4B684819700B00674F09909A4269D891
:10EA2000624B1970002902D00122644B1A70059BB9
:10EA3000002B1AD04E4B1978002916D05C4A751C51
:10EA4000584B1068069F494AEDB297551B68AE189F
:10EA5000002F71D1544A177001903800594A02961C
:10EA60000090059801F004FB2E00574B404A1B789C
:10EA7000012B03D0554B1B78012B0AD1544B06991F
:10EA80001970544B11781970534B05991E70534BE4
:10EA900019601178334D71180AAB29800293089BD5
:10EAA00020001B68474A019300230093079B1B68C3
:10EAB00001F09CFA0A9B2A88190AA354A4186170D1
:10EAC0000432190C1B0EA170E3702A8029E7099902
:10EAD000C95CC154013394E70826002A97D01B78FB
:10EAE000002B94D0224B08261A7000230693314B3A
:10EAF00005938CE70998C55CE81E07280FD8F1F745
:10EB0000DFFA190E041619110E047D540133294D34
:10EB1000DBB2481CED5CC0B20231C9B23D540133D6
:10EB2000DBB27BE70825481C7D54C1B2F7E702330E
:10EB3000DBB2F4E70133FBE70190294A002002969B
:10EB40008EE70599002900D1EBE6002B00D1E8E61D
:10EB50000948D2B201F089FE3B7801332380E0E618
:10EB60000220DFE6741100206010002076110020E2
:10EB700073110020AC12002077110020B012002089
:10EB8000486B010884120020A812002069100020A0
:10EB900064100020240F0020B4120020250F002054
:10EBA0005F1000207C1200205D1000205C1000200F
:10EBB00070100020DC0F00205C0F00205E10002091
:10EBC0007E11002096120020AC060020AE06002028
:10EBD000BE120020BD120020BC120020B81200207E
:10EBE00086120020F0B587B06B46DF1D002302AC13
:10EBF000344D3B7020706B7863702B78A3702B6B57
:10EC000063606B6BA360304B1B88A381F1F754FDED
:10EC10002E4B1B78002B43D001F0EDFD0600310098
:10EC20002B4801F07DFE0028F9D12A4B2A481968AB
:10EC300001F076FE294E2A4B21003A001878330065
:10EC4000FDF74CFD0121274A274B51705970697817
:10EC5000264C917039782000D170316859609160EC
:10EC6000FA21890001F0B6FD200001F019FD204BCA
:10EC70001B78002B03D11F4A137801331370002433
:10EC80001D4B1E481C70104B19781D4B1B6B984771
:10EC9000012320001B4A11680B43136007B0F0BD2D
:10ECA000194E3378002B06D1184801F039FE0028A0
:10ECB000FAD101233370164801F032FE0028FAD150
:10ECC000B3E7C046240F0020741100203B0B002046
:10ECD0009469010870100020C6690108140E002014
:10ECE000B4120020E40D0020D80D0020C00E00203A
:10ECF00069100020110E0020AF06002076110020C0
:10ED0000486B0108D40E0020C01200209C69010845
:10ED1000116001080023F0B589B004935F4B1A78A5
:10ED20000923FF2A00D1A5E05D4E002A00D1326000
:10ED30005C4A5D4B5D4F1B780392127805AD2A70DB
:10ED4000EB703A785A4BAA70186801F05AFD594C8A
:10ED5000686023682900AB60574B1B786B70574B7A
:10ED60001878FDF70AFD564B1A882368013A534379
:10ED70003268544C9B180593336063782B723B7850
:10ED8000AB72039B1B786B724F4B1B686B604F4BD6
:10ED90004A4F039338782900039A009604ABFDF795
:10EDA000F3FC002836D021000122A31C3D78DB7F34
:10EDB0002D312800A25609785BB2FDF7FAFC444ECB
:10EDC000227A009641B263682800FDF770FC282182
:10EDD000404D3878227A615600956368FDF767FCEC
:10EDE000304F3B78002B1CD1F168A3693A4A5B187D
:10EDF0001360E968E369394A5B181360384B04997A
:10EE00001B78002B47D0002937D1304B1878FFF7FB
:10EE1000E9FE2EE0334B2B4A5B785BB253702B72CA
:10EE2000B5E70121304B61561A78304B1878FEF760
:10EE300011FD082300281DD0F1682369264A5B18BC
:10EE40001360E9686369254A5B1813603B7804998D
:10EE5000002BD3D0039B0029D8D01023244A254C63
:10EE6000106803431360200001F0B4FC200001F09F
:10EE700017FC0023180009B0F0BD10231C4A1D4CDC
:10EE80001068034313601C4B1A881C4B5343994270
:10EE9000E9D81900E7E70029B7D0DEE7EA0E00203D
:10EEA000E00E002069100020DD0E0020DF0E0020A3
:10EEB000D80E0020140E0020DC0E0020B41200201A
:10EEC000E80E0020240F0020E40E0020DE0E0020BB
:10EED000440E0020300E00205C0E0020580E002052
:10EEE000BB060020EC0E00205D10002073110020F6
:10EEF000D40E0020880E00206400002060EA00008C
:10EF000030B50C000A4D85B02D7803A9ED010D70C8
:10EF1000009313002200FFF7A1FC002806D1054A48
:10EF2000054B12689880DA60FFF7F4FE05B030BD3B
:10EF30006810002070100020E40D002010B5174864
:10EF400086B001F01BFC1021154A13688B43136037
:10EF5000144B1B781B071CD5134B1C78002C18D1A5
:10EF6000FEF70AFC114B05A91B7801330B80104BEF
:10EF70001878FDF7F8FB0F4B04A958700E4B03A847
:10EF80001B780470DB010B70220023000094FFF754
:10EF900065FCFFF7BFFE06B010BDC046880E00201E
:10EFA000D40E0020D40D0020D80D0020110E00201A
:10EFB000B4120020240F002068100020F0B5934BFD
:10EFC0008BB01800059301F0D9FB914C2178CB064A
:10EFD0006BD5904B1A68500602D5412082431A60C7
:10EFE00009200E0000220640014213D08A484578CD
:10EFF000022D03D0894D6D78022D0BD101220027FF
:10F000001D68077195431D60854D87602F70854D84
:10F010002D78457184480078002824D1002A22D117
:10F02000002E20D0080700D47CE07C480578002D15
:10F0300000D077E07D49097881724078002808D1B6
:10F040007B490A607B490A7001211A688A431A6069
:10F0500009E0794A12788A42F6D91022237893433C
:10F060002370FFF76BFF22786A4D744B920700D430
:10F0700008E16C4A1178684A1079002804D1704878
:10F080000078884200D3FDE000201870664B1870AD
:10F090006C4B1B78834203D16548036801330360DE
:10F0A000517101222B6893432B600221594A136846
:10F0B0000B4201D08B431360002B00D0A0E101254F
:10F0C00023782B4207D0604B53481B681B68984736
:10F0D0002378AB432370082523782B4207D05A4B63
:10F0E0004E481B689B6898472378AB4323701022D7
:10F0F00023789343237023789B0711D5534B1B78B8
:10F10000022B01D1FEF724FC23785B0704D44E4B7D
:10F110004F481B685B689847062223789343237007
:10F120000BB0F0BD022243480A404A49CD7F017826
:10F130008D4251D9002A57D1474B1B78012B00D063
:10F140008BE7404B1F78002F00D086E7384E434AAC
:10F150003568099701352B0AD371414B95711868B1
:10F16000404B35601978404B1B6806933F4B1B782A
:10F170009C4613003E4A6344079313789C46002B39
:10F180003ED1274A1370079B3A4A02936346019582
:10F190000093069B00F06CFF374D09AF298802975A
:10F1A00036682E4801960026009606002E4B04393C
:10F1B000304A1B6889B200F019FF2888099B301873
:10F1C000021F1370190AC21E1170821E190C013819
:10F1D0001B0E1170037040E7002A05D110490A7018
:10F1E00026490A6801320A6000220270154A127824
:10F1F000002A00D028E70E490A6801320A6023E796
:10F20000079B1F4A029301950097C2E7C00E00209A
:10F21000D40D0020D40E0020E40D0020D80D0020D5
:10F220005D1000203401002060100020110E00202D
:10F2300070100020EB0E0020100E0020180E002091
:10F24000350100206A100020BC0E0020771200203B
:10F25000F80D0020250F0020AC06002076110020BC
:10F26000B8120020BD1200207C120020BC12002029
:10F27000BE1200209612002074110020641000209D
:10F28000861200201A78002A00D10EE72968102281
:10F2900008001040114200D007E75E4E5E4A187029
:10F2A000127833789A4200D88FE0082B00D98CE08E
:10F2B00001333370594B1B78012B47D1584B1A78C7
:10F2C000584B002A02D11A6801321A600022944673
:10F2D0001E680992544A554D330A1278EB71544B0B
:10F2E000521918680692534B534A19781778534BA2
:10F2F000AE711B68674544D1514A1770514A019657
:10F300000792069A00970292079A00F0B1FE4E4EBD
:10F3100009A8318802904348484B0068043901909D
:10F3200000200090474A28001B6889B200F05EFE6A
:10F330003288099BAD182A1F1370190AEA1E117032
:10F34000AA1E190C013D1B0E11702B70314E337823
:10F35000DB070DD5242309A90B703C4B3C4D1B78D2
:10F360008B706B784B703B4B1878FDF75DF96870CC
:10F37000FFF7D0FC00280BD1102223789343237091
:10F3800093E601966646069F334A02970096BCE7CD
:10F390000922324B2A485A70002202700120304D57
:10F3A0001A712968814329602E490A7032785A718E
:10F3B000274A52789A701A4B1B78002B00D074E6BB
:10F3C000184A13681B1813606FE6224B0121187846
:10F3D000FDF73BF901222B6893432B600023184A69
:10F3E0001370204A13701D4A1371337853710C4BFC
:10F3F0001B78002B00D058E60A4A13680133E2E775
:10F40000FA210598890001F0E5F9059801F048F91D
:10F4100071E6C0463401002035010020AE06002010
:10F420006A10002070100020BC120020761100200D
:10F43000B8120020BD120020BE1200207C12002055
:10F440005D1000209612002074110020500F002043
:10F45000240F0020B412002086120020E40D0020AA
:10F46000D40E0020601000201FB56946104B1B7899
:10F470000B70104B5A7888814A701A788A701A6B10
:10F480005B6B019202930C4B1878FDF78BF9FA2114
:10F490000A4C8900200001F09DF9200001F000F9DC
:10F4A00001230020064A11680B43136004B010BD0D
:10F4B000DE0E0020240F0020B4120020C00E002019
:10F4C000D40E00200300080051B20A4A10B5546C53
:10F4D0001A00A047FA21084C8900200001F07AF9AF
:10F4E000200001F0DDF80123044A002011680B43DD
:10F4F000136010BD486B0108C00E0020D40E002020
:10F50000F7B506000F0014000325002800D10CE118
:10F510000368002B00D108E14368002B00D104E10F
:10F520008368002B00D100E11000FDF778F8073563
:10F53000002800D1F9E000257D4B6A461E607D4B16
:10F540007D4E1F6001277D4B20001D707C4B01A963
:10F550001D707C4B34701D607B4B1D707B4B1F708E
:10F560007B4B1D707B4B1D607B4B1D600F2313710C
:10F57000FDF75AF8421E9041784B0A2218706B46EC
:10F5800001A930781A71FDF74FF86B460621744CCB
:10F59000197101AB190020703078FDF745F8102380
:10F5A00060706846037101AB19003078FDF73CF8D4
:10F5B0001123E0606846037101AB19003078FDF754
:10F5C00033F8122320616846037101AB19003078CB
:10F5D000FDF72AF8132360616846037101AB190037
:10F5E0003078FDF721F81423A0616846037101AB60
:10F5F00019003078FDF718F81723E06168460371A9
:10F6000001AB19003078FDF70FF8A31CD877182349
:10F610006846037101AB19003078FDF705F819232E
:10F6200060626846037101AB19003078FCF7FCFF9B
:10F630002300283318701E236846037101AB19009C
:10F640003078FCF7F1FF23002C3318701F23684635
:10F65000037101AB19003078FCF7E6FF23002D336E
:10F66000187020236846037101AB19003078FCF74D
:10F67000DBFF212320636846037101AB190030785A
:10F68000FCF7D2FF290060633078FCF7DEFF0A2226
:10F690000621E319DF77334B62605A60E268197222
:10F6A000DA60226921721A6162695A61A2699A61FB
:10F6B000E269DA61DB19DF77FEF75EF82A4C2B4945
:10F6C000200000F0E5FFFA212000890001F082F817
:10F6D0002749284800F0DCFF2749284800F0D8FFD8
:10F6E0002749284800F0D4FF2749284800F0D0FFD8
:10F6F00001F081F8264B274C18602748274B036000
:10F70000274B8360274B0361274B4360274BC36024
:10F71000A3689847E369984701F096F8244B3800AE
:10F720001F70236E9847636B98472800FEBDC04644
:10F73000BC0E0020B80E0020B4120020D40D002012
:10F7400077120020D40E0020110E0020100E002091
:10F7500075120020E40E0020E00E0020DF0E0020D5
:10F76000EC0E0020240F0020C00E0020BDEF00088A
:10F770003DEF0008880E002069DB0008740E0020B1
:10F7800051D90008600E00209DD800081C0E0020F2
:10F79000D80E0020486B01089C0E002025DA0008D6
:10F7A0004DE200088DDC0008E5D9000805DC000802
:10F7B00076120020F0B5344A8FB0079053780D00D0
:10F7C00006A98B730F2312785B181A702F4A032037
:10F7D00004922F4A0592049A1478059A1278A41874
:10F7E000E4B2002D3CD000272A4A0BA912782A4EF9
:10F7F0004A702A4A0F709446126806A84A603288F6
:10F800002C3652BA0A8132788A72254A06921278C8
:10F810000392624600920E2212180398FCF739FFF9
:10F8200033780AA98B7006AB9B7B4B701D4B1B7802
:10F830000D330B70069B1878FCF7F6FEC0B26870AB
:10F84000A0420FD3001B28700E23002106AA9B188C
:10F85000595622000798FDF7FDFF031E09D000202E
:10F860000FB0F0BD049B3C001F70059B28701F70FB
:10F87000EAE70D4A08201278002AF1D0034A1370F3
:10F88000034A1370EBE7C046EC0E00205D10002029
:10F890005C10002068100020240F0020641000205D
:10F8A000B412002075120020030D002013B50323AD
:10F8B000041E18D00078013B1D2814D8F0F700FC76
:10F8C0000F1517191C1E2123252731363B393D40C2
:10F8D0004346494C4F525654585A5C5E61642C4B17
:10F8E0001B7823710023180016BD2A4BF8E72A4B1A
:10F8F000F6E72A4B1B6802E0294BFBE7294B6360C4
:10F90000F0E7294BFBE7294BEAE7294BE8E71D2302
:10F910006A461371274B01A91878FCF785FE6060D1
:10F92000E0E7254B043406CB06C4DBE7234B043465
:10F93000F9E71B23ECE71A23EAE7214BDB7FD0E74B
:10F94000204BDB68DBE71F4B1B69D8E71D4B5B696E
:10F95000D5E71C4B9B69D2E71A4BDB69CFE71A4B03
:10F960005B78BEE7174BFBE7174BB9E7154BB7E7DB
:10F97000164BBFE7164BBDE7164BBBE7114B5B6859
:10F98000BDE7104B1B7AACE70E4B5B6B6360A9E7DE
:10F9900077120020691000206810002080120020DB
:10F9A0007C12002096120020861200207612002081
:10F9B00075120020B4120020480F0020100F002004
:10F9C000250F0020240F0020EC0E002070100020D6
:10F9D0006C10002078120020F0B5040085B00028DB
:10F9E00003D10323180005B0F0BD01229D4B196817
:10F9F00013001142F6D100781D2800D92FE1F0F74D
:10FA000073FB1E003100350037003B003D00450010
:10FA10004A0051002E0153009600B700A900BB0018
:10FA2000C300C700CB00CF00D300D700E70004011C
:10FA3000F5001A011C012E011E0124012A0123795F
:10FA4000894A1370002B03D0022B05D00023C9E78D
:10FA5000864B5B6B9847F9E70022854B1A70FDF7E0
:10FA600077FFF3E7834B22791A70EFE7824BFAE7CF
:10FA7000824B62681A60E9E7814BFAE76168814866
:10FA80000029AED0102200F0F0FEDFE76168002907
:10FA9000A7D07D48F6E720797C4B1870734B1B6E1E
:10FAA0009847D3E77A4BDEE7237A02A9794F0B70A8
:10FAB0003B78794E072230784B70784DFCF7CCFDBF
:10FAC000002801D10B238DE72B000434243306CC0E
:10FAD00006C3654B1B78022BB8D1664B1B78002BF5
:10FAE000B4D028216E4C2A7A6956307800946B681D
:10FAF000FCF7DDFD6B4B21001B786B4A23706B6AB2
:10FB0000307863603B782374614B1B786374022305
:10FB1000FF336382FCF7D6FD0C23002800D161E798
:10FB2000A07CE968FDF708FF604BE27C9CE7237A44
:10FB300002A90B70574B07221B784B70564B187855
:10FB4000FCF78AFD002800D14BE7594B043406CC62
:10FB500006C37BE76368029301236A4613734E4B27
:10FB600002A91878FCF78BFD002800D06EE738E773
:10FB7000636802930023F0E723795A1E0E2A00D906
:10FB80002FE74C4AD37761E7444B6268DA605DE760
:10FB9000424B62681A6159E7404B62685A6155E707
:10FBA0003E4B62689A6151E73C4B6268DA614DE70F
:10FBB000237902AD2B70384B062218782900FCF708
:10FBC0004BFD3D4B002800D10BE72A785A703DE7EA
:10FBD000237902AD2B70304B052229001878FCF7F1
:10FBE0003BFD002800D16DE72C4BEEE7237902ADF9
:10FBF0002B70294B0A2229001878FCF72DFD0028CC
:10FC000000D1EEE62C4B2A782EE7237902AD2B703B
:10FC1000214B092218782900FCF71EFD0023EB5622
:10FC2000002802D01D4A137010E71A00283AD2B2F9
:10FC30000A2AF7D946E7214B1BE7214B19E76368EE
:10FC40001D4A5360154A536000E723791A4A13721C
:10FC5000124A1372FAE6114B62685A63F6E60223FF
:10FC6000C0E6C046D40E002077120020486B010881
:10FC70006010002069100020681000208012002011
:10FC80007C1200209612002086120020761200209E
:10FC900075120020510F0020B4120020240F002004
:10FCA000300E0020DE0E0020FC0D0020D50D0020BF
:10FCB000100F0020250F0020EC0E002070100020F7
:10FCC0006C100020F0B5040085B0002802D103209C
:10FCD00005B0F0BD554E01273368190039403B424D
:10FCE00001D00120F4E7524D0C22280000F0D2FD93
:10FCF0006F702078032800D995E0F0F7E1F90262EF
:10FD00007C8732681023110019401A42E9D1494B0F
:10FD10001A78002A04D01970474B1878FCF795FC24
:10FD20006368002BD3D0A368002BD0D0E368002BEE
:10FD3000CDD0237C002BCAD03F4E02A9222230789E
:10FD40000B70FCF789FC002807D123236A46307822
:10FD500003A91373FCF768FC20740823374A117851
:10FD60000B431370237862682B70354B1A60A268BE
:10FD7000344B1A60E268344B1A60227C0024334B07
:10FD80001A70334B1C706B461C70FDF7F5FC012399
:10FD90006A4601A930789380FCF7E5FC2D4B2200E0
:10FDA0005870210023006846FFF7AAF8A04220D02F
:10FDB00000220821284B1A70204A13788B431370B5
:10FDC00086E708231D4A254C11780B430121137047
:10FDD000234B29701D7880235B425B1B2278DBB2AA
:10FDE0009342E5D90220531823701E4B98541E4BA2
:10FDF000197000206CE70223104A2B70117806332B
:10FE00000B431370A088FFF72FFBF2E703230B4A85
:10FE10002B70117805330B431370227BA088A168E7
:10FE2000FFF750FBE5E70220C2E7C046D40E0020F2
:10FE3000D80D0020BC060020B4120020D40D0020F4
:10FE4000B0120020AC120020A8120020100E0020DA
:10FE5000110E0020240F0020601000205D100020F3
:10FE60005C100020DC0F00205E1000200023F0B5A5
:10FE700089B0040002930093984203D1032528001F
:10FE800009B0F0BD464B01251A6811231100194035
:10FE900001911A42F3D10023424F19001422380075
:10FEA00005AE337000F0F6FC3F4B7D701D7023787B
:10FEB000AB424DD0032B5FD000270197BB4211D13D
:10FEC0003A4B32781D701F231A402133134333708D
:10FED00023792F000193A3680393A38902930E2330
:10FEE000E3560093022506A9314B0D701B78314E65
:10FEF0008B70314B1878FCF797FB002FBFD02F4B3E
:10FF00001B78002B13D1009B984200D218003300BD
:10FF100007AD28702C331B780522AB70264B2900C7
:10FF20001878FCF799FB0028A8D02B787370029BF7
:10FF3000039A019905A8FEF7E3FF051E2CD122784C
:10FF4000184B1A7001231E4A11780B43137096E761
:10FF5000E17B164A1F0011701F22317811409F3A31
:10FF60000A43327022790192A2680392A289029216
:10FF70000E22A2560092B5E70C4B32781D7020235A
:10FF80005B421343337063682F000393238902930A
:10FF90000A23E3560093A5E700220A4B1A706EE786
:10FFA000D40E0020E40D0020340100203501002093
:10FFB000500F0020240F0020B412002068100020F1
:10FFC000D40D00206010002013B5064B01A90400D9
:10FFD00008700F221878FCF73FFB002801D0024B75
:10FFE0001C7013BDB4120020DF0E0020F7B50D0009
:10FFF0000700019208AA1B4C1178099A6171190A2D
:020000040801F1
:10000000194EA371E171190C1B0E6372130A3000B3
:10001000A272E372130C120E23736273E5732172E2
:1000200001F0BCF83000019901F0C8F8300021005F
:10003000102201F0CAF8EAB23900300001F0C5F828
:100040000A4C3100200001F021F9637822781B026C
:100050001343A27812041A43E3781B0613430A9A47
:100060001360F7BD48010020C4120020DD140020F9
:10007000F0B585B01D000AAB1B7800240393354B07
:100080000B9E1B78009001910292012B46D0324FBB
:10009000F0222100380000F0FDFB3A001021029808
:1000A00000F03AFE2D4B039A9D715A712A0ADA71BB
:1000B0002A0C1A72320A9E72DA722D0E320C360E29
:1000C0005E735D721A73019B1E09E3B21D01EDB2EE
:1000D000B44228D110235B426343019AD518ADB2D4
:1000E000002D1ED01E4E1D48631C31001A4AC373DA
:1000F00000F096FE2401E4B22D19009B32781B5DBE
:10010000013653400C9A13550134AC42F5D108E046
:10011000009B0C9A1B5D13550134E4B2019B9C4279
:10012000F6D305B0F0BD0E4F0C480B4A0133390031
:10013000C37300F075FE2A001032009B39785B5DB6
:1001400001374B400C994B5501359542F5D101349F
:10015000A4B2BAE7080D0020DC130020380100200B
:10016000CD14002030B585B00A9D08AC24780295E6
:10017000099D00940195FFF77BFF05B030BD00009D
:10018000F7B507000C001E000F4D0192280001F08A
:1001900005F82800019901F011F839002800E2B2B1
:1001A00001F013F8094C2900200001F06FF8637882
:1001B00022781B021343A27812041A43E3781B0629
:1001C00013433360F7BDC046C4120020DD14002085
:1001D000F7B51D0004000E4E0F0030000021019203
:1001E000F02200F057FB32001021019800F094FD3E
:1001F00032002900200000F013FE0F2F06D929003D
:10020000200032001031103000F00AFEF7BDC04669
:10021000DC130020F0B587B000936B460700234C39
:10022000DA800D002000F02200219E1D00F032FB3C
:1002300022001021380000F06FFD02A810220021DA
:1002400000F028FB6A460123137208336B4429002F
:100250001800062200F009FB0F236B441800310040
:10026000022200F002FB2200009902A800F0D8FD53
:1002700002A81022002100F00DFB02276B461F721E
:1002800009236B4429001800062200F0EEFA0F2320
:100290006B4418003A00310000F0E7FA22000C9994
:1002A00002A800F0BDFD07B0F0BDC046DC13002081
:1002B00030B587B0274800F033FB0028FAD1264B31
:1002C000264D1A78002A22D018700323EB700233CF
:1002D0002B712B00F9331B786B712B00FA331B78D1
:1002E000AB7101236B70E87801A9FFF763FA02ACE8
:1002F00000281AD000232370A360A381A373184899
:1003000000F0CEF92000FFF7B1FD07B030BD6B78EB
:10031000012B02D0042BE6D1E3E70223EB702B0084
:10032000F6331B885BBAAB80DDE70E4BE0201B7811
:10033000E9780D4A002B04D123702071A181A260BD
:10034000DCE70123237080231B012071A181A260BF
:10035000E381D4E7E6690108E8150020F0140020E5
:10036000EC150020EE140020F4140020014B187846
:100370007047C046F0140020024A138801331380EE
:100380007047C046E61500200121054B054A117053
:100390001A00017AF9321170427AFA331A707047F2
:1003A000F0140020E8150020F0B56D4C050026780B
:1003B0000F008BB0002E50D1037B042B3ED18368FD
:1003C0001A78012A3AD15A78012A37D19A78012A23
:1003D00034D1DB780193012B30D1624B05AF1E7015
:1003E0002300F6331E802300F8331E802300FA33E7
:1003F0001E7002230132FF333A703800E27023800E
:10040000FFF754FA3A79584B38001A700222019BD0
:100410003A703B71FFF7E0FA3000FFF7D5FD534823
:1004200000F0ACF9524E5349300000F031F9300081
:10043000514900F0CFF9300000F032F92378002B59
:1004400009D14B4800F09AF9AB681B78002B02D118
:10045000464800F025F90BB0F0BD8368187860704D
:100460000728EBD8EFF72CFE0415181D233138545C
:1004700022000023F63205A8138023700233037094
:10048000394B1B780371FFF7A7FA0120FFF79CFD9A
:10049000D4E70223E370D1E70122324B62701A7075
:1004A000CCE700222F4B1A7001236370C6E70422A9
:1004B000287B22710022314EE0700132D1B2884295
:1004C000BCD9995C0131B154F7E7012302AA137337
:1004D00005A8FFF7F7FBB1E7254800F04FF9FA2030
:1004E0004000F8F769FE23000026F6331E80022341
:1004F00002A803701C4B26701B780371FFF76CFA7F
:1005000002AB1E7306AB07CF07C33A681A60DFE77A
:100510002A7B032A0CD1013A02A90A735A789B78E4
:1005200005A81B0213435BBA0B82FFF7CBFBBBE7AB
:10053000072AB9D105A8043A02709A7859781202AC
:100540000A4352BA8280DA781979120409020A43FE
:1005500059790A4364214A4382609B790373E4E733
:10056000F0140020EE140020ED140020940600206A
:10057000EC150020B102010870170000F4140020EF
:1005800010B5F7F717FA10BD10B5EFF3108472B677
:10059000002908D0012903D1054A136803431360D9
:1005A00084F3108810BD024A13688343F7E7C046FE
:1005B0000016002010B5EFF3108472B6002908D0A1
:1005C000012903D1054A13680343136084F310889B
:1005D00010BD024A13688343F7E7C04604160020A3
:1005E000EFF3108372B60020054A1268824204D1EC
:1005F000044A106842425041013083F3108870472A
:100600000416002000160020704770477047000055
:100610000B4B10B51B68002B04D0F9F70DF8FFF752
:10062000F3FF10BD074B1B68002B04D0F8F7BAFF8F
:10063000F8F7D4FFF5E7FFF7E8FFFFF7E7FFF0E78C
:10064000041600200016002070B50400F7F7B6F875
:100650000123237205002668F7F7C4F8281886429C
:1006600003D2F7F7BFF82D1825602068F7F7E0F8F8
:1006700070BD0000054A10B51368002B01D00021A1
:10068000197203611060FFF7DFFF10BD081600202C
:100690000023036043600372C16003617047000080
:1006A00070B50400EFF3108572B600280ED0154E19
:1006B00032681300002B0CD1616823722160002A7C
:1006C0000BD1F7F78BF92000FFF7D4FF85F31088E3
:1006D00070BD9C42FAD01B69ECE7F7F783F82368FA
:1006E0003268C018206013689842ECD31369002B5D
:1006F00002D114612361E9E719688842F9D91A0027
:100700001B69F4E708160020F8B5F7F7B1F9050002
:10071000F7F764F9184C2268002A13D01300471B1E
:100720001B69002B05D113692360D368002B08D106
:10073000FEE719680026B94201D949190E1A1E6050
:10074000EEE798472368002B03D1206800280CD1DE
:10075000F8BD1D68F7F746F823688542F5D21A6997
:10076000DB682260002BECD1FEE7037A002BEFD18F
:10077000FFF76AFFECE7C0460816002070B5EFF3FC
:10078000108572B6124C2368002B01D0002802D1CC
:1007900085F3108870BD1A00834213D11A7A1E693E
:1007A000002A0AD0002E06D0002230001A722660DD
:1007B000FFF74AFFECE7F7F729F82660E8E70A00B9
:1007C000002BE5D019001B698842F8D11361DFE7DF
:1007D0000816002070B505000800F6F7F1FF0400C8
:1007E0002800FFF7CBFFF6F7E9FF844200D20400B0
:1007F0002C606C6070BD10B5F7F700F8F6F7E8FFF5
:1008000010BD70B50500F6F7F9FF04002800F6F7F3
:10081000D7FF201AF6F7DCFF70BD0000064B074833
:100820001A6810B55043064A064980181860EFF759
:10083000A1FC080010BDC046580100206D4EC64105
:1008400039300000FFFFFF7F014B18607047C04642
:100850005801002070B505000C00FFF7DFFF611B99
:100860000131EFF7DBFC481970BD002310B593424E
:1008700000D110BDCC5CC4540133F8E7531EC0183E
:10088000002330B59A4200D130BDCD5C5C420555A5
:100890000133F7E7044B013A92B29A4200D1704714
:1008A00001700130F7E7C046FFFF000073B5EFF3BA
:1008B000108572B66B460E4E9C1D2100300000F074
:1008C00085F92100300000F0DFF9002805D085F31C
:1008D00010882188F8F7C2FF73BD01002020FFF7C0
:1008E00069FE0122034B1A7085F31088F4E7C046B5
:1008F0000C1700205C01002007B50648F8F790FFB0
:10090000022380220093044900230448520000F08F
:100910004DF807BDAD0801080C1600200C1700208B
:100920000FB48021F0B5C5B04AAB04CB490004A890
:10093000039303F0B3F802AB9C1C2080EFF3108507
:1009400072B6184F01233800228804A900F041F83C
:1009500000281ED0144E3378DAB20192012B1DD13B
:100960002100380000F090F90023070001992020B1
:100970003370FFF71FFE85F3108838007B425F411C
:100980002188F8F76BFF784245B0F0BC08BC04B092
:10099000184785F3108801204042F5E785F3108859
:1009A0000020F1E70C1700205C01002030B50400A6
:1009B00003A8057800202160E06020616061A061EB
:1009C000626023812577AD0702D55A1E93415842B4
:1009D00030BDF0B587B005930491078945697B4226
:1009E0007B415B00029304000369002D11D0019745
:1009F000002F11D106686768591CF05CB94200D31A
:100A0000C91B715C02300902081881B201911700FC
:100A100002E00195002FFAD0E26800209A4203D844
:100A20006068C01A019BC01A029B0026F918059B3A
:100A30004B43039383420DD3EFF79CFB029BC9B258
:100A4000994207D9237F029EDA07D21711409B07EC
:100A500000D40E00002F02D1002007B0F0BD039B90
:100A6000ED186368AD199D42F6D80026049B0496E4
:100A700003930499059823696268814207D102991A
:100A80002068CB18934200D39B1AC018E5E7019960
:100A9000CB18934200D39B1A21892361002911D1DD
:100AA00021685A1CCF546368934200D8D21A216837
:100AB000380A8854531C62689A4200D89B1A6169AC
:100AC00002316161D21A1500BA4200D93D00BA4222
:100AD00002D2227F002A25D120682A00C01803995B
:100AE00003F02EF863692E005B196361029B7D1B86
:100AF000DB199BB201930023002D09D020682A0046
:100B0000C018039BF11803F01BF863695B1963615C
:100B1000A3690133A361049B01330493039BDB1995
:100B20000393A6E7002DF3D001210A4222D02289A7
:100B3000002A08D12268FE31D218023A11702268C8
:100B4000D318013B1970636926895B196361002E14
:100B500038D13D0023683A0A1F7023685A706369D0
:100B6000023363610223029A521992B20192002267
:100B70002261C1E702210A42F5D02289002A00D071
:100B80006AE72268290AD218023A157022682E00F4
:100B9000D218013A117020682A000399C01802F097
:100BA000CFFFA269636901325B19A26122686361A8
:100BB0007B1B13702268190A517062691D00023292
:100BC0006261CFE700263D003300CCE7F7B5009126
:100BD000028946690192002203000A803000964291
:100BE0004FD01A891868DF685D68002A08D17C1C1C
:100BF000C25DAC4200D3641B045D2402121992B2A0
:100C000000990A8003211C7F0C40012C21D11D4C2E
:100C1000A24202D11C89002C08D01C69BC4218D207
:100C20001C89002C15D0E91BA14212D20022F61912
:100C3000761B5E61DA60944208D1013204789542F5
:100C400000D86A40825C1202A418A4B2009A1480F0
:100C5000220001994C426141DC6849000C192700CF
:100C6000AC4200D3671B5118761AC0195E61002E82
:100C700004D01219AA4200D3521BDA609A69013AD1
:100C80009A61FEBDFFFF0000F7B503000289002056
:100C90005C6908800192201E3BD01E89DD681868BF
:100CA0005C68002E08D16F1C465DA74200D33F1B35
:100CB000C75D3F02F619B6B20E801F7FBC46032700
:100CC00062461740012F1BD1124A96420FD11E894E
:100CD000002E0CD13D0003786540012C00D93D0069
:100CE000455D2D025B199BB200250B8008E01E6953
:100CF000AE4205D21B89002B02D0661B9E42F3D365
:100D0000019A53425A4153005B19A34200D31B1B63
:100D1000C018FEBDFFFF00000B00F0B5103BDBB2BA
:100D20000E00140089B0102B05D83B4A0491DA401C
:100D30000023D20705D40023FF20F034237009B02C
:100D4000F0BDC25CE2540133B342FAD13300220059
:100D50001C339B00DBB207931B09013BF03213707D
:100D6000012305932D4B351F651906936B783100D0
:100D70000193AB782F780293EB7803936B46187C42
:100D8000EFF7F8F9C9B2002935D1069B019A02990B
:100D90009A5C059B5A40069B5B5C03990193069BFA
:100DA0005B5C1B210293069BDB5D17000393059B95
:100DB000DB095B420B40059949004B40DBB20593D0
:100DC0002378019A5F402F71637804355A406A7026
:100DD000A378029A5A40AA70E378039A04345A40DE
:100DE000049BEA70043304936B46079A1B7C9A4277
:100DF000BCD80020A3E7182EE2D91029E0D1074B78
:100E0000019ADF5D9A5C0192029A9A5C0292039ABF
:100E10009B5C0393D4E7C04601010100F073010815
:100E20008C461100F0B5F0310978ADB003000B919C
:100E3000FF20002900D1E9E0187811785778484060
:100E40000190587891784740987848402190D1781F
:100E5000D878484023901179187948400290517908
:100E60005879484003909179987948402490D179F5
:100E7000D87948402590117A187A48400490517AE0
:100E8000587A48400590917A987A48400690D87AE6
:100E9000D17ABF4C48402690117B187B4840079080
:100EA000517B587B48400890917B987B4840D97B88
:100EB000D37B0990594013000A910B99B548090159
:100EC00051182A91B4491D7C10332295019D299512
:100ED000069D4D5D14950A9D4D5D1395019D4E5DDA
:100EE000039D4D5D1295029D2895099D4D5D1195BF
:100EF000239D10954D5D0F95029D4D5D0E95059DB1
:100F00004D5D0D95049D2795219D1B970C954D5D7D
:100F10002095259D1F954D5D1E95049D4D5D1D954C
:100F2000089D4D5D1C95079D2B95249D1A954D5D43
:100F30001995269D18954D5D1795079D4D5D169544
:100F4000CD5D15952A9D9D4262D10B9B1032013BD0
:100F5000DBB21B019B18229A12995640624616700A
:100F60005A78139D51400A0061464A709A78149944
:100F7000002051400A0061468A70DA785540CD70F1
:100F80001A790E9951400A0061460A715A790D99F1
:100F900051400A0061464A719A79119951400A00FC
:100FA00061468A71DA790F9951400A006146CA7127
:100FB0001A7A1D9951400A0061460A725A7A1C99A0
:100FC00051400A0061464A729A7A209951400A00BB
:100FD00061468A72DA7A1E9951400A006146CA72E5
:100FE0001A7B169951400A0061460A735A7B15997B
:100FF00051400A0061464A739A7B199951400A0090
:1010000061468A73DB7B179A5A40CA732DB0F0BDD4
:10101000139D149F6F40019D2197475D219D6F4057
:10102000039D655D6F40229D7D40039F0195139D4B
:10103000C75D75406F40069D655D7D405F786F4080
:10104000129D6E40069D455D75400A9EA65D6E40F0
:101050009D786E402196129D149E6E40299D655D7F
:1010600075400A9E865D7540DE78754023950F9D1C
:10107000119E7540029E865D6E40059D655D7540C2
:101080001E79754002950E9E0F9D7540059E865DEA
:101090006E40099D655D75405E79754003950D9EB6
:1010A0000E9D7540099E865D6E40109D655D754084
:1010B0009E7975402495119E0D9D6E40289D655D1D
:1010C0007540109E865D7540DE79754025951E9DA4
:1010D000209E7540049E865D6E40089D655D75404E
:1010E0001E7A754004951D9E1E9D7540089E865D66
:1010F0006E400C9D655D75405E7A754005951C9E41
:101100001D9D75400C9E865D6E401F9D655D754002
:101110009E7A75400695209E1C9D6E40279D655DBC
:1011200075401F9E865D7540DE7A75402695179D39
:10113000199E7540079E865D6E401B9D655D7540DE
:101140001E7B75400795169E179D75401B9E865DFC
:101150006E401A9D655D75405E7B75400895159ED5
:10116000169D75401A9E865D6E40189D655D7540A2
:101170009E7B75400995159E199D75402B9EA65D19
:101180006E40189D455D7540DE7B75400A959AE678
:10119000F0710108F0720108F073010810B5040045
:1011A00010220021F130FFF775FB23000021FC33F2
:1011B000F02220009961FFF76DFB10BD10B5020011
:1011C00008001021FFF7A8FD10BD0300F0B5FC33A7
:1011D000040098690E00150087B0002829D010235C
:1011E0001B1A1F000093934200D91700A31CFF3362
:1011F000BAB2181831000193FFF737FB2200FC3216
:101200009369FB1893610F2B1DD9009BAB421AD237
:101210002000F13003001A78197C4A401A70019AB4
:1012200001339A42F7D122000100FFF7F9FDF619C8
:10123000ED1BA01CFF30102D07D83100AAB2FC34E2
:10124000FFF713FBA56107B0F0BD2700F1373B00A6
:10125000009600991A7809784A401A70009A01336A
:10126000013200929842F4D11022390002A8FFF70F
:10127000FCFA02A922000800FFF7D2FD1022380074
:1012800002A9FFF7F2FA1036103DD2E7F0B50D00D3
:101290008BB002AC1022002101902000FFF7FAFA77
:1012A0002A0021002000FFF7BBFD22782300002147
:1012B0007F2A3FD918785A784000D2090243013179
:1012C0001A7001330F29F5D17923E27B5B4252007A
:1012D00053402900FC318A69DBB2E373102A36D10E
:1012E00028002200AB1C1230FF33FF30197817782A
:1012F00001327940197001339842F7D12900F13158
:101300000B00A81CFF301A781F7C7A401A7001333A
:101310009842F8D106A81022FFF7A7FA2A000199EF
:1013200006A8FFF77DFD102200212000FFF7B2FA8A
:101330000BB0F0BD18785A784000D2090243013151
:101340001A7001330F29F5D1E37B5B00C1E72078E8
:10135000230000277F2830D91E7858787600C009EE
:1013600030430137187001330F2FF5D17923E07B1B
:101370005B42400043408020DBB2E373AB18FF3395
:1013800098700023571C38009C46AB1CFF330F2875
:1013900020D90020102F01D80F30801AC019886181
:1013A000280022001230FF30197817780132794076
:1013B000197001338342F7D1A0E71E785878760080
:1013C000C00930430137187001330F2FF5D1E37B8B
:1013D0005B00D0E766461E540130D8E7002210B506
:1013E00011000820F6F7A4F84342584110BD000050
:1013F00010B5041E19D03022002102F05BFBFA2345
:10140000C821DB00A381094B094AA3616362094B30
:10141000C900A362E36221616261E1612262F6F7C1
:10142000A9F8002320810120A37210BD006A1800D2
:10143000A0860100DEADBEEF0B0E03700B0C4370F7
:101440000B0A8370C170704770B504001500002846
:1014500045D0101E43D000201F2940D91388642195
:101460001A0A227063706B881A0AA270E370AB8844
:101470001A0A22716371AB79A3712889EEF73EFED7
:1014800002210323E0712172AA7A1340581E83417E
:10149000DBB2500700D50B43120701D504221343DA
:1014A000200063720C23EA5E0C3093B21B0AA37215
:1014B000E2722969FFF7C0FF200069691030FFF769
:1014C000BBFF2000A9691430FFF7B6FF00232835C1
:1014D0001834EA5CE2540133082BFAD1202070BDA5
:1014E000F7B5040C0D0091B20F0061438C46060065
:1014F000019383B2100C5F43444358433B0C604458
:101500001B18994202D98021490264180199554358
:101510007143180C04191B04BFB24919D8190919D1
:1015200003B0F0BD9E2110B5C905041CEEF7F0FE16
:1015300000280AD09E21201CC90500F019FB00F0EC
:1015400099FC80231B06C01810BD201C00F092FCE3
:10155000FAE7000070B500220B4B04000D00EEF717
:101560009DFE00280BD0084B00222000290001F02E
:101570009FFD02F06FF880231B06C01870BD20008D
:10158000290002F067F8F9E70000E041F0B587B004
:1015900006000F00059204938B4200D966E001D14A
:1015A000824263D804990598EEF712FF3900019042
:1015B0003000EEF70DFF019B04991B1A1A000598E5
:1015C0000193EEF7DBFE04000D00B94246D801D1CD
:1015D000B04243D801200021019AEEF7CFFE361B1E
:1015E000AF4102900391019B002B2ED0E9076208C6
:1015F0000A4301996B088C4601240025BB4232D86E
:1016000001D1B2422FD830003900801A9941001818
:1016100049410019694106000F00012149428C44EB
:1016200061460029EAD1029C039D30003900019AED
:10163000EEF798FE019AA4197D4106000F00EEF71F
:101640009DFE241A8D41029403950C9B002B01D022
:101650001E605F600298039907B0F0BD002200236E
:1016600002920393BFE7B6197F41D6E70023002417
:1016700002930394E9E70000F0B5C30F85B044027C
:1016800045000391640A2D0E01932ED0FF2D39D011
:101690008023E400DB047F3D1C4302950027039B6D
:1016A0005D025E00DB0F6D0A360E039330D0FF2E15
:1016B0003BD08023ED00DB041D4333007F3B002142
:1016C0000398019A42400298D2B2C31AB800084364
:1016D00001380E2842D8EEF7F3FC6CA87EA89DA82E
:1016E0007E6C6C9D7E2E2E2E720001270294002CA3
:1016F000D5D02000EEF74EFE773F431F9C403B1AAB
:101700000293CBE703270295002CC8D1013FC6E71F
:101710002B000121002DD3D02800EEF73BFE431F04
:101720009D4076235B421B1AC9E733000321002D3D
:10173000C6D10139C4E73900019A022939D00329F9
:1017400000D170E00025280001291ED16D026D0A2C
:10175000C0052843D207104305B0F0BD64016D01F8
:10176000AC4228D31A200121641B0126270049001E
:101770006400002F01DBA54201D8641B314301380E
:101780000028F3D1601E84410C4318007F300028EC
:1017900024DD610704D00F212140042900D0043446
:1017A000210103D58033180023490C40E508FE28A9
:1017B000CCDD00250DE01B200021013BD5E7802377
:1017C000DB031C4201D01D4229D08025019AED0384
:1017D0002543FF20BAE72C00039AAEE7012100253C
:1017E000091A28001B29B1DC9E3325009C40CD40FE
:1017F000631E9C4125436B0704D00F232B40042B11
:1018000000D0043580232800DB0418401D420FD18E
:10181000ED089BE7002380240193E403D5E7039BB5
:101820002C000193D1E70192CFE7002528008DE736
:10183000002501208AE7C046FFFFFFF770B54B0087
:10184000440245004E02C20F640A01202D0E760AA2
:101850001B0EC90FFF2D06D1002C13D1FF2B11D168
:10186000002E06D00EE0FF2B0CD09D420AD1B442D0
:1018700008D100208A4205D00130002D02D120007D
:10188000431E984170BD30B5420245004C02C30F63
:101890004800520A2D0E640A000EC90FFF2D01D117
:1018A000002A19D1FF2801D1002C15D1002D20D1FB
:1018B000002813D1002A1ED1002C21D0012000299C
:1018C0001ED102381CE08542F8DBA2420CD8002071
:1018D000A24215D20130F2E7022008E0002AEDD042
:1018E00099420AD18542EEDD0120002908D040420C
:1018F00006E00028F4D1002CF2D10120002BF6D113
:1019000030BD30B5420245004C02C30F4800520AB8
:101910002D0E640A000EC90FFF2D01D1002A19D126
:10192000FF2801D1002C15D1002D20D1002813D182
:10193000002A1ED1002C21D0012000291ED10238FE
:101940001CE08542F8DBA2420CD80020A24215D24E
:101950000130F2E7022011E0002AEDD099420AD1CD
:101960008542EEDD0120002908D0404206E0002833
:10197000F4D1002CF2D10120002BF6D130BD0000B3
:10198000F0B5C30F85B04702440003917F0A240ECF
:1019900002930AD0FF2C71D080227F3C26000023C6
:1019A000FF00D204174301930CE001233E1E019374
:1019B00008D03800EEF7EEFC7626431F9F407642B3
:1019C000361A0194039B5C025D00DB0F640A2D0E46
:1019D00003935AD0FF2D64D080232800E400DB0459
:1019E0001C437F380023019986198800721C184314
:1019F0000A2800DD7EE00299039D694002910228D9
:101A000055DC0138012864D9B9B20D003B0C200C1B
:101A1000A4B2654341435C43434309191F002B0CA7
:101A20005B189C4202D9802149027F181904ADB28B
:101A30004D19AC01611E8C411B0CAD0EDB192C4302
:101A40009B011C431B0167D5012361081C400C430B
:101A500010007F30002861DD630704D00F2323408E
:101A6000042B00D00434230103D5803210003F4BF7
:101A70001C40E108FE2834DD00214BE00323260052
:101A80000193002F9ED1013B8DE720000123002C04
:101A9000A9D0EEF77FFC431F9C4076235B42181AC7
:101AA000A0E728000323002C9DD1013B9BE70121E7
:101AB0008140A6200D00C000054001421ED19020AB
:101AC0008000014246D1B938FF3801429CD00399C9
:101AD0000291022BD0D0032B42D000210800012B11
:101AE000B6D1029B4902490AC0050843DB071843E7
:101AF00005B0F0BD0F2804D00B28E8D03C00019BB6
:101B0000E7E78023DB031F4201D01C4226D080215F
:101B1000C9033943FF20E4E7320099E7012300219C
:101B20001B1A08001B2BDCDC9E3221009440D9409C
:101B3000631E9C4121434B0704D00F230B40042B11
:101B400000D0043180230800DB041840194209D179
:101B5000C908C6E780270295FF03D8E7039B0293D5
:101B60002700D4E700210120BBE7C046FFFFFFF7B5
:101B7000F0B543025A0A85B04F02440002924E006B
:101B80007A0A9446C50F0092240E9B09360EC80FA0
:101B9000D200FF2E02D10100002A01D101214140D3
:101BA000A01BA94200D093E0002836DD002E13D1FF
:101BB000002A07D0461E012802D101249B181EE0EE
:101BC000FF2810D1DB08FF285ED1002B5CD08022DB
:101BD000D203FF20134357E0FF2C00D13DE18021C9
:101BE0000600C9040A4301211B2E07DC2020801BAC
:101BF00011008240F140501E824111435B185A018E
:101C000000D411E1601CFE2C00D1D5E001229649E0
:101C10001A405B080B40134358E0002820D0301BCB
:101C2000002C08D1002B04D0441E0128C5D0FF2869
:101C300008D11300C6E7FF2E00D107E18021040080
:101C4000C9040B4301211B2C07DC2020001B1900B9
:101C50008340E140581E8341194334008B18CEE77E
:101C6000FE21601C08422DD1002C18D1002B00D180
:101C7000EAE0002A00D1DEE09A182000D3085201E1
:101C800002D50120794A1340FF22C005D2055B022C
:101C900010405B0A1843ED07284305B0F0BD002B48
:101CA00000D1D5E0002A00D1D3E080210298C903F9
:101CB000884203D30098884200D21300DB089C4678
:101CC000019580E0FF2877D09B185B080400ABE00B
:101CD000002827DD002E1DD1002A00D172E7461E04
:101CE000012802D19B1A01240EE0FF2800D169E7E8
:101CF00001211B2E07DC2020801B11008240F140B7
:101D0000501E824111435B1A5A0100D48CE09B01A2
:101D10009E096FE0FF2C00D19FE08021C9040600DE
:101D20000A43E5E7002824D0301B002C0BD1002B00
:101D300007D0441E012802D10D00D31AD3E7FF2893
:101D400008D10D0075E7FF2E00D184E08024E40463
:101D50002343040001201B2C07DC18002025E04051
:101D60002C1BA3405C1EA341184334000D00131A22
:101D7000CAE7FE27661C03963E400196039E3E423C
:101D800033D1002C1AD1002B06D11D00002A00D11E
:101D90007AE70D00009B77E7002A4CD09E1A770166
:101DA00006D50D00D31A0020834200D16CE78DE7E1
:101DB000331E00D006E72500002365E7002B05D180
:101DC000002A4CD001916346019D00E7002A40D0D3
:101DD0008020029CC003844200D26FE7009C8442B2
:101DE00000D36BE713000D0068E79E1A770114D546
:101DF0000D00D61A3000EEF7CDFA330005388340D7
:101E000084420EDC2022001B0130121A190093407C
:101E1000C1405A1E93410B43C5E7002EEAD105008D
:101E2000CAE7134A241A13405A0704D00F221A4053
:101E3000042A00D004335A010FD5601CFE2CBBD0FD
:101E40000A4ADB0813401FE71300ACE73000F0E656
:101E50001300FF20B6E6300073E72000B2E68023CF
:101E6000DB039C46AFE7C046FFFFFF7DFFFF7F1F00
:101E7000FFFFFFFB41024300C20F490A00201B0E77
:101E80007E2B03DD9D2B02DD084BD0187047802090
:101E900000040843952B05DD963B9840002AF5D0B9
:101EA0004042F3E79621CB1AD840F7E7FFFFFF7FC8
:101EB00070B503000400051E0ED0C21785185540EA
:101EC000C40F2800EEF766FA9E231B1A962B0ADC35
:101ED00008282BD0083885406D026D0AD8052843A4
:101EE000E407204370BD992B1BDD020029001B3243
:101EF00091400A00511E8A410521091ACD4015431F
:101F00000B4A2A4069070FD00F210D40042D0BD03A
:101F10000432D508510107D59F23064A1B1A1540E4
:101F2000DAE7421F9540EBE7D508D5E79623D3E7DC
:101F3000FFFFFFFBFFFF7F1F002310B50400984247
:101F400009D0EEF727FA9E231B1A962B08DC0828E7
:101F500029D0083884406402D805640A204310BDA3
:101F6000992B1BDD020021001B3291400A00511EFB
:101F70008A410521091ACC4014430C4A22406107CA
:101F80000FD00F210C40042C0BD00432D408510187
:101F900007D59F23064A1B1A1440DCE7421F9440D2
:101FA000EBE7D408D7E79623D5E7C046FFFFFFFB52
:101FB000FFFF7F1FF7B5DF0FBC460D034C001E036C
:101FC000C90F00916D0A410F760A570F2943374315
:101FD0005D00009E640D6D0DC000D200631B664560
:101FE00000D02EE1002B00DC7AE0002D3CD13D003A
:101FF00015431ED05D1E012B18D1821882428041EC
:10200000C9194042091810000A0200D402E1BA4A74
:102010000133934200D18AE2B84C42080C400121BE
:1020200001400A43E00710436108F3E0B24EB342B7
:1020300022D14C07CA08B049C00804438B4206D1DC
:102040002100114300D175E2802109030A432000D9
:10205000AB4C1B0512032340120B1343009AD2070B
:102060001343190003B0F0BDA34DAC4200D1DDE134
:1020700080252D042F431D00382D2CDC1F2D19DC4D
:1020800020233E005B1B9E40B44616000193EE40A9
:1020900063461E43019BEF409A4013005A1E934132
:1020A00033431B18834280417918404209181800B5
:1020B0002300A9E72B003E00203BDE400023202D1B
:1020C00003D040335B1B9F403B0013435A1E934198
:1020D00033430027E5E73B0013435A1E9341F8E7DB
:1020E000002B50D02B1B002C12D10C0004430CD021
:1020F0005C1E012B06D1801890429241C9195242B0
:10210000891881E77C4EB3420AD13900100090E76C
:10211000794CA54200D104E28024240421431C0010
:10212000382C2BDC1F2C18DC20230E001B1B9E40A0
:10213000B44606000193E64063461E43019BE1401E
:1021400098400300581E83413343981890429241AF
:10215000C91952422B00891856E723000E00203B74
:10216000DE400023202C03D040331B1B99400B0082
:102170000343591E8B4133430021E6E70B00034321
:10218000591E8B41F8E75F4D631C2B4234D10B0085
:102190000343002C14D1002B00D1BDE13B001343BD
:1021A00000D11EE1821882428041C91940420918BB
:1021B0000B0200D4B1E1514B10001940012338E764
:1021C000002B00D1ADE13C004B4B144300D130E774
:1021D0004B07C0081843CB08802109030B4206D0E7
:1021E000FC080C4203D12300D0087F073843410F7D
:1021F000DB001943C00019E13F4CA34200D196E136
:10220000821882428041CF1940423F18F807520895
:1022100010437908420709D00F220240042A05D052
:10222000021D824280414042091810000A0200D477
:10223000FFE6314A0133934200D178E12F4A114041
:10224000F7E6002B60DD002D36D13D00154300D1AF
:10225000EFE65D1E012B0DD1821A90428041C91B11
:102260004042091A10000A02D4D549021C004D0A46
:10227000019008E1204EB34200D1DAE6382D35DC7A
:102280001F2D22DC20233E005B1B9E40B44616001F
:102290000193EE4063461E43019BEF409A401300BA
:1022A0005A1E93413343C31A98428041C91B40428E
:1022B000091A18002300D6E70F4DAC4200D1B5E053
:1022C00080252D042F431D00D8E72B003E00203B26
:1022D000DE400023202D03D040335B1B9F403B009A
:1022E00013435A1E934133430027DCE73B0013435B
:1022F0005A1E9341F8E7C046FF070000FFFF7FFF2B
:102300000000F07FFE070000002B54D02B1B002C98
:1023100015D10C0004430FD05C1E012B09D1101AFB
:10232000824292416346791A52420093891A0123EC
:1023300099E7814EB3420AD161460091E5E67E4CB1
:10234000A54200D1EBE08024240421431C00382C5A
:102350002CDC1F2C19DC20230E001B1B9E4000933D
:1023600033000600E6401E43009BE1409840030016
:10237000581E83413343D01A82429241791A524205
:10238000891A62462B0000926DE723000E00203B65
:10239000DE400023202C03D040331B1B99400B0050
:1023A0000343591E8B4133430021E4E70B000343F1
:1023B000591E8B41F8E7614E651C354250D10E0025
:1023C0003D0006431543002C28D1002E0FD11900E3
:1023D00018000093002D00D12BE639001000634651
:1023E000009303000B4300D19EE0002312E7002D71
:1023F000F7D0851AA842B641CC1B7642A41B260210
:1024000006D5101A82429241791A5242891AE6E799
:10241000280020435CD021002800E2E7002E07D1ED
:10242000002D7CD1802118000093C903424B00E6A7
:10243000414B002D00D1FCE54B07C0081843CB08E9
:10244000802109030B4200D1D1E6FC080C4200D0E8
:10245000CDE6D00862467F07230038430092C6E6E7
:10246000851A0195A842AD416D422E00CD1BAD1BD2
:102470002E022AD5131A9A429241019363467F1A7B
:102480005242BD1A0093002D25D02800EDF782FF9F
:102490000300083B202201990198D21A9D40D140A7
:1024A000984029439C4233DC1B1B5A1C1F2A1EDC0C
:1024B00020230D009B1A040098409D40D440431EE9
:1024C00098412543D14028438BE701982843DAD12E
:1024D00001000090ADE50198EDF75CFF03001833B3
:1024E0001F2BD7DD0199083881402800DAE70C005E
:1024F0001F3BDC400023202A03D040339B1A994025
:102500000B0003435A1E934120000021184368E743
:102510000B4AE31A11407DE63900100061E763467B
:1025200000933900100081E71900180081E50021AF
:1025300008007EE50A008AE5FF070000FE070000AC
:10254000FFFF7FFFF0B589B0009201930D034B00B0
:10255000CA0F060004002D0B5B0D039245D0644AA0
:1025600093426BD0420FED001543802212042A43A0
:102570000292604AC4009F180026019B019A1D0325
:10258000D20F5B0000982D0B5B0D069266D0584A67
:10259000934200D189E0ED005649420F2A4380253D
:1025A0005B189C462D041543C2000021069B03982E
:1025B0005840C3B205936346B0000843FB1A013884
:1025C00004930E2800D999E0EDF78EFD8E002D02C0
:1025D000D3012D021E022D02D3018E008E001E0299
:1025E000D3017E007E007E00C5012B0003430293D1
:1025F0002CD0002D15D02800EDF7CCFE01000300F3
:102600000B391D22521A31001800D140083885407C
:102610000A002A43350085400292374F2C00FF1AEA
:10262000AAE7EDF7B7FE01000300153120331C299E
:10263000E7DD3200083882400292EEE702002A43CA
:10264000029207D114001F00022696E7029C012681
:10265000270092E71F00032602958EE7009A2A437F
:102660002AD0002D15D02800EDF794FE01000200BD
:102670000B391D2310005B1A009908388540D9409A
:102680002943009D85401C4B9B1A9C462A000D0047
:102690008BE7EDF77FFE01000200153120321C2987
:1026A000E7DD009908388140EDE7009A2A4307D119
:1026B00015009C46022179E715009446012175E733
:1026C00002009C46032171E73100039B0593022918
:1026D00000D1ACE1032900D1A2E1012900D001E140
:1026E00000242300220026E100231C00004A22E1EE
:1026F000FF07000001FCFFFF0DFCFFFF029B9D4256
:1027000004D300D022E1A24200D91FE1029BE607D8
:10271000D907630819430C00029B5B08029313025C
:102720002D02170E00932B0C2F4306930699BBB274
:1027300002980393EDF71EFDBBB243430A04210C3C
:10274000050011438B4207D9C919013D8F4203D8B7
:102750008B4201D9851EC919C81A0699EDF70AFDE1
:10276000BAB242430904A4B203000C43A24207D9FF
:10277000E419013BA74203D8A24201D9831EE41900
:102780002D041D43A41A009B009A1B0C12040393F2
:10279000120CABB207925A4307980292039A290C83
:1027A000484353435143029A1B18120C9446634406
:1027B000984202D9802252028918029A180C1204F7
:1027C0001B04120C40189A18844203D302951ED1A0
:1027D00096421CD26B1E0293009BF6189E429B41B0
:1027E0005B42DB19E418A74203D310D1009BB3422C
:1027F0000DD8A04202D80AD1B24208D9AB1E02932A
:10280000009BF6189E429B415B42DB19E418B51A07
:10281000AE42B641201A7642801B874200D1ADE01D
:102820000699EDF7A7FCBBB243430A04290C040048
:1028300011438B4207D9C919013C8F4203D88B42FF
:1028400001D9841EC919C81A0699EDF793FCBBB2C9
:1028500043430904ADB202000D43AB4207D9ED1961
:10286000013AAF4203D8AB4201D9821EED19ED1AED
:102870002304039E1343079907981C0C9AB25143F3
:1028800060437243744312180E0CB218904202D97E
:10289000802040022418100C09041204090C0019AD
:1028A0005118854204D31C00854219D1002919D042
:1028B0007D195C1EBD420ED3854203D310D1009A10
:1028C0008A420AD29C1E009B5A009A429B415B425C
:1028D000DB19ED180092854202D1009B994201D08C
:1028E00001231C43049B554A9A18002A49DD6307BB
:1028F0000BD00F232340042B07D0231DA342A44158
:102900000299644209191C000291029BDB0108D55F
:102910004B4B029A1A408023DB009C460292049A99
:102920006244484B9A4200DD81E0029BE4085B0769
:102930001C43029BDB081B0312051B0B1343059A68
:102940002000D2071343190009B0F0BD049B0026F4
:10295000013B0493E3E6802302991B03194201D053
:102960001D4258D08023029A1B031343039A0592F9
:10297000BCE6069B140005930295A8E60124644278
:10298000B0E70121891A382900DDA9E61F2926DCD4
:102990002D4A049B9446634420009C40029AC84000
:1029A0009A4023000243581E83411A43029B14009D
:1029B000CB40620709D00F222240042A05D0221DF5
:1029C000A242A44164421B19140080211A00090488
:1029D0000A400B422ED1E1085C070C43AAE71F23F3
:1029E0005B429B1A029ADA400023202906D017493D
:1029F000049B8C460299634499400B001C43631E60
:102A00009C4100231443D4E700231C00039380233C
:102A10001B030293A6E7069B140003930295A1E70C
:102A2000059B03939EE700231C001A0083E7002404
:102A300023005BE6002301221C007CE7FF0300006B
:102A4000FFFFFFFEFE0700001E0400003E04000022
:102A5000F0B50F0087B006000490F80F039018033C
:102A6000000B5C000290600D0190D80F844618485E
:102A70000D0349002D0B490D0592814207D12C0011
:102A8000012034431FD1019C8C421CD102E0019CE7
:102A9000844204D1029802430120002A13D1019BF1
:102AA000012099420FD1029B9D420CD1049B059AB3
:102AB000934208D1039B634507D0002903D1280026
:102AC0003043431E984107B0F0BD0020FBE7C046ED
:102AD000FF070000F0B587B00090019100990198C0
:102AE000049101992C4F0903090B8C460199C50FDC
:102AF0004900490D1C03580003910592240B400D19
:102B0000DE0FB94203D1674600990F4335D1224900
:102B1000884202D1270017432FD100270399B942D9
:102B200005D16146009F0F4339004F424F410028B5
:102B300025D12243002F06D0002A2AD00120002EC2
:102B400027D1023825E0002A1BD10120002D20D0FA
:102B500040421EE0039B8342F0DBA445F5D808D138
:102B6000049B059A9342F0D8049B059A0020934257
:102B70000FD20120002D0CD1E3E70220E8E7002F5F
:102B8000DCD1AE42E1D1039B8342E3DD0120002E84
:102B9000DED107B0F0BDC046FF070000F0B587B03A
:102BA0000090019100990198049101992C4F09031B
:102BB000090B8C460199C50F4900490D1C035800AB
:102BC00003910592240B400DDE0FB94203D16746F5
:102BD00000990F4335D12249884202D1270017437B
:102BE0002FD100270399B94205D16146009F0F43B9
:102BF00039004F424F41002825D12243002F06D0F3
:102C0000002A2AD00120002E27D1023825E0002AF0
:102C10001BD10120002D20D040421EE0039B8342A7
:102C2000F0DBA445F5D808D1049B059A9342F0D86F
:102C3000049B059A002093420FD20120002D0CD155
:102C4000E3E7022009E0002FDCD1AE42E1D1039B93
:102C50008342E3DD0120002EDED107B0F0BDC04687
:102C6000FF070000F0B58BB0009201930D034B00FD
:102C7000CA0F06002D0B5B0D039200D111E1CE4A65
:102C8000934200D135E1ED00420F2A4380252D0407
:102C90001543CA4AC4009B181F0000230293019BDE
:102CA00000981E035A00DB0F360B520D049300D11F
:102CB0002EE1C14B9A4200D150E1430FF60033435D
:102CC0008026BE4936041E43C30050180022C11995
:102CD0000691013100910299880010430A2800DD15
:102CE00076E10399049F79400391022800DD44E1D5
:102CF0000138012800D853E1190C9BB20291190048
:102D0000220CA4B2514320008C46029F02995843E2
:102D10005143674305916744010CC91904908C45E0
:102D200005D9802040028446059F67440597080C1A
:102D300084466846008A090409180991310CB6B224
:102D4000049130003100049F614350437C437A4337
:102D500024180F0C3C19A04202D9802040021218FE
:102D6000200C8218240489B20792621808920899EC
:102D700062468C46290CADB22800029F58436F432F
:102D80004B4362449446029CFF18020CD2194C43F8
:102D9000934202D980235B02E418130C1B1902939F
:102DA0002B0080B2120412180498734345434E431B
:102DB0004143A8191D0C2D18AE4202D980204002B3
:102DC0000918059F089867448742B641BF18974283
:102DD000924128049BB2C018079B7642C018534208
:102DE0000493029B84199C46A4446346049AB4420B
:102DF000A4419B18079A644290428041029A404243
:102E0000044394458041049A2D0C934292414042E0
:102E1000524210436419099A241864187902114324
:102E20004A1E9141FF0DDE0D640239435B022643C9
:102E30000B43E40100D4DEE001215A080B401A43A1
:102E4000F307CE401343009A5D495218002A00DC74
:102E5000D4E0590709D00F211940042905D0191DC4
:102E600099429B415B42F6180B00F10106D5802187
:102E7000C9008C46534A1640009A624452498A421D
:102E800000DD07E17407DB081C43F6081305360371
:102E9000039A360B3343D2071343200019000BB0BB
:102EA000F0BD2C0004432BD0002D16D02800EDF7E8
:102EB00071FA040002000B3C1D2330001B1B1100A3
:102EC000D84008398D4003002B4335008D403F49E1
:102ED0002C008A1A17001D00DFE6EDF75BFA0400EC
:102EE0000200153420321C2CE6DD33000838834004
:102EF000EDE704002C4307D11F0025000223CDE697
:102F0000250027000123C9E61F0004000323C5E6AE
:102F1000009B334329D0002E14D03000EDF73AFA4D
:102F2000010003000B391D221800521A00990838BD
:102F30008640D1403143009E86402448C01A330069
:102F40000E00C3E6EDF726FA010003001531203329
:102F50001C29E8DD009908388140EEE7009B3343E7
:102F600007D110001E000222B1E61E001800012247
:102F7000ADE6030010000322A9E601218140A6204E
:102F80000F00C0000740014226D19020800001427E
:102F900076D1B938FF38014200D1ADE604990391EA
:102FA000022A77D0032A72D0012A00D04BE70026EC
:102FB000340032006AE7C046FF07000001FCFFFF53
:102FC000FF030000FFFFFFFEFE0700000DFCFFFFF8
:102FD0000F2805D00B28E1D02E002300029ADFE74E
:102FE00080221203154201D016424ED080263603AD
:102FF0002E432C4A4AE7069A009224E70120801AC1
:103000003828D4DC1F2827DC2749009A8C461C006E
:103010006244310093409140C4401A002143531E42
:103020009A410B00C64013435A0709D00F221A4099
:10303000042A05D01A1D9A429B415B42F6181300E0
:1030400080213000090408400E4226D17407DB08B5
:1030500002001C43F60819E71F2149428A1A310071
:10306000D1400022202805D01048009A84466244AE
:103070009640320013435A1E934100260B43D3E778
:1030800080253C0003972D03B0E7049A0392350096
:103090001C00ABE700263400ABE700260122340019
:1030A000F4E6C046FF0700001E0400003E040000D6
:1030B000F0B585B002920393CB0F0D030193039BF0
:1030C0004C006D0A410F1F032943DE0F5D00029B78
:1030D0007F0A5B0F029A3B43BD4F640DC0006D0D2C
:1030E000D200BD4203D11F00B446174302D10127CD
:1030F0007740BC46019E671BB44500D02DE1002FF0
:1031000000DC7AE0002D3CD11D0015431ED07D1E51
:10311000012F18D1821882428041C91840420918F3
:1031200010000B0200D401E1A94B01379F4200D1EE
:1031300085E20122A74B0240194043081343C80708
:1031400018434908F2E0A24EB74222D14A07CB0801
:103150009F49C00802438F4206D11100194300D194
:1031600070E2802109030B4310009B4A3F051B03BB
:1031700017401B0B1F43019BDB071F43390005B0A2
:10318000F0BD934DAC4200D1D8E180252D042B43F6
:103190003D00382D2CDC1F2D19DC20261F00761B4E
:1031A000B740BC4617000296EF4066463743029E82
:1031B000EB40B2401600721E96413E4336188642DE
:1031C000804159184042091827003000A9E72E0015
:1031D0001F00203EF7400026202D03D04036761BEE
:1031E000B3401E001643731E9E413E430023E5E795
:1031F00013431E00731E9E41F8E7002F50D02F1B73
:10320000002C12D10C0004430CD07C1E012F06D1DF
:10321000801890429241C9185242891881E76C4E39
:10322000B7420AD11900100090E7694CA54200D1BD
:10323000FEE18024240421433C00382C2BDC1F2C8D
:1032400018DC20260F00361BB740BC46070002964C
:10325000E74066463743029EE140B0400600701EDC
:1032600086413E43B01890429241C91852422F0005
:10327000891856E726000F00203EF7400026202C34
:1032800003D04036361BB1400E000643711E8E41FE
:103290003E430021E6E701430E00711E8E41F8E730
:1032A0004E4D671C2F4233D10D000543002C14D125
:1032B000002D00D1B7E11C00144300D119E18218A0
:1032C00082428041C918404209180B0200D4ABE188
:1032D000404B10000127194038E7002D00D1A7E12D
:1032E0001C00144300D129E14C07C008204380246E
:1032F000C9082403214206D0DD08254203D1290054
:10330000D0085B071843CA00410F1143C00015E104
:103310002F4CA74200D192E1821882428041CB1803
:1033200040421B18D807520810435908430709D0D8
:103330000F230340042B05D0031D834280414042EC
:10334000091818000B0200D400E7214B01379F42F7
:1033500000D174E11F4B1940F8E6002F5FDD002D0E
:103360003ED11D00154300D1F0E67D1E012F0DD189
:10337000821A90428041C91A4042091A10000B0279
:10338000D4D549023C004D0A029003E1104EB742E9
:1033900000D1DBE6382D3DDC1F2D2ADC20261F0066
:1033A000761BB740BC4617000296EF40664637438F
:1033B000029EEB40B2401600721E96413E43861BB1
:1033C000B0428041C91A4042091A27003000D6E7AE
:1033D000FF070000FFFF7FFF0000F07FFE070000F7
:1033E000994DAC4200D1A9E080252D042B433D002E
:1033F000D0E72E001F00203EF7400026202D03D0EE
:103400004036761BB3401E001643731E9E413E435A
:103410000023D4E713431E00731E9E41F8E7002FDC
:1034200051D02F1B002C14D10C0004430ED07C1E55
:10343000012F08D1101A82429241591A5242891A18
:10344000634601939BE7804EB7420AD161460191E2
:10345000E8E67D4CA54200D1E8E080242404214325
:103460003C00382C2ADC1F2C17DC20260F00361BD2
:10347000B74001963E000700E7403743019EE14018
:10348000B0400600701E86413E43901B824292412E
:10349000591A52422F00891AD2E726000F00203E07
:1034A000F7400026202C03D04036361BB1400E00DA
:1034B0000643711E8E413E430021E6E701430E00A4
:1034C000711E8E41F8E7614E651C35424FD11D00DB
:1034D0000E0015430643002C28D1002E0FD12100E9
:1034E00020000194002D00D130E619001000634641
:1034F000019303000B4300D19DE0002716E7002D48
:10350000F7D0851AA842B641CC1A7642A41B2602EF
:1035100006D5101A82429241591A5242891AE6E798
:10352000280020435BD021002800E2E7002E07D1CD
:10353000002D7BD1802138000197C903424F05E659
:10354000002DFBD04C07C00820438024C908240369
:10355000214208D0DD08254205D15B07D008184379
:10356000634629000193CB00410F1943CEE6851A2B
:103570000295A842AD416D422E00CD1AAD1B2E0220
:103580002AD5101A824292415B1A52429D1A634612
:1035900002900193002D25D02800ECF7FBFE08389F
:1035A0000700202302990298DB1BBD40D940B84098
:1035B0002943BC4233DC3F1B7A1C1F2A1EDC20231C
:1035C0000D009B1A040098409D40D440431E984132
:1035D0002543D14028438CE702982843DAD10100E3
:1035E0000190B3E50298ECF7D5FE070018371F2FBE
:1035F000D7DD0299083881402800DAE70C001F3F28
:10360000FC400023202A03D040339B1A99400B0032
:1036100003435A1E934120000021184369E70C4BD5
:10362000E71B194082E61900100062E7614601912C
:103630001900100082E7190018001F0086E500211C
:10364000080083E50B008FE5FF070000FE07000080
:10365000FFFF7FFF0B0070B5114E0C034900020005
:10366000240B0020490DDD0FB14204DD0D488142DD
:1036700002DD0D4BE81870BD8020400320430B4C49
:10368000641A1F2C08DC0A4EE24089198840104356
:10369000002DF0D04042EEE7064B5B1AD840F7E72A
:1036A000FE0300001D040000FFFFFF7F3304000045
:1036B000EDFBFFFF1304000070B5030004000200DF
:1036C000051E11D0C21785185540C40F2800ECF70D
:1036D00061FE0C4B1B1A0A280FDC0B222900121A60
:1036E000D14015300A0085401203120B1B0513430D
:1036F000E40723432800190070BD2A000B388240DC
:103700000025F1E71E04000010B503000400021EAE
:103710000CD0ECF73FFE0B4A121A0A280DDC0B23E3
:1037200021001B1AD94015300B0084401B031B0BD2
:1037300012051A432000110010BD23000B388340EE
:103740000024F3E71E040000FE2270B54400240E9E
:103750004302611C5D0AC60F11420DD0E0229200A7
:10376000A4181B0B6D071B031B0B2405F6071C433A
:1037700034432800210070BD002C18D12300002DF7
:10378000F1D02800ECF706FE0A280ADC0B232A00F9
:103790001B1ADA401300020015329540094C241A16
:1037A000E1E703000B3B9D402B002500F6E7002DD1
:1037B00006D01A0B80231B036D071343024CD2E77C
:1037C0002B00FBE789030000FF0700000A03F0B5A8
:1037D000520A4B00460F5B0D1643304A5D1CCC0F5E
:1037E000C700154241D02E4A9D18FE2D54DC002DF5
:1037F00032DC2A0017324BDB8021090431431E26BC
:10380000761B1F2E16DC274A9B183A009F409940D2
:10381000781E8741F2400F433A430023510739D0C5
:103820000F211140042935D00432510132D5013322
:10383000002228E0022208005242521BD04002001F
:103840000020202E03D018481B1899400800384348
:10385000431E98410243E0E78201531E9A41F6005D
:103860007F0F32432B003A43D8E73A003243002B14
:1038700003D1002A07D00122D6E7FF23002A02D075
:103880008022D2033243D8051043E4072043F0BD21
:103890000023F0E7D208F6E7FF23C9E7FE070000A0
:1038A00080FCFFFF82FCFFFFA2FCFFFF10B50A2295
:1038B000002100F08FF810BDF0B585B017001E0094
:1038C00003900191242B23D80C00012B20D03D4BD9
:1038D00008229C46230061461D780134485D0100A2
:1038E00011401042F6D12D2D19D125789C1C0123B1
:1038F00000931022330093431DD1302D15D1202188
:1039000023788B43582B10D165780234102612E0AF
:1039100000F0EAF816230360002005B0F0BD009126
:103920002B2DE6D125789C1CE3E7002EEED10A363C
:10393000302D00D1023E244A009B9446634431005E
:1039400018000293ECF716FC0022844610002B00AE
:10395000303B092B11D81D00AE421DDD531C09D090
:1039600001225242844505D301D1A94211DB012233
:103970007043281825780134E9E72B00413B192BC7
:1039800001D8373DE8E72B00613B192B04D8573DA0
:10399000E2E701225242EDE7531C08D12223039AA9
:1039A00002981360002FB8D0631E019307E0009BBC
:1039B000002B00D04042002FAFD0002AF4D1019B51
:1039C0003B60AAE7F1740108FFFFFF7F10B5FFF726
:1039D00073FF10BD10B5044C13000A0001002068ED
:1039E000FFF76AFF10BDC046600100200EB48123BE
:1039F000F0B500269CB021AD02AC9B0080CDA38128
:103A00001B9602900690ECF7F9FC0B4B03900B937E
:103A10000123079009485B42E3813A002B00210013
:103A200000680F961496019500F054FB1CB0F0BC92
:103A300008BC03B01847C046413A010860010020A5
:103A40000020704770B50600140008001A009AB0F4
:103A5000002C05DA8B230120336040421AB070BD80
:103A60008223694600259B008B8119950090049064
:103A7000AC4200D0651E01235B42CB8130001E9B0F
:103A80008D604D6100F0C6F9431C01DA8B23336071
:103A9000002CE3D00022009B1A70DFE713B5044C22
:103AA000009313000A0001002068FFF7CBFF16BD4A
:103AB0006001002003008218934200D17047197002
:103AC0000133F9E730B50500101E0BD00024013A90
:103AD0002B5D085D834204D1944202D00134002B57
:103AE000F6D1181A30BD0000014B18687047C04667
:103AF0006001002070B500260C4C0D4D641BA41015
:103B0000A64209D1002601F0F5F90A4C0A4D641BC2
:103B1000A410A64205D170BDB300EB5898470136FA
:103B2000EEE7B300EB5898470136F2E7FC75010861
:103B3000FC75010800760108FC75010870477047A4
:103B4000002310B59A4200D110BDCC5CC45401339F
:103B5000F8E7000070B505000C1E10D0043C236887
:103B6000002B00DAE418280000F0E0F81D4A136882
:103B7000002B05D163601460280000F0DFF870BDF1
:103B8000A34208D9206821188B42F3D119685B68D9
:103B900009182160EEE71A005B68002B01D0A342F0
:103BA000F9D911685018A0420BD120680918501893
:103BB00011608342E0D118685B684118116053605E
:103BC000DAE7A04202D90C232B60D5E72068211840
:103BD0008B4203D119685B680918216063605460E7
:103BE000CAE7C0467018002070B50F4E0D0031684E
:103BF0000400002902D100F031FF306029002000CC
:103C000000F02CFF431C03D101256D42280070BD3C
:103C10000323C51C9D43A842F8D0291A200000F0B8
:103C20001DFF0130F2D1EFE76C180020F7B5032239
:103C3000CB1C9343083305001F000C2B34D20C27F8
:103C4000B94233D8280000F071F8374E33681C00B1
:103C5000002C2FD139002800FFF7C6FF0400431CB9
:103C60005FD134680094009B002B4AD1002C52D0C5
:103C700023682800E3180099019300F0EFFE019BF0
:103C8000834248D123682800FF1A3900FFF7ACFFB0
:103C9000013040D02368DB19236033685A68002A5A
:103CA00033D1009B336019E0002BC9DA0C232B6061
:103CB0000020FEBD2168C91B20D40B290AD9E219B6
:103CC0002760A34204D1326063681160536005E04D
:103CD0005A60F9E76268A3420ED13260280000F012
:103CE0002DF8200007220B30231D9043C21A984262
:103CF000DFD01B1AA350DCE75A60EFE723006468AB
:103D0000A6E7009C63680093ADE71A005B68A342D6
:103D1000FBD10023DAE70C2328002B6000F00EF81B
:103D2000C6E70760DAE7C0467018002010B5024801
:103D3000FFF704FF10BDC0466818002010B5024808
:103D4000FFF7FDFE10BDC04668180020F0B58E6874
:103D500085B01F000C00330002900392BE4254D87D
:103D60000C22885E9022D20010422CD003220969D6
:103D700023685B1A019363695343019ADD0FED18C1
:103D80007B1C6D109B182A00AB4201D91D001A0044
:103D9000400527D511000298FFF748FF061E2AD0DC
:103DA000019A2169FFF7CCFEA289194B1A408023A2
:103DB0001343A381019B2661F618266065613E00CE
:103DC000ED1A3B00A5601F003A000399206800F03F
:103DD00033FE0020A3689B1BA3602368DB192360CC
:103DE00005B0F0BD029800F056FE061EE2D1216932
:103DF0000298FFF7AFFE0C230120029A40421360A5
:103E0000A28934331343A381EAE73E00DCE7C046CE
:103E10007FFBFFFFF0B59FB002901C008B890E0066
:103E200015001B0611D50B69002B0ED14021FFF7A1
:103E3000FDFE30603061002805D10C23029A13602A
:103E400001204042D4E0402373610023292102AACB
:103E500052180B9320331370013102AA10335218F9
:103E6000137005942C002378002B01D0252B48D10A
:103E7000671BAC420BD03B002A0031000298FFF7D1
:103E800065FF013000D1AEE00B9BDB190B9323786B
:103E9000002B00D1A7E001225321002352420792B8
:103EA00002AA5218651C06930993089313701C9379
:103EB000554F29780522380000F0E2FD6C1C069968
:103EC00006AB00281FD1CA0604D55327202202A81A
:103ED000C01902700A0704D553272B2202A8C01963
:103EE00002702A782A2A15D02C0000200A27DA68C6
:103EF0002178651C3039092950D9002811D0099240
:103F00000FE00134AFE70123C01B83400B432500C2
:103F10000693CDE7059A101D12680590002A37DB3D
:103F2000DA6022782E2A0CD162782A2A3BD1059AAF
:103F30000234111D12680591002A01DA0122524251
:103F40005A60324D03222800217800F099FD06AF17
:103F5000002806D04023401B8340069A01341343B7
:103F60000693217806222A48651C397600F088FDE0
:103F700000283FD0274B002B29D10722059B073370
:103F80009343083305930B9B03995B180B9369E7E5
:103F90005242DA6002220A430692C2E77A432C00B8
:103FA00001205218A4E700220A205A6011001300D1
:103FB00001342278651C303A092A03D9002BC0D07D
:103FC0000791BEE741432C0001238918F1E705AAB8
:103FD000009239003200104B029800E000BF0390BD
:103FE000039B0133CFD1B3890B985B0600D527E73C
:103FF0001FB0F0BD05AA009239003200064B0298AE
:1040000000F03AFAEBE7C046006A0108066A0108C8
:104010000A6A0108000000004D3D010870B5140057
:104020004B1C03D101256D42280070BD93892022CD
:104030009343626BA381CEB26368CDB2002A10D0E5
:10404000A26B9A4207DD2368013B23601E70636800
:1040500001336360E8E7210000F0B0FC0028F2D0F3
:10406000E0E721692268002907D0914205D2511E5C
:104070000878A84201D12160EAE723642300443391
:1040800063630323A36323004633E2631E7023604C
:104090000123DEE710B50C00496B00290ED0230088
:1040A0004433994201D0FFF755FD0020236C606333
:1040B0006360834202D0E36B236010BD236901205B
:1040C00023600023A289636020331343A38140420D
:1040D000F3E70000F0B5AA4C0D000021A5440190C3
:1040E000BE204891499105A94A91A64945AC400096
:1040F0002150A54904302150049313780293002BDA
:1041000000D13BE1A14E0820F15C0823571C0B4075
:1041100001421CD06B68002B10DD08212B681A7837
:10412000B25C0A4201D13A00E7E722690133013269
:1041300022616A682B60013A6A60EBE7C0235B008A
:104140002900E358019898470028E6D0EBE7029948
:10415000252962D1A360236053782A2B02D11A3B10
:104160002360971C3E000A223178771C0B00303BFD
:10417000092B1FD9864B03221800039300F080FC03
:10418000002807D0039B3E00C01A01238340226809
:10419000134323603378771C782B06D8572B10D81D
:1041A000252B3AD034D8002B55D00323A3610733F5
:1041B000636077E0A3683E005343303B5B18A36025
:1041C000D2E7180058382028EFD8EBF783FF4B00D0
:1041D000EEFFEEFF6000EEFFEEFFEEFFEEFFEEFF04
:1041E000EEFFEEFF89005E00240024002400EEFFB5
:1041F0005500EEFFEEFFEEFFEEFF91005900470085
:10420000EEFFEEFF8F00EEFF5E00EEFFEEFF4B00D5
:10421000453B022BC9D8052335E06B68002B0EDD2A
:104220002B6802991A788A4200D0A7E001336A68A5
:104230002B602369013A01336A60236173E7C0236D
:104240005B002900E358019898470028E8D0489877
:10425000002800D08AE0012040428BE02022216823
:104260000A4322608022216892000A4322601022C1
:1042700046926E2B06D801E000234693032302E00A
:104280000823469304234B930CE00A22F0E73900FD
:1042900005A800F059FB4023226807001343236060
:1042A0000123A3616B68002B31DD23685B0608D412
:1042B000C02676002B6835491A788A5C08210A42A4
:1042C0002ED14B9B022B3DDC2A002100019804AB30
:1042D00000F0DEF9012851D0022800D023E7B6E72C
:1042E00040232268134323600023DAE70223CAE74E
:1042F0002268D30600D516E7049B2169181D049097
:104300001B68D60701D519800DE719600BE7C0239C
:104310005B002900E358019898470028C5D096E72C
:104320002269013222616A68013A6A60002A02DD6C
:1043300001332B60BEE72900A35901989847002854
:10434000B8D084E7042B06DC2A002100019804ABD6
:1043500000F0FEF9BEE70F4B002B00D1E3E62A0088
:104360002100019804AB00E000BFB3E7AB895B0616
:1043700000D570E7A7239B009D44F0BD4898F9E75E
:1043800064FDFFFF1D40010895400108F17401081C
:10439000066A010800000000F7B5160001938A685C
:1043A0000B690C000090934200DA13002200336086
:1043B00043321278002A01D00133336023689B0610
:1043C00002D53368023333602268062315001D408E
:1043D0001A4227D0230043331B785A1E9341226888
:1043E000920630D4220001990098089D4332A847D4
:1043F000013025D00622236800251340042B05D167
:104400003368E568ED1AEB43DB171D40A3682269AA
:10441000934201DD9B1AED180026B54220D1002001
:1044200010E00135E36832689B1AAB42D2DD22000E
:10443000012301990098089F1932B8470130F0D143
:1044400001204042FEBD3020E118433108702100B8
:104450005A1C45310978A218433202331170C1E762
:104460002200012301990098089F1A32B8470130B1
:10447000E6D00136D1E70000F0B58BB006920A0015
:1044800043320793059003920A7E0C00109B782A12
:1044900009D8622A0BD8002A00D1BAE07A490491DF
:1044A000582A00D18EE0250042352A7022E0100003
:1044B00063381528F7D8EBF70DFE16001F00F6FF3E
:1044C000F6FFF6FFF6FF1F00F6FFF6FFF6FFF6FF1A
:1044D0009F0036007E00F6FFF6FFB000F6FF3600C4
:1044E000F6FFF6FF820025001A684235111D19609B
:1044F00013682B7001239EE018680968021D0D06E1
:104500000BD506681A60002E03DA2D23039A764233
:1045100013705D4B0A27049318E006681A60490679
:10452000F1D536B2EFE70868196840C9050602D42C
:10453000400600D5B6B21960534B0A2704936F2A80
:1045400000D1023F2300002243331A706368A36046
:10455000002B06DB04212268039D8A43226033433B
:104560000CD0039D30003900EBF704FE049B013DA5
:104570005B5C2B70330006009F42F3D9082F09D1F2
:104580002368DB0706D5626823699A4202DC302380
:10459000013D2B70039B5B1B2361079B2100009354
:1045A0000598069B09AAFFF7F7FE013048D10120C4
:1045B00040420BB0F0BD202209680A4322607822F5
:1045C00032490491210045310A701968226840C9B6
:1045D000100602D4500600D5B6B21960D30702D532
:1045E000202313432360002E01D01027AAE72022A6
:1045F000236893432360F8E71A680D68101D496922
:10460000186013682E0601D5196002E06D06FBD50F
:1046100019800023039D2361BFE71A68111D1960EB
:10462000156800212800626800F02AFA002801D0ED
:10463000401B6060636823610023039A1370ACE73A
:104640002A00236906990598079DA8470130AED036
:1046500023689B0715D4099BE0689842A9DA1800E3
:10466000A7E72200012306990598079E1932B04753
:1046700001309CD00135E368099A9B1AAB42F0DC0B
:10468000E9E70025F7E7C046116A0108226A010838
:10469000F7B515008A680C000190002A04D18A69D8
:1046A000002A17D10132A2602268D20603D41A6808
:1046B000111D196017680026A069002816D001286E
:1046C0000BD12B6862691B78D35C002B0ED1002EB6
:1046D0003BD029E001225242E5E7022824D12B6891
:1046E0001A4A1B78D35C082213421DD1102223687A
:1046F0000136134203D12B681B783B7001372A68BF
:104700006B6801322A60A268013B013A6B60A260CB
:10471000002A09D0002BCFDCC0235B002900E3581E
:10472000019898470028C7D022681023110019402B
:104730001A4206D1E3680133E360A369002B00D07D
:104740003970002023699B192361FEBDF1740108B3
:10475000F0B58BB00193764B1600049007AAA1CB5D
:10476000A1C2744A8B690C000592032B01D1724BD4
:104770000593AE220020A3685200591E0390914277
:1047800005D95E3BFF3B03935E23FF33A360230009
:104790001C330093D023002722681B01134323609E
:1047A000009B0293336807A81978BB0002221858AF
:1047B00000F066F9002829D0012F5DD16368002B35
:1047C00006D1083322686360F933FF331343236053
:1047D00023685A4A13402360A3685A1EA260002B24
:1047E00014D033685A1C32601B78029A13707368B5
:1047F000551C013B7360002B07DCC0235B003100BC
:10480000E3580498984700287DD102950137032F7B
:10481000C8D16368002B01D10A336360002748497F
:104820006069C91A00F090F8029DA368206802939D
:10483000002B3FD0316863690A789B5C002B39D02C
:10484000302A28D180231B01184224D0039B013732
:10485000002B05D01A00029B013A01330392A3609A
:104860007368013B7360002B1CDD336801333360D8
:10487000A368013BA360D8E7022FADD1C0238021FC
:104880002268DB00134089008B42C2D11023636091
:10489000F03313439FE72B4B034023600B782B70BF
:1048A0000135DDE7C0235B003100E35804989847E9
:1048B0000028DDD02368DB050ED5009B9D4207D97B
:1048C000BE23013D5B0032002978E35804989847E5
:1048D000009B01209D4228D0216810230A001A4025
:1048E00019421BD12A70636800990498059EB0474D
:1048F000019B21681B681A1D8E0606D501990A6066
:104900001B68186007E00027D4E7CE07F6D50199A9
:104910000A601B681880E3680133E3600020009B95
:10492000ED1A2369ED195B1923610BB0F0BDC04688
:10493000484F0108F94B0108CD390108FFFAFFFF84
:10494000436A0108FFF6FFFF70B50B7804005E2B89
:1049500019D04D1C00212200601CFF301170013263
:104960008242FBD1681E002B26D001264E40280033
:10497000E6540178451C2D2909D05D291BD000295A
:104980001AD00B00F3E74B788D1C0121E3E7427846
:104990005D2AF6D09342F4DC1900023001316654EE
:1049A0008A42FBDC934203DB00220133D318E0E7A9
:1049B000D21A013AF9E7280070BD00000B00F7B5E4
:1049C0004D6B44330C009D421CD18026F600310013
:1049D000FFF72CF9002802D101204042FEBD230040
:1049E0006063A66346331A78104BC25423004533E4
:1049F0001A780F4BC2542A780E4BC254C01820604C
:104A00000020EBE78E6B290073001A00019300F081
:104A100042F8051EE0D08719010032003800FFF788
:104A20008FF8019B27606563A363E9E7FF0300003C
:104A3000FE030000FD03000010B5884202D98B1868
:104A4000984208D300239A4207D0CC5CC454013367
:104A5000F9E78B5C8354013AFBD210BD002370B59B
:104A6000064D040008002B6000F0D2F8431C03D16F
:104A70002B68002B00D0236070BDC0466418002056
:104A8000C9B28218904201D10020704703788B424E
:104A9000FBD00130F6E7F7B506000C001500002941
:104AA00005D11100FFF7C2F804002000FEBD002A66
:104AB00003D1FFF74FF82C00F7E700F0A1F807004B
:104AC000854202D84308AB42EFD329003000FFF7FC
:104AD000ADF80190002801D1019CE6E72A00BD4213
:104AE00000D93A0021000198FFF72AF82100300090
:104AF000FFF730F8F0E70000F0B51E003D4B17005F
:104B00000C009C46082285B003900091230061466A
:104B10001D780134485D010011401042F6D12D2D61
:104B200012D125789C1C0123029310223300934359
:104B300016D1302D0ED1202123788B43582B09D14B
:104B40006578023410260BE002912B2DEDD12578EB
:104B50009C1CEAE7002EF5D10A36302D00D1023E2A
:104B6000012031004042EBF7C9FA019001203100E9
:104B70004042EBF7FFFA002318002A00303A092AD6
:104B800012D81500AE421EDD5A1C0AD00123019A2C
:104B90005B42824205D301D1A94211DB012370435C
:104BA000281825780134E8E72A00413A192A01D863
:104BB000373DE7E72A00613A192A04D8573DE1E773
:104BC00001235B42EDE75A1C07D12222039918000A
:104BD0000A60002F09D105B0F0BD029A002A00D06A
:104BE0004042002FF7D0002B01D0631E0093009BA2
:104BF0003B60F0E7F174010810B5FFF77DFF10BDD1
:104C00000B1F1B68181F002B01DA0B58C0187047C8
:104C1000044A03001068002802D0C31813607047CC
:104C20000148FAE77418002078180020F0B54F46C4
:104C30004646D6463B4A4B005B0DC0B59E18040065
:104C40000D000F0089468046132E24DC002E51DB18
:104C5000354B33419A460B40034317D0334A344B0C
:104C6000FDF7A8F900220023EBF70EFB00280BD07C
:104C7000002D04DD80235B0333419946A94453464C
:104C80004F469F430023984639004046E0BCBA4651
:104C9000B146A846F0BD332E08DD8023DB009E42DE
:104CA000F4D102000B00FDF785F9EFE7214A9446A5
:104CB000012263445242DA4091460242E6D01B4A46
:104CC0001B4BFDF777F900220023EBF7DDFA0028F4
:104CD000DAD02300002D09DD142E06D03421012264
:104CE000891B8A40A3189C4200D96F1C4A469343F3
:104CF0009846C9E70D4A0E4BFDF75CF900220023E8
:104D0000EBF7C2FA0028BFD0002D06DB27000023F6
:104D10002F439846B8D0084FB6E70023802798461F
:104D20003F06B1E701FCFFFFFFFF0F009C75008805
:104D30003CE4377EEDFBFFFF0000F03FF0B54F464F
:104D40004646D6463E4A4B005B0DC0B59E18040051
:104D50000D000F0089468046132E24DC002E47DB11
:104D6000384B33419A460B40034317D0364A374BF2
:104D7000FDF720F900220023EBF786FA00280BD07C
:104D8000002D04DA80235B0333419946A94453463E
:104D90004F469F430023984639004046E0BCBA4640
:104DA000B146A846F0BD332E08DD8023DB009E42CD
:104DB000F4D102000B00FDF7FDF8EFE7244A94461A
:104DC000012263445242DA4091460242E6D01E4A32
:104DD0001E4BFDF7EFF800220023EBF755FA0028F1
:104DE000DAD02300002D1BDB4A4693439846D3E7D5
:104DF000154A164BFDF7DEF800220023EBF744FAC4
:104E00000028C9D0002D03DB002300279846C3E704
:104E10006B005B08234398460DD180273F06BBE714
:104E2000142E06D034210122891B8A40A3189C42EB
:104E3000DAD96F1CD8E70023064F9846ACE7C04686
:104E400001FCFFFFFFFF0F009C7500883CE4377EEC
:104E5000EDFBFFFF0000F0BFF8B502000B000D00F6
:104E600020484900490D0C18132C12DC002C30DBB3
:104E70001D4E1000264135001D401900154307D076
:104E800080252D032541ED180023B5432900180086
:104E9000F8BD332C08DD802510001900ED00AC4270
:104EA000F6D1FDF787F8F3E71048012784467F42E3
:104EB0006144CF40100019001742E9D0332001218E
:104EC000001B81408918914200D25D1C0B00BB433E
:104ED000DCE7DD0FED0700230134D7D1044A154389
:104EE000D4E7C04601FCFFFFFFFF0F00EDFBFFFF13
:104EF0000000F03FF8B5C046F8BC08BC9E467047BD
:0C4F0000F8B5C046F8BC08BC9E467047DF
:104F10005A050700665A06030100640008E6D33309
:104F200003000000A027BE33000000005001000075
:104F3000E034C13300000000500100002042C433BF
:104F40000000000050010000456A0108486A01089D
:104F50004B6A01086572726F7220696E2045455078
:104F6000524F4D205772697465206572726F720DD1
:104F7000006572726F7220696E20454550524F4D28
:104F8000204572617365206F7065726174696F6E20
:104F90000A0D007278446F6E652841434B290D0A53
:104FA000007278446F6E650D0A00527373693D207C
:104FB00025640D0A007478446F6E650D0A007278DE
:104FC00054696D654F75740D0A000100800008007A
:104FD000050004004261743A252E336620560D0AFE
:104FE00000504231345F636F756E74313A25750D30
:104FF0000A00504231345F7374617475733A2564EA
:105000000D0A00504231355F7374617475733A252F
:10501000640D0A005041345F7374617475733A25EE
:10502000640D0A00504231355F636F756E74323A19
:1050300025750D0A00445331384232305F74656D76
:1050400070313A252E31660D0A0044533138423210
:10505000305F74656D70313A6E756C6C0D0A00448A
:105060005331384232305F74656D70323A252E31DB
:10507000660D0A00445331384232305F74656D70FA
:10508000323A6E756C6C0D0A00445331384232303E
:105090005F74656D70333A252E31660D0A004453F6
:1050A00031384232305F74656D70333A6E756C6CB6
:1050B0000D0A004144435F5041303A252E336620AB
:1050C000560D0A006C696461725F6C6974655F6497
:1050D000697374616E63653A256420636D0D0A001F
:1050E000554C545F64697374616E63653A252E3163
:1050F0006620636D0D0A0054465F64697374616EC7
:1051000063653A256420636D2C54465F7374726541
:105110006E6774683A25640D0A004368616D656CBA
:10512000656F6E20666C6167733A3078253032782F
:105130002074656D703A256420636F6D703A256C3C
:10514000752F256C752F256C75207261773A256C4B
:10515000752F256C752F256C750D0A004144435F32
:105160005041313A252E336620560D0A0041444302
:105170005F5041343A252E336620560D0A004858B8
:105180003731315F5765696768743A256420670D68
:105190000A00504131325F7374617475733A25644B
:1051A0000D0A000D0A4368616D656C656F6E2049DC
:1051B000324320696E6974206661696C65640D0A0A
:1051C000000D0A4368616D656C656F6E204932435E
:1051D0002064697361626C65643B2075706C696EF4
:1051E0006B732077696C6C2073657420493243209F
:1051F0006D697373696E670D0A000D0A4368616D0E
:10520000656C656F6E2064657465637465642061A8
:105210007420307830380D0A000D0A4368616D65DE
:105220006C656F6E204E4F542064657465637465C1
:105230006420617420307830380D0A000A0D5573EF
:10524000652053656E736F72206973204C49444129
:10525000525F4C6974655F763348500D0A000A0D41
:105260005573652053656E736F7220697320756C7A
:10527000747261736F6E69632064697374616E63C5
:1052800065206D6561737572656D656E740D0A00DC
:105290000A0D5573652053656E736F722069732014
:1052A00054462D7365726965732073656E736F72F2
:1052B0000D0A000A0D4E6F2064697374616E636598
:1052C000206D6561737572656D656E7420646576B9
:1052D0006963652064657465637465640D0A000A1A
:1052E0000D5573652053656E736F72206973204886
:1052F000583731310D0A0073776974636820746F11
:1053000020636C61737320256320646F6E650A0DE2
:1053100000414243005265636569766520646174AB
:10532000610A0D0025643A0025303278200042756C
:10533000666653697A653A25642C52756E2041542D
:105340002B52454356423D3F20746F2073656520C4
:1053500064657461696C0D0A00434F554E543120E9
:1053600069732025750D0A00434F554E543220694C
:10537000732025750D0A005A050701670025303294
:105380007820253032782025303278202530327848
:105390002025303278202530327820253032782090
:1053A000253032782025303278202530327820257B
:1053B0003032782025303278202530327820253060
:1053C0003278202530327820253032780D0A00419D
:1053D000545F504152414D5F4552524F5228496EE1
:1053E000636F7272656374204C656E677468290D13
:1053F0000A0025686878202568687820256868781C
:1054000020256868782025686878202568687820D5
:1054100025686878202568687820256868782025C0
:10542000686878202568687820256868782025686D
:10543000687820256868782025686878202568685D
:105440007800456E746572204465627567206D6FE3
:1054500064650D0A004F4B0A0D0025686875004110
:105460007474656E74696F6E3A54616B652065661D
:10547000666563742061667465722041542B4144F3
:10548000523D300D0A00417474656E74696F6E3A56
:1054900054616B652065666665637420616674653A
:1054A000722041545A0D0A0025630D0A0025753AF1
:1054B0000041542B53454E4420776974686F7574CE
:1054C00020746865206170706C69636174696F6EC7
:1054D00020706F72740025730054686520524A541E
:1054E00044432072616E6765206973203120746FB8
:1054F0002036353533350A0D0054686520726573E2
:10550000706F6E7365206C6576656C2072616E6776
:1055100065206973203020746F20350A0D007631C4
:105520002E382E30200025642C25642C256400257F
:10553000642C25642C25640D0A000A0D53746F70C9
:10554000205478206576656E74732C506C65617399
:1055500065207761697420666F7220616C6C2063CE
:105560006F6E66696775726174696F6E7320746FB0
:10557000207072696E740D0A000A0D5374617274A2
:10558000205478206576656E74730D0A0054444388
:105590002073657474696E67206D7573742062651D
:1055A000206D6F7265207468616E2036530A0D009D
:1055B0004368616D656C656F6E206669726D7761B9
:1055C000726520737570706F727473204D4F443D17
:1055D00033206F6E6C790D0A00494E544D6F64652F
:1055E00031206F662072616E6765206973203020FC
:1055F000746F20330D0A00494E544D6F646532209C
:105600006F662072616E6765206973203020746F49
:1056100020330D0A00494E544D6F646533206F6688
:105620002072616E6765206973203020746F2033AB
:105630000D0A0025642E25640025302E31660D0AE2
:105640000025642C256C750025642C256C752C2593
:105650006C75005468652074696D656F757420728F
:10566000616E6765206973203120746F203635358F
:1056700033350A0D0041542B3C434D443E3F20201E
:105680002020202020203A2048656C70206F6E205A
:105690003C434D443E0D0A41542B3C434D443E2077
:1056A00020202020202020203A2052756E203C43CC
:1056B0004D443E0D0A41542B3C434D443E3D3C7607
:1056C000616C75653E203A205365742074686520CE
:1056D00076616C75650D0A41542B3C434D443E3D4B
:1056E0003F202020202020203A2047657420746825
:1056F000652076616C75650D0A002B44455549009F
:105700002B415050455549002B4150504B455900B5
:105710002B4441444452002B4E574B534B455900A8
:105720002B415050534B4559002B53454E4442009A
:105730002B53454E44002B5258444154455354007A
:105740002B534554434E54002B47455453454E5319
:105750004F5256414C554500415425733D002B4452
:10576000454255470041542B44454255473A5365FD
:1057700074206D6F726520696E666F20696E70753A
:10578000740D0A005A0041545A3A20547269672035
:1057900061207265736574206F6620746865204DA2
:1057A00043550D0A002B4644520041542B464452A7
:1057B0003A20526573657420506172616D6574653D
:1057C000727320746F20466163746F727920446530
:1057D0006661756C742C204B657973205265736516
:1057E0007276650D0A0041542B444555493A2047CD
:1057F0006574206F72205365742074686520446559
:1058000076696365204555490D0A0041542B415086
:10581000504555493A20476574206F72205365748E
:1058200020746865204170706C69636174696F6E83
:10583000204555490D0A0041542B4150504B4559C4
:105840003A20476574206F72205365742074686530
:10585000204170706C69636174696F6E204B65796B
:105860000D0A0041542B44414444523A2047657488
:10587000206F7220536574207468652044657669D2
:10588000636520416464726573730D0A0041542B93
:105890004E574B534B45593A20476574206F722041
:1058A00053657420746865204E6574776F726B2041
:1058B00053657373696F6E204B65790D0A0041540F
:1058C0002B415050534B45593A20476574206F7215
:1058D0002053657420746865204170706C69636141
:1058E00074696F6E2053657373696F6E204B6579B1
:1058F0000D0A002B4144520041542B4144523A209E
:10590000476574206F722053657420746865204168
:1059100064617074697665204461746120526174B9
:10592000652073657474696E672E2028303A206F85
:1059300066662C20313A206F6E290D0A002B5458D0
:10594000500041542B5458503A20476574206F72D0
:105950002053657420746865205472616E736D699C
:105960007420506F7765722028302D352C204D41E2
:10597000583A302C204D494E3A352C206163636FE4
:105980007264696E6720746F204C6F526157414E8C
:105990002053706563290D0A002B44520041542B9B
:1059A00044523A20476574206F7220536574207406
:1059B0006865204461746120526174652E2028302E
:1059C0002D3720636F72726573706F6E64696E67D6
:1059D00020746F2044525F58290D0A002B44435312
:1059E0000041542B4443533A20476574206F722082
:1059F0005365742074686520455453492044757478
:105A000079204379636C652073657474696E6720CF
:105A10002D20303D64697361626C652C20313D65D9
:105A20006E61626C65202D204F6E6C7920666F72FE
:105A30002074657374696E670D0A002B504E4D001B
:105A400041542B504E4D3A20476574206F722053BD
:105A5000657420746865207075626C6963206E657A
:105A600074776F726B206D6F64652E2028303A203A
:105A70006F66662C20313A206F6E290D0A002B527A
:105A8000583246510041542B52583246513A204721
:105A90006574206F72205365742074686520527895
:105AA000322077696E646F77206672657175656EF6
:105AB00063790D0A002B52583244520041542B5244
:105AC000583244523A20476574206F7220536574EF
:105AD00020746865205278322077696E646F772071
:105AE0006461746120726174652028302D372063F1
:105AF0006F72726573706F6E64696E6720746F2069
:105B000044525F58290D0A002B525831444C004131
:105B1000542B525831444C3A20476574206F722000
:105B2000536574207468652064656C6179206265D2
:105B3000747765656E2074686520656E64206F6695
:105B40002074686520547820616E64207468652034
:105B500052782057696E646F77203120696E206D0E
:105B6000730D0A002B525832444C0041542B5258AA
:105B700032444C3A20476574206F7220536574207C
:105B80007468652064656C61792062657477656509
:105B90006E2074686520656E64206F662074686589
:105BA00020547820616E64207468652052782057F4
:105BB000696E646F77203220696E206D730D0A0064
:105BC0002B4A4E31444C0041542B4A4E31444C3AFE
:105BD00020476574206F72205365742074686520B7
:105BE0004A6F696E204163636570742044656C611F
:105BF00079206265747765656E2074686520656ECE
:105C000064206F662074686520547820616E64207B
:105C1000746865204A6F696E2052782057696E64F7
:105C20006F77203120696E206D730D0A002B4A4E6C
:105C300032444C0041542B4A4E32444C3A20476582
:105C400074206F722053657420746865204A6F69F0
:105C50006E204163636570742044656C61792062D5
:105C600065747765656E2074686520656E64206F65
:105C7000662074686520547820616E6420746865BD
:105C8000204A6F696E2052782057696E646F7720C2
:105C90003220696E206D730D0A002B4E4A4D004173
:105CA000542B4E4A4D3A20476574206F722053653D
:105CB0007420746865204E6574776F726B204A6F2C
:105CC000696E204D6F64652E2028303A2041425085
:105CD0002C20313A204F544141290D0A002B4E57B8
:105CE0004B49440041542B4E574B49443A20476599
:105CF00074206F722053657420746865204E65743B
:105D0000776F726B2049440D0A002B4643550041C2
:105D1000542B4643553A20476574206F72205365D3
:105D20007420746865204672616D6520436F756EDE
:105D30007465722055706C696E6B0D0A002B4643BA
:105D4000440041542B4643443A20476574206F7207
:105D50002053657420746865204672616D65204328
:105D60006F756E74657220446F776E6C696E6B0D23
:105D70000A002B434C4153530041542B434C415395
:105D8000533A20476574206F7220536574207468FD
:105D9000652044657669636520436C6173730D0A01
:105DA000002B4A4F494E0041542B4A4F494E3A204E
:105DB0004A6F696E206E6574776F726B0D0A002BE7
:105DC0004E4A530041542B4E4A533A2047657420A3
:105DD000746865206A6F696E207374617475730DE1
:105DE0000A0041542B53454E44423A2053656E6499
:105DF0002068657861646563696D616C20646174B5
:105E00006120616C6F6E67207769746820746865C3
:105E1000206170706C69636174696F6E20706F725D
:105E2000740D0A0041542B53454E443A2053656E7D
:105E3000642074657874206461746120616C6F6E95
:105E400067207769746820746865206170706C6978
:105E5000636174696F6E20706F72740D0A002B524B
:105E6000454356420041542B52454356423A205036
:105E700072696E74206C61737420726563656976F3
:105E80006564206461746120696E2062696E61726C
:105E90007920666F726D6174202877697468206854
:105EA000657861646563696D616C2076616C7565A8
:105EB00073290D0A002B524543560041542B52457D
:105EC00043563A205072696E74206C61737420726C
:105ED00065636569766564206461746120696E201C
:105EE00072617720666F726D61740D0A002B524AE1
:105EF0005444430041542B524A5444433A2047658A
:105F000074206F7220736574207468652052654A2E
:105F10006F696E2064617461207472616E736D6963
:105F20007373696F6E20696E74657276616C206937
:105F30006E206D696E0D0A002B52504C0041542B9F
:105F400052504C3A20476574206F7220736574205C
:105F5000726573706F6E7365206C6576656C0D0A83
:105F6000002B5645520041542B5645523A20476566
:105F7000742063757272656E7420696D6167652047
:105F800076657273696F6E20616E6420467265710A
:105F900075656E63792042616E640D0A002B43467D
:105FA0004D0041542B43464D3A20476574206F7293
:105FB000205365742074686520636F6E6669726D26
:105FC0006174696F6E206D6F64652028302D3129F2
:105FD0000D0A002B4346530041542B4346533A20AD
:105FE00047657420636F6E6669726D6174696F6E68
:105FF00020737461747573206F6620746865206CFB
:106000006173742041542B53454E442028302D3168
:10601000290D0A002B534E520041542B534E523A35
:10602000204765742074686520534E52206F6620A7
:10603000746865206C617374207265636569766548
:1060400064207061636B65740D0A002B52535349D1
:106050000041542B525353493A20476574207468C9
:10606000652052535349206F6620746865206C6127
:106070007374207265636569766564207061636B13
:1060800065740D0A002B5444430041542B5444437F
:106090003A20476574206F722073657420746865B8
:1060A000206170706C69636174696F6E20646174E3
:1060B00061207472616E736D697373696F6E2069AC
:1060C0006E74657276616C20696E206D730D0A00C6
:1060D0002B504F52540041542B504F52543A2047AA
:1060E0006574206F72207365742074686520617018
:1060F000706C69636174696F6E20706F72740D0AE1
:10610000002B52583157544F0041542B525831579D
:10611000544F3A20476574206F7220536574207481
:106120006865206E756D626572206F662073796D8B
:10613000626F6C7320746F20646574656374206192
:106140006E642074696D656F75742066726F6D2062
:10615000525877696E646F7731283020746F20321F
:106160003535290D0A002B52583257544F004154EF
:106170002B52583257544F3A20476574206F722083
:1061800053657420746865206E756D626572206F4A
:10619000662073796D626F6C7320746F2064657410
:1061A00065637420616E642074696D656F75742019
:1061B00066726F6D20525877696E646F773228303F
:1061C00020746F20323535290D0A002B4445435287
:1061D0005950540041542B444543525950543A208D
:1061E000476574206F72205365742074686520447D
:1061F000656372797074207468652075706C696E5F
:106200006B207061796C6F616428303A4469736106
:10621000626C652C313A456E61626C65290D0A002D
:106220002B4D4F440041542B4D4F443A4765742049
:106230006F72205365742074686520776F726B20CD
:106240006D6F64650D0A002B494E544D4F4431006B
:1062500041542B494E544D4F44313A476574206F99
:10626000722053657420746865207472696767656D
:106270007220696E74657272757074206D6F6465DA
:1062800020666F72205042313428303A446973617D
:10629000626C652C313A66616C6C696E67206F7256
:1062A00020726973696E672C323A66616C6C696E34
:1062B000672C333A726973696E67290D0A002B499E
:1062C0004E544D4F44320041542B494E544D4F448F
:1062D000323A476574206F72205365742074686584
:1062E000207472696767657220696E746572727571
:1062F0007074206D6F646520666F72205042313576
:1063000028303A44697361626C652C313A66616C7D
:106310006C696E67206F7220726973696E672C32C8
:106320003A66616C6C696E672C333A726973696E98
:1063300067290D0A002B494E544D4F4433004154F8
:106340002B494E544D4F44333A476574206F7220A9
:10635000536574207468652074726967676572207C
:10636000696E74657272757074206D6F64652066F5
:106370006F722050413428303A44697361626C6511
:106380002C313A66616C6C696E67206F722072699D
:1063900073696E672C323A66616C6C696E672C3378
:1063A0003A726973696E67290D0A002B5745494790
:1063B00052450041542B5745494752453A5365745D
:1063C000207468652077656967687420746F203071
:1063D000670D0A002B5745494741500041542B5740
:1063E00045494741503A476574206F7220536574A0
:1063F000207468652047617056616C7565206F6612
:10640000207765696768740D0A002B355654004182
:10641000542B3556543A476574206F722053657477
:1064200020657874656E64207468652074696D6594
:10643000206F6620355620706F7765720D0A004117
:10644000542B534554434E543A20476574206F7281
:10645000207365742074686520636F756E742061A5
:10646000742070726573656E740D0A002B43485377
:106470000041542B4348533A20476574206F7220E3
:10648000536574204672657175656E637920285571
:106490006E69743A20487A2920666F722053696EBB
:1064A000676C65204368616E6E656C204D6F646536
:1064B0000D0A0041542B47455453454E534F5256F5
:1064C000414C55453A2052657475726E732074685C
:1064D000652063757272656E742073656E736F727A
:1064E0002076616C75650D0A002B44444554454384
:1064F000540041542B444445544543543A20476585
:1065000074206F72207365742074686520646F77DF
:106510006E6C696E6B20646574656374696F6E0D73
:106520000A002B5345544D41584E425452414E534C
:106530000041542B5345544D41584E425452414E04
:10654000533A20476574206F722073657420746815
:1065500065206D6178206E627472616E7320696E61
:10656000204C696E6B4144520D0A002B444953463E
:10657000434E54434845434B0041542B44495346F2
:10658000434E54434845434B3A20476574206F724D
:10659000207365742074686520446F776E6C696E33
:1065A0006B204672616D6520436865636B28303AE5
:1065B000456E61626C652C313A44697361626C6549
:1065C000290D0A002B4449534D4143414E5300418C
:1065D000542B4449534D4143414E533A204765742F
:1065E000206F722073657420746865204D414320CC
:1065F000414E532073776974636828303A456E6161
:10660000626C652C313A44697361626C65290D0ACC
:106610000041542B52584441544553543A20536539
:10662000742074686520646F776E6C696E6B20648B
:1066300061746120646574656374696F6E0D0A002E
:106640002B4346470041542B4346473A205072693A
:106650006E7420616C6C20636F6E66696775726121
:1066600074696F6E730D0A000D0A4F4B0D0A000D11
:106670000A41545F4552524F520D0A000D0A4154CF
:106680005F504152414D5F4552524F520D0A000D2D
:106690000A4552524F523A4E6F7420696E20526131
:1066A0006E67650D0A000D0A4552524F523A5275F7
:1066B0006E2041542B4644522066697273740D0A51
:1066C000000D0A41545F425553595F4552524F5293
:1066D0000D0A000D0A41545F544553545F50415216
:1066E000414D5F4F564552464C4F570D0A000D0A1B
:1066F00041545F4E4F5F4E4554574F524B5F4A4F88
:10670000494E45440D0A000D0A41545F52585F45F9
:1067100052524F520D0A000D0A6572726F72207547
:106720006E6B6E6F776E0D0A0045553836380A0D60
:10673000004465764575693D202530325820253066
:10674000325820253032582025303258202530321A
:1067500058202530325820253032582025303258E4
:106760000A0D004C4F52414D414320535441545562
:1067700053204552524F520A0D000A0D4C534E35CC
:1067800030204465766963650A0D00496D6167656F
:106790002056657273696F6E3A2076312E382E302E
:1067A0000A0D004C6F526157616E20537461636B28
:1067B0003A2044522D4C57532D3030370A0D0046A5
:1067C00072657175656E63792042616E643A20006E
:1067D000506C656173652073657420746865207002
:1067E0006172616D6574657273206F72207265737A
:1067F00065742044657669636520746F20617070EC
:106800006C79206368616E67650A0D0076312E38F9
:106810002E30005258206F6E2066726571202564FC
:1068200020487A2061742044522025640D0A0052C9
:1068300058206F6E20667265712025642E256420B5
:106840004D487A2061742044522025640D0A00547A
:1068500058206F6E206672657120256420487A206A
:1068600061742044522025640D0A005458206F6E34
:1068700020667265712025642E2564204D487A209B
:1068800061742044522025640D0A00414452204D79
:106890006573736167653A0D0A005458204461744A
:1068A0006172617465206368616E676520746F2032
:1068B00025640D0A005478506F7765722063686113
:1068C0006E676520746F2025640D0A004E62526564
:1068D00070206368616E676520746F2025640D0AFF
:1068E00000545820446174617261746520746F6F44
:1068F00020736D616C6C20666F7220746869732000
:106900007061796C6F61642073697A652C206368AB
:10691000616E676520746F2025640D0A00526563FF
:1069200065697665643A20414452204D6573736110
:1069300067650D0A004A6F696E2041636365707474
:106940003A0D0A0052783144724F66667365743AA4
:1069500025640D0A00527832446174617261746575
:106960003A25640D0A005265636569766544656C75
:106970006179313A256C75206D730D0A005265639B
:106980006569766544656C6179323A256C75206D70
:10699000730D0A000A0D5B256C755D000A0D506CC5
:1069A00065617365207573652041542B44454255DC
:1069B0004720746F20736565206465627567206980
:1069C0006E666F0D0A002A2A2A2A2A2055704C6901
:1069D0006E6B436F756E7465723D202575202A2A93
:1069E0002A2A2A0A0D004F6E2043657274696620B8
:1069F0007478206E657874207061636B65740D0027
:106A0000232D302B2000686C4C0065666745464797
:106A1000003031323334353637383941424344451A
:106A20004600303132333435363738396162636489
:106A3000656600412D46612D663839303132333478
:106A40003536375D002B2D003030007858000000BF
:106A5000000000008084FE400000000080840E41A1
:106A60000000000080841E41280A0000170000007A
:106A70001C0C00000F0000003C0F0000070000008D
:106A800050140000160000009C1800000E000000CA
:106A9000781E000006000000A0280000150000007D
:106AA000D43000000D000000F03C000005000000A4
:106AB0004051000014000000A86100000C0000001C
:106AC000447A000004000000E4A20000130000006B
:106AD00050C300000B00000024F40000030000007D
:106AE0008545010012000000A08601000A00000098
:106AF00048E80100020000002C8B02001100000099
:106B0000400D03000900000090D0030001000000C8
:106B1000E093040000000000000C23000D1E000E96
:106B2000D2001A01001FAA0024070027120028C162
:106B3000002994002AC10030D800358F003B0200A4
:106B40004000004130012340592E0008BD2E0008AE
:106B5000610F000825070008F50E0008CD070008A2
:106B6000F90F0008411000087D1000089D1300086F
:106B7000032E00080D090008B5170008C90B00080E
:106B80006D0B0008010C0008C10E0008111600086A
:106B9000F10A0008BB070008610800087D0700082B
:106BA00021080008CD1C0008FD1C0008E51D000898
:106BB000030406080C101820300000000001020336
:106BC00004000000000000000001020304060708A2
:106BD000091F1D1F1E1F1E1F1F1E1F1E1F1F1C1FE4
:106BE0001E1F1E1F1F1E1F1E1F0005010201010187
:106BF00007010101030400005E57010806000000C0
:106C0000A99E0008A99E0008C99E000865570108B2
:106C10008457010801000000A99E0008A99E0008F1
:106C2000AD9E000886570108A55701080400000022
:106C3000A99E0008A99E0008E99E0008AA5701081D
:106C4000FA56010805000000299F0008399F000836
:106C5000A99E0008E6570108005701080700000038
:106C60009D9F0008AD9F0008A99E00080B580108D1
:106C7000085701080700000057A0000865A0000899
:106C8000A99E0008375801081057010806000000A7
:106C90004DA0000811A00008A99E00086358010833
:106CA000175701080800000087A0000895A00008F9
:106CB000A99E00088D58010820570108080000000F
:106CC000B7A00008C5A00008A99E0008BE5801088A
:106CD000F358010804000000E7A000080BA1000819
:106CE000A99E0008F85801083D5901080400000059
:106CF00031A1000859A10008A99E000842590108C5
:106D0000995901080300000095A10008BDA10008E1
:106D1000A99E00089D590108DC59010804000000E3
:106D200011A20008F5A10008A99E0008E159010878
:106D30003B5A0108040000003DA2000861A20008BF
:106D4000A99E0008405A01087E5A0108060000006A
:106D500087A20008ADA20008A99E0008855A010874
:106D6000B55A010806000000E9A200080DA30008BA
:106D7000A99E0008BC5A0108085B01080600000033
:106D800051A3000875A30008A99E00080F5B010825
:106D9000645B010806000000A1A30008C5A3000869
:106DA000A99E00086B5B0108C05B0108060000009B
:106DB000F1A3000815A40008A99E0008C75B0108FC
:106DC0002D5C01080600000051A4000875A400080D
:106DD000A99E0008345C01089A5C010804000000C8
:106DE000B1A40008C5A40008A99E00089F5C010882
:106DF000DD5C010806000000EDA400082DA50008D8
:106E0000A99E0008E45C01080A5D01080400000076
:106E100071A5000895A50008A99E00080F5D01084E
:106E20003D5D010804000000C1A50008E5A50008BB
:106E3000A99E0008425D0108725D0108060000007D
:106E400011A6000841A60008A99E0008795D010866
:106E5000A15D010805000000A99E0008A99E000888
:106E600079A60008A75D0108BF5D010804000000C5
:106E700083A60008A99E0008A99E0008C45D010819
:106E80002957010806000000A99E0008A5A60008D1
:106E9000A99E0008E25D01083057010805000000C6
:106EA000A99E000845A70008A99E0008245E0108C5
:106EB0005E5E010806000000BDA70008A99E00084C
:106EC000BDA70008655E0108B55E01080500000069
:106ED0000DA80008A99E00080DA80008BB5E0108C7
:106EE000ED5E01080600000095A8000859A80008FA
:106EF000A99E0008F45E0108385F01080400000044
:106F0000E5A80008A9A80008A99E00083D5F01089F
:106F1000615F010804000000F9A80008A99E0008AC
:106F2000A99E0008665F01089D5F0108040000003B
:106F3000A1A9000811A90008A99E0008A25F0108E4
:106F4000D35F010804000000CDA90008A99E000835
:106F5000A99E0008D85F0108146001080400000021
:106F6000E1A90008A99E0008A99E0008196001086F
:106F70004B60010805000000EFA90008A99E000869
:106F8000A99E000851600108856001080400000006
:106F90000DAB0008CDAA0008A99E00088A60010870
:106FA000D06001080500000049AB000821AB0008D3
:106FB000A99E0008D66001080161010807000000D1
:106FC000A1AB0008B5AB0008A99E00080961010843
:106FD0006661010807000000E5AB0008F9AB000896
:106FE000A99E00086E610108CB610108080000003D
:106FF00055AC000829AC0008A99E0008D46101081E
:107000002062010804000000B9AC000871AC00085F
:10701000A99E0008256201084762010808000000D7
:107020000DAD0008CDAC0008A99E00085062010813
:10703000BE6201080800000061AD000821AD000833
:10704000A99E0008C7620108356301080800000016
:10705000B5AD000875AD0008A99E00083E630108A3
:10706000AB63010807000000A99E0008A99E000864
:107070005DB10008B3630108D46301080700000094
:1070800031AE0008C9AD0008A99E0008DC63010804
:107090000A640108040000007DAE000855AE000837
:1070A000A99E00080F64010840570108070000006E
:1070B000A99E000891AE0008A99E00083F6401083F
:1070C0006C6401080400000091AB000859AB000893
:1070D000A99E000871640108485701080F000000CC
:1070E000A99E0008CDAE0008A99E0008B36401085F
:1070F000E96401080800000091AF000821AF000812
:10710000A99E0008F2640108226501080E00000033
:1071100001B00008BDAF0008A99E00083165010854
:107120006B6501080D00000055B0000825B000088F
:10713000A99E000879650108C46501080A000000DD
:10714000A1B0000871B00008A99E0008CF65010831
:107150003657010809000000A99E0008BDB00008CC
:10716000A99E00081166010840660108040000009D
:10717000A99E0008A99E0008FDA90008456601080F
:10718000686601086F6601087C6601088F66010861
:10719000A6660108C1660108D3660108EE6601080B
:1071A000076701081767010833333373DEDEDEDE5D
:1071B00033333373F2F2F2F248E8010048E8010099
:1071C00048E8010048E8010048E8010048E80100FB
:1071D00090D00300000000000C0B0A0908070732DA
:1071E000080A0C0D0E10121415181A1B1D1E21244E
:1071F000A584998D0DBDB1545003A97D1962E69AFD
:10720000459D408715EBC90BEC67FDEABFF7965B20
:10721000C21CAE6A5A41024F5CF434089373533F68
:107220000C52655E28A10FB509369B3D2669CD9F9E
:107230001B9E742E2DB2EEFBF64D61CE7B3E7197F8
:10724000F568002C601FC8EDBE46D94BDED4E84A75
:107250006B2AE516C5D75594CF100681F044BAE3E2
:10726000F3FEC08AADBC4804DFC17563301A0E6DF1
:107270004C14352FE1A2CC3957F28247ACE72B955D
:10728000A098D17F667EAB83CA29D33C79E21D7674
:107290003B564E1EDB0A6CE45D6EEFA6A8A4378B4E
:1072A000324359B78C64D2E0B4FA0725AF8EE9189F
:1072B000D5886F7224F1C751237C9C21DDDC868543
:1072C0009042C4AAD8050112A35FF9D0915827B9FA
:1072D0003813B333BB7089A7B622922049FF787A5E
:1072E0008FF88017DA31C6B8C3B07711CBFCD63A25
:1072F000C6F8EEF6FFD6DE916002CE56E7B54DEC4D
:107300008F1F89FAEFB28EFB41B35F452353E49B95
:1073100075E13D4C6C7EF5836851D1F9E2AB622A90
:107320000895469D30370A2F0E241BDFCD4E7FEA8D
:10733000121D583436DCB45BA476B77D52DD5E1383
:10734000A6B900C140E379B6D48D67729498B08530
:10735000BBC54FED869A66118AE904FEA078254BDD
:10736000A25D80053F2170F16377AF4220E5FDBF4C
:10737000811826C3BE35882E9355FC7AC8BA32E6EA
:10738000C0199EA344543B0B8CC76B28A7BC16ADF9
:10739000DB647414920C48B89FBD43C43931D3F2F6
:1073A000D58B6EDA01B19C49D8ACF3CFCAF4471043
:1073B0006FF04A5C38577397CBA1E83E96610D0F8A
:1073C000E07C71CC9006F71CC26AAE6917993A2727
:1073D000D9EB2B22D2A907332D3C15C987AA50A57A
:1073E0000359091A65D784D082295A1E7BA86D2CAF
:1073F000637C777BF26B6FC53001672BFED7AB7672
:10740000CA82C97DFA5947F0ADD4A2AF9CA472C01C
:10741000B7FD9326363FF7CC34A5E5F171D8311589
:1074200004C723C31896059A071280E2EB27B275AA
:1074300009832C1A1B6E5AA0523BD6B329E32F8422
:1074400053D100ED20FCB15B6ACBBE394A4C58CF1A
:10745000D0EFAAFB434D338545F9027F503C9FA8EE
:1074600051A3408F929D38F5BCB6DA2110FFF3D2BC
:10747000CD0C13EC5F974417C4A77E3D645D197370
:1074800060814FDC222A908846EEB814DE5E0BDB6A
:10749000E0323A0A4906245CC2D3AC629195E479A1
:1074A000E7C8376D8DD54EA96C56F4EA657AAE08FB
:1074B000BA78252E1CA6B4C6E8DD741F4BBD8B8A96
:1074C000703EB5664803F60E613557B986C11D9EFC
:1074D000E1F8981169D98E949B1E87E9CE5528DF73
:1074E0008CA1890DBFE6426841992D0FB054BB169F
:1074F0000020202020202020202028282828282084
:10750000202020202020202020202020202020207B
:1075100020881010101010101010101010101010E3
:1075200010040404040404040404041010101010D3
:10753000101041414141414101010101010101019D
:1075400001010101010101010101010110101010EF
:10755000101042424242424202020202020202026F
:1075600002020202020202020202020210101010C3
:1075700020000000000000000000000000000000EB
:1075800000000000000000000000000000000000FB
:1075900000000000000000000000000000000000EB
:1075A00000000000000000000000000000000000DB
:1075B00000000000000000000000000000000000CB
:1075C00000000000000000000000000000000000BB
:1075D00000000000000000000000000000000000AB
:1075E000000000000000000000000000000000009B
:0475F0000000000097
:0875F400989FFF7F01000000D9
:0475FC00350400084A
:047600000D0400086D
:10760400B1180008C11B00089116000851170008A2
:10761400FD060008000000000000C843012E000819
:10762400FD2D0008112F0008072E00088D2F0008DB
:10763400CD2F000880841E00010001C84195000878
:10764400DD9400085993000839930008D57C00089C
:10765400298400088D7C0008240700200000000015
:10766400120000001400000030750000F30A00202E
:1076740000000000010101010101010101010000FC
:1076840001010101010101010101010101010101E6
:1076940001010101010101010101010101010101D6
:1076A40001010101010101010101010101010101C6
:1076B40001010101010101010101010100000000BA
:1076C40000000000000000000000000003000000B3
:1076D4001100000064000000000000000000000031
:1076E4000000000064000000000000000000000032
:1076F40000000000E803000000000000000000009B
:10770400000000000A00000000000000000000006B
:107714000000000064000000000000000000000001
:1077240000000000E803000000000000000000006A
:107734000000000001010101010000000000000040
:1077440000000000000000004900000000000000EC
:107754000000000000000000010000000100000023
:1077640064010020000000002C1700209417002062
:10777400FC170020000000000000000000000000D2
:1077840000000000000000000000000000000000F5
:1077940000000000000000000000000000000000E5
:1077A40000000000000000000000000000000000D5
:040000050800045596
:00000001FF
